{"type":"FeatureCollection","features":[{"type":"Feature","id":2138060,"geometry":{"type":"Point","coordinates":[-122.836473,49.204352]},"properties":{"FACILITYID":"1001208166","BUS_STOP_NO":59229,"STOP_STATUS":"Active","BUS_BENCHES":"NO","BUS_SHELTERS":"NO","LOCATION":"Westbound Hansen Rd @ Grosvenor Rd","ACCESSIBLE":"Yes","OBJECTID_1":2138060,"GLOBALID":"{954FAADD-D3DF-4CDF-8718-B6A9ED1D233F}","TRANSIT_ROUTES":"373","PRESCRIBED_FREQUENT_BUS_STOPS":null}},{"type":"Feature","id":2138061,"geometry":{"type":"Point","coordinates":[-122.755909,49.118797]},"properties":{"FACILITYID":"1001207905","BUS_STOP_NO":59897,"STOP_STATUS":"Active","BUS_BENCHES":"YES","BUS_SHELTERS":"NO","LOCATION":"Eastbound 64 Ave @ 168 St","ACCESSIBLE":"Yes","OBJECTID_1":2138061,"GLOBALID":"{47358C7B-2E70-435B-AA1F-1484EEFE4976}","TRANSIT_ROUTES":"364, 395","PRESCRIBED_FREQUENT_BUS_STOPS":null}},{"type":"Feature","id":2138062,"geometry":{"type":"Point","coordinates":[-122.735903,49.118876]},"properties":{"FACILITYID":"1001208396","BUS_STOP_NO":59891,"STOP_STATUS":"Active","BUS_BENCHES":"YES","BUS_SHELTERS":"LRG","LOCATION":"Westbound 64 Ave @ 176 St","ACCESSIBLE":"Yes","OBJECTID_1":2138062,"GLOBALID":"{AFDC6E5F-FC2E-4C43-9414-848C7D1FA68F}","TRANSIT_ROUTES":"364, 395","PRESCRIBED_FREQUENT_BUS_STOPS":null}},{"type":"Feature","id":2138063,"geometry":{"type":"Point","coordinates":[-122.845834,49.206235]},"properties":{"FACILITYID":"1001208797","BUS_STOP_NO":59243,"STOP_STATUS":"Active","BUS_BENCHES":"NO","BUS_SHELTERS":"NO","LOCATION":"Westbound 112 Ave @ 136 St","ACCESSIBLE":"Yes","OBJECTID_1":2138063,"GLOBALID":"{CBBBBA33-CDE4-4141-9C9E-1F3EF13C7442}","TRANSIT_ROUTES":"371","PRESCRIBED_FREQUENT_BUS_STOPS":null}},{"type":"Feature","id":2138064,"geometry":{"type":"Point","coordinates":[-122.756697,49.146242]},"properties":{"FACILITYID":"1001208752","BUS_STOP_NO":59825,"STOP_STATUS":"Active","BUS_BENCHES":"YES","BUS_SHELTERS":"NO","LOCATION":"Southbound 168 St @ 80 Ave","ACCESSIBLE":"Yes","OBJECTID_1":2138064,"GLOBALID":"{72FFAABD-8FE3-4E2E-A959-1348B09EA939}","TRANSIT_ROUTES":"320, 395","PRESCRIBED_FREQUENT_BUS_STOPS":null}},{"type":"Feature","id":2138065,"geometry":{"type":"Point","coordinates":[-122.879043,49.108911]},"properties":{"FACILITYID":"1001208348","BUS_STOP_NO":59573,"STOP_STATUS":"Active","BUS_BENCHES":"NO","BUS_SHELTERS":"NO","LOCATION":"Northbound 124 St @ 58A Ave","ACCESSIBLE":"Yes","OBJECTID_1":2138065,"GLOBALID":"{37B9FAB4-2EA7-487A-87CB-A24C0E7F796D}","TRANSIT_ROUTES":"322","PRESCRIBED_FREQUENT_BUS_STOPS":null}},{"type":"Feature","id":2138066,"geometry":{"type":"Point","coordinates":[-122.867983,49.11234]},"properties":{"FACILITYID":"1001207641","BUS_STOP_NO":55509,"STOP_STATUS":"Active","BUS_BENCHES":"YES","BUS_SHELTERS":"NO","LOCATION":"Southbound 128 St @ 60 Ave","ACCESSIBLE":"Yes","OBJECTID_1":2138066,"GLOBALID":"{7B1D526B-784E-49E4-B782-C64CF2BB356D}","TRANSIT_ROUTES":"322","PRESCRIBED_FREQUENT_BUS_STOPS":null}},{"type":"Feature","id":2138067,"geometry":{"type":"Point","coordinates":[-122.873913,49.111851]},"properties":{"FACILITYID":"1001208017","BUS_STOP_NO":59571,"STOP_STATUS":"Active","BUS_BENCHES":"NO","BUS_SHELTERS":"YES","LOCATION":"Westbound 60 Ave @ 126 St","ACCESSIBLE":"Yes","OBJECTID_1":2138067,"GLOBALID":"{5740DF38-19CD-45CF-B450-D694DD13C5EE}","TRANSIT_ROUTES":"322","PRESCRIBED_FREQUENT_BUS_STOPS":null}},{"type":"Feature","id":2138068,"geometry":{"type":"Point","coordinates":[-122.872683,49.111737]},"properties":{"FACILITYID":"1001207644","BUS_STOP_NO":59572,"STOP_STATUS":"Active","BUS_BENCHES":"NO","BUS_SHELTERS":"NO","LOCATION":"Eastbound 60 Ave @ 126 St","ACCESSIBLE":"Yes","OBJECTID_1":2138068,"GLOBALID":"{BD128663-8A1E-48F1-B8EB-F86342C1A3C0}","TRANSIT_ROUTES":"322","PRESCRIBED_FREQUENT_BUS_STOPS":null}},{"type":"Feature","id":2138069,"geometry":{"type":"Point","coordinates":[-122.879193,49.110572]},"properties":{"FACILITYID":"1001208696","BUS_STOP_NO":59575,"STOP_STATUS":"Active","BUS_BENCHES":"NO","BUS_SHELTERS":"NO","LOCATION":"Southbound 124 St @ 59A Ave","ACCESSIBLE":"Yes","OBJECTID_1":2138069,"GLOBALID":"{B426876B-703B-4034-84C3-A3AAF04D4FCB}","TRANSIT_ROUTES":"322","PRESCRIBED_FREQUENT_BUS_STOPS":null}},{"type":"Feature","id":2138070,"geometry":{"type":"Point","coordinates":[-122.734514,49.107725]},"properties":{"FACILITYID":"1001208710","BUS_STOP_NO":59590,"STOP_STATUS":"Active","BUS_BENCHES":"YES","BUS_SHELTERS":"NO","LOCATION":"Eastbound 58 Ave @ 176 St","ACCESSIBLE":"Yes","OBJECTID_1":2138070,"GLOBALID":"{0B2E71CB-FAB4-43AE-B973-356221FAC4F0}","TRANSIT_ROUTES":"320, 342","PRESCRIBED_FREQUENT_BUS_STOPS":null}},{"type":"Feature","id":2138071,"geometry":{"type":"Point","coordinates":[-122.733279,49.107856]},"properties":{"FACILITYID":"1001207945","BUS_STOP_NO":59795,"STOP_STATUS":"Active","BUS_BENCHES":"YES","BUS_SHELTERS":"YES","LOCATION":"Westbound 58 Ave @ 176A St","ACCESSIBLE":"Yes","OBJECTID_1":2138071,"GLOBALID":"{8F4D438D-4FFE-4005-8B9B-2A62E2B016C9}","TRANSIT_ROUTES":"320, 342","PRESCRIBED_FREQUENT_BUS_STOPS":null}},{"type":"Feature","id":2138072,"geometry":{"type":"Point","coordinates":[-122.730925,49.107855]},"properties":{"FACILITYID":"1001841022","BUS_STOP_NO":59591,"STOP_STATUS":"Active","BUS_BENCHES":"NO","BUS_SHELTERS":"NO","LOCATION":"Westbound 58 Ave @ 177B St","ACCESSIBLE":"Yes","OBJECTID_1":2138072,"GLOBALID":"{6E42F3CA-58C2-4A9F-8DDD-A6E4D7DAD2A5}","TRANSIT_ROUTES":"320, 342","PRESCRIBED_FREQUENT_BUS_STOPS":null}},{"type":"Feature","id":2138073,"geometry":{"type":"Point","coordinates":[-122.734154,49.118681]},"properties":{"FACILITYID":"1001208512","BUS_STOP_NO":60790,"STOP_STATUS":"Active","BUS_BENCHES":"YES","BUS_SHELTERS":"NO","LOCATION":"Eastbound 64 Ave @ 176 St","ACCESSIBLE":"Yes","OBJECTID_1":2138073,"GLOBALID":"{F62C3F86-CAAA-4253-A839-6FBAB27C43DD}","TRANSIT_ROUTES":"364, 395","PRESCRIBED_FREQUENT_BUS_STOPS":null}},{"type":"Feature","id":2138074,"geometry":{"type":"Point","coordinates":[-122.74546,49.118733]},"properties":{"FACILITYID":"1001208015","BUS_STOP_NO":60401,"STOP_STATUS":"Active","BUS_BENCHES":"YES","BUS_SHELTERS":"NO","LOCATION":"Eastbound 64 Ave @ 172 St","ACCESSIBLE":"Yes","OBJECTID_1":2138074,"GLOBALID":"{C5D9C770-7356-4C02-9D3D-4D893873FEA9}","TRANSIT_ROUTES":"364, 395","PRESCRIBED_FREQUENT_BUS_STOPS":null}},{"type":"Feature","id":2138075,"geometry":{"type":"Point","coordinates":[-122.711957,49.11868]},"properties":{"FACILITYID":"1001207701","BUS_STOP_NO":60752,"STOP_STATUS":"Active","BUS_BENCHES":"YES","BUS_SHELTERS":"NO","LOCATION":"Eastbound 64 Ave @ 184 St","ACCESSIBLE":"Yes","OBJECTID_1":2138075,"GLOBALID":"{6C27F422-F993-40E8-A166-1DC49346837D}","TRANSIT_ROUTES":"364, 370, 395","PRESCRIBED_FREQUENT_BUS_STOPS":null}},{"type":"Feature","id":2138076,"geometry":{"type":"Point","coordinates":[-122.706555,49.118783]},"properties":{"FACILITYID":"1001207597","BUS_STOP_NO":60753,"STOP_STATUS":"Active","BUS_BENCHES":"YES","BUS_SHELTERS":"NO","LOCATION":"Eastbound 64 Ave @ 186 St","ACCESSIBLE":"Yes","OBJECTID_1":2138076,"GLOBALID":"{C31162B5-7AE8-4B5A-A123-D99879EB428D}","TRANSIT_ROUTES":"364, 370, 395","PRESCRIBED_FREQUENT_BUS_STOPS":null}},{"type":"Feature","id":2138077,"geometry":{"type":"Point","coordinates":[-122.700371,49.118908]},"properties":{"FACILITYID":"1001207879","BUS_STOP_NO":60797,"STOP_STATUS":"Active","BUS_BENCHES":"YES","BUS_SHELTERS":"NO","LOCATION":"Eastbound 64 Ave @ 188 St","ACCESSIBLE":"Yes","OBJECTID_1":2138077,"GLOBALID":"{98D8599F-C9D5-42E8-A926-2BD257AFEBC4}","TRANSIT_ROUTES":"364, 395","PRESCRIBED_FREQUENT_BUS_STOPS":null}},{"type":"Feature","id":2138078,"geometry":{"type":"Point","coordinates":[-122.695869,49.118979]},"properties":{"FACILITYID":"1001207721","BUS_STOP_NO":60798,"STOP_STATUS":"Active","BUS_BENCHES":"YES","BUS_SHELTERS":"NO","LOCATION":"Eastbound 64 Ave @ 190 St","ACCESSIBLE":"Yes","OBJECTID_1":2138078,"GLOBALID":"{ED22D671-0ED0-4C71-AD0F-C780DC32DE97}","TRANSIT_ROUTES":"364, 395","PRESCRIBED_FREQUENT_BUS_STOPS":null}},{"type":"Feature","id":2138079,"geometry":{"type":"Point","coordinates":[-122.697661,49.119112]},"properties":{"FACILITYID":"1001208496","BUS_STOP_NO":60799,"STOP_STATUS":"Active","BUS_BENCHES":"YES","BUS_SHELTERS":"YES","LOCATION":"Westbound 64 Ave @ 190 St","ACCESSIBLE":"Yes","OBJECTID_1":2138079,"GLOBALID":"{AF95B883-643F-4A1D-8209-1B8141C443AB}","TRANSIT_ROUTES":"364, 395","PRESCRIBED_FREQUENT_BUS_STOPS":null}},{"type":"Feature","id":2138080,"geometry":{"type":"Point","coordinates":[-122.702518,49.119036]},"properties":{"FACILITYID":"1001208397","BUS_STOP_NO":60772,"STOP_STATUS":"Active","BUS_BENCHES":"YES","BUS_SHELTERS":"NO","LOCATION":"Westbound 64 Ave @ 188 St","ACCESSIBLE":"Yes","OBJECTID_1":2138080,"GLOBALID":"{27E3F844-96F6-4740-AB95-6888616020B4}","TRANSIT_ROUTES":"364, 370, 395","PRESCRIBED_FREQUENT_BUS_STOPS":null}},{"type":"Feature","id":2138081,"geometry":{"type":"Point","coordinates":[-122.708121,49.118909]},"properties":{"FACILITYID":"1001208132","BUS_STOP_NO":60773,"STOP_STATUS":"Active","BUS_BENCHES":"YES","BUS_SHELTERS":"YES","LOCATION":"Westbound 64 Ave @ 186 St","ACCESSIBLE":"Yes","OBJECTID_1":2138081,"GLOBALID":"{24AEEF2E-47C7-4B3E-9D68-63DC5BDA1E6A}","TRANSIT_ROUTES":"364, 370, 395","PRESCRIBED_FREQUENT_BUS_STOPS":null}},{"type":"Feature","id":2138082,"geometry":{"type":"Point","coordinates":[-122.712983,49.118828]},"properties":{"FACILITYID":"1001208022","BUS_STOP_NO":60789,"STOP_STATUS":"Active","BUS_BENCHES":"YES","BUS_SHELTERS":"STD AD","LOCATION":"Westbound 64 Ave @ 184 St","ACCESSIBLE":"Yes","OBJECTID_1":2138082,"GLOBALID":"{8B8A2450-DC4D-486E-9AE1-813F28A3CD90}","TRANSIT_ROUTES":"364, 395","PRESCRIBED_FREQUENT_BUS_STOPS":null}},{"type":"Feature","id":2138083,"geometry":{"type":"Point","coordinates":[-122.746743,49.11894]},"properties":{"FACILITYID":"1001208761","BUS_STOP_NO":59894,"STOP_STATUS":"Active","BUS_BENCHES":"YES","BUS_SHELTERS":"NO","LOCATION":"Westbound 64 Ave @ 172 St","ACCESSIBLE":"Yes","OBJECTID_1":2138083,"GLOBALID":"{90AC7213-1E27-41F0-80C7-374F8EFBB20B}","TRANSIT_ROUTES":"364, 395","PRESCRIBED_FREQUENT_BUS_STOPS":null}},{"type":"Feature","id":2138084,"geometry":{"type":"Point","coordinates":[-122.879218,49.108542]},"properties":{"FACILITYID":"1001208095","BUS_STOP_NO":59733,"STOP_STATUS":"Active","BUS_BENCHES":"NO","BUS_SHELTERS":"NO","LOCATION":"Southbound 124 St @ 58A Ave","ACCESSIBLE":"Yes","OBJECTID_1":2138084,"GLOBALID":"{D25878AF-7A0E-47E4-A372-7C1F802ACB99}","TRANSIT_ROUTES":"322","PRESCRIBED_FREQUENT_BUS_STOPS":null}},{"type":"Feature","id":2138085,"geometry":{"type":"Point","coordinates":[-122.735851,49.108571]},"properties":{"FACILITYID":"1001208426","BUS_STOP_NO":59794,"STOP_STATUS":"Active","BUS_BENCHES":"YES","BUS_SHELTERS":"NO","LOCATION":"Northbound Cloverdale Bypass @ 58 Ave","ACCESSIBLE":"Yes","OBJECTID_1":2138085,"GLOBALID":"{F44451A4-830F-41E9-BBAA-D20D77F79E85}","TRANSIT_ROUTES":"320","PRESCRIBED_FREQUENT_BUS_STOPS":null}},{"type":"Feature","id":2138086,"geometry":{"type":"Point","coordinates":[-122.807545,49.06021]},"properties":{"FACILITYID":"1001208062","BUS_STOP_NO":59847,"STOP_STATUS":"Active","BUS_BENCHES":"YES","BUS_SHELTERS":"NO","LOCATION":"Westbound 32 Ave Diversion @ 32 Ave","ACCESSIBLE":"Yes","OBJECTID_1":2138086,"GLOBALID":"{B7C9F902-1991-42D5-A89E-327ACE05E29B}","TRANSIT_ROUTES":"354, 363","PRESCRIBED_FREQUENT_BUS_STOPS":null}},{"type":"Feature","id":2138087,"geometry":{"type":"Point","coordinates":[-122.818687,49.038515]},"properties":{"FACILITYID":"1001208176","BUS_STOP_NO":59851,"STOP_STATUS":"Active","BUS_BENCHES":"YES","BUS_SHELTERS":"NO","LOCATION":"Westbound 20 Ave @ Rotary Way","ACCESSIBLE":"Yes","OBJECTID_1":2138087,"GLOBALID":"{BE41BD9F-FE18-4A69-A376-6801CBCCF710}","TRANSIT_ROUTES":"360","PRESCRIBED_FREQUENT_BUS_STOPS":null}},{"type":"Feature","id":2138088,"geometry":{"type":"Point","coordinates":[-122.822421,49.07214]},"properties":{"FACILITYID":"1001208121","BUS_STOP_NO":59931,"STOP_STATUS":"Active","BUS_BENCHES":"NO","BUS_SHELTERS":"EXCH","LOCATION":"South Surrey Park & Ride @ Bay 4","ACCESSIBLE":"Yes","OBJECTID_1":2138088,"GLOBALID":"{7652907B-6CF5-45FB-98AE-33F604EB631B}","TRANSIT_ROUTES":"321, 394","PRESCRIBED_FREQUENT_BUS_STOPS":"Yes"}},{"type":"Feature","id":2138089,"geometry":{"type":"Point","coordinates":[-122.845091,49.194719]},"properties":{"FACILITYID":"1001208446","BUS_STOP_NO":55427,"STOP_STATUS":"Active","BUS_BENCHES":"YES","BUS_SHELTERS":"NO","LOCATION":"Northbound King George Blvd @ 105A Ave","ACCESSIBLE":"Yes","OBJECTID_1":2138089,"GLOBALID":"{96A38C52-F753-4848-8AD3-812693D501FC}","TRANSIT_ROUTES":"321, N19","PRESCRIBED_FREQUENT_BUS_STOPS":null}},{"type":"Feature","id":2138090,"geometry":{"type":"Point","coordinates":[-122.812831,49.060991]},"properties":{"FACILITYID":"1001208059","BUS_STOP_NO":59950,"STOP_STATUS":"Active","BUS_BENCHES":"YES","BUS_SHELTERS":"YES","LOCATION":"Southbound King George Blvd @ 32 Ave","ACCESSIBLE":"Yes","OBJECTID_1":2138090,"GLOBALID":"{0E9C0F72-9F44-477D-AD4B-6A51642F61BE}","TRANSIT_ROUTES":"321, 351, 354, 394, 855","PRESCRIBED_FREQUENT_BUS_STOPS":"Yes"}},{"type":"Feature","id":2138091,"geometry":{"type":"Point","coordinates":[-122.813185,49.06158]},"properties":{"FACILITYID":"1001207980","BUS_STOP_NO":59087,"STOP_STATUS":"Active","BUS_BENCHES":"YES","BUS_SHELTERS":"STD AD","LOCATION":"Northbound King George Blvd @ 148 St","ACCESSIBLE":"Yes","OBJECTID_1":2138091,"GLOBALID":"{A4D48536-76E4-473A-AF78-9520ACAB2959}","TRANSIT_ROUTES":"321, 351, 354, 855","PRESCRIBED_FREQUENT_BUS_STOPS":"Yes"}},{"type":"Feature","id":2138092,"geometry":{"type":"Point","coordinates":[-122.750999,49.118768]},"properties":{"FACILITYID":"1001207528","BUS_STOP_NO":59895,"STOP_STATUS":"Active","BUS_BENCHES":"YES","BUS_SHELTERS":"NO","LOCATION":"Eastbound 64 Ave @ 16900 Block","ACCESSIBLE":"Yes","OBJECTID_1":2138092,"GLOBALID":"{087E7F7E-1E4C-4002-8A11-4378488F6CBE}","TRANSIT_ROUTES":"364, 395","PRESCRIBED_FREQUENT_BUS_STOPS":null}},{"type":"Feature","id":2138093,"geometry":{"type":"Point","coordinates":[-122.751882,49.11896]},"properties":{"FACILITYID":"1001208240","BUS_STOP_NO":59896,"STOP_STATUS":"Active","BUS_BENCHES":"YES","BUS_SHELTERS":"NO","LOCATION":"Westbound 64 Ave @ 16900 Block","ACCESSIBLE":"Yes","OBJECTID_1":2138093,"GLOBALID":"{89F781D7-B61B-45DE-B1BB-C7BD094AB120}","TRANSIT_ROUTES":"364, 395","PRESCRIBED_FREQUENT_BUS_STOPS":null}},{"type":"Feature","id":2138094,"geometry":{"type":"Point","coordinates":[-122.739775,49.11889]},"properties":{"FACILITYID":"1001208270","BUS_STOP_NO":59892,"STOP_STATUS":"Active","BUS_BENCHES":"YES","BUS_SHELTERS":"NO","LOCATION":"Westbound 64 Ave @ 174A St","ACCESSIBLE":"Yes","OBJECTID_1":2138094,"GLOBALID":"{08DCCD15-B9B5-40D5-8F0D-78618FB6F98B}","TRANSIT_ROUTES":"364, 395","PRESCRIBED_FREQUENT_BUS_STOPS":null}},{"type":"Feature","id":2138095,"geometry":{"type":"Point","coordinates":[-122.741828,49.118718]},"properties":{"FACILITYID":"1001207667","BUS_STOP_NO":59893,"STOP_STATUS":"Active","BUS_BENCHES":"YES","BUS_SHELTERS":"NO","LOCATION":"Eastbound 64 Ave @ 173A St","ACCESSIBLE":"Yes","OBJECTID_1":2138095,"GLOBALID":"{ED3015E0-AF7E-4C84-A16D-D6E0DAEEB72B}","TRANSIT_ROUTES":"364, 395","PRESCRIBED_FREQUENT_BUS_STOPS":null}},{"type":"Feature","id":2138096,"geometry":{"type":"Point","coordinates":[-122.723724,49.102886]},"properties":{"FACILITYID":"1001207887","BUS_STOP_NO":60521,"STOP_STATUS":"Active","BUS_BENCHES":"NO","BUS_SHELTERS":"NO","LOCATION":"Northbound 180 St @ 55 Ave","ACCESSIBLE":"Yes","OBJECTID_1":2138096,"GLOBALID":"{399FA27B-85B5-4732-ACF8-9E42D7A4A9A9}","TRANSIT_ROUTES":"370","PRESCRIBED_FREQUENT_BUS_STOPS":null}},{"type":"Feature","id":2138097,"geometry":{"type":"Point","coordinates":[-122.687502,49.104403]},"properties":{"FACILITYID":"1001208685","BUS_STOP_NO":60663,"STOP_STATUS":"Active","BUS_BENCHES":"NO","BUS_SHELTERS":"NO","LOCATION":"Eastbound 56 Ave @ Hwy 10","ACCESSIBLE":"No","OBJECTID_1":2138097,"GLOBALID":"{743E27C6-501E-4E86-93C0-7BEF57453B55}","TRANSIT_ROUTES":"342","PRESCRIBED_FREQUENT_BUS_STOPS":null}},{"type":"Feature","id":2138098,"geometry":{"type":"Point","coordinates":[-122.727349,49.111524]},"properties":{"FACILITYID":"1001208099","BUS_STOP_NO":60661,"STOP_STATUS":"Active","BUS_BENCHES":"YES","BUS_SHELTERS":"NO","LOCATION":"Westbound 60 Ave @ 179 St","ACCESSIBLE":"Yes","OBJECTID_1":2138098,"GLOBALID":"{8FAC6FD0-EACC-40B0-9706-0C8FD4FB07D4}","TRANSIT_ROUTES":"320, 370, 864","PRESCRIBED_FREQUENT_BUS_STOPS":null}},{"type":"Feature","id":2138099,"geometry":{"type":"Point","coordinates":[-122.701633,49.119726]},"properties":{"FACILITYID":"1001207682","BUS_STOP_NO":60754,"STOP_STATUS":"Active","BUS_BENCHES":"NO","BUS_SHELTERS":"NO","LOCATION":"Northbound 188 St @ 64 Ave","ACCESSIBLE":"No","OBJECTID_1":2138099,"GLOBALID":"{324CB3BE-B1DF-48BA-8287-FF9C073CA783}","TRANSIT_ROUTES":"370","PRESCRIBED_FREQUENT_BUS_STOPS":null}},{"type":"Feature","id":2138100,"geometry":{"type":"Point","coordinates":[-122.731356,49.118858]},"properties":{"FACILITYID":"1001208228","BUS_STOP_NO":60791,"STOP_STATUS":"Active","BUS_BENCHES":"YES","BUS_SHELTERS":"NO","LOCATION":"Westbound 64 Ave @ 177B St","ACCESSIBLE":"Yes","OBJECTID_1":2138100,"GLOBALID":"{78829C2E-3B4D-4201-886F-6E7FDDEC6B4F}","TRANSIT_ROUTES":"364, 395","PRESCRIBED_FREQUENT_BUS_STOPS":null}},{"type":"Feature","id":2138101,"geometry":{"type":"Point","coordinates":[-122.718798,49.13118]},"properties":{"FACILITYID":"1001208100","BUS_STOP_NO":59855,"STOP_STATUS":"Active","BUS_BENCHES":"YES","BUS_SHELTERS":"STD AD","LOCATION":"Westbound Fraser Hwy @ 182 St","ACCESSIBLE":"Yes","OBJECTID_1":2138101,"GLOBALID":"{1012C461-CAB1-426D-9930-13C55C7B726D}","TRANSIT_ROUTES":"502","PRESCRIBED_FREQUENT_BUS_STOPS":"Yes"}},{"type":"Feature","id":2138102,"geometry":{"type":"Point","coordinates":[-122.755697,49.147436]},"properties":{"FACILITYID":"1001841020","BUS_STOP_NO":55247,"STOP_STATUS":"Active","BUS_BENCHES":"YES","BUS_SHELTERS":"STD AD","LOCATION":"Eastbound Fraser Hwy @ 168 St","ACCESSIBLE":"Yes","OBJECTID_1":2138102,"GLOBALID":"{9F75A333-5F2E-4B32-8DFA-E70F22F7B302}","TRANSIT_ROUTES":"502, 503","PRESCRIBED_FREQUENT_BUS_STOPS":"Yes"}},{"type":"Feature","id":2138103,"geometry":{"type":"Point","coordinates":[-122.702506,49.12417]},"properties":{"FACILITYID":"1001208432","BUS_STOP_NO":57140,"STOP_STATUS":"Active","BUS_BENCHES":"YES","BUS_SHELTERS":"LRG","LOCATION":"Westbound Fraser Hwy @ 188 St","ACCESSIBLE":"Yes","OBJECTID_1":2138103,"GLOBALID":"{35358B6B-D7E6-4909-A8F0-198E64AA2202}","TRANSIT_ROUTES":"502, 503","PRESCRIBED_FREQUENT_BUS_STOPS":"Yes"}},{"type":"Feature","id":2138104,"geometry":{"type":"Point","coordinates":[-122.70099,49.123226]},"properties":{"FACILITYID":"1001208691","BUS_STOP_NO":57092,"STOP_STATUS":"Active","BUS_BENCHES":"YES","BUS_SHELTERS":"STD AD","LOCATION":"Eastbound Fraser Hwy @ 188 St","ACCESSIBLE":"Yes","OBJECTID_1":2138104,"GLOBALID":"{4146CE8C-5AA5-438B-B519-E179C83A54AF}","TRANSIT_ROUTES":"502, 503","PRESCRIBED_FREQUENT_BUS_STOPS":null}},{"type":"Feature","id":2138105,"geometry":{"type":"Point","coordinates":[-122.705744,49.125368]},"properties":{"FACILITYID":"1001207712","BUS_STOP_NO":60714,"STOP_STATUS":"Active","BUS_BENCHES":"YES","BUS_SHELTERS":"NO","LOCATION":"Eastbound Fraser Hwy @ 68 Ave","ACCESSIBLE":"Yes","OBJECTID_1":2138105,"GLOBALID":"{EBFF8FFC-9851-4DBA-8955-E4D2B097AAA4}","TRANSIT_ROUTES":"372, 502","PRESCRIBED_FREQUENT_BUS_STOPS":null}},{"type":"Feature","id":2138106,"geometry":{"type":"Point","coordinates":[-122.71329,49.129092]},"properties":{"FACILITYID":"1001208765","BUS_STOP_NO":57141,"STOP_STATUS":"Active","BUS_BENCHES":"YES","BUS_SHELTERS":"STD AD","LOCATION":"Westbound Fraser Hwy @ 184 St","ACCESSIBLE":"Yes","OBJECTID_1":2138106,"GLOBALID":"{9B426FE2-04DB-4350-AFE3-D6A6CFE1F294}","TRANSIT_ROUTES":"502, 503","PRESCRIBED_FREQUENT_BUS_STOPS":"Yes"}},{"type":"Feature","id":2138107,"geometry":{"type":"Point","coordinates":[-122.711511,49.128198]},"properties":{"FACILITYID":"1001207918","BUS_STOP_NO":57091,"STOP_STATUS":"Active","BUS_BENCHES":"YES","BUS_SHELTERS":"NO","LOCATION":"Eastbound Fraser Hwy @ 184 St","ACCESSIBLE":"Yes","OBJECTID_1":2138107,"GLOBALID":"{8D517D11-5F5D-4E57-AD6D-9E1881951BAF}","TRANSIT_ROUTES":"372, 502, 503","PRESCRIBED_FREQUENT_BUS_STOPS":"Yes"}},{"type":"Feature","id":2138108,"geometry":{"type":"Point","coordinates":[-122.867841,49.14855]},"properties":{"FACILITYID":"1001207616","BUS_STOP_NO":60601,"STOP_STATUS":"Active","BUS_BENCHES":"YES","BUS_SHELTERS":"YES","LOCATION":"Northbound 128 St @ 80 Ave","ACCESSIBLE":"Yes","OBJECTID_1":2138108,"GLOBALID":"{178C5E47-1125-4DF1-B8EF-60ED51F030E1}","TRANSIT_ROUTES":"323, 393","PRESCRIBED_FREQUENT_BUS_STOPS":"Yes"}},{"type":"Feature","id":2138109,"geometry":{"type":"Point","coordinates":[-122.712514,49.111824]},"properties":{"FACILITYID":"1001208671","BUS_STOP_NO":60750,"STOP_STATUS":"Active","BUS_BENCHES":"YES","BUS_SHELTERS":"NO","LOCATION":"Northbound 184 St @ 60 Ave","ACCESSIBLE":"Yes","OBJECTID_1":2138109,"GLOBALID":"{B79FF769-6F46-4BD5-B56A-7A2E9C1C1CEB}","TRANSIT_ROUTES":"370","PRESCRIBED_FREQUENT_BUS_STOPS":null}},{"type":"Feature","id":2138110,"geometry":{"type":"Point","coordinates":[-122.712489,49.11534]},"properties":{"FACILITYID":"1001207967","BUS_STOP_NO":60751,"STOP_STATUS":"Active","BUS_BENCHES":"YES","BUS_SHELTERS":"NO","LOCATION":"Northbound 184 St @ 6200 Block","ACCESSIBLE":"Yes","OBJECTID_1":2138110,"GLOBALID":"{406F8948-DEB9-4E26-86DA-CD01B8C0C907}","TRANSIT_ROUTES":"370","PRESCRIBED_FREQUENT_BUS_STOPS":null}},{"type":"Feature","id":2138111,"geometry":{"type":"Point","coordinates":[-122.701454,49.124045]},"properties":{"FACILITYID":"1001208771","BUS_STOP_NO":60755,"STOP_STATUS":"Active","BUS_BENCHES":"YES","BUS_SHELTERS":"NO","LOCATION":"Northbound 188 St @ Fraser Hwy","ACCESSIBLE":"Yes","OBJECTID_1":2138111,"GLOBALID":"{F9A2C6FA-5E90-4D7C-AB9B-1138704D2633}","TRANSIT_ROUTES":"370, 372","PRESCRIBED_FREQUENT_BUS_STOPS":null}},{"type":"Feature","id":2138112,"geometry":{"type":"Point","coordinates":[-122.701575,49.130061]},"properties":{"FACILITYID":"1001207710","BUS_STOP_NO":60756,"STOP_STATUS":"Active","BUS_BENCHES":"YES","BUS_SHELTERS":"NO","LOCATION":"Northbound 188 St @ 70 Ave","ACCESSIBLE":"Yes","OBJECTID_1":2138112,"GLOBALID":"{22375D06-3953-4212-AEE2-96A9861C2B0C}","TRANSIT_ROUTES":"370","PRESCRIBED_FREQUENT_BUS_STOPS":null}},{"type":"Feature","id":2138113,"geometry":{"type":"Point","coordinates":[-122.701763,49.129555]},"properties":{"FACILITYID":"1001207955","BUS_STOP_NO":60770,"STOP_STATUS":"Active","BUS_BENCHES":"YES","BUS_SHELTERS":"NO","LOCATION":"Southbound 188 St @ 70 Ave","ACCESSIBLE":"Yes","OBJECTID_1":2138113,"GLOBALID":"{1BBBC16F-85F2-4B1B-899E-A2F6806D3F06}","TRANSIT_ROUTES":"370","PRESCRIBED_FREQUENT_BUS_STOPS":null}},{"type":"Feature","id":2138114,"geometry":{"type":"Point","coordinates":[-122.701802,49.125409]},"properties":{"FACILITYID":"1001208470","BUS_STOP_NO":60784,"STOP_STATUS":"Active","BUS_BENCHES":"YES","BUS_SHELTERS":"NO","LOCATION":"Southbound 188 St @ 68 Ave","ACCESSIBLE":"Yes","OBJECTID_1":2138114,"GLOBALID":"{9CBA8927-63CA-4440-924A-E17CEB556682}","TRANSIT_ROUTES":"370","PRESCRIBED_FREQUENT_BUS_STOPS":null}},{"type":"Feature","id":2138115,"geometry":{"type":"Point","coordinates":[-122.712661,49.11801]},"properties":{"FACILITYID":"1001208500","BUS_STOP_NO":60774,"STOP_STATUS":"Active","BUS_BENCHES":"YES","BUS_SHELTERS":"NO","LOCATION":"Southbound 184 St @ 64 Ave","ACCESSIBLE":"No","OBJECTID_1":2138115,"GLOBALID":"{B60B6BB3-1C6D-4A5A-A3D6-B2B3465BB3C5}","TRANSIT_ROUTES":"370","PRESCRIBED_FREQUENT_BUS_STOPS":null}},{"type":"Feature","id":2138116,"geometry":{"type":"Point","coordinates":[-122.712713,49.115861]},"properties":{"FACILITYID":"1001207932","BUS_STOP_NO":60775,"STOP_STATUS":"Active","BUS_BENCHES":"YES","BUS_SHELTERS":"NO","LOCATION":"Southbound 184 St @ 63 Ave","ACCESSIBLE":"Yes","OBJECTID_1":2138116,"GLOBALID":"{1A765ECA-EE55-4013-9415-EB3798286246}","TRANSIT_ROUTES":"370","PRESCRIBED_FREQUENT_BUS_STOPS":null}},{"type":"Feature","id":2138117,"geometry":{"type":"Point","coordinates":[-122.732833,49.105915]},"properties":{"FACILITYID":"1001208159","BUS_STOP_NO":60782,"STOP_STATUS":"Active","BUS_BENCHES":"YES","BUS_SHELTERS":"NO","LOCATION":"Eastbound 57 Ave @ 176A St","ACCESSIBLE":"Yes","OBJECTID_1":2138117,"GLOBALID":"{66C0DE6D-DEAA-4B3B-90A5-DD638D52E62E}","TRANSIT_ROUTES":"370","PRESCRIBED_FREQUENT_BUS_STOPS":null}},{"type":"Feature","id":2138118,"geometry":{"type":"Point","coordinates":[-122.733595,49.106322]},"properties":{"FACILITYID":"1001207576","BUS_STOP_NO":60780,"STOP_STATUS":"Active","BUS_BENCHES":"YES","BUS_SHELTERS":"NO","LOCATION":"Northbound 176A St @ 57 Ave","ACCESSIBLE":"Yes","OBJECTID_1":2138118,"GLOBALID":"{73A22CED-DC98-4C8E-88B4-09F474680599}","TRANSIT_ROUTES":"370","PRESCRIBED_FREQUENT_BUS_STOPS":null}},{"type":"Feature","id":2138119,"geometry":{"type":"Point","coordinates":[-122.733607,49.108947]},"properties":{"FACILITYID":"1001208184","BUS_STOP_NO":60779,"STOP_STATUS":"Active","BUS_BENCHES":"NO","BUS_SHELTERS":"NO","LOCATION":"Northbound 176A St @ 58A Ave","ACCESSIBLE":"No","OBJECTID_1":2138119,"GLOBALID":"{AD991DA2-40F6-4271-A0B5-29DEB1841325}","TRANSIT_ROUTES":"370","PRESCRIBED_FREQUENT_BUS_STOPS":null}},{"type":"Feature","id":2138120,"geometry":{"type":"Point","coordinates":[-122.733614,49.110713]},"properties":{"FACILITYID":"1001207626","BUS_STOP_NO":60778,"STOP_STATUS":"Active","BUS_BENCHES":"NO","BUS_SHELTERS":"NO","LOCATION":"Northbound 176A St @ 60 Ave","ACCESSIBLE":"No","OBJECTID_1":2138120,"GLOBALID":"{42419BF4-7EEA-4CE8-BC53-62DF8BF2D76C}","TRANSIT_ROUTES":"370","PRESCRIBED_FREQUENT_BUS_STOPS":null}},{"type":"Feature","id":2138121,"geometry":{"type":"Point","coordinates":[-122.856729,49.211415]},"properties":{"FACILITYID":"1001208305","BUS_STOP_NO":60730,"STOP_STATUS":"Active","BUS_BENCHES":"NO","BUS_SHELTERS":"NO","LOCATION":"Westbound 115 Ave @ 132 St","ACCESSIBLE":"Yes","OBJECTID_1":2138121,"GLOBALID":"{B1FAEA22-4917-4B05-A727-4846EEFC7687}","TRANSIT_ROUTES":"371","PRESCRIBED_FREQUENT_BUS_STOPS":null}},{"type":"Feature","id":2138122,"geometry":{"type":"Point","coordinates":[-122.86047,49.211273]},"properties":{"FACILITYID":"1001208271","BUS_STOP_NO":60731,"STOP_STATUS":"Active","BUS_BENCHES":"NO","BUS_SHELTERS":"NO","LOCATION":"Westbound 115 Ave @ Bridgeview Dr","ACCESSIBLE":"Yes","OBJECTID_1":2138122,"GLOBALID":"{74131533-4646-463B-BE21-FB27D2EAE3CC}","TRANSIT_ROUTES":"371","PRESCRIBED_FREQUENT_BUS_STOPS":null}},{"type":"Feature","id":2138123,"geometry":{"type":"Point","coordinates":[-122.871326,49.209884]},"properties":{"FACILITYID":"1001208110","BUS_STOP_NO":55100,"STOP_STATUS":"Active","BUS_BENCHES":"NO","BUS_SHELTERS":"NO","LOCATION":"Westbound 114 Ave @ 126A St","ACCESSIBLE":"Yes","OBJECTID_1":2138123,"GLOBALID":"{958F2912-C3B4-4584-8293-8589670C8F91}","TRANSIT_ROUTES":"371","PRESCRIBED_FREQUENT_BUS_STOPS":null}},{"type":"Feature","id":2138124,"geometry":{"type":"Point","coordinates":[-122.877437,49.209892]},"properties":{"FACILITYID":"1001207514","BUS_STOP_NO":55101,"STOP_STATUS":"Active","BUS_BENCHES":"NO","BUS_SHELTERS":"NO","LOCATION":"Westbound 114 Ave @ 124 St","ACCESSIBLE":"Yes","OBJECTID_1":2138124,"GLOBALID":"{398F845D-3778-4B7C-8BA2-4FB34CAE4F69}","TRANSIT_ROUTES":"371","PRESCRIBED_FREQUENT_BUS_STOPS":null}},{"type":"Feature","id":2138125,"geometry":{"type":"Point","coordinates":[-122.878726,49.206998]},"properties":{"FACILITYID":"1001208485","BUS_STOP_NO":60733,"STOP_STATUS":"Active","BUS_BENCHES":"NO","BUS_SHELTERS":"NO","LOCATION":"Southbound 124 St @ 112A Ave","ACCESSIBLE":"No","OBJECTID_1":2138125,"GLOBALID":"{EA6AF70D-E365-4295-B1F6-86421673567E}","TRANSIT_ROUTES":"371","PRESCRIBED_FREQUENT_BUS_STOPS":null}},{"type":"Feature","id":2138126,"geometry":{"type":"Point","coordinates":[-122.880315,49.205567]},"properties":{"FACILITYID":"1001208246","BUS_STOP_NO":60734,"STOP_STATUS":"Active","BUS_BENCHES":"NO","BUS_SHELTERS":"NO","LOCATION":"Eastbound 111A Ave @ 12300 Block","ACCESSIBLE":"No","OBJECTID_1":2138126,"GLOBALID":"{45D7EC99-6171-41CC-A3C3-5D611DA12A14}","TRANSIT_ROUTES":"371","PRESCRIBED_FREQUENT_BUS_STOPS":null}},{"type":"Feature","id":2138127,"geometry":{"type":"Point","coordinates":[-122.870306,49.206094]},"properties":{"FACILITYID":"1001207564","BUS_STOP_NO":60735,"STOP_STATUS":"Active","BUS_BENCHES":"NO","BUS_SHELTERS":"NO","LOCATION":"Eastbound King George Blvd @ Scott Rd Onramp","ACCESSIBLE":"Yes","OBJECTID_1":2138127,"GLOBALID":"{B5FFB742-F031-4376-8FE2-F546A98E654A}","TRANSIT_ROUTES":"321, N19","PRESCRIBED_FREQUENT_BUS_STOPS":null}},{"type":"Feature","id":2138128,"geometry":{"type":"Point","coordinates":[-122.881086,49.205673]},"properties":{"FACILITYID":"1001207915","BUS_STOP_NO":60737,"STOP_STATUS":"Active","BUS_BENCHES":"NO","BUS_SHELTERS":"NO","LOCATION":"Westbound 111A Ave @ 12300 Block","ACCESSIBLE":"No","OBJECTID_1":2138128,"GLOBALID":"{E5FC7620-19E6-453A-B68E-6291C0A34114}","TRANSIT_ROUTES":"371","PRESCRIBED_FREQUENT_BUS_STOPS":null}},{"type":"Feature","id":2138129,"geometry":{"type":"Point","coordinates":[-122.879697,49.206293]},"properties":{"FACILITYID":"1001207517","BUS_STOP_NO":60738,"STOP_STATUS":"Active","BUS_BENCHES":"NO","BUS_SHELTERS":"NO","LOCATION":"Eastbound 112 Ave @ 124 St","ACCESSIBLE":"No","OBJECTID_1":2138129,"GLOBALID":"{568CF4ED-D18E-4E89-B626-491763A17642}","TRANSIT_ROUTES":"371","PRESCRIBED_FREQUENT_BUS_STOPS":null}},{"type":"Feature","id":2138130,"geometry":{"type":"Point","coordinates":[-122.877824,49.209825]},"properties":{"FACILITYID":"1001208179","BUS_STOP_NO":55160,"STOP_STATUS":"Active","BUS_BENCHES":"NO","BUS_SHELTERS":"NO","LOCATION":"Eastbound 114 Ave @ 124 St","ACCESSIBLE":"Yes","OBJECTID_1":2138130,"GLOBALID":"{094A18F4-7E7C-4067-A009-0352F0454633}","TRANSIT_ROUTES":"371","PRESCRIBED_FREQUENT_BUS_STOPS":null}},{"type":"Feature","id":2138131,"geometry":{"type":"Point","coordinates":[-122.869055,49.209761]},"properties":{"FACILITYID":"1001207705","BUS_STOP_NO":55161,"STOP_STATUS":"Active","BUS_BENCHES":"NO","BUS_SHELTERS":"NO","LOCATION":"Eastbound 114 Ave @ 126A St","ACCESSIBLE":"No","OBJECTID_1":2138131,"GLOBALID":"{9A932D79-74E3-464F-A40D-0349A7979609}","TRANSIT_ROUTES":"371","PRESCRIBED_FREQUENT_BUS_STOPS":null}},{"type":"Feature","id":2138132,"geometry":{"type":"Point","coordinates":[-122.86105,49.21115]},"properties":{"FACILITYID":"1001208826","BUS_STOP_NO":60740,"STOP_STATUS":"Active","BUS_BENCHES":"NO","BUS_SHELTERS":"NO","LOCATION":"Eastbound 115 Ave @ Bridgeview Dr","ACCESSIBLE":"Yes","OBJECTID_1":2138132,"GLOBALID":"{DEBBBE68-DDF1-4799-A037-932E27BBC91E}","TRANSIT_ROUTES":"371","PRESCRIBED_FREQUENT_BUS_STOPS":null}},{"type":"Feature","id":2138133,"geometry":{"type":"Point","coordinates":[-122.856425,49.210982]},"properties":{"FACILITYID":"1001207693","BUS_STOP_NO":60741,"STOP_STATUS":"Active","BUS_BENCHES":"NO","BUS_SHELTERS":"NO","LOCATION":"Southbound 132 St @ 115 Ave","ACCESSIBLE":"Yes","OBJECTID_1":2138133,"GLOBALID":"{14FE4D90-5F1D-413C-B230-79B30D2F4024}","TRANSIT_ROUTES":"371","PRESCRIBED_FREQUENT_BUS_STOPS":null}},{"type":"Feature","id":2138134,"geometry":{"type":"Point","coordinates":[-122.724987,49.1187]},"properties":{"FACILITYID":null,"BUS_STOP_NO":60794,"STOP_STATUS":"Active","BUS_BENCHES":"NO","BUS_SHELTERS":"NO","LOCATION":"Eastbound 64 Ave @ 179 St","ACCESSIBLE":"Yes","OBJECTID_1":2138134,"GLOBALID":null,"TRANSIT_ROUTES":"364, 395","PRESCRIBED_FREQUENT_BUS_STOPS":null}},{"type":"Feature","id":2138135,"geometry":{"type":"Point","coordinates":[-122.730037,49.118673]},"properties":{"FACILITYID":"1001208077","BUS_STOP_NO":60792,"STOP_STATUS":"Active","BUS_BENCHES":"YES","BUS_SHELTERS":"NO","LOCATION":"Eastbound 64 Ave @ 177B St","ACCESSIBLE":"Yes","OBJECTID_1":2138135,"GLOBALID":"{033DBBF8-1444-46D6-AC8A-257141D1B041}","TRANSIT_ROUTES":"364, 395","PRESCRIBED_FREQUENT_BUS_STOPS":null}},{"type":"Feature","id":2138136,"geometry":{"type":"Point","coordinates":[-122.719315,49.118669]},"properties":{"FACILITYID":"1001208572","BUS_STOP_NO":60796,"STOP_STATUS":"Active","BUS_BENCHES":"YES","BUS_SHELTERS":"NO","LOCATION":"Eastbound 64 Ave @ 181A St","ACCESSIBLE":"Yes","OBJECTID_1":2138136,"GLOBALID":"{57C341A5-A0A4-42F9-8B32-3B48886FA5C2}","TRANSIT_ROUTES":"364, 395","PRESCRIBED_FREQUENT_BUS_STOPS":null}},{"type":"Feature","id":2138137,"geometry":{"type":"Point","coordinates":[-122.720802,49.118811]},"properties":{"FACILITYID":null,"BUS_STOP_NO":60795,"STOP_STATUS":"Active","BUS_BENCHES":"YES","BUS_SHELTERS":"NO","LOCATION":"Westbound 64 Ave @ 181A St","ACCESSIBLE":"Yes","OBJECTID_1":2138137,"GLOBALID":null,"TRANSIT_ROUTES":"364, 395","PRESCRIBED_FREQUENT_BUS_STOPS":null}},{"type":"Feature","id":2138138,"geometry":{"type":"Point","coordinates":[-122.80117,49.114079]},"properties":{"FACILITYID":"1001208753","BUS_STOP_NO":60973,"STOP_STATUS":"Active","BUS_BENCHES":"YES","BUS_SHELTERS":"NO","LOCATION":"Southbound 152 St @ 62 Ave","ACCESSIBLE":"Yes","OBJECTID_1":2138138,"GLOBALID":"{3753ECE1-FA52-40F2-9899-C63A7468F9F9}","TRANSIT_ROUTES":"345, 375","PRESCRIBED_FREQUENT_BUS_STOPS":null}},{"type":"Feature","id":2138139,"geometry":{"type":"Point","coordinates":[-122.817737,49.094553]},"properties":{"FACILITYID":"1001208218","BUS_STOP_NO":55398,"STOP_STATUS":"Active","BUS_BENCHES":"NO","BUS_SHELTERS":"NO","LOCATION":"Northbound King George Blvd @ 5000 Block","ACCESSIBLE":"No","OBJECTID_1":2138139,"GLOBALID":"{C0FA5376-BF5B-4975-A32B-815CB20BC3EE}","TRANSIT_ROUTES":"321","PRESCRIBED_FREQUENT_BUS_STOPS":"Yes"}},{"type":"Feature","id":2138140,"geometry":{"type":"Point","coordinates":[-122.789656,49.045489]},"properties":{"FACILITYID":"1001208156","BUS_STOP_NO":61014,"STOP_STATUS":"Active","BUS_BENCHES":"YES","BUS_SHELTERS":"STD AD","LOCATION":"Eastbound 24 Ave @ 156 St","ACCESSIBLE":"Yes","OBJECTID_1":2138140,"GLOBALID":"{A539C690-3902-463B-83C9-1B4F94654404}","TRANSIT_ROUTES":"354, 531","PRESCRIBED_FREQUENT_BUS_STOPS":null}},{"type":"Feature","id":2138141,"geometry":{"type":"Point","coordinates":[-122.717088,49.130262]},"properties":{"FACILITYID":"1001208831","BUS_STOP_NO":59856,"STOP_STATUS":"Active","BUS_BENCHES":"YES","BUS_SHELTERS":"NO","LOCATION":"Eastbound Fraser Hwy @ 182 St","ACCESSIBLE":"Yes","OBJECTID_1":2138141,"GLOBALID":"{7A737A49-B2D2-4BEB-B95A-C8F4A4BEFC8E}","TRANSIT_ROUTES":"502","PRESCRIBED_FREQUENT_BUS_STOPS":null}},{"type":"Feature","id":2138142,"geometry":{"type":"Point","coordinates":[-122.847774,49.189699]},"properties":{"FACILITYID":"1002192697","BUS_STOP_NO":61035,"STOP_STATUS":"Active","BUS_BENCHES":"NO","BUS_SHELTERS":"EXCH","LOCATION":"Surrey Central Station @ Bay 12","ACCESSIBLE":"Yes","OBJECTID_1":2138142,"GLOBALID":null,"TRANSIT_ROUTES":"314, 320, 323, 329, 335, 337, 393, 501, 502, 509, ","PRESCRIBED_FREQUENT_BUS_STOPS":"Yes"}},{"type":"Feature","id":2138143,"geometry":{"type":"Point","coordinates":[-122.847558,49.189684]},"properties":{"FACILITYID":"1001207608","BUS_STOP_NO":61036,"STOP_STATUS":"Active","BUS_BENCHES":"NO","BUS_SHELTERS":"STD AD","LOCATION":"Surrey Central Station @ Bay 13","ACCESSIBLE":"Yes","OBJECTID_1":2138143,"GLOBALID":"{0C5629D9-CCA0-49D9-A544-1F2E6CDDE246}","TRANSIT_ROUTES":"R1","PRESCRIBED_FREQUENT_BUS_STOPS":"Yes"}},{"type":"Feature","id":2138144,"geometry":{"type":"Point","coordinates":[-122.849243,49.199]},"properties":{"FACILITYID":"1001208284","BUS_STOP_NO":58124,"STOP_STATUS":"Active","BUS_BENCHES":"YES","BUS_SHELTERS":"YES","LOCATION":"Gateway Station @ Bay 2","ACCESSIBLE":"Yes","OBJECTID_1":2138144,"GLOBALID":"{C26298E1-6E38-4924-B558-77CE60BB8F3C}","TRANSIT_ROUTES":"335, 371, 373","PRESCRIBED_FREQUENT_BUS_STOPS":null}},{"type":"Feature","id":2138145,"geometry":{"type":"Point","coordinates":[-122.890486,49.189504]},"properties":{"FACILITYID":null,"BUS_STOP_NO":54918,"STOP_STATUS":"Active","BUS_BENCHES":"NO","BUS_SHELTERS":"YES","LOCATION":"Southbound Scott Rd @ 103A Ave","ACCESSIBLE":"Yes","OBJECTID_1":2138145,"GLOBALID":null,"TRANSIT_ROUTES":"312, 319, 391, R6","PRESCRIBED_FREQUENT_BUS_STOPS":"Yes"}},{"type":"Feature","id":2138146,"geometry":{"type":"Point","coordinates":[-122.781829,49.041661]},"properties":{"FACILITYID":"1001208754","BUS_STOP_NO":56338,"STOP_STATUS":"Active","BUS_BENCHES":"NO","BUS_SHELTERS":"NO","LOCATION":"Southbound Cranley Dr @ Suffolk Rd","ACCESSIBLE":"Yes","OBJECTID_1":2138146,"GLOBALID":"{666D358C-3D79-488E-9CB7-E2989D7D87DB}","TRANSIT_ROUTES":"363","PRESCRIBED_FREQUENT_BUS_STOPS":null}},{"type":"Feature","id":2138147,"geometry":{"type":"Point","coordinates":[-122.785455,49.044326]},"properties":{"FACILITYID":"1001207788","BUS_STOP_NO":56337,"STOP_STATUS":"Active","BUS_BENCHES":"NO","BUS_SHELTERS":"NO","LOCATION":"Eastbound Cranley Dr @ 157A St","ACCESSIBLE":"Yes","OBJECTID_1":2138147,"GLOBALID":"{832066F7-7AEE-4C57-9955-1EC992F59361}","TRANSIT_ROUTES":"363","PRESCRIBED_FREQUENT_BUS_STOPS":null}},{"type":"Feature","id":2138148,"geometry":{"type":"Point","coordinates":[-122.780259,49.04026]},"properties":{"FACILITYID":"1001208809","BUS_STOP_NO":56339,"STOP_STATUS":"Active","BUS_BENCHES":"YES","BUS_SHELTERS":"NO","LOCATION":"Southbound Cranley Dr @ Cumbria Dr","ACCESSIBLE":"Yes","OBJECTID_1":2138148,"GLOBALID":"{26EE360B-D308-4117-975E-BAB4C0E7E040}","TRANSIT_ROUTES":"363","PRESCRIBED_FREQUENT_BUS_STOPS":null}},{"type":"Feature","id":2138149,"geometry":{"type":"Point","coordinates":[-122.874861,49.204438]},"properties":{"FACILITYID":null,"BUS_STOP_NO":58150,"STOP_STATUS":"Active","BUS_BENCHES":"NO","BUS_SHELTERS":"EXCH","LOCATION":"Scott Road Station @ Bay 3","ACCESSIBLE":"Yes","OBJECTID_1":2138149,"GLOBALID":null,"TRANSIT_ROUTES":"R6","PRESCRIBED_FREQUENT_BUS_STOPS":"Yes"}},{"type":"Feature","id":2138150,"geometry":{"type":"Point","coordinates":[-122.804448,49.191357]},"properties":{"FACILITYID":"1001208058","BUS_STOP_NO":58175,"STOP_STATUS":"Active","BUS_BENCHES":"YES","BUS_SHELTERS":"NO","LOCATION":"Guildford Exchange @ Bay 3","ACCESSIBLE":"Yes","OBJECTID_1":2138150,"GLOBALID":"{5D1DFDFF-42E4-4584-9A40-1B97A3EA9825}","TRANSIT_ROUTES":"341, 373, R1","PRESCRIBED_FREQUENT_BUS_STOPS":"Yes"}},{"type":"Feature","id":2138151,"geometry":{"type":"Point","coordinates":[-122.842877,49.132811]},"properties":{"FACILITYID":null,"BUS_STOP_NO":58506,"STOP_STATUS":"Active","BUS_BENCHES":null,"BUS_SHELTERS":null,"LOCATION":"Newton Exchange @ Unloading Bay","ACCESSIBLE":"Yes","OBJECTID_1":2138151,"GLOBALID":null,"TRANSIT_ROUTES":"322","PRESCRIBED_FREQUENT_BUS_STOPS":null}},{"type":"Feature","id":2138152,"geometry":{"type":"Point","coordinates":[-122.875671,49.204326]},"properties":{"FACILITYID":"1001843406","BUS_STOP_NO":53104,"STOP_STATUS":"Active","BUS_BENCHES":"NO","BUS_SHELTERS":"NO","LOCATION":"Scott Road Station @ Bay 1","ACCESSIBLE":"Yes","OBJECTID_1":2138152,"GLOBALID":"{DBD56522-A733-48D8-891B-01F73C59CA52}","TRANSIT_ROUTES":"312, 319, 371, 391, 640","PRESCRIBED_FREQUENT_BUS_STOPS":"Yes"}},{"type":"Feature","id":2138153,"geometry":{"type":"Point","coordinates":[-122.84458,49.118939]},"properties":{"FACILITYID":"1001207583","BUS_STOP_NO":61171,"STOP_STATUS":"Active","BUS_BENCHES":"YES","BUS_SHELTERS":"NO","LOCATION":"Eastbound 64 Ave @ King George Blvd","ACCESSIBLE":"Yes","OBJECTID_1":2138153,"GLOBALID":"{579BD8F3-0B10-4601-96C4-6F07E2E9308A}","TRANSIT_ROUTES":"364","PRESCRIBED_FREQUENT_BUS_STOPS":null}},{"type":"Feature","id":2138154,"geometry":{"type":"Point","coordinates":[-122.801633,49.119156]},"properties":{"FACILITYID":"1001207518","BUS_STOP_NO":61184,"STOP_STATUS":"Active","BUS_BENCHES":"YES","BUS_SHELTERS":"STD AD","LOCATION":"Westbound 64 Ave @ 152 St","ACCESSIBLE":"Yes","OBJECTID_1":2138154,"GLOBALID":"{209D54D4-0B65-45DD-8E55-59C05433D3F4}","TRANSIT_ROUTES":"364, 864","PRESCRIBED_FREQUENT_BUS_STOPS":null}},{"type":"Feature","id":2138155,"geometry":{"type":"Point","coordinates":[-122.800293,49.118971]},"properties":{"FACILITYID":"1001208465","BUS_STOP_NO":61185,"STOP_STATUS":"Active","BUS_BENCHES":"YES","BUS_SHELTERS":"STD AD","LOCATION":"Eastbound 64 Ave @ 152 St","ACCESSIBLE":"Yes","OBJECTID_1":2138155,"GLOBALID":"{22492136-B780-40BE-96E6-CBF54736A003}","TRANSIT_ROUTES":"364","PRESCRIBED_FREQUENT_BUS_STOPS":null}},{"type":"Feature","id":2138156,"geometry":{"type":"Point","coordinates":[-122.846907,49.162839]},"properties":{"FACILITYID":"1001208811","BUS_STOP_NO":61197,"STOP_STATUS":"Active","BUS_BENCHES":"YES","BUS_SHELTERS":"NO","LOCATION":"Westbound 88 Ave @ King George Blvd","ACCESSIBLE":"Yes","OBJECTID_1":2138156,"GLOBALID":"{26DCB716-430F-4E07-88F9-DD94AAD09DBD}","TRANSIT_ROUTES":"388","PRESCRIBED_FREQUENT_BUS_STOPS":null}},{"type":"Feature","id":2138157,"geometry":{"type":"Point","coordinates":[-122.844815,49.162673]},"properties":{"FACILITYID":"1001208007","BUS_STOP_NO":61198,"STOP_STATUS":"Active","BUS_BENCHES":"YES","BUS_SHELTERS":"NO","LOCATION":"Eastbound 88 Ave @ King George Blvd","ACCESSIBLE":"Yes","OBJECTID_1":2138157,"GLOBALID":"{95B2F854-16D2-4DD9-BE79-79EACB7AFD9A}","TRANSIT_ROUTES":"388","PRESCRIBED_FREQUENT_BUS_STOPS":null}},{"type":"Feature","id":2138158,"geometry":{"type":"Point","coordinates":[-122.889329,49.119202]},"properties":{"FACILITYID":"1001208566","BUS_STOP_NO":61163,"STOP_STATUS":"Active","BUS_BENCHES":"YES","BUS_SHELTERS":"NO","LOCATION":"Eastbound 64 Ave @ Scott Rd","ACCESSIBLE":"Yes","OBJECTID_1":2138158,"GLOBALID":"{09345CF9-BAAD-4526-9810-C62C349DBDDD}","TRANSIT_ROUTES":"364","PRESCRIBED_FREQUENT_BUS_STOPS":null}},{"type":"Feature","id":2138159,"geometry":{"type":"Point","coordinates":[-122.868362,49.119211]},"properties":{"FACILITYID":"1001208041","BUS_STOP_NO":61170,"STOP_STATUS":"Active","BUS_BENCHES":"YES","BUS_SHELTERS":"YES","LOCATION":"Westbound 64 Ave @ 128 St","ACCESSIBLE":"Yes","OBJECTID_1":2138159,"GLOBALID":"{71DD16A7-C821-4278-AE12-1200130EB4EC}","TRANSIT_ROUTES":"364","PRESCRIBED_FREQUENT_BUS_STOPS":null}},{"type":"Feature","id":2138160,"geometry":{"type":"Point","coordinates":[-122.823839,49.11921]},"properties":{"FACILITYID":"1001207767","BUS_STOP_NO":61178,"STOP_STATUS":"Active","BUS_BENCHES":"YES","BUS_SHELTERS":"STD AD","LOCATION":"Westbound 64 Ave @ 144 St","ACCESSIBLE":"Yes","OBJECTID_1":2138160,"GLOBALID":"{D3F2DC9A-03F2-4FCA-A269-867A0F4E0136}","TRANSIT_ROUTES":"364","PRESCRIBED_FREQUENT_BUS_STOPS":null}},{"type":"Feature","id":2138161,"geometry":{"type":"Point","coordinates":[-122.822749,49.11903]},"properties":{"FACILITYID":"1001207826","BUS_STOP_NO":61179,"STOP_STATUS":"Active","BUS_BENCHES":"YES","BUS_SHELTERS":"YES","LOCATION":"Eastbound 64 Ave @ 144 St","ACCESSIBLE":"Yes","OBJECTID_1":2138161,"GLOBALID":"{1EF2728E-F929-41D3-87F7-4B959F6A332B}","TRANSIT_ROUTES":"364","PRESCRIBED_FREQUENT_BUS_STOPS":null}},{"type":"Feature","id":2138162,"geometry":{"type":"Point","coordinates":[-122.889466,49.161878]},"properties":{"FACILITYID":"1001208365","BUS_STOP_NO":61189,"STOP_STATUS":"Active","BUS_BENCHES":"YES","BUS_SHELTERS":"STD AD","LOCATION":"Eastbound Nordel Way @ Scott Rd","ACCESSIBLE":"Yes","OBJECTID_1":2138162,"GLOBALID":"{886963CD-C7D2-4CB7-931F-D3B8F75C5A37}","TRANSIT_ROUTES":"388","PRESCRIBED_FREQUENT_BUS_STOPS":null}},{"type":"Feature","id":2138163,"geometry":{"type":"Point","coordinates":[-122.867443,49.16248]},"properties":{"FACILITYID":"1001208663","BUS_STOP_NO":61191,"STOP_STATUS":"Active","BUS_BENCHES":"YES","BUS_SHELTERS":"NO","LOCATION":"Eastbound 88 Ave @ 128 St","ACCESSIBLE":"Yes","OBJECTID_1":2138163,"GLOBALID":"{63427D95-44BF-445C-910F-E8EBF0607B3A}","TRANSIT_ROUTES":"388","PRESCRIBED_FREQUENT_BUS_STOPS":null}},{"type":"Feature","id":2138164,"geometry":{"type":"Point","coordinates":[-122.868798,49.1627]},"properties":{"FACILITYID":"1001207546","BUS_STOP_NO":61192,"STOP_STATUS":"Active","BUS_BENCHES":"YES","BUS_SHELTERS":"NO","LOCATION":"Westbound 88 Ave @ 128 St","ACCESSIBLE":"Yes","OBJECTID_1":2138164,"GLOBALID":"{5A3AB8E0-B981-4CB9-B68D-111208C2CE1A}","TRANSIT_ROUTES":"388","PRESCRIBED_FREQUENT_BUS_STOPS":null}},{"type":"Feature","id":2138165,"geometry":{"type":"Point","coordinates":[-122.856225,49.162559]},"properties":{"FACILITYID":"1001207875","BUS_STOP_NO":61193,"STOP_STATUS":"Active","BUS_BENCHES":"YES","BUS_SHELTERS":"NO","LOCATION":"Eastbound 88 Ave @ 132 St","ACCESSIBLE":"Yes","OBJECTID_1":2138165,"GLOBALID":"{32D31141-5C13-4B4B-9EBF-13F2059AF531}","TRANSIT_ROUTES":"388","PRESCRIBED_FREQUENT_BUS_STOPS":null}},{"type":"Feature","id":2138166,"geometry":{"type":"Point","coordinates":[-122.857787,49.162721]},"properties":{"FACILITYID":"1001208843","BUS_STOP_NO":61194,"STOP_STATUS":"Active","BUS_BENCHES":"YES","BUS_SHELTERS":"NO","LOCATION":"Westbound 88 Ave @ 132 St","ACCESSIBLE":"Yes","OBJECTID_1":2138166,"GLOBALID":"{FEB63191-4497-4A65-B4E6-7946D7DC9FD2}","TRANSIT_ROUTES":"388","PRESCRIBED_FREQUENT_BUS_STOPS":null}},{"type":"Feature","id":2138167,"geometry":{"type":"Point","coordinates":[-122.835189,49.162869]},"properties":{"FACILITYID":"1001208376","BUS_STOP_NO":61201,"STOP_STATUS":"Active","BUS_BENCHES":"YES","BUS_SHELTERS":"NO","LOCATION":"Westbound 88 Ave @ 140 St","ACCESSIBLE":"Yes","OBJECTID_1":2138167,"GLOBALID":"{6238BFF0-8950-4652-936A-690E4B8D26D9}","TRANSIT_ROUTES":"388","PRESCRIBED_FREQUENT_BUS_STOPS":null}},{"type":"Feature","id":2138168,"geometry":{"type":"Point","coordinates":[-122.778041,49.162665]},"properties":{"FACILITYID":"1001207639","BUS_STOP_NO":58258,"STOP_STATUS":"Active","BUS_BENCHES":"YES","BUS_SHELTERS":"NO","LOCATION":"Eastbound 88 Ave @ 160 St","ACCESSIBLE":"Yes","OBJECTID_1":2138168,"GLOBALID":"{0CCEE376-E050-42EE-A795-A52B85A007DE}","TRANSIT_ROUTES":"388","PRESCRIBED_FREQUENT_BUS_STOPS":null}},{"type":"Feature","id":2138169,"geometry":{"type":"Point","coordinates":[-122.878389,49.119126]},"properties":{"FACILITYID":"1001208114","BUS_STOP_NO":61166,"STOP_STATUS":"Active","BUS_BENCHES":"YES","BUS_SHELTERS":"NO","LOCATION":"Eastbound 64 Ave @ 124 St","ACCESSIBLE":"Yes","OBJECTID_1":2138169,"GLOBALID":"{B45C59E1-137A-49EC-9599-E6DD08255FF9}","TRANSIT_ROUTES":"364","PRESCRIBED_FREQUENT_BUS_STOPS":null}},{"type":"Feature","id":2138170,"geometry":{"type":"Point","coordinates":[-122.817258,49.119039]},"properties":{"FACILITYID":"1001208350","BUS_STOP_NO":61180,"STOP_STATUS":"Active","BUS_BENCHES":"YES","BUS_SHELTERS":"NO","LOCATION":"Eastbound 64 Ave @ 146 St","ACCESSIBLE":"Yes","OBJECTID_1":2138170,"GLOBALID":"{3BF1C22B-9E22-4444-B7F0-C120533112DE}","TRANSIT_ROUTES":"364","PRESCRIBED_FREQUENT_BUS_STOPS":null}},{"type":"Feature","id":2138171,"geometry":{"type":"Point","coordinates":[-122.885001,49.119374]},"properties":{"FACILITYID":"1001208730","BUS_STOP_NO":61165,"STOP_STATUS":"Active","BUS_BENCHES":"YES","BUS_SHELTERS":"NO","LOCATION":"Westbound 64 Ave @ 122 St","ACCESSIBLE":"Yes","OBJECTID_1":2138171,"GLOBALID":"{E29E604D-FD6C-4C2D-BBE0-452B19A8FC46}","TRANSIT_ROUTES":"364","PRESCRIBED_FREQUENT_BUS_STOPS":null}},{"type":"Feature","id":2138172,"geometry":{"type":"Point","coordinates":[-122.884112,49.119188]},"properties":{"FACILITYID":"1001208291","BUS_STOP_NO":61164,"STOP_STATUS":"Active","BUS_BENCHES":"YES","BUS_SHELTERS":"NO","LOCATION":"Eastbound 64 Ave @ 122 St","ACCESSIBLE":"Yes","OBJECTID_1":2138172,"GLOBALID":"{267C52ED-4FD6-4527-B132-3348413DF397}","TRANSIT_ROUTES":"364","PRESCRIBED_FREQUENT_BUS_STOPS":null}},{"type":"Feature","id":2138173,"geometry":{"type":"Point","coordinates":[-122.87962,49.119321]},"properties":{"FACILITYID":"1001208334","BUS_STOP_NO":61167,"STOP_STATUS":"Active","BUS_BENCHES":"YES","BUS_SHELTERS":"NSW","LOCATION":"Westbound 64 Ave @ 124 St","ACCESSIBLE":"Yes","OBJECTID_1":2138173,"GLOBALID":"{AB07680A-1E80-4D00-8F0E-57F93DC82634}","TRANSIT_ROUTES":"364","PRESCRIBED_FREQUENT_BUS_STOPS":null}},{"type":"Feature","id":2138174,"geometry":{"type":"Point","coordinates":[-122.811664,49.119023]},"properties":{"FACILITYID":"1001208657","BUS_STOP_NO":61182,"STOP_STATUS":"Active","BUS_BENCHES":"YES","BUS_SHELTERS":"NO","LOCATION":"Eastbound 64 Ave @ 148 St","ACCESSIBLE":"Yes","OBJECTID_1":2138174,"GLOBALID":"{98505672-CBC8-4A4E-A1F9-02A2B41FFAF1}","TRANSIT_ROUTES":"364","PRESCRIBED_FREQUENT_BUS_STOPS":null}},{"type":"Feature","id":2138175,"geometry":{"type":"Point","coordinates":[-122.828345,49.119015]},"properties":{"FACILITYID":"1001207982","BUS_STOP_NO":61177,"STOP_STATUS":"Active","BUS_BENCHES":"YES","BUS_SHELTERS":"NO","LOCATION":"Eastbound 64 Ave @ 142 St","ACCESSIBLE":"Yes","OBJECTID_1":2138175,"GLOBALID":"{3C1CFE3D-494A-4A7D-838E-BA3B872DBD4E}","TRANSIT_ROUTES":"364","PRESCRIBED_FREQUENT_BUS_STOPS":null}},{"type":"Feature","id":2138176,"geometry":{"type":"Point","coordinates":[-122.833824,49.118983]},"properties":{"FACILITYID":"1001207961","BUS_STOP_NO":61174,"STOP_STATUS":"Active","BUS_BENCHES":"YES","BUS_SHELTERS":"NO","LOCATION":"Eastbound 64 Ave @ 140 St","ACCESSIBLE":"Yes","OBJECTID_1":2138176,"GLOBALID":"{21CC12AC-84FD-4C5F-B471-4E632BE02928}","TRANSIT_ROUTES":"364","PRESCRIBED_FREQUENT_BUS_STOPS":null}},{"type":"Feature","id":2138177,"geometry":{"type":"Point","coordinates":[-122.839451,49.118962]},"properties":{"FACILITYID":"1001207999","BUS_STOP_NO":61172,"STOP_STATUS":"Active","BUS_BENCHES":"YES","BUS_SHELTERS":"NO","LOCATION":"Eastbound 64 Ave @ 138 St","ACCESSIBLE":"Yes","OBJECTID_1":2138177,"GLOBALID":"{F7E4C49B-0C22-4AC1-9D1C-0183F35437DE}","TRANSIT_ROUTES":"364","PRESCRIBED_FREQUENT_BUS_STOPS":null}},{"type":"Feature","id":2138178,"geometry":{"type":"Point","coordinates":[-122.873924,49.119261]},"properties":{"FACILITYID":"1001208538","BUS_STOP_NO":61169,"STOP_STATUS":"Active","BUS_BENCHES":"YES","BUS_SHELTERS":"NO","LOCATION":"Westbound 64 Ave @ 126 St","ACCESSIBLE":"Yes","OBJECTID_1":2138178,"GLOBALID":"{52733D09-DB7A-47FA-AE15-15560C54C0E6}","TRANSIT_ROUTES":"364","PRESCRIBED_FREQUENT_BUS_STOPS":null}},{"type":"Feature","id":2138179,"geometry":{"type":"Point","coordinates":[-122.872796,49.11907]},"properties":{"FACILITYID":"1001207565","BUS_STOP_NO":61168,"STOP_STATUS":"Active","BUS_BENCHES":"YES","BUS_SHELTERS":"NO","LOCATION":"Eastbound 64 Ave @ 126 St","ACCESSIBLE":"Yes","OBJECTID_1":2138179,"GLOBALID":"{39A1A708-53A7-4E57-8E78-965D54DFB6F4}","TRANSIT_ROUTES":"364","PRESCRIBED_FREQUENT_BUS_STOPS":null}},{"type":"Feature","id":2138180,"geometry":{"type":"Point","coordinates":[-122.879546,49.163321]},"properties":{"FACILITYID":"1001207629","BUS_STOP_NO":59134,"STOP_STATUS":"Active","BUS_BENCHES":"YES","BUS_SHELTERS":"NO","LOCATION":"Westbound 88 Ave @ 12300 Block","ACCESSIBLE":"Yes","OBJECTID_1":2138180,"GLOBALID":"{B8CF8946-2289-42EA-9617-F6758BDACFC4}","TRANSIT_ROUTES":"388","PRESCRIBED_FREQUENT_BUS_STOPS":null}},{"type":"Feature","id":2138181,"geometry":{"type":"Point","coordinates":[-122.878587,49.163112]},"properties":{"FACILITYID":"1001207867","BUS_STOP_NO":59135,"STOP_STATUS":"Active","BUS_BENCHES":"YES","BUS_SHELTERS":"NO","LOCATION":"Eastbound 88 Ave @ 12400 Block","ACCESSIBLE":"Yes","OBJECTID_1":2138181,"GLOBALID":"{36241CF0-DC6A-4899-B923-616FA5AD9B75}","TRANSIT_ROUTES":"388","PRESCRIBED_FREQUENT_BUS_STOPS":null}},{"type":"Feature","id":2138182,"geometry":{"type":"Point","coordinates":[-122.876738,49.16318]},"properties":{"FACILITYID":"1001208155","BUS_STOP_NO":59136,"STOP_STATUS":"Active","BUS_BENCHES":"YES","BUS_SHELTERS":"NO","LOCATION":"Westbound 88 Ave @ 12400 Block","ACCESSIBLE":"Yes","OBJECTID_1":2138182,"GLOBALID":"{0936E838-8EAE-43EB-AB29-7DCB4E0FC017}","TRANSIT_ROUTES":"388","PRESCRIBED_FREQUENT_BUS_STOPS":null}},{"type":"Feature","id":2138183,"geometry":{"type":"Point","coordinates":[-122.875631,49.162923]},"properties":{"FACILITYID":"1001208189","BUS_STOP_NO":59137,"STOP_STATUS":"Active","BUS_BENCHES":"YES","BUS_SHELTERS":"NO","LOCATION":"Eastbound 88 Ave @ 12500 Block","ACCESSIBLE":"Yes","OBJECTID_1":2138183,"GLOBALID":"{1373C6CF-6D13-461C-8851-681D93CFC216}","TRANSIT_ROUTES":"388","PRESCRIBED_FREQUENT_BUS_STOPS":null}},{"type":"Feature","id":2138184,"geometry":{"type":"Point","coordinates":[-122.874051,49.163008]},"properties":{"FACILITYID":"1001208274","BUS_STOP_NO":59138,"STOP_STATUS":"Active","BUS_BENCHES":"YES","BUS_SHELTERS":"NO","LOCATION":"Westbound 88 Ave @ 126 St","ACCESSIBLE":"Yes","OBJECTID_1":2138184,"GLOBALID":"{4AE37C8A-5D0F-4C3A-A0CA-539B4A515173}","TRANSIT_ROUTES":"388","PRESCRIBED_FREQUENT_BUS_STOPS":null}},{"type":"Feature","id":2138185,"geometry":{"type":"Point","coordinates":[-122.873004,49.162761]},"properties":{"FACILITYID":"1001207985","BUS_STOP_NO":59139,"STOP_STATUS":"Active","BUS_BENCHES":"YES","BUS_SHELTERS":"NO","LOCATION":"Eastbound 88 Ave @ 126 St","ACCESSIBLE":"Yes","OBJECTID_1":2138185,"GLOBALID":"{EB22E503-44C4-4CA3-97CD-4670E5836CBD}","TRANSIT_ROUTES":"388","PRESCRIBED_FREQUENT_BUS_STOPS":null}},{"type":"Feature","id":2138186,"geometry":{"type":"Point","coordinates":[-122.862857,49.162668]},"properties":{"FACILITYID":"1001208429","BUS_STOP_NO":60879,"STOP_STATUS":"Active","BUS_BENCHES":"YES","BUS_SHELTERS":"NO","LOCATION":"Westbound 88 Ave @ 130 St","ACCESSIBLE":"Yes","OBJECTID_1":2138186,"GLOBALID":"{60A2FC0F-CFC4-4544-9532-ACB179EDDDC7}","TRANSIT_ROUTES":"388","PRESCRIBED_FREQUENT_BUS_STOPS":null}},{"type":"Feature","id":2138187,"geometry":{"type":"Point","coordinates":[-122.861926,49.162537]},"properties":{"FACILITYID":"1001207745","BUS_STOP_NO":60880,"STOP_STATUS":"Active","BUS_BENCHES":"YES","BUS_SHELTERS":"NO","LOCATION":"Eastbound 88 Ave @ 130 St","ACCESSIBLE":"Yes","OBJECTID_1":2138187,"GLOBALID":"{3A27B2ED-4F3E-489D-B397-85AC87A96F44}","TRANSIT_ROUTES":"388","PRESCRIBED_FREQUENT_BUS_STOPS":null}},{"type":"Feature","id":2138188,"geometry":{"type":"Point","coordinates":[-122.853323,49.162762]},"properties":{"FACILITYID":"1001208052","BUS_STOP_NO":61196,"STOP_STATUS":"Active","BUS_BENCHES":"YES","BUS_SHELTERS":"NO","LOCATION":"Westbound 88 Ave @ 133A St","ACCESSIBLE":"Yes","OBJECTID_1":2138188,"GLOBALID":"{EFCD5A94-55C1-48E0-87D6-F0FAA1033DA2}","TRANSIT_ROUTES":"388","PRESCRIBED_FREQUENT_BUS_STOPS":null}},{"type":"Feature","id":2138189,"geometry":{"type":"Point","coordinates":[-122.852365,49.162599]},"properties":{"FACILITYID":"1001207679","BUS_STOP_NO":61195,"STOP_STATUS":"Active","BUS_BENCHES":"YES","BUS_SHELTERS":"NO","LOCATION":"Eastbound 88 Ave @ 133A St","ACCESSIBLE":"Yes","OBJECTID_1":2138189,"GLOBALID":"{B6ABD266-9031-46E3-9C5D-9B2C47F84C92}","TRANSIT_ROUTES":"388","PRESCRIBED_FREQUENT_BUS_STOPS":null}},{"type":"Feature","id":2138190,"geometry":{"type":"Point","coordinates":[-122.840254,49.162859]},"properties":{"FACILITYID":"1001208214","BUS_STOP_NO":61199,"STOP_STATUS":"Active","BUS_BENCHES":"YES","BUS_SHELTERS":"NO","LOCATION":"Westbound 88 Ave @ Lauder Dr","ACCESSIBLE":"Yes","OBJECTID_1":2138190,"GLOBALID":"{241ABA67-0987-4E64-9696-CF9D66CC603C}","TRANSIT_ROUTES":"388","PRESCRIBED_FREQUENT_BUS_STOPS":null}},{"type":"Feature","id":2138191,"geometry":{"type":"Point","coordinates":[-122.840568,49.162674]},"properties":{"FACILITYID":"1001207615","BUS_STOP_NO":61200,"STOP_STATUS":"Active","BUS_BENCHES":"YES","BUS_SHELTERS":"NO","LOCATION":"Eastbound 88 Ave @ Bear Creek Park Access Rd","ACCESSIBLE":"Yes","OBJECTID_1":2138191,"GLOBALID":"{AB4F3D81-D125-45D4-8B3E-C675026FD7E3}","TRANSIT_ROUTES":"388","PRESCRIBED_FREQUENT_BUS_STOPS":null}},{"type":"Feature","id":2138192,"geometry":{"type":"Point","coordinates":[-122.785836,49.162846]},"properties":{"FACILITYID":"1001208194","BUS_STOP_NO":61204,"STOP_STATUS":"Active","BUS_BENCHES":"YES","BUS_SHELTERS":"NO","LOCATION":"Westbound 88 Ave @ 158 St","ACCESSIBLE":"Yes","OBJECTID_1":2138192,"GLOBALID":"{F73EC98B-9DD4-48E8-8547-458A12ADAB26}","TRANSIT_ROUTES":"388","PRESCRIBED_FREQUENT_BUS_STOPS":null}},{"type":"Feature","id":2138193,"geometry":{"type":"Point","coordinates":[-122.784548,49.162711]},"properties":{"FACILITYID":"1001208617","BUS_STOP_NO":61203,"STOP_STATUS":"Active","BUS_BENCHES":"YES","BUS_SHELTERS":"NO","LOCATION":"Eastbound 88 Ave @ 158 St","ACCESSIBLE":"Yes","OBJECTID_1":2138193,"GLOBALID":"{591D09A5-8D44-448F-AB75-550245CE057F}","TRANSIT_ROUTES":"388","PRESCRIBED_FREQUENT_BUS_STOPS":null}},{"type":"Feature","id":2138194,"geometry":{"type":"Point","coordinates":[-122.773792,49.162857]},"properties":{"FACILITYID":"1001207983","BUS_STOP_NO":58260,"STOP_STATUS":"Active","BUS_BENCHES":"NO","BUS_SHELTERS":"NO","LOCATION":"Westbound 88 Ave @ 162 St","ACCESSIBLE":"No","OBJECTID_1":2138194,"GLOBALID":"{1E8E951C-3F17-4204-ADD3-DC5B09ED4EED}","TRANSIT_ROUTES":"388","PRESCRIBED_FREQUENT_BUS_STOPS":null}},{"type":"Feature","id":2138195,"geometry":{"type":"Point","coordinates":[-122.772688,49.162709]},"properties":{"FACILITYID":"1001207742","BUS_STOP_NO":58259,"STOP_STATUS":"Active","BUS_BENCHES":"YES","BUS_SHELTERS":"NO","LOCATION":"Eastbound 88 Ave @ 162 St","ACCESSIBLE":"Yes","OBJECTID_1":2138195,"GLOBALID":"{0845679B-01B1-467F-A219-02B674F25E90}","TRANSIT_ROUTES":"388","PRESCRIBED_FREQUENT_BUS_STOPS":null}},{"type":"Feature","id":2138196,"geometry":{"type":"Point","coordinates":[-122.768302,49.162892]},"properties":{"FACILITYID":"1001208098","BUS_STOP_NO":61206,"STOP_STATUS":"Active","BUS_BENCHES":"YES","BUS_SHELTERS":"NO","LOCATION":"Westbound 88 Ave @ 164 St","ACCESSIBLE":"Yes","OBJECTID_1":2138196,"GLOBALID":"{2F35264A-F1C6-453A-BE7B-7CDFD1884A6D}","TRANSIT_ROUTES":"388","PRESCRIBED_FREQUENT_BUS_STOPS":null}},{"type":"Feature","id":2138197,"geometry":{"type":"Point","coordinates":[-122.81291,49.119209]},"properties":{"FACILITYID":"1001207856","BUS_STOP_NO":61183,"STOP_STATUS":"Active","BUS_BENCHES":"YES","BUS_SHELTERS":"NO","LOCATION":"Westbound 64 Ave @ 148 St","ACCESSIBLE":"Yes","OBJECTID_1":2138197,"GLOBALID":"{D40BDA36-77F1-45B9-B2A0-A2B1093235AC}","TRANSIT_ROUTES":"364, 864","PRESCRIBED_FREQUENT_BUS_STOPS":null}},{"type":"Feature","id":2138198,"geometry":{"type":"Point","coordinates":[-122.818379,49.119209]},"properties":{"FACILITYID":"1001208322","BUS_STOP_NO":61181,"STOP_STATUS":"Active","BUS_BENCHES":"YES","BUS_SHELTERS":"NO","LOCATION":"Westbound 64 Ave @ 146 St","ACCESSIBLE":"Yes","OBJECTID_1":2138198,"GLOBALID":"{BE1B4D20-C7E3-4691-A105-895D84832AB5}","TRANSIT_ROUTES":"364, 864","PRESCRIBED_FREQUENT_BUS_STOPS":null}},{"type":"Feature","id":2138199,"geometry":{"type":"Point","coordinates":[-122.829275,49.119192]},"properties":{"FACILITYID":"1001207530","BUS_STOP_NO":61176,"STOP_STATUS":"Active","BUS_BENCHES":"YES","BUS_SHELTERS":"STD AD","LOCATION":"Westbound 64 Ave @ 142 St","ACCESSIBLE":"Yes","OBJECTID_1":2138199,"GLOBALID":"{8A1FE849-D042-42A0-AA7C-E00050EBA69C}","TRANSIT_ROUTES":"364","PRESCRIBED_FREQUENT_BUS_STOPS":null}},{"type":"Feature","id":2138200,"geometry":{"type":"Point","coordinates":[-122.834752,49.119172]},"properties":{"FACILITYID":"1001208609","BUS_STOP_NO":61175,"STOP_STATUS":"Active","BUS_BENCHES":"YES","BUS_SHELTERS":"NO","LOCATION":"Westbound 64 Ave @ 140 St","ACCESSIBLE":"Yes","OBJECTID_1":2138200,"GLOBALID":"{56B98DB4-5FE1-4F45-B2AC-AF8A844BE553}","TRANSIT_ROUTES":"364","PRESCRIBED_FREQUENT_BUS_STOPS":null}},{"type":"Feature","id":2138201,"geometry":{"type":"Point","coordinates":[-122.840539,49.11915]},"properties":{"FACILITYID":"1001207551","BUS_STOP_NO":61173,"STOP_STATUS":"Active","BUS_BENCHES":"YES","BUS_SHELTERS":"NO","LOCATION":"Westbound 64 Ave @ 138 St","ACCESSIBLE":"Yes","OBJECTID_1":2138201,"GLOBALID":"{AD4DD087-F81C-4280-AF81-104B9BAE95C4}","TRANSIT_ROUTES":"364","PRESCRIBED_FREQUENT_BUS_STOPS":null}},{"type":"Feature","id":2138202,"geometry":{"type":"Point","coordinates":[-122.790761,49.043519]},"properties":{"FACILITYID":"1001208306","BUS_STOP_NO":56034,"STOP_STATUS":"Active","BUS_BENCHES":"YES","BUS_SHELTERS":"NO","LOCATION":"Northbound King George Blvd @ 156 St","ACCESSIBLE":"Yes","OBJECTID_1":2138202,"GLOBALID":"{7BA4E942-0669-4B5A-B33F-A6784CBA3987}","TRANSIT_ROUTES":"354","PRESCRIBED_FREQUENT_BUS_STOPS":null}},{"type":"Feature","id":2138203,"geometry":{"type":"Point","coordinates":[-122.876249,49.054115]},"properties":{"FACILITYID":"1001208244","BUS_STOP_NO":56165,"STOP_STATUS":"Active","BUS_BENCHES":"YES","BUS_SHELTERS":"NO","LOCATION":"Westbound Bayview St @ Beecher St","ACCESSIBLE":"Yes","OBJECTID_1":2138203,"GLOBALID":"{004E7C4E-AC6A-4A68-800C-0D0AA17A3643}","TRANSIT_ROUTES":"350, 855","PRESCRIBED_FREQUENT_BUS_STOPS":null}},{"type":"Feature","id":2138204,"geometry":{"type":"Point","coordinates":[-122.680068,49.113418]},"properties":{"FACILITYID":"1001208659","BUS_STOP_NO":61310,"STOP_STATUS":"Active","BUS_BENCHES":"YES","BUS_SHELTERS":"NO","LOCATION":"Southbound 196 St @ Fraser Hwy","ACCESSIBLE":"Yes","OBJECTID_1":2138204,"GLOBALID":"{FB6DC4B9-EB94-4A8B-B759-C57B6FB93F12}","TRANSIT_ROUTES":"320","PRESCRIBED_FREQUENT_BUS_STOPS":null}},{"type":"Feature","id":2138205,"geometry":{"type":"Point","coordinates":[-122.689257,49.111237]},"properties":{"FACILITYID":"1001208693","BUS_STOP_NO":61309,"STOP_STATUS":"Active","BUS_BENCHES":"YES","BUS_SHELTERS":"NO","LOCATION":"Eastbound 60 Ave @ 192 St","ACCESSIBLE":"Yes","OBJECTID_1":2138205,"GLOBALID":"{D9C88BD5-E5CD-4F88-A1F0-EE6A7BE3D890}","TRANSIT_ROUTES":"320","PRESCRIBED_FREQUENT_BUS_STOPS":null}},{"type":"Feature","id":2138829,"geometry":{"type":"Point","coordinates":[-122.820319,49.082361]},"properties":{"FACILITYID":"1001207684","BUS_STOP_NO":55397,"STOP_STATUS":"Active","BUS_BENCHES":"NO","BUS_SHELTERS":"NO","LOCATION":"Northbound King George Blvd @ 44 Ave","ACCESSIBLE":"Yes","OBJECTID_1":2138829,"GLOBALID":"{53B815BB-C542-46FC-8B97-3FF059DE525F}","TRANSIT_ROUTES":"321","PRESCRIBED_FREQUENT_BUS_STOPS":"Yes"}},{"type":"Feature","id":2138830,"geometry":{"type":"Point","coordinates":[-122.69564,49.120824]},"properties":{"FACILITYID":"1001207520","BUS_STOP_NO":60717,"STOP_STATUS":"Active","BUS_BENCHES":"YES","BUS_SHELTERS":"NO","LOCATION":"Eastbound Fraser Hwy @ 19000 Block","ACCESSIBLE":"Yes","OBJECTID_1":2138830,"GLOBALID":"{6B67FFCB-4435-4298-AEBF-166672D30442}","TRANSIT_ROUTES":"502","PRESCRIBED_FREQUENT_BUS_STOPS":null}},{"type":"Feature","id":2138831,"geometry":{"type":"Point","coordinates":[-122.690508,49.118438]},"properties":{"FACILITYID":"1001208591","BUS_STOP_NO":59085,"STOP_STATUS":"Active","BUS_BENCHES":"YES","BUS_SHELTERS":"NO","LOCATION":"Eastbound Fraser Hwy @ 64 Ave","ACCESSIBLE":"Yes","OBJECTID_1":2138831,"GLOBALID":"{4CBD058F-00E6-4DF7-8495-2C0DEB368ABA}","TRANSIT_ROUTES":"502, 503","PRESCRIBED_FREQUENT_BUS_STOPS":null}},{"type":"Feature","id":2138832,"geometry":{"type":"Point","coordinates":[-122.686138,49.126433]},"properties":{"FACILITYID":"1001207657","BUS_STOP_NO":61416,"STOP_STATUS":"Active","BUS_BENCHES":"YES","BUS_SHELTERS":"YES","LOCATION":"Westbound 68 Ave @ 194 St","ACCESSIBLE":"Yes","OBJECTID_1":2138832,"GLOBALID":"{3554D110-6DD7-4215-9354-DE45A400CC66}","TRANSIT_ROUTES":"370","PRESCRIBED_FREQUENT_BUS_STOPS":null}},{"type":"Feature","id":2138833,"geometry":{"type":"Point","coordinates":[-122.690377,49.126318]},"properties":{"FACILITYID":"1001208629","BUS_STOP_NO":61414,"STOP_STATUS":"Active","BUS_BENCHES":"YES","BUS_SHELTERS":"NO","LOCATION":"Eastbound 68 Ave @ 192 St","ACCESSIBLE":"No","OBJECTID_1":2138833,"GLOBALID":"{EF0F413C-9098-4483-AC8E-5877F107B497}","TRANSIT_ROUTES":"370","PRESCRIBED_FREQUENT_BUS_STOPS":null}},{"type":"Feature","id":2138834,"geometry":{"type":"Point","coordinates":[-122.890245,49.113367]},"properties":{"FACILITYID":"1001208064","BUS_STOP_NO":54882,"STOP_STATUS":"Active","BUS_BENCHES":"YES","BUS_SHELTERS":"NO","LOCATION":"Northbound 120 St @ Boundary Park Gate","ACCESSIBLE":"Yes","OBJECTID_1":2138834,"GLOBALID":"{6A00F200-2CE2-484F-8854-E082BAE348FF}","TRANSIT_ROUTES":"310, 311","PRESCRIBED_FREQUENT_BUS_STOPS":null}},{"type":"Feature","id":2138835,"geometry":{"type":"Point","coordinates":[-122.785073,49.200713]},"properties":{"FACILITYID":"1001208480","BUS_STOP_NO":61497,"STOP_STATUS":"Active","BUS_BENCHES":"YES","BUS_SHELTERS":"NO","LOCATION":"Northbound 157A St @ 10900 Block","ACCESSIBLE":"Yes","OBJECTID_1":2138835,"GLOBALID":"{8FA73580-03D5-4924-946A-AE5CF90D6595}","TRANSIT_ROUTES":"337","PRESCRIBED_FREQUENT_BUS_STOPS":null}},{"type":"Feature","id":2138836,"geometry":{"type":"Point","coordinates":[-122.778802,49.19845]},"properties":{"FACILITYID":"1001207965","BUS_STOP_NO":61288,"STOP_STATUS":"Active","BUS_BENCHES":"YES","BUS_SHELTERS":"LRG","LOCATION":"Southbound 160 St @ 108 Ave","ACCESSIBLE":"Yes","OBJECTID_1":2138836,"GLOBALID":"{2D17AD11-02FC-42E7-A864-E7765607C8FE}","TRANSIT_ROUTES":"337","PRESCRIBED_FREQUENT_BUS_STOPS":"Yes"}},{"type":"Feature","id":2138837,"geometry":{"type":"Point","coordinates":[-122.789624,49.192019]},"properties":{"FACILITYID":"1001207698","BUS_STOP_NO":61494,"STOP_STATUS":"Active","BUS_BENCHES":"YES","BUS_SHELTERS":"NO","LOCATION":"Northbound 156 St @ 104 Ave","ACCESSIBLE":"Yes","OBJECTID_1":2138837,"GLOBALID":"{E8CE162D-46A6-4F66-A4AA-C38F56C89C6F}","TRANSIT_ROUTES":"337, 509","PRESCRIBED_FREQUENT_BUS_STOPS":"Yes"}},{"type":"Feature","id":2138838,"geometry":{"type":"Point","coordinates":[-122.78323,49.198763]},"properties":{"FACILITYID":"1001208363","BUS_STOP_NO":61496,"STOP_STATUS":"Active","BUS_BENCHES":"YES","BUS_SHELTERS":"NO","LOCATION":"Eastbound 108 Ave @ 158 St","ACCESSIBLE":"Yes","OBJECTID_1":2138838,"GLOBALID":"{32CB0482-94A0-4B6E-966C-16475F47D1B0}","TRANSIT_ROUTES":"337","PRESCRIBED_FREQUENT_BUS_STOPS":"Yes"}},{"type":"Feature","id":2138839,"geometry":{"type":"Point","coordinates":[-122.789854,49.198434]},"properties":{"FACILITYID":"1001905631","BUS_STOP_NO":61493,"STOP_STATUS":"Active","BUS_BENCHES":"YES","BUS_SHELTERS":"STD AD","LOCATION":"Southbound 156 St @ 108 Ave","ACCESSIBLE":"Yes","OBJECTID_1":2138839,"GLOBALID":null,"TRANSIT_ROUTES":"337","PRESCRIBED_FREQUENT_BUS_STOPS":null}},{"type":"Feature","id":2138840,"geometry":{"type":"Point","coordinates":[-122.786447,49.202377]},"properties":{"FACILITYID":"1001208507","BUS_STOP_NO":61491,"STOP_STATUS":"Active","BUS_BENCHES":"YES","BUS_SHELTERS":"NO","LOCATION":"Westbound 110 Ave @ 157 St","ACCESSIBLE":"Yes","OBJECTID_1":2138840,"GLOBALID":"{B6AF4D07-0C82-4799-AF45-277A0AD38225}","TRANSIT_ROUTES":"337","PRESCRIBED_FREQUENT_BUS_STOPS":null}},{"type":"Feature","id":2138841,"geometry":{"type":"Point","coordinates":[-122.789933,49.202113]},"properties":{"FACILITYID":"1001208562","BUS_STOP_NO":61492,"STOP_STATUS":"Active","BUS_BENCHES":"YES","BUS_SHELTERS":"NO","LOCATION":"Southbound 156 St @ 110 Ave","ACCESSIBLE":"Yes","OBJECTID_1":2138841,"GLOBALID":"{CF0BA8B0-C606-4896-AF81-EABEB2EC4483}","TRANSIT_ROUTES":"337","PRESCRIBED_FREQUENT_BUS_STOPS":null}},{"type":"Feature","id":2138995,"geometry":{"type":"Point","coordinates":[-122.730864,49.106067]},"properties":{"FACILITYID":"1001208673","BUS_STOP_NO":60781,"STOP_STATUS":"Active","BUS_BENCHES":"YES","BUS_SHELTERS":"NO","LOCATION":"Westbound 57 Ave @ 177B St","ACCESSIBLE":"Yes","OBJECTID_1":2138995,"GLOBALID":"{7C07B767-C775-40CA-9FFB-51D2B7B2EC7C}","TRANSIT_ROUTES":"370","PRESCRIBED_FREQUENT_BUS_STOPS":null}},{"type":"Feature","id":2138996,"geometry":{"type":"Point","coordinates":[-122.782014,49.045456]},"properties":{"FACILITYID":"1001208197","BUS_STOP_NO":61538,"STOP_STATUS":"Active","BUS_BENCHES":"YES","BUS_SHELTERS":"STD AD","LOCATION":"Eastbound 24 Ave @ Croydon Dr","ACCESSIBLE":"Yes","OBJECTID_1":2138996,"GLOBALID":"{920B8A6C-9840-4F94-89CA-6F0596C8FFE3}","TRANSIT_ROUTES":"354, 363, 531","PRESCRIBED_FREQUENT_BUS_STOPS":null}},{"type":"Feature","id":2138997,"geometry":{"type":"Point","coordinates":[-122.685224,49.124011]},"properties":{"FACILITYID":"1001208544","BUS_STOP_NO":61542,"STOP_STATUS":"Active","BUS_BENCHES":"YES","BUS_SHELTERS":"NO","LOCATION":"Northbound 194 St @ 66 Ave","ACCESSIBLE":"No","OBJECTID_1":2138997,"GLOBALID":"{787A9B92-BE77-4B52-B12E-26405D4B1BAA}","TRANSIT_ROUTES":"370","PRESCRIBED_FREQUENT_BUS_STOPS":null}},{"type":"Feature","id":2138998,"geometry":{"type":"Point","coordinates":[-122.685416,49.123365]},"properties":{"FACILITYID":"1001208651","BUS_STOP_NO":61543,"STOP_STATUS":"Active","BUS_BENCHES":"NO","BUS_SHELTERS":"NO","LOCATION":"Southbound 194 St @ 66 Ave","ACCESSIBLE":"No","OBJECTID_1":2138998,"GLOBALID":"{4841D116-0612-45E8-922A-816DD6569E3E}","TRANSIT_ROUTES":"370","PRESCRIBED_FREQUENT_BUS_STOPS":null}},{"type":"Feature","id":2138999,"geometry":{"type":"Point","coordinates":[-122.685263,49.119498]},"properties":{"FACILITYID":"1001208801","BUS_STOP_NO":61541,"STOP_STATUS":"Active","BUS_BENCHES":"YES","BUS_SHELTERS":"NO","LOCATION":"Northbound 194 St @ 64 Ave","ACCESSIBLE":"Yes","OBJECTID_1":2138999,"GLOBALID":"{4AE0115C-FC01-46C5-B349-233ED6A12EBD}","TRANSIT_ROUTES":"370","PRESCRIBED_FREQUENT_BUS_STOPS":null}},{"type":"Feature","id":2139000,"geometry":{"type":"Point","coordinates":[-122.685414,49.125636]},"properties":{"FACILITYID":"1001208655","BUS_STOP_NO":61540,"STOP_STATUS":"Active","BUS_BENCHES":"YES","BUS_SHELTERS":"NO","LOCATION":"Southbound 194 St @ 68 Ave","ACCESSIBLE":"Yes","OBJECTID_1":2139000,"GLOBALID":"{26DA44CC-6DD8-43B3-9FD2-1495BD0CC791}","TRANSIT_ROUTES":"370","PRESCRIBED_FREQUENT_BUS_STOPS":null}},{"type":"Feature","id":2139001,"geometry":{"type":"Point","coordinates":[-122.78672,49.04548]},"properties":{"FACILITYID":"1001208672","BUS_STOP_NO":61555,"STOP_STATUS":"Active","BUS_BENCHES":"YES","BUS_SHELTERS":"NO","LOCATION":"Eastbound 24 Ave @ 157 St","ACCESSIBLE":"Yes","OBJECTID_1":2139001,"GLOBALID":"{38CEB0C8-1011-40B3-A1BC-7EFF22D9F2B8}","TRANSIT_ROUTES":"354, 363, 531","PRESCRIBED_FREQUENT_BUS_STOPS":null}},{"type":"Feature","id":2139002,"geometry":{"type":"Point","coordinates":[-122.767094,49.162744]},"properties":{"FACILITYID":"1001207951","BUS_STOP_NO":61205,"STOP_STATUS":"Active","BUS_BENCHES":"YES","BUS_SHELTERS":"NO","LOCATION":"Eastbound 88 Ave @ 164 St","ACCESSIBLE":"Yes","OBJECTID_1":2139002,"GLOBALID":"{A11E5BB1-76B8-4408-BBAE-5BE8F15B88A7}","TRANSIT_ROUTES":"388","PRESCRIBED_FREQUENT_BUS_STOPS":null}},{"type":"Feature","id":2139003,"geometry":{"type":"Point","coordinates":[-122.789547,49.162727]},"properties":{"FACILITYID":"1001207598","BUS_STOP_NO":61202,"STOP_STATUS":"Active","BUS_BENCHES":"YES","BUS_SHELTERS":"NO","LOCATION":"Eastbound 88 Ave @ 156 St","ACCESSIBLE":"Yes","OBJECTID_1":2139003,"GLOBALID":"{D29A26AF-255A-4182-9DA4-79986273534F}","TRANSIT_ROUTES":"388","PRESCRIBED_FREQUENT_BUS_STOPS":null}},{"type":"Feature","id":2139004,"geometry":{"type":"Point","coordinates":[-122.70188,49.123019]},"properties":{"FACILITYID":"1001207703","BUS_STOP_NO":60771,"STOP_STATUS":"Active","BUS_BENCHES":"YES","BUS_SHELTERS":"NO","LOCATION":"Southbound 188 St @ Fraser Hwy","ACCESSIBLE":"Yes","OBJECTID_1":2139004,"GLOBALID":"{3E4B69C5-1779-461D-9CCC-6E83450E6CD7}","TRANSIT_ROUTES":"370","PRESCRIBED_FREQUENT_BUS_STOPS":null}},{"type":"Feature","id":2139005,"geometry":{"type":"Point","coordinates":[-122.685449,49.11122]},"properties":{"FACILITYID":"1001207591","BUS_STOP_NO":61551,"STOP_STATUS":"Active","BUS_BENCHES":"YES","BUS_SHELTERS":"NO","LOCATION":"Eastbound 60 Ave @ Enterprise Way","ACCESSIBLE":"Yes","OBJECTID_1":2139005,"GLOBALID":"{EE0142C8-6F68-4BD3-8B36-C3D3A2AC121B}","TRANSIT_ROUTES":"320","PRESCRIBED_FREQUENT_BUS_STOPS":null}},{"type":"Feature","id":2139006,"geometry":{"type":"Point","coordinates":[-122.695491,49.133542]},"properties":{"FACILITYID":"1001714936","BUS_STOP_NO":60758,"STOP_STATUS":"Active","BUS_BENCHES":"YES","BUS_SHELTERS":"NO","LOCATION":"Eastbound 72 Ave @ 190 St","ACCESSIBLE":"Yes","OBJECTID_1":2139006,"GLOBALID":"{F9EB9606-C570-4B5E-A163-6220F83A4332}","TRANSIT_ROUTES":"370, 372","PRESCRIBED_FREQUENT_BUS_STOPS":null}},{"type":"Feature","id":2139007,"geometry":{"type":"Point","coordinates":[-122.696881,49.133647]},"properties":{"FACILITYID":"1001208794","BUS_STOP_NO":60768,"STOP_STATUS":"Active","BUS_BENCHES":"YES","BUS_SHELTERS":"NO","LOCATION":"Westbound 72 Ave @ 190 St","ACCESSIBLE":"Yes","OBJECTID_1":2139007,"GLOBALID":"{2A55231C-D8AD-4D39-BB12-9C713B00E42C}","TRANSIT_ROUTES":"370, 372","PRESCRIBED_FREQUENT_BUS_STOPS":"Yes"}},{"type":"Feature","id":2139008,"geometry":{"type":"Point","coordinates":[-122.80216,49.193248]},"properties":{"FACILITYID":"1001586689","BUS_STOP_NO":61597,"STOP_STATUS":"Active","BUS_BENCHES":"YES","BUS_SHELTERS":"YES","LOCATION":"Guildford Exchange @ Bay 4","ACCESSIBLE":"Yes","OBJECTID_1":2139008,"GLOBALID":"{CD63700D-09A6-4C61-A65B-9D244C934A0A}","TRANSIT_ROUTES":"373","PRESCRIBED_FREQUENT_BUS_STOPS":null}},{"type":"Feature","id":2139009,"geometry":{"type":"Point","coordinates":[-122.755946,49.176937]},"properties":{"FACILITYID":"1001586130","BUS_STOP_NO":61619,"STOP_STATUS":"Active","BUS_BENCHES":"YES","BUS_SHELTERS":"YES","LOCATION":"Eastbound 96 Ave @ 168 St","ACCESSIBLE":"Yes","OBJECTID_1":2139009,"GLOBALID":"{9068AF43-ECD5-4DB0-91B0-D9E4D91168FD}","TRANSIT_ROUTES":"388","PRESCRIBED_FREQUENT_BUS_STOPS":null}},{"type":"Feature","id":2139010,"geometry":{"type":"Point","coordinates":[-122.745267,49.176935]},"properties":{"FACILITYID":"1001586127","BUS_STOP_NO":61620,"STOP_STATUS":"Active","BUS_BENCHES":"NO","BUS_SHELTERS":"NO","LOCATION":"Eastbound 96 Ave @ 172 St","ACCESSIBLE":"Yes","OBJECTID_1":2139010,"GLOBALID":"{7C7FC614-6DF8-4CD5-92C8-B80412757D57}","TRANSIT_ROUTES":"388","PRESCRIBED_FREQUENT_BUS_STOPS":null}},{"type":"Feature","id":2139011,"geometry":{"type":"Point","coordinates":[-122.740806,49.176933]},"properties":{"FACILITYID":"1001586131","BUS_STOP_NO":61622,"STOP_STATUS":"Active","BUS_BENCHES":"NO","BUS_SHELTERS":"NO","LOCATION":"Eastbound 96 Ave @ 173A St","ACCESSIBLE":"Yes","OBJECTID_1":2139011,"GLOBALID":"{824C52BA-4768-4458-8026-52BA9DA28BB6}","TRANSIT_ROUTES":"388","PRESCRIBED_FREQUENT_BUS_STOPS":null}},{"type":"Feature","id":2139012,"geometry":{"type":"Point","coordinates":[-122.74656,49.177145]},"properties":{"FACILITYID":"1001586128","BUS_STOP_NO":61621,"STOP_STATUS":"Active","BUS_BENCHES":"NO","BUS_SHELTERS":"NO","LOCATION":"Westbound 96 Ave @ 172 St","ACCESSIBLE":"Yes","OBJECTID_1":2139012,"GLOBALID":"{4B781C96-B55D-4DA4-9AA9-65DA1236900C}","TRANSIT_ROUTES":"388","PRESCRIBED_FREQUENT_BUS_STOPS":null}},{"type":"Feature","id":2139013,"geometry":{"type":"Point","coordinates":[-122.742181,49.177143]},"properties":{"FACILITYID":"1001586132","BUS_STOP_NO":61623,"STOP_STATUS":"Active","BUS_BENCHES":"NO","BUS_SHELTERS":"NO","LOCATION":"Westbound 96 Ave @ 173A St","ACCESSIBLE":"Yes","OBJECTID_1":2139013,"GLOBALID":"{0B34EC41-836E-4FDC-9A4F-EEC4641BFE26}","TRANSIT_ROUTES":"388","PRESCRIBED_FREQUENT_BUS_STOPS":null}},{"type":"Feature","id":2139014,"geometry":{"type":"Point","coordinates":[-122.823409,49.127257]},"properties":{"FACILITYID":"1001586690","BUS_STOP_NO":61624,"STOP_STATUS":"Active","BUS_BENCHES":"YES","BUS_SHELTERS":"NO","LOCATION":"Southbound 144 St @ 68B Ave","ACCESSIBLE":"Yes","OBJECTID_1":2139014,"GLOBALID":"{67CFFCF5-A72F-429F-9B17-7FFE4A06A208}","TRANSIT_ROUTES":"342","PRESCRIBED_FREQUENT_BUS_STOPS":null}},{"type":"Feature","id":2139015,"geometry":{"type":"Point","coordinates":[-122.823411,49.124838]},"properties":{"FACILITYID":"1001586129","BUS_STOP_NO":61625,"STOP_STATUS":"Active","BUS_BENCHES":"YES","BUS_SHELTERS":"NO","LOCATION":"Southbound 144 St @ 67A Ave","ACCESSIBLE":"Yes","OBJECTID_1":2139015,"GLOBALID":"{37E36651-D927-4920-B32B-350CF0A086BC}","TRANSIT_ROUTES":"342","PRESCRIBED_FREQUENT_BUS_STOPS":null}},{"type":"Feature","id":2139016,"geometry":{"type":"Point","coordinates":[-122.834043,49.184659]},"properties":{"FACILITYID":"1001586691","BUS_STOP_NO":61628,"STOP_STATUS":"Active","BUS_BENCHES":"YES","BUS_SHELTERS":"NO","LOCATION":"Northbound 140 St @ 100 Ave","ACCESSIBLE":"Yes","OBJECTID_1":2139016,"GLOBALID":"{B2977C94-C2DD-4AF3-B7EA-5ACCE6B6F952}","TRANSIT_ROUTES":"325","PRESCRIBED_FREQUENT_BUS_STOPS":null}},{"type":"Feature","id":2139017,"geometry":{"type":"Point","coordinates":[-122.880597,49.177565]},"properties":{"FACILITYID":"1001586122","BUS_STOP_NO":61647,"STOP_STATUS":"Active","BUS_BENCHES":"NO","BUS_SHELTERS":"NO","LOCATION":"Southbound 123A St @ 96 Ave","ACCESSIBLE":"Yes","OBJECTID_1":2139017,"GLOBALID":"{93C779EE-9098-462A-AD3D-96CF869D5D2F}","TRANSIT_ROUTES":"316","PRESCRIBED_FREQUENT_BUS_STOPS":null}},{"type":"Feature","id":2139018,"geometry":{"type":"Point","coordinates":[-122.801052,49.033307]},"properties":{"FACILITYID":"1001586115","BUS_STOP_NO":61629,"STOP_STATUS":"Active","BUS_BENCHES":"YES","BUS_SHELTERS":"EXCH","LOCATION":"White Rock Centre @ Bay 9","ACCESSIBLE":"Yes","OBJECTID_1":2139018,"GLOBALID":"{C1A9269F-4D23-4C26-B967-65B09CD087C7}","TRANSIT_ROUTES":"345, 531","PRESCRIBED_FREQUENT_BUS_STOPS":null}},{"type":"Feature","id":2139019,"geometry":{"type":"Point","coordinates":[-122.735989,49.176898]},"properties":{"FACILITYID":"1001586113","BUS_STOP_NO":61614,"STOP_STATUS":"Active","BUS_BENCHES":"YES","BUS_SHELTERS":"NO","LOCATION":"Westbound 96 Ave @ 176 St","ACCESSIBLE":"Yes","OBJECTID_1":2139019,"GLOBALID":"{15883723-786F-4199-A30C-94999DF688B6}","TRANSIT_ROUTES":"388","PRESCRIBED_FREQUENT_BUS_STOPS":null}},{"type":"Feature","id":2139020,"geometry":{"type":"Point","coordinates":[-122.851009,49.197107]},"properties":{"FACILITYID":"1001586105","BUS_STOP_NO":61659,"STOP_STATUS":"Active","BUS_BENCHES":"NO","BUS_SHELTERS":"NO","LOCATION":"Southbound University Dr @ 107A Ave","ACCESSIBLE":"Yes","OBJECTID_1":2139020,"GLOBALID":"{7EFC0F50-36A7-4F35-8439-C1C2E5273323}","TRANSIT_ROUTES":"335, 371","PRESCRIBED_FREQUENT_BUS_STOPS":null}},{"type":"Feature","id":2139021,"geometry":{"type":"Point","coordinates":[-122.85073,49.197675]},"properties":{"FACILITYID":"1001586797","BUS_STOP_NO":61658,"STOP_STATUS":"Active","BUS_BENCHES":"YES","BUS_SHELTERS":"YES","LOCATION":"Northbound University Dr @ 107A Ave","ACCESSIBLE":"Yes","OBJECTID_1":2139021,"GLOBALID":"{25014073-529A-42D6-8667-B8B6ABED2BEE}","TRANSIT_ROUTES":"335, 371","PRESCRIBED_FREQUENT_BUS_STOPS":null}},{"type":"Feature","id":2139022,"geometry":{"type":"Point","coordinates":[-122.845616,49.175231]},"properties":{"FACILITYID":"1001586681","BUS_STOP_NO":55425,"STOP_STATUS":"Active","BUS_BENCHES":"YES","BUS_SHELTERS":"LRG","LOCATION":"Northbound King George Blvd @ 94A Ave","ACCESSIBLE":"Yes","OBJECTID_1":2139022,"GLOBALID":"{83D7F672-D3CC-4F66-A37D-CFFC136CC4E4}","TRANSIT_ROUTES":"321","PRESCRIBED_FREQUENT_BUS_STOPS":"Yes"}},{"type":"Feature","id":2139023,"geometry":{"type":"Point","coordinates":[-122.795077,49.045508]},"properties":{"FACILITYID":"1001586125","BUS_STOP_NO":61672,"STOP_STATUS":"Active","BUS_BENCHES":"YES","BUS_SHELTERS":"NO","LOCATION":"Eastbound 24 Ave @ 154 St","ACCESSIBLE":"Yes","OBJECTID_1":2139023,"GLOBALID":"{7542FFDC-D669-488E-BAC7-58B56A526EC3}","TRANSIT_ROUTES":"531","PRESCRIBED_FREQUENT_BUS_STOPS":null}},{"type":"Feature","id":2139024,"geometry":{"type":"Point","coordinates":[-122.794792,49.045693]},"properties":{"FACILITYID":"1001586126","BUS_STOP_NO":61673,"STOP_STATUS":"Active","BUS_BENCHES":"YES","BUS_SHELTERS":"NO","LOCATION":"Westbound 24 Ave @ King George Blvd","ACCESSIBLE":"No","OBJECTID_1":2139024,"GLOBALID":"{37ED1029-8FF3-49BD-A8D1-078B910F79E5}","TRANSIT_ROUTES":"531","PRESCRIBED_FREQUENT_BUS_STOPS":null}},{"type":"Feature","id":2139025,"geometry":{"type":"Point","coordinates":[-122.778308,49.045452]},"properties":{"FACILITYID":"1001586116","BUS_STOP_NO":61631,"STOP_STATUS":"Active","BUS_BENCHES":"YES","BUS_SHELTERS":"YES","LOCATION":"Eastbound 24 Ave @ 160 St","ACCESSIBLE":"Yes","OBJECTID_1":2139025,"GLOBALID":"{64816F33-CDBA-4098-B1E1-0A64FB05529B}","TRANSIT_ROUTES":"531","PRESCRIBED_FREQUENT_BUS_STOPS":null}},{"type":"Feature","id":2139026,"geometry":{"type":"Point","coordinates":[-122.783338,49.045669]},"properties":{"FACILITYID":"1001586798","BUS_STOP_NO":61674,"STOP_STATUS":"Active","BUS_BENCHES":"YES","BUS_SHELTERS":"NO","LOCATION":"Westbound 24 Ave @ Croydon Dr","ACCESSIBLE":"Yes","OBJECTID_1":2139026,"GLOBALID":"{8B8C9A74-1280-4FC4-88C8-079AE3CD4648}","TRANSIT_ROUTES":"354, 363, 531","PRESCRIBED_FREQUENT_BUS_STOPS":null}},{"type":"Feature","id":2139027,"geometry":{"type":"Point","coordinates":[-122.76737,49.045537]},"properties":{"FACILITYID":"1001586103","BUS_STOP_NO":61635,"STOP_STATUS":"Active","BUS_BENCHES":"YES","BUS_SHELTERS":"YES","LOCATION":"Eastbound 24 Ave @ 164 St","ACCESSIBLE":"Yes","OBJECTID_1":2139027,"GLOBALID":"{26453B08-7A6F-4B98-B8F2-BDB7A796CF46}","TRANSIT_ROUTES":"531","PRESCRIBED_FREQUENT_BUS_STOPS":null}},{"type":"Feature","id":2139028,"geometry":{"type":"Point","coordinates":[-122.779859,49.045649]},"properties":{"FACILITYID":"1001586110","BUS_STOP_NO":61630,"STOP_STATUS":"Active","BUS_BENCHES":"YES","BUS_SHELTERS":"STD AD","LOCATION":"Westbound 24 Ave @ 160 St","ACCESSIBLE":"Yes","OBJECTID_1":2139028,"GLOBALID":"{31D4F892-6D52-4C2C-A3CC-CBE04997C139}","TRANSIT_ROUTES":"354, 363, 531","PRESCRIBED_FREQUENT_BUS_STOPS":null}},{"type":"Feature","id":2139029,"geometry":{"type":"Point","coordinates":[-122.775851,49.045669]},"properties":{"FACILITYID":"1001586124","BUS_STOP_NO":61632,"STOP_STATUS":"Active","BUS_BENCHES":"YES","BUS_SHELTERS":"STD AD","LOCATION":"Westbound 24 Ave @ 161A St","ACCESSIBLE":"Yes","OBJECTID_1":2139029,"GLOBALID":"{355A254D-E014-40FF-945F-25349CD4581E}","TRANSIT_ROUTES":"531","PRESCRIBED_FREQUENT_BUS_STOPS":null}},{"type":"Feature","id":2139030,"geometry":{"type":"Point","coordinates":[-122.768899,49.045695]},"properties":{"FACILITYID":"1001586102","BUS_STOP_NO":61634,"STOP_STATUS":"Active","BUS_BENCHES":"YES","BUS_SHELTERS":"YES","LOCATION":"Westbound 24 Ave @ 164 St","ACCESSIBLE":"Yes","OBJECTID_1":2139030,"GLOBALID":"{C41A8E0B-0D18-4170-A4CF-511A1911F0AB}","TRANSIT_ROUTES":"531","PRESCRIBED_FREQUENT_BUS_STOPS":null}},{"type":"Feature","id":2139031,"geometry":{"type":"Point","coordinates":[-122.756255,49.045595]},"properties":{"FACILITYID":"1001586692","BUS_STOP_NO":61637,"STOP_STATUS":"Active","BUS_BENCHES":"YES","BUS_SHELTERS":"YES","LOCATION":"Eastbound 24 Ave @ 168 St","ACCESSIBLE":"Yes","OBJECTID_1":2139031,"GLOBALID":"{45656F5A-ABA3-401F-A650-89AD54ED8686}","TRANSIT_ROUTES":"531","PRESCRIBED_FREQUENT_BUS_STOPS":null}},{"type":"Feature","id":2139032,"geometry":{"type":"Point","coordinates":[-122.691326,49.04613]},"properties":{"FACILITYID":"1001586693","BUS_STOP_NO":61639,"STOP_STATUS":"Active","BUS_BENCHES":"YES","BUS_SHELTERS":"NO","LOCATION":"Northbound 192 St @ 24 Ave","ACCESSIBLE":"Yes","OBJECTID_1":2139032,"GLOBALID":"{D591B92A-7D11-48B9-A3FD-A997713FCBEB}","TRANSIT_ROUTES":"531","PRESCRIBED_FREQUENT_BUS_STOPS":null}},{"type":"Feature","id":2139033,"geometry":{"type":"Point","coordinates":[-122.692166,49.045753]},"properties":{"FACILITYID":"1001586104","BUS_STOP_NO":61638,"STOP_STATUS":"Active","BUS_BENCHES":"YES","BUS_SHELTERS":"NO","LOCATION":"Westbound 24 Ave @ 192 St","ACCESSIBLE":"Yes","OBJECTID_1":2139033,"GLOBALID":"{F4893F85-F288-4BB5-8B73-010FC00A8450}","TRANSIT_ROUTES":"531","PRESCRIBED_FREQUENT_BUS_STOPS":null}},{"type":"Feature","id":2139034,"geometry":{"type":"Point","coordinates":[-122.691368,49.04959]},"properties":{"FACILITYID":"1001586118","BUS_STOP_NO":61641,"STOP_STATUS":"Active","BUS_BENCHES":"YES","BUS_SHELTERS":"NO","LOCATION":"Northbound 192 St @ 26 Ave","ACCESSIBLE":"Yes","OBJECTID_1":2139034,"GLOBALID":"{7055CAAF-21A6-428D-8E2D-4D555E2D2BB0}","TRANSIT_ROUTES":"531","PRESCRIBED_FREQUENT_BUS_STOPS":null}},{"type":"Feature","id":2139035,"geometry":{"type":"Point","coordinates":[-122.691575,49.048942]},"properties":{"FACILITYID":"1001586117","BUS_STOP_NO":61640,"STOP_STATUS":"Active","BUS_BENCHES":"YES","BUS_SHELTERS":"STD AD","LOCATION":"Southbound 192 St @ 26 Ave","ACCESSIBLE":"Yes","OBJECTID_1":2139035,"GLOBALID":"{B2CC7F8B-4F56-4CDC-A6F4-ABD2240B3E2C}","TRANSIT_ROUTES":"531","PRESCRIBED_FREQUENT_BUS_STOPS":null}},{"type":"Feature","id":2139036,"geometry":{"type":"Point","coordinates":[-122.691608,49.052486]},"properties":{"FACILITYID":"1001586119","BUS_STOP_NO":61642,"STOP_STATUS":"Active","BUS_BENCHES":"YES","BUS_SHELTERS":"NO","LOCATION":"Southbound 192 St @ 28 Ave","ACCESSIBLE":"Yes","OBJECTID_1":2139036,"GLOBALID":"{F88E3E9C-C696-428A-9AF1-09D4D2CBCD1D}","TRANSIT_ROUTES":"531","PRESCRIBED_FREQUENT_BUS_STOPS":null}},{"type":"Feature","id":2139037,"geometry":{"type":"Point","coordinates":[-122.691638,49.059741]},"properties":{"FACILITYID":"1001586107","BUS_STOP_NO":61664,"STOP_STATUS":"Active","BUS_BENCHES":"YES","BUS_SHELTERS":"NO","LOCATION":"Southbound 192 St @ 32 Ave","ACCESSIBLE":"Yes","OBJECTID_1":2139037,"GLOBALID":"{DA07D67D-8D42-482D-98D3-191C12741400}","TRANSIT_ROUTES":"531","PRESCRIBED_FREQUENT_BUS_STOPS":null}},{"type":"Feature","id":2139038,"geometry":{"type":"Point","coordinates":[-122.800528,49.045525]},"properties":{"FACILITYID":"1001586136","BUS_STOP_NO":56380,"STOP_STATUS":"Active","BUS_BENCHES":"YES","BUS_SHELTERS":"YES","LOCATION":"Eastbound 24 Ave @ 152 St","ACCESSIBLE":"Yes","OBJECTID_1":2139038,"GLOBALID":"{B8AE312D-EDBF-4833-900B-7AEAC6F562F5}","TRANSIT_ROUTES":"531","PRESCRIBED_FREQUENT_BUS_STOPS":null}},{"type":"Feature","id":2139039,"geometry":{"type":"Point","coordinates":[-122.798085,49.045701]},"properties":{"FACILITYID":"1001586135","BUS_STOP_NO":56358,"STOP_STATUS":"Active","BUS_BENCHES":"YES","BUS_SHELTERS":"NO","LOCATION":"Westbound 24 Ave @ 153 St","ACCESSIBLE":"Yes","OBJECTID_1":2139039,"GLOBALID":"{DEA98518-F0A5-4DC9-A234-453DD39ACB11}","TRANSIT_ROUTES":"531","PRESCRIBED_FREQUENT_BUS_STOPS":null}},{"type":"Feature","id":2139040,"geometry":{"type":"Point","coordinates":[-122.790735,49.045676]},"properties":{"FACILITYID":"1001586134","BUS_STOP_NO":56347,"STOP_STATUS":"Active","BUS_BENCHES":"YES","BUS_SHELTERS":"NO","LOCATION":"Westbound 24 Ave @ 156 St","ACCESSIBLE":"Yes","OBJECTID_1":2139040,"GLOBALID":"{1D05CC7A-EA1D-4696-86FC-161FC12A2123}","TRANSIT_ROUTES":"354, 531","PRESCRIBED_FREQUENT_BUS_STOPS":null}},{"type":"Feature","id":2139041,"geometry":{"type":"Point","coordinates":[-122.849708,49.189461]},"properties":{"FACILITYID":"1001840981","BUS_STOP_NO":61677,"STOP_STATUS":"Active","BUS_BENCHES":"NO","BUS_SHELTERS":"STD AD","LOCATION":"Surrey Central Station @ Bay 5A","ACCESSIBLE":"Yes","OBJECTID_1":2139041,"GLOBALID":"{9721A538-3E93-45ED-8BDF-184BA7562610}","TRANSIT_ROUTES":"337","PRESCRIBED_FREQUENT_BUS_STOPS":null}},{"type":"Feature","id":2139042,"geometry":{"type":"Point","coordinates":[-122.800828,49.124033]},"properties":{"FACILITYID":"1001586696","BUS_STOP_NO":61578,"STOP_STATUS":"Active","BUS_BENCHES":"YES","BUS_SHELTERS":"LRG","LOCATION":"Northbound 152 St @ 66A Ave","ACCESSIBLE":"Yes","OBJECTID_1":2139042,"GLOBALID":"{5B45D4B7-5239-4180-868E-4403E5360888}","TRANSIT_ROUTES":"345, 375","PRESCRIBED_FREQUENT_BUS_STOPS":null}},{"type":"Feature","id":2139043,"geometry":{"type":"Point","coordinates":[-122.733272,49.175934]},"properties":{"FACILITYID":"1001586123","BUS_STOP_NO":61615,"STOP_STATUS":"Active","BUS_BENCHES":"NO","BUS_SHELTERS":"NO","LOCATION":"Eastbound Golden Ears Way @ 176 St","ACCESSIBLE":"Yes","OBJECTID_1":2139043,"GLOBALID":"{4746CCA9-2B64-4A8D-BF76-6559F833D8B6}","TRANSIT_ROUTES":"388","PRESCRIBED_FREQUENT_BUS_STOPS":null}},{"type":"Feature","id":2139044,"geometry":{"type":"Point","coordinates":[-122.736472,49.139025]},"properties":{"FACILITYID":"1001586133","BUS_STOP_NO":55350,"STOP_STATUS":"Active","BUS_BENCHES":"YES","BUS_SHELTERS":"NO","LOCATION":"Westbound Fraser Hwy @ 176 St","ACCESSIBLE":"Yes","OBJECTID_1":2139044,"GLOBALID":"{48260D3C-2B13-47F2-8D8A-95459460F647}","TRANSIT_ROUTES":"502","PRESCRIBED_FREQUENT_BUS_STOPS":"Yes"}},{"type":"Feature","id":2139045,"geometry":{"type":"Point","coordinates":[-122.801015,49.190921]},"properties":{"FACILITYID":"1001586099","BUS_STOP_NO":61730,"STOP_STATUS":"Active","BUS_BENCHES":"YES","BUS_SHELTERS":"LRG","LOCATION":"Southbound 152 St @ 104 Ave","ACCESSIBLE":"Yes","OBJECTID_1":2139045,"GLOBALID":"{20B4B2B5-62A3-4B2B-BF2C-21F907FB4532}","TRANSIT_ROUTES":"320, 375","PRESCRIBED_FREQUENT_BUS_STOPS":null}},{"type":"Feature","id":2139046,"geometry":{"type":"Point","coordinates":[-122.785238,49.031144]},"properties":{"FACILITYID":"1001586694","BUS_STOP_NO":61731,"STOP_STATUS":"Active","BUS_BENCHES":"YES","BUS_SHELTERS":"NO","LOCATION":"Westbound 16 Ave @ Kent St","ACCESSIBLE":"Yes","OBJECTID_1":2139046,"GLOBALID":"{C591527B-B758-42CE-825D-09374D4C9695}","TRANSIT_ROUTES":"321, 375","PRESCRIBED_FREQUENT_BUS_STOPS":null}},{"type":"Feature","id":2139047,"geometry":{"type":"Point","coordinates":[-122.868058,49.104457]},"properties":{"FACILITYID":"1001586108","BUS_STOP_NO":61732,"STOP_STATUS":"Active","BUS_BENCHES":"NO","BUS_SHELTERS":"NO","LOCATION":"Eastbound 56 Ave @ 128 St","ACCESSIBLE":"Yes","OBJECTID_1":2139047,"GLOBALID":"{FF1926A1-FA71-4A24-B0B0-7F237B7D5ABE}","TRANSIT_ROUTES":"322","PRESCRIBED_FREQUENT_BUS_STOPS":null}},{"type":"Feature","id":2139048,"geometry":{"type":"Point","coordinates":[-122.867495,49.104514]},"properties":{"FACILITYID":"1001586109","BUS_STOP_NO":61755,"STOP_STATUS":"Active","BUS_BENCHES":"NO","BUS_SHELTERS":"NO","LOCATION":"Westbound 56 Ave @ 128 St","ACCESSIBLE":"Yes","OBJECTID_1":2139048,"GLOBALID":"{FC40FAF9-1636-4894-B640-76B2518CA70F}","TRANSIT_ROUTES":"322","PRESCRIBED_FREQUENT_BUS_STOPS":null}},{"type":"Feature","id":2139049,"geometry":{"type":"Point","coordinates":[-122.691408,49.053205]},"properties":{"FACILITYID":"1001586120","BUS_STOP_NO":61643,"STOP_STATUS":"Active","BUS_BENCHES":"YES","BUS_SHELTERS":"NO","LOCATION":"Northbound 192 St @ 28 Ave","ACCESSIBLE":"Yes","OBJECTID_1":2139049,"GLOBALID":"{C450E10A-BE65-4582-8F7B-23CBC2958358}","TRANSIT_ROUTES":"531","PRESCRIBED_FREQUENT_BUS_STOPS":null}},{"type":"Feature","id":2139050,"geometry":{"type":"Point","coordinates":[-122.701633,49.126646]},"properties":{"FACILITYID":"1001586683","BUS_STOP_NO":60785,"STOP_STATUS":"Active","BUS_BENCHES":"YES","BUS_SHELTERS":"NO","LOCATION":"Northbound 188 St @ 68 Ave","ACCESSIBLE":"Yes","OBJECTID_1":2139050,"GLOBALID":"{E49225BD-4571-4E6D-BB83-00879E8866A7}","TRANSIT_ROUTES":"370","PRESCRIBED_FREQUENT_BUS_STOPS":null}},{"type":"Feature","id":2139051,"geometry":{"type":"Point","coordinates":[-122.840565,49.133491]},"properties":{"FACILITYID":"1002311447","BUS_STOP_NO":61703,"STOP_STATUS":"Active","BUS_BENCHES":"NO","BUS_SHELTERS":"EXCH","LOCATION":"Newton Exchange @ Bay 12","ACCESSIBLE":"Yes","OBJECTID_1":2139051,"GLOBALID":null,"TRANSIT_ROUTES":"324, 325","PRESCRIBED_FREQUENT_BUS_STOPS":null}},{"type":"Feature","id":2139052,"geometry":{"type":"Point","coordinates":[-122.842704,49.133098]},"properties":{"FACILITYID":"1001714948","BUS_STOP_NO":61704,"STOP_STATUS":"Active","BUS_BENCHES":"YES","BUS_SHELTERS":"NON AD","LOCATION":"Newton Exchange @ Bay 9","ACCESSIBLE":"Yes","OBJECTID_1":2139052,"GLOBALID":"{1AD6E525-E666-406A-98AF-D717494735D1}","TRANSIT_ROUTES":"322","PRESCRIBED_FREQUENT_BUS_STOPS":null}},{"type":"Feature","id":2139053,"geometry":{"type":"Point","coordinates":[-122.842905,49.132578]},"properties":{"FACILITYID":"1001905668","BUS_STOP_NO":61705,"STOP_STATUS":"Active","BUS_BENCHES":"YES","BUS_SHELTERS":"EXCH","LOCATION":"Newton Exchange @ Bay 10","ACCESSIBLE":"Yes","OBJECTID_1":2139053,"GLOBALID":null,"TRANSIT_ROUTES":"301","PRESCRIBED_FREQUENT_BUS_STOPS":null}},{"type":"Feature","id":2139054,"geometry":{"type":"Point","coordinates":[-122.867853,49.159231]},"properties":{"FACILITYID":"1001714955","BUS_STOP_NO":61777,"STOP_STATUS":"Active","BUS_BENCHES":"YES","BUS_SHELTERS":"YES","LOCATION":"Northbound 128 St @ 86 Ave","ACCESSIBLE":"Yes","OBJECTID_1":2139054,"GLOBALID":"{1DBF4FC9-CC17-40CE-94DB-702F5539ABED}","TRANSIT_ROUTES":"323, 393","PRESCRIBED_FREQUENT_BUS_STOPS":"Yes"}},{"type":"Feature","id":2139055,"geometry":{"type":"Point","coordinates":[-122.868154,49.158447]},"properties":{"FACILITYID":"1001714949","BUS_STOP_NO":61778,"STOP_STATUS":"Active","BUS_BENCHES":"NO","BUS_SHELTERS":"STD AD","LOCATION":"Southbound 128 St @ 86 Ave","ACCESSIBLE":"Yes","OBJECTID_1":2139055,"GLOBALID":"{BEA806DD-2C66-47AC-A011-C35928CC0E63}","TRANSIT_ROUTES":"323, 393","PRESCRIBED_FREQUENT_BUS_STOPS":"Yes"}},{"type":"Feature","id":2139056,"geometry":{"type":"Point","coordinates":[-122.841931,49.198765]},"properties":{"FACILITYID":"1001714941","BUS_STOP_NO":55839,"STOP_STATUS":"Active","BUS_BENCHES":"NO","BUS_SHELTERS":"YES","LOCATION":"Eastbound 108 Ave @ Whalley Blvd","ACCESSIBLE":"Yes","OBJECTID_1":2139056,"GLOBALID":"{6F499F64-0F21-49AF-986E-19452490F3A7}","TRANSIT_ROUTES":"335","PRESCRIBED_FREQUENT_BUS_STOPS":null}},{"type":"Feature","id":2139057,"geometry":{"type":"Point","coordinates":[-122.847582,49.189133]},"properties":{"FACILITYID":"1001714950","BUS_STOP_NO":61787,"STOP_STATUS":"Active","BUS_BENCHES":"NO","BUS_SHELTERS":"YES","LOCATION":"Surrey Central Station @ Bay 14","ACCESSIBLE":"Yes","OBJECTID_1":2139057,"GLOBALID":"{EC820A0E-156B-4EC6-B57B-8F55C0C1BD83}","TRANSIT_ROUTES":"314, 316, 320, 321, 325, 326, 329, 337, 501, 509","PRESCRIBED_FREQUENT_BUS_STOPS":null}},{"type":"Feature","id":2139058,"geometry":{"type":"Point","coordinates":[-122.690739,49.126705]},"properties":{"FACILITYID":"1001714943","BUS_STOP_NO":61763,"STOP_STATUS":"Active","BUS_BENCHES":"YES","BUS_SHELTERS":"NO","LOCATION":"Northbound 192 St @ 68 Ave","ACCESSIBLE":"Yes","OBJECTID_1":2139058,"GLOBALID":"{8FE195BC-390F-462A-8200-0C0A2A23C6B9}","TRANSIT_ROUTES":"370","PRESCRIBED_FREQUENT_BUS_STOPS":null}},{"type":"Feature","id":2139059,"geometry":{"type":"Point","coordinates":[-122.690724,49.130327]},"properties":{"FACILITYID":"1001714942","BUS_STOP_NO":60766,"STOP_STATUS":"Active","BUS_BENCHES":"YES","BUS_SHELTERS":"NO","LOCATION":"Northbound 192 St @ 70 Ave","ACCESSIBLE":"Yes","OBJECTID_1":2139059,"GLOBALID":"{6EE0C2EA-1F42-4395-9BC3-16DDAD14839B}","TRANSIT_ROUTES":"370","PRESCRIBED_FREQUENT_BUS_STOPS":null}},{"type":"Feature","id":2139060,"geometry":{"type":"Point","coordinates":[-122.690955,49.133016]},"properties":{"FACILITYID":"1001714937","BUS_STOP_NO":60759,"STOP_STATUS":"Active","BUS_BENCHES":"YES","BUS_SHELTERS":"NO","LOCATION":"Southbound 192 St @ 72 Ave","ACCESSIBLE":"Yes","OBJECTID_1":2139060,"GLOBALID":"{9DCED7BF-7873-43DE-BBFB-FAA1B1B70F9C}","TRANSIT_ROUTES":"370","PRESCRIBED_FREQUENT_BUS_STOPS":null}},{"type":"Feature","id":2139061,"geometry":{"type":"Point","coordinates":[-122.690987,49.129682]},"properties":{"FACILITYID":"1001714938","BUS_STOP_NO":60760,"STOP_STATUS":"Active","BUS_BENCHES":"YES","BUS_SHELTERS":"NO","LOCATION":"Southbound 192 St @ 70 Ave","ACCESSIBLE":"Yes","OBJECTID_1":2139061,"GLOBALID":"{AA2614DD-2EAC-4169-A349-7F3567E9B420}","TRANSIT_ROUTES":"370","PRESCRIBED_FREQUENT_BUS_STOPS":null}},{"type":"Feature","id":2139062,"geometry":{"type":"Point","coordinates":[-122.691418,49.133736]},"properties":{"FACILITYID":"1001714939","BUS_STOP_NO":60767,"STOP_STATUS":"Active","BUS_BENCHES":"YES","BUS_SHELTERS":"NO","LOCATION":"Westbound 72 Ave @ 192 St","ACCESSIBLE":"Yes","OBJECTID_1":2139062,"GLOBALID":"{4AB13F0F-E498-4895-A3BE-462AEB6066D6}","TRANSIT_ROUTES":"370, 372","PRESCRIBED_FREQUENT_BUS_STOPS":null}},{"type":"Feature","id":2139063,"geometry":{"type":"Point","coordinates":[-122.802055,49.133757]},"properties":{"FACILITYID":"1001714954","BUS_STOP_NO":61796,"STOP_STATUS":"Active","BUS_BENCHES":"YES","BUS_SHELTERS":"STD AD","LOCATION":"Westbound 72 Ave @ 152 St","ACCESSIBLE":"Yes","OBJECTID_1":2139063,"GLOBALID":"{C3BBCA49-75A7-4848-B6E1-232D22CE27E8}","TRANSIT_ROUTES":"335","PRESCRIBED_FREQUENT_BUS_STOPS":null}},{"type":"Feature","id":2139064,"geometry":{"type":"Point","coordinates":[-122.811447,49.133635]},"properties":{"FACILITYID":"1001714945","BUS_STOP_NO":61798,"STOP_STATUS":"Active","BUS_BENCHES":"YES","BUS_SHELTERS":"NO","LOCATION":"Eastbound 72 Ave @ 148 St","ACCESSIBLE":"Yes","OBJECTID_1":2139064,"GLOBALID":"{6DCC8415-1276-41BB-B6CD-DB8086627B17}","TRANSIT_ROUTES":"335","PRESCRIBED_FREQUENT_BUS_STOPS":null}},{"type":"Feature","id":2139065,"geometry":{"type":"Point","coordinates":[-122.812711,49.133833]},"properties":{"FACILITYID":"1001714944","BUS_STOP_NO":61797,"STOP_STATUS":"Active","BUS_BENCHES":"YES","BUS_SHELTERS":"STD AD","LOCATION":"Westbound 72 Ave @ 148 St","ACCESSIBLE":"Yes","OBJECTID_1":2139065,"GLOBALID":"{02100BE3-5C55-4BC1-910C-FCE85AF7599E}","TRANSIT_ROUTES":"335","PRESCRIBED_FREQUENT_BUS_STOPS":null}},{"type":"Feature","id":2139066,"geometry":{"type":"Point","coordinates":[-122.836312,49.108819]},"properties":{"FACILITYID":"1001714956","BUS_STOP_NO":61786,"STOP_STATUS":"Active","BUS_BENCHES":"YES","BUS_SHELTERS":"NO","LOCATION":"Northbound King George Blvd @ 58A Ave","ACCESSIBLE":"Yes","OBJECTID_1":2139066,"GLOBALID":"{C4B4656D-9F00-4955-B06C-05985A81A1D3}","TRANSIT_ROUTES":"321","PRESCRIBED_FREQUENT_BUS_STOPS":"Yes"}},{"type":"Feature","id":2139067,"geometry":{"type":"Point","coordinates":[-122.714058,49.045743]},"properties":{"FACILITYID":"1001843396","BUS_STOP_NO":61793,"STOP_STATUS":"Active","BUS_BENCHES":"YES","BUS_SHELTERS":"NO","LOCATION":"Westbound 24 Ave @ 184 St","ACCESSIBLE":"Yes","OBJECTID_1":2139067,"GLOBALID":"{B0F26EF6-08D4-4471-BE08-58997B39D9C1}","TRANSIT_ROUTES":"531","PRESCRIBED_FREQUENT_BUS_STOPS":null}},{"type":"Feature","id":2139068,"geometry":{"type":"Point","coordinates":[-122.69634,49.045614]},"properties":{"FACILITYID":"1001843376","BUS_STOP_NO":61794,"STOP_STATUS":"Active","BUS_BENCHES":"YES","BUS_SHELTERS":"NO","LOCATION":"Eastbound 24 Ave @ 190 St","ACCESSIBLE":"Yes","OBJECTID_1":2139068,"GLOBALID":"{5FE0B2D1-A594-4887-B642-96232EDDECC6}","TRANSIT_ROUTES":"531","PRESCRIBED_FREQUENT_BUS_STOPS":null}},{"type":"Feature","id":2139069,"geometry":{"type":"Point","coordinates":[-122.712661,49.045639]},"properties":{"FACILITYID":"1001843397","BUS_STOP_NO":61792,"STOP_STATUS":"Active","BUS_BENCHES":"YES","BUS_SHELTERS":"NO","LOCATION":"Eastbound 24 Ave @ 184 St","ACCESSIBLE":"Yes","OBJECTID_1":2139069,"GLOBALID":"{D2607501-927D-4030-87C4-9DCD1081ACBE}","TRANSIT_ROUTES":"531","PRESCRIBED_FREQUENT_BUS_STOPS":null}},{"type":"Feature","id":2139070,"geometry":{"type":"Point","coordinates":[-122.723889,49.045637]},"properties":{"FACILITYID":"1001843399","BUS_STOP_NO":61790,"STOP_STATUS":"Active","BUS_BENCHES":"YES","BUS_SHELTERS":"NO","LOCATION":"Eastbound 24 Ave @ 180 St","ACCESSIBLE":"Yes","OBJECTID_1":2139070,"GLOBALID":"{0D9B9DF6-28BF-4FDB-8AE3-10A12D460EF2}","TRANSIT_ROUTES":"531","PRESCRIBED_FREQUENT_BUS_STOPS":null}},{"type":"Feature","id":2139071,"geometry":{"type":"Point","coordinates":[-122.724831,49.045731]},"properties":{"FACILITYID":"1001843398","BUS_STOP_NO":61791,"STOP_STATUS":"Active","BUS_BENCHES":"YES","BUS_SHELTERS":"NO","LOCATION":"Westbound 24 Ave @ 180 St","ACCESSIBLE":"Yes","OBJECTID_1":2139071,"GLOBALID":"{E0296CF8-09A3-4CEE-8011-CFED41520347}","TRANSIT_ROUTES":"531","PRESCRIBED_FREQUENT_BUS_STOPS":null}},{"type":"Feature","id":2139072,"geometry":{"type":"Point","coordinates":[-122.806529,49.188643]},"properties":{"FACILITYID":"1001843371","BUS_STOP_NO":56003,"STOP_STATUS":"Active","BUS_BENCHES":"YES","BUS_SHELTERS":"NO","LOCATION":"Southbound 150 St @ 102A Ave","ACCESSIBLE":"Yes","OBJECTID_1":2139072,"GLOBALID":"{7BB5DB4D-5A5C-4CF8-8231-54130CBC9344}","TRANSIT_ROUTES":"341","PRESCRIBED_FREQUENT_BUS_STOPS":null}},{"type":"Feature","id":2139073,"geometry":{"type":"Point","coordinates":[-122.800969,49.074116]},"properties":{"FACILITYID":"1001843368","BUS_STOP_NO":61789,"STOP_STATUS":"Active","BUS_BENCHES":"YES","BUS_SHELTERS":"YES","LOCATION":"Northbound 152 St @ 40 Ave","ACCESSIBLE":"Yes","OBJECTID_1":2139073,"GLOBALID":"{0391415C-642F-4AA2-970F-10C0E3F6C80C}","TRANSIT_ROUTES":"345, 375","PRESCRIBED_FREQUENT_BUS_STOPS":null}},{"type":"Feature","id":2139074,"geometry":{"type":"Point","coordinates":[-122.756708,49.176639]},"properties":{"FACILITYID":"1001841012","BUS_STOP_NO":61758,"STOP_STATUS":"Active","BUS_BENCHES":"YES","BUS_SHELTERS":"YES","LOCATION":"Southbound 168 St @ 96 Ave","ACCESSIBLE":"Yes","OBJECTID_1":2139074,"GLOBALID":"{85800AEC-DBF5-4A5B-BCD1-862096A2362A}","TRANSIT_ROUTES":"388","PRESCRIBED_FREQUENT_BUS_STOPS":null}},{"type":"Feature","id":2139362,"geometry":{"type":"Point","coordinates":[-122.680862,49.111311]},"properties":{"FACILITYID":"1001841021","BUS_STOP_NO":61927,"STOP_STATUS":"Active","BUS_BENCHES":"YES","BUS_SHELTERS":"NO","LOCATION":"Westbound 60 Ave @ 196 St","ACCESSIBLE":"Yes","OBJECTID_1":2139362,"GLOBALID":"{8097C670-497D-4EF0-83B0-9D4A095B3124}","TRANSIT_ROUTES":"320","PRESCRIBED_FREQUENT_BUS_STOPS":null}},{"type":"Feature","id":2139363,"geometry":{"type":"Point","coordinates":[-122.879004,49.111528]},"properties":{"FACILITYID":"1001843372","BUS_STOP_NO":61926,"STOP_STATUS":"Active","BUS_BENCHES":"NO","BUS_SHELTERS":"NO","LOCATION":"Northbound 124 St @ 60 Ave","ACCESSIBLE":"No","OBJECTID_1":2139363,"GLOBALID":"{11CD307D-8FF7-4F99-81EC-6E92D7E4A944}","TRANSIT_ROUTES":"322","PRESCRIBED_FREQUENT_BUS_STOPS":null}},{"type":"Feature","id":2139364,"geometry":{"type":"Point","coordinates":[-122.867965,49.131129]},"properties":{"FACILITYID":"1001843370","BUS_STOP_NO":61939,"STOP_STATUS":"Active","BUS_BENCHES":"YES","BUS_SHELTERS":"NO","LOCATION":"Southbound 128 St @ 7000 Block","ACCESSIBLE":"Yes","OBJECTID_1":2139364,"GLOBALID":"{83BA5B1D-6054-4820-AC19-2771E7F98046}","TRANSIT_ROUTES":"322, 393","PRESCRIBED_FREQUENT_BUS_STOPS":null}},{"type":"Feature","id":2139371,"geometry":{"type":"Point","coordinates":[-122.887867,49.194373]},"properties":{"FACILITYID":"1001840962","BUS_STOP_NO":61943,"STOP_STATUS":"Active","BUS_BENCHES":"NO","BUS_SHELTERS":"YES","LOCATION":"Northbound Scott Rd @ 104 Ave","ACCESSIBLE":"Yes","OBJECTID_1":2139371,"GLOBALID":"{84370DAD-5730-4FE5-ABD0-9B8BA974B0DC}","TRANSIT_ROUTES":"312, 319, 391, 640","PRESCRIBED_FREQUENT_BUS_STOPS":"Yes"}},{"type":"Feature","id":2139372,"geometry":{"type":"Point","coordinates":[-122.889466,49.19348]},"properties":{"FACILITYID":"1001840961","BUS_STOP_NO":61574,"STOP_STATUS":"Active","BUS_BENCHES":"NO","BUS_SHELTERS":"YES","LOCATION":"Southbound Scott Rd @ Tannery Rd","ACCESSIBLE":"Yes","OBJECTID_1":2139372,"GLOBALID":"{5D9838D1-635D-42B9-A6B9-4E059CDC7D09}","TRANSIT_ROUTES":"312, 319, 391, 640","PRESCRIBED_FREQUENT_BUS_STOPS":"Yes"}},{"type":"Feature","id":2139373,"geometry":{"type":"Point","coordinates":[-122.680075,49.103678]},"properties":{"FACILITYID":"1001905676","BUS_STOP_NO":61946,"STOP_STATUS":"Active","BUS_BENCHES":"NO","BUS_SHELTERS":"NO","LOCATION":"Southbound 196 St @ 56 Ave","ACCESSIBLE":"Yes","OBJECTID_1":2139373,"GLOBALID":null,"TRANSIT_ROUTES":"342","PRESCRIBED_FREQUENT_BUS_STOPS":null}},{"type":"Feature","id":2139374,"geometry":{"type":"Point","coordinates":[-122.682839,49.100228]},"properties":{"FACILITYID":"1001843374","BUS_STOP_NO":61947,"STOP_STATUS":"Active","BUS_BENCHES":"NO","BUS_SHELTERS":"NO","LOCATION":"Westbound 54 Ave @ Production Blvd","ACCESSIBLE":"Yes","OBJECTID_1":2139374,"GLOBALID":"{F04E6038-657F-4653-9E75-077724E32D0C}","TRANSIT_ROUTES":"342","PRESCRIBED_FREQUENT_BUS_STOPS":null}},{"type":"Feature","id":2139375,"geometry":{"type":"Point","coordinates":[-122.690136,49.101285]},"properties":{"FACILITYID":"1001843373","BUS_STOP_NO":61948,"STOP_STATUS":"Active","BUS_BENCHES":"NO","BUS_SHELTERS":"NO","LOCATION":"Westbound 54 Ave @ 192 St","ACCESSIBLE":"Yes","OBJECTID_1":2139375,"GLOBALID":"{012BD513-BDD7-4C16-8DB5-212525229073}","TRANSIT_ROUTES":"342","PRESCRIBED_FREQUENT_BUS_STOPS":null}},{"type":"Feature","id":2139376,"geometry":{"type":"Point","coordinates":[-122.789844,49.19495]},"properties":{"FACILITYID":"1001840978","BUS_STOP_NO":61962,"STOP_STATUS":"Active","BUS_BENCHES":"NO","BUS_SHELTERS":"STD AD","LOCATION":"Southbound 156 St @ Hwy One Offramp","ACCESSIBLE":"Yes","OBJECTID_1":2139376,"GLOBALID":"{8E593CCD-2C98-4D12-8700-B4C9C19DFD0D}","TRANSIT_ROUTES":"337, 509","PRESCRIBED_FREQUENT_BUS_STOPS":null}},{"type":"Feature","id":2139377,"geometry":{"type":"Point","coordinates":[-122.789679,49.194903]},"properties":{"FACILITYID":"1001840976","BUS_STOP_NO":61961,"STOP_STATUS":"Active","BUS_BENCHES":"NO","BUS_SHELTERS":"STD AD","LOCATION":"Northbound 156 St @ Hwy One Onramp","ACCESSIBLE":"Yes","OBJECTID_1":2139377,"GLOBALID":"{F8C8592A-D29C-4C2F-BB22-8A45243459B8}","TRANSIT_ROUTES":"337, 509","PRESCRIBED_FREQUENT_BUS_STOPS":"Yes"}},{"type":"Feature","id":2139378,"geometry":{"type":"Point","coordinates":[-122.790095,49.195334]},"properties":{"FACILITYID":"1001840980","BUS_STOP_NO":61960,"STOP_STATUS":"Active","BUS_BENCHES":"YES","BUS_SHELTERS":"NON AD","LOCATION":"Eastbound Hwy One Offramp @ 156 St","ACCESSIBLE":"Yes","OBJECTID_1":2139378,"GLOBALID":"{F2459F1C-FD17-493E-A720-7AAE3C608428}","TRANSIT_ROUTES":"555","PRESCRIBED_FREQUENT_BUS_STOPS":null}},{"type":"Feature","id":2139379,"geometry":{"type":"Point","coordinates":[-122.78945,49.195292]},"properties":{"FACILITYID":"1001840979","BUS_STOP_NO":61959,"STOP_STATUS":"Active","BUS_BENCHES":"YES","BUS_SHELTERS":"NON AD","LOCATION":"Westbound Hwy One Offramp @ 156 St","ACCESSIBLE":"Yes","OBJECTID_1":2139379,"GLOBALID":"{9D0D24A6-81FE-4B32-BCF6-F706C7DAAEF3}","TRANSIT_ROUTES":"555","PRESCRIBED_FREQUENT_BUS_STOPS":null}},{"type":"Feature","id":2139380,"geometry":{"type":"Point","coordinates":[-122.757345,49.162916]},"properties":{"FACILITYID":"1001841018","BUS_STOP_NO":61209,"STOP_STATUS":"Active","BUS_BENCHES":"YES","BUS_SHELTERS":"NO","LOCATION":"Westbound 88 Ave @ 168 St","ACCESSIBLE":"Yes","OBJECTID_1":2139380,"GLOBALID":"{8474E57C-7F37-468B-8410-41F678BB36E1}","TRANSIT_ROUTES":"388","PRESCRIBED_FREQUENT_BUS_STOPS":null}},{"type":"Feature","id":2139381,"geometry":{"type":"Point","coordinates":[-122.756466,49.163302]},"properties":{"FACILITYID":"1001905661","BUS_STOP_NO":61210,"STOP_STATUS":"Active","BUS_BENCHES":"YES","BUS_SHELTERS":"NO","LOCATION":"Northbound 168 St @ 88 Ave","ACCESSIBLE":"No","OBJECTID_1":2139381,"GLOBALID":null,"TRANSIT_ROUTES":"388","PRESCRIBED_FREQUENT_BUS_STOPS":null}},{"type":"Feature","id":2139440,"geometry":{"type":"Point","coordinates":[-122.845166,49.182677]},"properties":{"FACILITYID":"1001900727","BUS_STOP_NO":59339,"STOP_STATUS":"Active","BUS_BENCHES":"NO","BUS_SHELTERS":"STD AD","LOCATION":"King George Station @ Bay 4","ACCESSIBLE":"Yes","OBJECTID_1":2139440,"GLOBALID":null,"TRANSIT_ROUTES":"314, 321, 326, 329, 502, 503, R1","PRESCRIBED_FREQUENT_BUS_STOPS":"Yes"}},{"type":"Feature","id":2139441,"geometry":{"type":"Point","coordinates":[-122.778703,49.177371]},"properties":{"FACILITYID":"1001905657","BUS_STOP_NO":60001,"STOP_STATUS":"Active","BUS_BENCHES":"YES","BUS_SHELTERS":"STD AD","LOCATION":"Northbound 160 St @ 96 Ave","ACCESSIBLE":"Yes","OBJECTID_1":2139441,"GLOBALID":null,"TRANSIT_ROUTES":"335","PRESCRIBED_FREQUENT_BUS_STOPS":null}},{"type":"Feature","id":2139442,"geometry":{"type":"Point","coordinates":[-122.734649,49.045638]},"properties":{"FACILITYID":"1001905679","BUS_STOP_NO":61907,"STOP_STATUS":"Active","BUS_BENCHES":"YES","BUS_SHELTERS":"NO","LOCATION":"Eastbound 24 Ave @ 176 St","ACCESSIBLE":"Yes","OBJECTID_1":2139442,"GLOBALID":null,"TRANSIT_ROUTES":"531","PRESCRIBED_FREQUENT_BUS_STOPS":null}},{"type":"Feature","id":2139443,"geometry":{"type":"Point","coordinates":[-122.735952,49.045741]},"properties":{"FACILITYID":"1001905682","BUS_STOP_NO":61908,"STOP_STATUS":"Active","BUS_BENCHES":"YES","BUS_SHELTERS":"NO","LOCATION":"Westbound 24 Ave @ 176 St","ACCESSIBLE":"Yes","OBJECTID_1":2139443,"GLOBALID":null,"TRANSIT_ROUTES":"531","PRESCRIBED_FREQUENT_BUS_STOPS":null}},{"type":"Feature","id":2139444,"geometry":{"type":"Point","coordinates":[-122.799861,49.104296]},"properties":{"FACILITYID":"1001905671","BUS_STOP_NO":59873,"STOP_STATUS":"Active","BUS_BENCHES":"YES","BUS_SHELTERS":"YES","LOCATION":"Eastbound Hwy 10 @ 152 St","ACCESSIBLE":"Yes","OBJECTID_1":2139444,"GLOBALID":null,"TRANSIT_ROUTES":"342","PRESCRIBED_FREQUENT_BUS_STOPS":null}},{"type":"Feature","id":2139445,"geometry":{"type":"Point","coordinates":[-122.739569,49.104233]},"properties":{"FACILITYID":"1001905673","BUS_STOP_NO":59878,"STOP_STATUS":"Active","BUS_BENCHES":"NO","BUS_SHELTERS":"NO","LOCATION":"Westbound Hwy 10 @ 175 St","ACCESSIBLE":"Yes","OBJECTID_1":2139445,"GLOBALID":null,"TRANSIT_ROUTES":"342","PRESCRIBED_FREQUENT_BUS_STOPS":null}},{"type":"Feature","id":2139446,"geometry":{"type":"Point","coordinates":[-122.737717,49.108014]},"properties":{"FACILITYID":"1001905672","BUS_STOP_NO":59879,"STOP_STATUS":"Active","BUS_BENCHES":"NO","BUS_SHELTERS":"NO","LOCATION":"Southbound 175 St @ 58A Ave","ACCESSIBLE":"Yes","OBJECTID_1":2139446,"GLOBALID":null,"TRANSIT_ROUTES":"342","PRESCRIBED_FREQUENT_BUS_STOPS":null}},{"type":"Feature","id":2139447,"geometry":{"type":"Point","coordinates":[-122.779633,49.184292]},"properties":{"FACILITYID":"1001905656","BUS_STOP_NO":60047,"STOP_STATUS":"Active","BUS_BENCHES":"NO","BUS_SHELTERS":"NO","LOCATION":"Eastbound 100 Ave @ 160 St","ACCESSIBLE":"Yes","OBJECTID_1":2139447,"GLOBALID":null,"TRANSIT_ROUTES":"335","PRESCRIBED_FREQUENT_BUS_STOPS":null}},{"type":"Feature","id":2139448,"geometry":{"type":"Point","coordinates":[-122.745605,49.045638]},"properties":{"FACILITYID":"1001905678","BUS_STOP_NO":61904,"STOP_STATUS":"Active","BUS_BENCHES":"YES","BUS_SHELTERS":"NO","LOCATION":"Eastbound 24 Ave @ 172 St","ACCESSIBLE":"Yes","OBJECTID_1":2139448,"GLOBALID":null,"TRANSIT_ROUTES":"531","PRESCRIBED_FREQUENT_BUS_STOPS":null}},{"type":"Feature","id":2139449,"geometry":{"type":"Point","coordinates":[-122.755775,49.104145]},"properties":{"FACILITYID":"1001905675","BUS_STOP_NO":59875,"STOP_STATUS":"Active","BUS_BENCHES":"YES","BUS_SHELTERS":"NO","LOCATION":"Eastbound Hwy 10 @ 168 St","ACCESSIBLE":"Yes","OBJECTID_1":2139449,"GLOBALID":null,"TRANSIT_ROUTES":"342","PRESCRIBED_FREQUENT_BUS_STOPS":null}},{"type":"Feature","id":2139450,"geometry":{"type":"Point","coordinates":[-122.75761,49.10442]},"properties":{"FACILITYID":"1001905674","BUS_STOP_NO":59874,"STOP_STATUS":"Active","BUS_BENCHES":"YES","BUS_SHELTERS":"NO","LOCATION":"Westbound Hwy 10 @ 168 St","ACCESSIBLE":"Yes","OBJECTID_1":2139450,"GLOBALID":null,"TRANSIT_ROUTES":"342","PRESCRIBED_FREQUENT_BUS_STOPS":null}},{"type":"Feature","id":2139451,"geometry":{"type":"Point","coordinates":[-122.789701,49.199154]},"properties":{"FACILITYID":"1001905629","BUS_STOP_NO":59248,"STOP_STATUS":"Active","BUS_BENCHES":"NO","BUS_SHELTERS":"NO","LOCATION":"Northbound 156 St @ 108 Ave","ACCESSIBLE":"Yes","OBJECTID_1":2139451,"GLOBALID":null,"TRANSIT_ROUTES":"337","PRESCRIBED_FREQUENT_BUS_STOPS":"Yes"}},{"type":"Feature","id":2139452,"geometry":{"type":"Point","coordinates":[-122.78529,49.200597]},"properties":{"FACILITYID":"1001905630","BUS_STOP_NO":59012,"STOP_STATUS":"Active","BUS_BENCHES":"YES","BUS_SHELTERS":"NO","LOCATION":"Southbound 157A St @ 10900 Block","ACCESSIBLE":"Yes","OBJECTID_1":2139452,"GLOBALID":null,"TRANSIT_ROUTES":"337","PRESCRIBED_FREQUENT_BUS_STOPS":"Yes"}},{"type":"Feature","id":2139453,"geometry":{"type":"Point","coordinates":[-122.685765,49.111342]},"properties":{"FACILITYID":"1001905677","BUS_STOP_NO":61550,"STOP_STATUS":"Active","BUS_BENCHES":"NO","BUS_SHELTERS":"NO","LOCATION":"Westbound 60 Ave @ 194A St","ACCESSIBLE":"Yes","OBJECTID_1":2139453,"GLOBALID":null,"TRANSIT_ROUTES":"320","PRESCRIBED_FREQUENT_BUS_STOPS":null}},{"type":"Feature","id":2139454,"geometry":{"type":"Point","coordinates":[-122.789698,49.201899]},"properties":{"FACILITYID":"1001905613","BUS_STOP_NO":59249,"STOP_STATUS":"Active","BUS_BENCHES":"YES","BUS_SHELTERS":"NO","LOCATION":"Northbound 156 St @ 110 Ave","ACCESSIBLE":"Yes","OBJECTID_1":2139454,"GLOBALID":null,"TRANSIT_ROUTES":"337","PRESCRIBED_FREQUENT_BUS_STOPS":"Yes"}},{"type":"Feature","id":2139455,"geometry":{"type":"Point","coordinates":[-122.774749,49.045488]},"properties":{"FACILITYID":"1001947579","BUS_STOP_NO":51063,"STOP_STATUS":"Active","BUS_BENCHES":"YES","BUS_SHELTERS":"YES","LOCATION":"Eastbound 24 Ave @ 161A St","ACCESSIBLE":"Yes","OBJECTID_1":2139455,"GLOBALID":null,"TRANSIT_ROUTES":"531","PRESCRIBED_FREQUENT_BUS_STOPS":null}},{"type":"Feature","id":2139456,"geometry":{"type":"Point","coordinates":[-122.704228,49.126165]},"properties":{"FACILITYID":"1001947643","BUS_STOP_NO":60135,"STOP_STATUS":"Active","BUS_BENCHES":"YES","BUS_SHELTERS":"NO","LOCATION":"Westbound 68 Ave @ 18700 Block","ACCESSIBLE":"Yes","OBJECTID_1":2139456,"GLOBALID":null,"TRANSIT_ROUTES":"372","PRESCRIBED_FREQUENT_BUS_STOPS":null}},{"type":"Feature","id":2139457,"geometry":{"type":"Point","coordinates":[-122.784995,49.038782]},"properties":{"FACILITYID":"1001947608","BUS_STOP_NO":56033,"STOP_STATUS":"Active","BUS_BENCHES":"NO","BUS_SHELTERS":"NO","LOCATION":"Northbound King George Blvd @ 20 Ave","ACCESSIBLE":"Yes","OBJECTID_1":2139457,"GLOBALID":null,"TRANSIT_ROUTES":"354","PRESCRIBED_FREQUENT_BUS_STOPS":null}},{"type":"Feature","id":2139458,"geometry":{"type":"Point","coordinates":[-122.779052,49.046029]},"properties":{"FACILITYID":"1001947580","BUS_STOP_NO":56073,"STOP_STATUS":"Active","BUS_BENCHES":"NO","BUS_SHELTERS":"NO","LOCATION":"Northbound 160 St @ 24 Ave","ACCESSIBLE":"Yes","OBJECTID_1":2139458,"GLOBALID":null,"TRANSIT_ROUTES":"354, 363","PRESCRIBED_FREQUENT_BUS_STOPS":null}},{"type":"Feature","id":2139459,"geometry":{"type":"Point","coordinates":[-122.779098,49.049613]},"properties":{"FACILITYID":"1001947568","BUS_STOP_NO":58781,"STOP_STATUS":"Active","BUS_BENCHES":"YES","BUS_SHELTERS":"YES","LOCATION":"Northbound 160 St @ 26 Ave","ACCESSIBLE":"Yes","OBJECTID_1":2139459,"GLOBALID":null,"TRANSIT_ROUTES":"354, 363","PRESCRIBED_FREQUENT_BUS_STOPS":null}},{"type":"Feature","id":2139460,"geometry":{"type":"Point","coordinates":[-122.779079,49.053111]},"properties":{"FACILITYID":"1001947569","BUS_STOP_NO":58783,"STOP_STATUS":"Active","BUS_BENCHES":"NO","BUS_SHELTERS":"NO","LOCATION":"Northbound 160 St @ 28 Ave","ACCESSIBLE":"Yes","OBJECTID_1":2139460,"GLOBALID":null,"TRANSIT_ROUTES":"354, 363","PRESCRIBED_FREQUENT_BUS_STOPS":null}},{"type":"Feature","id":2139461,"geometry":{"type":"Point","coordinates":[-122.779095,49.056772]},"properties":{"FACILITYID":"1002311351","BUS_STOP_NO":58897,"STOP_STATUS":"Active","BUS_BENCHES":"NO","BUS_SHELTERS":"NO","LOCATION":"Northbound 160 St @ 30 Ave","ACCESSIBLE":"Yes","OBJECTID_1":2139461,"GLOBALID":null,"TRANSIT_ROUTES":"354, 363","PRESCRIBED_FREQUENT_BUS_STOPS":null}},{"type":"Feature","id":2139462,"geometry":{"type":"Point","coordinates":[-122.779779,49.060162]},"properties":{"FACILITYID":null,"BUS_STOP_NO":58940,"STOP_STATUS":"Active","BUS_BENCHES":"YES","BUS_SHELTERS":"YES","LOCATION":"Westbound 32 Ave @ 160 St","ACCESSIBLE":"Yes","OBJECTID_1":2139462,"GLOBALID":null,"TRANSIT_ROUTES":"354, 363","PRESCRIBED_FREQUENT_BUS_STOPS":null}},{"type":"Feature","id":2139463,"geometry":{"type":"Point","coordinates":[-122.790767,49.060184]},"properties":{"FACILITYID":null,"BUS_STOP_NO":59104,"STOP_STATUS":"Active","BUS_BENCHES":"NO","BUS_SHELTERS":"YES","LOCATION":"Westbound 32 Ave @ 156A St","ACCESSIBLE":"Yes","OBJECTID_1":2139463,"GLOBALID":null,"TRANSIT_ROUTES":"354, 363","PRESCRIBED_FREQUENT_BUS_STOPS":null}},{"type":"Feature","id":2139464,"geometry":{"type":"Point","coordinates":[-122.797554,49.060927]},"properties":{"FACILITYID":"1001947572","BUS_STOP_NO":59119,"STOP_STATUS":"Active","BUS_BENCHES":"YES","BUS_SHELTERS":"YES","LOCATION":"Westbound 32 Ave @ 154 St","ACCESSIBLE":"Yes","OBJECTID_1":2139464,"GLOBALID":null,"TRANSIT_ROUTES":"354, 363","PRESCRIBED_FREQUENT_BUS_STOPS":null}},{"type":"Feature","id":2139465,"geometry":{"type":"Point","coordinates":[-122.800444,49.061485]},"properties":{"FACILITYID":"1001947573","BUS_STOP_NO":59178,"STOP_STATUS":"Active","BUS_BENCHES":"YES","BUS_SHELTERS":"NO","LOCATION":"Eastbound 32 Ave @ 152 St","ACCESSIBLE":"Yes","OBJECTID_1":2139465,"GLOBALID":null,"TRANSIT_ROUTES":"354, 363","PRESCRIBED_FREQUENT_BUS_STOPS":null}},{"type":"Feature","id":2139466,"geometry":{"type":"Point","coordinates":[-122.797234,49.06037]},"properties":{"FACILITYID":"1001947574","BUS_STOP_NO":59177,"STOP_STATUS":"Active","BUS_BENCHES":"NO","BUS_SHELTERS":"YES","LOCATION":"Eastbound 32 Ave  @ Croydon Dr","ACCESSIBLE":"Yes","OBJECTID_1":2139466,"GLOBALID":null,"TRANSIT_ROUTES":"354, 363","PRESCRIBED_FREQUENT_BUS_STOPS":null}},{"type":"Feature","id":2139467,"geometry":{"type":"Point","coordinates":[-122.789557,49.060026]},"properties":{"FACILITYID":"1001947575","BUS_STOP_NO":59110,"STOP_STATUS":"Active","BUS_BENCHES":"NO","BUS_SHELTERS":"YES","LOCATION":"Eastbound 32 Ave @ 156A St","ACCESSIBLE":"Yes","OBJECTID_1":2139467,"GLOBALID":null,"TRANSIT_ROUTES":"354, 363","PRESCRIBED_FREQUENT_BUS_STOPS":null}},{"type":"Feature","id":2139468,"geometry":{"type":"Point","coordinates":[-122.779302,49.059501]},"properties":{"FACILITYID":"1001947576","BUS_STOP_NO":58982,"STOP_STATUS":"Active","BUS_BENCHES":"NO","BUS_SHELTERS":"NO","LOCATION":"Southbound 160 St @ 32 Ave","ACCESSIBLE":"Yes","OBJECTID_1":2139468,"GLOBALID":null,"TRANSIT_ROUTES":"354, 363","PRESCRIBED_FREQUENT_BUS_STOPS":null}},{"type":"Feature","id":2139469,"geometry":{"type":"Point","coordinates":[-122.779238,49.055954]},"properties":{"FACILITYID":"1002311304","BUS_STOP_NO":58927,"STOP_STATUS":"Active","BUS_BENCHES":"NO","BUS_SHELTERS":"NO","LOCATION":"Southbound 160 St @ 30 Ave","ACCESSIBLE":"Yes","OBJECTID_1":2139469,"GLOBALID":null,"TRANSIT_ROUTES":"354, 363","PRESCRIBED_FREQUENT_BUS_STOPS":null}},{"type":"Feature","id":2139470,"geometry":{"type":"Point","coordinates":[-122.779237,49.052374]},"properties":{"FACILITYID":"1001947577","BUS_STOP_NO":58828,"STOP_STATUS":"Active","BUS_BENCHES":"NO","BUS_SHELTERS":"NO","LOCATION":"Southbound 160 St @ 28 Ave","ACCESSIBLE":"Yes","OBJECTID_1":2139470,"GLOBALID":null,"TRANSIT_ROUTES":"354, 363","PRESCRIBED_FREQUENT_BUS_STOPS":null}},{"type":"Feature","id":2139471,"geometry":{"type":"Point","coordinates":[-122.77935,49.048742]},"properties":{"FACILITYID":"1001947578","BUS_STOP_NO":58782,"STOP_STATUS":"Active","BUS_BENCHES":"NO","BUS_SHELTERS":"NO","LOCATION":"Southbound 160 St @ 26 Ave","ACCESSIBLE":"Yes","OBJECTID_1":2139471,"GLOBALID":null,"TRANSIT_ROUTES":"354, 363","PRESCRIBED_FREQUENT_BUS_STOPS":null}},{"type":"Feature","id":2139472,"geometry":{"type":"Point","coordinates":[-122.789463,49.04207]},"properties":{"FACILITYID":"1001947609","BUS_STOP_NO":56078,"STOP_STATUS":"Active","BUS_BENCHES":"NO","BUS_SHELTERS":"NO","LOCATION":"Southbound King George Blvd @ 156 St","ACCESSIBLE":"Yes","OBJECTID_1":2139472,"GLOBALID":null,"TRANSIT_ROUTES":"354","PRESCRIBED_FREQUENT_BUS_STOPS":null}},{"type":"Feature","id":2139473,"geometry":{"type":"Point","coordinates":[-122.784375,49.038051]},"properties":{"FACILITYID":"1001947610","BUS_STOP_NO":56079,"STOP_STATUS":"Active","BUS_BENCHES":"NO","BUS_SHELTERS":"NO","LOCATION":"Southbound King George Blvd @ 20 Ave","ACCESSIBLE":"Yes","OBJECTID_1":2139473,"GLOBALID":null,"TRANSIT_ROUTES":"354","PRESCRIBED_FREQUENT_BUS_STOPS":null}},{"type":"Feature","id":2139648,"geometry":{"type":"Point","coordinates":[-122.780371,49.040513]},"properties":{"FACILITYID":"1001947621","BUS_STOP_NO":56344,"STOP_STATUS":"Active","BUS_BENCHES":"NO","BUS_SHELTERS":"NO","LOCATION":"Northbound Cranley Dr @ Cumbria Dr","ACCESSIBLE":"Yes","OBJECTID_1":2139648,"GLOBALID":null,"TRANSIT_ROUTES":"363","PRESCRIBED_FREQUENT_BUS_STOPS":null}},{"type":"Feature","id":2139649,"geometry":{"type":"Point","coordinates":[-122.782161,49.042114]},"properties":{"FACILITYID":"1001947581","BUS_STOP_NO":56345,"STOP_STATUS":"Active","BUS_BENCHES":"NO","BUS_SHELTERS":"NO","LOCATION":"Northbound Cranley Dr @ Suffolk Rd","ACCESSIBLE":"Yes","OBJECTID_1":2139649,"GLOBALID":null,"TRANSIT_ROUTES":"363","PRESCRIBED_FREQUENT_BUS_STOPS":null}},{"type":"Feature","id":2139650,"geometry":{"type":"Point","coordinates":[-122.77927,49.038034]},"properties":{"FACILITYID":"1001947613","BUS_STOP_NO":60149,"STOP_STATUS":"Active","BUS_BENCHES":"NO","BUS_SHELTERS":"NO","LOCATION":"Southbound 160 St @ 20 Ave","ACCESSIBLE":"Yes","OBJECTID_1":2139650,"GLOBALID":null,"TRANSIT_ROUTES":"363","PRESCRIBED_FREQUENT_BUS_STOPS":null}},{"type":"Feature","id":2139651,"geometry":{"type":"Point","coordinates":[-122.779277,49.035982]},"properties":{"FACILITYID":"1001947614","BUS_STOP_NO":60150,"STOP_STATUS":"Active","BUS_BENCHES":"NO","BUS_SHELTERS":"NO","LOCATION":"Southbound 160 St @ 19 Ave","ACCESSIBLE":"Yes","OBJECTID_1":2139651,"GLOBALID":null,"TRANSIT_ROUTES":"363","PRESCRIBED_FREQUENT_BUS_STOPS":null}},{"type":"Feature","id":2139652,"geometry":{"type":"Point","coordinates":[-122.712387,49.129194]},"properties":{"FACILITYID":"1001947600","BUS_STOP_NO":60118,"STOP_STATUS":"Active","BUS_BENCHES":"YES","BUS_SHELTERS":"NO","LOCATION":"Northbound 184 St @ Fraser Hwy","ACCESSIBLE":"Yes","OBJECTID_1":2139652,"GLOBALID":null,"TRANSIT_ROUTES":"372","PRESCRIBED_FREQUENT_BUS_STOPS":null}},{"type":"Feature","id":2139653,"geometry":{"type":"Point","coordinates":[-122.71176,49.133297]},"properties":{"FACILITYID":"1001947601","BUS_STOP_NO":60119,"STOP_STATUS":"Active","BUS_BENCHES":"YES","BUS_SHELTERS":"NO","LOCATION":"Eastbound 72 Ave @ 184 St","ACCESSIBLE":"Yes","OBJECTID_1":2139653,"GLOBALID":null,"TRANSIT_ROUTES":"372","PRESCRIBED_FREQUENT_BUS_STOPS":null}},{"type":"Feature","id":2139654,"geometry":{"type":"Point","coordinates":[-122.701005,49.133467]},"properties":{"FACILITYID":"1001947596","BUS_STOP_NO":60757,"STOP_STATUS":"Active","BUS_BENCHES":"YES","BUS_SHELTERS":"NO","LOCATION":"Eastbound 72 Ave @ 188 St","ACCESSIBLE":"Yes","OBJECTID_1":2139654,"GLOBALID":null,"TRANSIT_ROUTES":"370, 372","PRESCRIBED_FREQUENT_BUS_STOPS":null}},{"type":"Feature","id":2139655,"geometry":{"type":"Point","coordinates":[-122.690128,49.133625]},"properties":{"FACILITYID":"1001947597","BUS_STOP_NO":60131,"STOP_STATUS":"Active","BUS_BENCHES":"NO","BUS_SHELTERS":"NO","LOCATION":"Eastbound 72 Ave @ 192 St","ACCESSIBLE":"Yes","OBJECTID_1":2139655,"GLOBALID":null,"TRANSIT_ROUTES":"372","PRESCRIBED_FREQUENT_BUS_STOPS":null}},{"type":"Feature","id":2139656,"geometry":{"type":"Point","coordinates":[-122.683181,49.133569]},"properties":{"FACILITYID":"1001947598","BUS_STOP_NO":60133,"STOP_STATUS":"Active","BUS_BENCHES":"YES","BUS_SHELTERS":"YES","LOCATION":"Eastbound 72 Ave @ 194A St","ACCESSIBLE":"Yes","OBJECTID_1":2139656,"GLOBALID":null,"TRANSIT_ROUTES":"372","PRESCRIBED_FREQUENT_BUS_STOPS":null}},{"type":"Feature","id":2139657,"geometry":{"type":"Point","coordinates":[-122.680066,49.133703]},"properties":{"FACILITYID":"1001947602","BUS_STOP_NO":60134,"STOP_STATUS":"Active","BUS_BENCHES":"YES","BUS_SHELTERS":"NO","LOCATION":"Westbound 72 Ave @ 196 St","ACCESSIBLE":"Yes","OBJECTID_1":2139657,"GLOBALID":null,"TRANSIT_ROUTES":"372","PRESCRIBED_FREQUENT_BUS_STOPS":null}},{"type":"Feature","id":2139658,"geometry":{"type":"Point","coordinates":[-122.684351,49.13369]},"properties":{"FACILITYID":"1001947603","BUS_STOP_NO":60132,"STOP_STATUS":"Active","BUS_BENCHES":"NO","BUS_SHELTERS":"YES","LOCATION":"Westbound 72 Ave @ 194A St","ACCESSIBLE":"Yes","OBJECTID_1":2139658,"GLOBALID":null,"TRANSIT_ROUTES":"372","PRESCRIBED_FREQUENT_BUS_STOPS":null}},{"type":"Feature","id":2139659,"geometry":{"type":"Point","coordinates":[-122.712606,49.132895]},"properties":{"FACILITYID":"1001947605","BUS_STOP_NO":60120,"STOP_STATUS":"Active","BUS_BENCHES":"YES","BUS_SHELTERS":"NO","LOCATION":"Southbound 184 St @ 72 Ave","ACCESSIBLE":"Yes","OBJECTID_1":2139659,"GLOBALID":null,"TRANSIT_ROUTES":"372","PRESCRIBED_FREQUENT_BUS_STOPS":null}},{"type":"Feature","id":2139660,"geometry":{"type":"Point","coordinates":[-122.756411,49.119259]},"properties":{"FACILITYID":"1001947606","BUS_STOP_NO":59898,"STOP_STATUS":"Active","BUS_BENCHES":"NO","BUS_SHELTERS":"YES","LOCATION":"Northbound 168 St @ 64 Ave","ACCESSIBLE":"Yes","OBJECTID_1":2139660,"GLOBALID":null,"TRANSIT_ROUTES":"320, 395","PRESCRIBED_FREQUENT_BUS_STOPS":null}},{"type":"Feature","id":2139661,"geometry":{"type":"Point","coordinates":[-122.834695,49.172102]},"properties":{"FACILITYID":"1001947607","BUS_STOP_NO":60224,"STOP_STATUS":"Active","BUS_BENCHES":"NO","BUS_SHELTERS":"NO","LOCATION":"Southbound 140 St @ 93A Ave","ACCESSIBLE":"Yes","OBJECTID_1":2139661,"GLOBALID":null,"TRANSIT_ROUTES":"325, 326","PRESCRIBED_FREQUENT_BUS_STOPS":null}},{"type":"Feature","id":2139662,"geometry":{"type":"Point","coordinates":[-122.785542,49.044433]},"properties":{"FACILITYID":"1001947582","BUS_STOP_NO":56346,"STOP_STATUS":"Active","BUS_BENCHES":"NO","BUS_SHELTERS":"NO","LOCATION":"Westbound Cranley Dr @ 157A St","ACCESSIBLE":"Yes","OBJECTID_1":2139662,"GLOBALID":null,"TRANSIT_ROUTES":"363","PRESCRIBED_FREQUENT_BUS_STOPS":null}},{"type":"Feature","id":2139663,"geometry":{"type":"Point","coordinates":[-122.680507,49.119175]},"properties":{"FACILITYID":"1002192398","BUS_STOP_NO":60206,"STOP_STATUS":"Active","BUS_BENCHES":"YES","BUS_SHELTERS":"YES","LOCATION":"Westbound 64 Ave @ 196 St","ACCESSIBLE":"Yes","OBJECTID_1":2139663,"GLOBALID":null,"TRANSIT_ROUTES":"364, 370, 395","PRESCRIBED_FREQUENT_BUS_STOPS":null}},{"type":"Feature","id":2139664,"geometry":{"type":"Point","coordinates":[-122.684578,49.119024]},"properties":{"FACILITYID":"1002192400","BUS_STOP_NO":60207,"STOP_STATUS":"Active","BUS_BENCHES":"NO","BUS_SHELTERS":"NO","LOCATION":"Eastbound 64 Ave @ 194 St","ACCESSIBLE":"Yes","OBJECTID_1":2139664,"GLOBALID":null,"TRANSIT_ROUTES":"364, 370, 395","PRESCRIBED_FREQUENT_BUS_STOPS":null}},{"type":"Feature","id":2139665,"geometry":{"type":"Point","coordinates":[-122.814937,49.212398]},"properties":{"FACILITYID":"1002192308","BUS_STOP_NO":60234,"STOP_STATUS":"Active","BUS_BENCHES":"NO","BUS_SHELTERS":"NO","LOCATION":"Southbound Surrey Rd @ 115A Ave","ACCESSIBLE":"No","OBJECTID_1":2139665,"GLOBALID":null,"TRANSIT_ROUTES":"373","PRESCRIBED_FREQUENT_BUS_STOPS":null}},{"type":"Feature","id":2139666,"geometry":{"type":"Point","coordinates":[-122.692402,49.118734]},"properties":{"FACILITYID":"1002192502","BUS_STOP_NO":61186,"STOP_STATUS":"Active","BUS_BENCHES":"NO","BUS_SHELTERS":"YES","LOCATION":"Westbound 64 Ave @ Fraser Hwy","ACCESSIBLE":"Yes","OBJECTID_1":2139666,"GLOBALID":null,"TRANSIT_ROUTES":"364, 395","PRESCRIBED_FREQUENT_BUS_STOPS":null}},{"type":"Feature","id":2139667,"geometry":{"type":"Point","coordinates":[-122.712624,49.130861]},"properties":{"FACILITYID":"1002192326","BUS_STOP_NO":60247,"STOP_STATUS":"Active","BUS_BENCHES":"NO","BUS_SHELTERS":"NO","LOCATION":"Southbound 184 St @ 71 Ave","ACCESSIBLE":"No","OBJECTID_1":2139667,"GLOBALID":null,"TRANSIT_ROUTES":"372","PRESCRIBED_FREQUENT_BUS_STOPS":null}},{"type":"Feature","id":2139752,"geometry":{"type":"Point","coordinates":[-122.890274,49.104989]},"properties":{"FACILITYID":"1002192324","BUS_STOP_NO":55559,"STOP_STATUS":"Active","BUS_BENCHES":"NO","BUS_SHELTERS":"NO","LOCATION":"Northbound Scott Rd @ 56 Ave","ACCESSIBLE":"No","OBJECTID_1":2139752,"GLOBALID":null,"TRANSIT_ROUTES":"322","PRESCRIBED_FREQUENT_BUS_STOPS":null}},{"type":"Feature","id":2139753,"geometry":{"type":"Point","coordinates":[-122.756474,49.145639]},"properties":{"FACILITYID":"1002192469","BUS_STOP_NO":60297,"STOP_STATUS":"Active","BUS_BENCHES":"NO","BUS_SHELTERS":"NO","LOCATION":"Northbound 168 St @ 78A Ave","ACCESSIBLE":"Yes","OBJECTID_1":2139753,"GLOBALID":null,"TRANSIT_ROUTES":"320, 395","PRESCRIBED_FREQUENT_BUS_STOPS":null}},{"type":"Feature","id":2139754,"geometry":{"type":"Point","coordinates":[-122.807134,49.168408]},"properties":{"FACILITYID":"1002192468","BUS_STOP_NO":61764,"STOP_STATUS":"Active","BUS_BENCHES":"NO","BUS_SHELTERS":"NO","LOCATION":"Westbound Fraser Hwy @ 150 St","ACCESSIBLE":"Yes","OBJECTID_1":2139754,"GLOBALID":null,"TRANSIT_ROUTES":"345, 502, 395","PRESCRIBED_FREQUENT_BUS_STOPS":null}},{"type":"Feature","id":2139755,"geometry":{"type":"Point","coordinates":[-122.785083,49.155559]},"properties":{"FACILITYID":"1002192467","BUS_STOP_NO":60310,"STOP_STATUS":"Active","BUS_BENCHES":"NO","BUS_SHELTERS":"NO","LOCATION":"Westbound 84 Ave @ Venture Way","ACCESSIBLE":"Yes","OBJECTID_1":2139755,"GLOBALID":null,"TRANSIT_ROUTES":"335, 341","PRESCRIBED_FREQUENT_BUS_STOPS":null}},{"type":"Feature","id":2139756,"geometry":{"type":"Point","coordinates":[-122.701792,49.045618]},"properties":{"FACILITYID":"1002192390","BUS_STOP_NO":51781,"STOP_STATUS":"Active","BUS_BENCHES":"NO","BUS_SHELTERS":"NO","LOCATION":"Eastbound 24 Ave @ 188 St","ACCESSIBLE":"Yes","OBJECTID_1":2139756,"GLOBALID":null,"TRANSIT_ROUTES":"531","PRESCRIBED_FREQUENT_BUS_STOPS":null}},{"type":"Feature","id":2139757,"geometry":{"type":"Point","coordinates":[-122.703226,49.045795]},"properties":{"FACILITYID":"1002192430","BUS_STOP_NO":50243,"STOP_STATUS":"Active","BUS_BENCHES":"NO","BUS_SHELTERS":"NO","LOCATION":"Westbound 24 Ave @ 188 St","ACCESSIBLE":"Yes","OBJECTID_1":2139757,"GLOBALID":null,"TRANSIT_ROUTES":"531","PRESCRIBED_FREQUENT_BUS_STOPS":null}},{"type":"Feature","id":2139758,"geometry":{"type":"Point","coordinates":[-122.805781,49.194098]},"properties":{"FACILITYID":"1002311480","BUS_STOP_NO":60419,"STOP_STATUS":"Active","BUS_BENCHES":"NO","BUS_SHELTERS":"NO","LOCATION":"Eastbound 105 Ave @ 150 St","ACCESSIBLE":null,"OBJECTID_1":2139758,"GLOBALID":null,"TRANSIT_ROUTES":"326, 337, 341, 375, R1","PRESCRIBED_FREQUENT_BUS_STOPS":"Yes"}},{"type":"Feature","id":2139759,"geometry":{"type":"Point","coordinates":[-122.764773,49.118842]},"properties":{"FACILITYID":"1002311478","BUS_STOP_NO":60315,"STOP_STATUS":"Active","BUS_BENCHES":"NO","BUS_SHELTERS":"NO","LOCATION":"Eastbound 64 Ave @ 165 St","ACCESSIBLE":"Yes","OBJECTID_1":2139759,"GLOBALID":null,"TRANSIT_ROUTES":"364","PRESCRIBED_FREQUENT_BUS_STOPS":null}},{"type":"Feature","id":2139760,"geometry":{"type":"Point","coordinates":[-122.766041,49.119037]},"properties":{"FACILITYID":"1002311180","BUS_STOP_NO":60316,"STOP_STATUS":"Active","BUS_BENCHES":"NO","BUS_SHELTERS":"YES","LOCATION":"Westbound 64 Ave @ 165 St","ACCESSIBLE":"Yes","OBJECTID_1":2139760,"GLOBALID":null,"TRANSIT_ROUTES":"364","PRESCRIBED_FREQUENT_BUS_STOPS":null}},{"type":"Feature","id":2139761,"geometry":{"type":"Point","coordinates":[-122.803013,49.19317]},"properties":{"FACILITYID":"1002311179","BUS_STOP_NO":61956,"STOP_STATUS":"Active","BUS_BENCHES":"YES","BUS_SHELTERS":"STD AD","LOCATION":"Eastbound 105 Ave @ Lincoln Dr","ACCESSIBLE":"Yes","OBJECTID_1":2139761,"GLOBALID":null,"TRANSIT_ROUTES":"335, 341","PRESCRIBED_FREQUENT_BUS_STOPS":null}},{"type":"Feature","id":2139762,"geometry":{"type":"Point","coordinates":[-122.845337,49.123732]},"properties":{"FACILITYID":"1002311346","BUS_STOP_NO":60420,"STOP_STATUS":"Active","BUS_BENCHES":"NO","BUS_SHELTERS":"YES","LOCATION":"Northbound King George Blvd @ 6700 Block","ACCESSIBLE":"Yes","OBJECTID_1":2139762,"GLOBALID":null,"TRANSIT_ROUTES":"321, 393","PRESCRIBED_FREQUENT_BUS_STOPS":"Yes"}},{"type":"Feature","id":2139763,"geometry":{"type":"Point","coordinates":[-122.845706,49.183693]},"properties":{"FACILITYID":"1002311394","BUS_STOP_NO":60480,"STOP_STATUS":"Active","BUS_BENCHES":"YES","BUS_SHELTERS":"YES","LOCATION":"King George Station @ Bay 5","ACCESSIBLE":"Yes","OBJECTID_1":2139763,"GLOBALID":null,"TRANSIT_ROUTES":"345, 394, 502, 503, 395","PRESCRIBED_FREQUENT_BUS_STOPS":"Yes"}},{"type":"Feature","id":2139764,"geometry":{"type":"Point","coordinates":[-122.800967,49.145969]},"properties":{"FACILITYID":"1002311474","BUS_STOP_NO":60295,"STOP_STATUS":"Active","BUS_BENCHES":"NO","BUS_SHELTERS":"YES","LOCATION":"Northbound 152 St @ 7900 Block","ACCESSIBLE":"Yes","OBJECTID_1":2139764,"GLOBALID":null,"TRANSIT_ROUTES":"335, 345, 375","PRESCRIBED_FREQUENT_BUS_STOPS":null}},{"type":"Feature","id":2139765,"geometry":{"type":"Point","coordinates":[-122.890209,49.146263]},"properties":{"FACILITYID":"1002311290","BUS_STOP_NO":60559,"STOP_STATUS":"Active","BUS_BENCHES":"NO","BUS_SHELTERS":"YES","LOCATION":"Northbound Scott Rd @ 7800 Block","ACCESSIBLE":"Yes","OBJECTID_1":2139765,"GLOBALID":null,"TRANSIT_ROUTES":"319","PRESCRIBED_FREQUENT_BUS_STOPS":"Yes"}},{"type":"Feature","id":2139766,"geometry":{"type":"Point","coordinates":[-122.756802,49.17036]},"properties":{"FACILITYID":"1002311289","BUS_STOP_NO":60560,"STOP_STATUS":"Active","BUS_BENCHES":"NO","BUS_SHELTERS":"YES","LOCATION":"Southbound 168 St @ 92A Ave","ACCESSIBLE":"Yes","OBJECTID_1":2139766,"GLOBALID":null,"TRANSIT_ROUTES":"388","PRESCRIBED_FREQUENT_BUS_STOPS":null}},{"type":"Feature","id":2139767,"geometry":{"type":"Point","coordinates":[-122.756642,49.170463]},"properties":{"FACILITYID":"1002311288","BUS_STOP_NO":60561,"STOP_STATUS":"Active","BUS_BENCHES":"NO","BUS_SHELTERS":"YES","LOCATION":"Northbound 168 St @ 92A Ave","ACCESSIBLE":"Yes","OBJECTID_1":2139767,"GLOBALID":null,"TRANSIT_ROUTES":"388","PRESCRIBED_FREQUENT_BUS_STOPS":null}},{"type":"Feature","id":2139768,"geometry":{"type":"Point","coordinates":[-122.878313,49.047492]},"properties":{"FACILITYID":"1002311470","BUS_STOP_NO":58465,"STOP_STATUS":"Active","BUS_BENCHES":"NO","BUS_SHELTERS":"NO","LOCATION":"Northbound 124 St @ Seacrest Dr","ACCESSIBLE":"Yes","OBJECTID_1":2139768,"GLOBALID":null,"TRANSIT_ROUTES":"360","PRESCRIBED_FREQUENT_BUS_STOPS":null}},{"type":"Feature","id":2139769,"geometry":{"type":"Point","coordinates":[-122.756625,49.122255]},"properties":{"FACILITYID":null,"BUS_STOP_NO":61982,"STOP_STATUS":"Active","BUS_BENCHES":"NO","BUS_SHELTERS":"NO","LOCATION":"Southbound 168 St @ 66 Ave","ACCESSIBLE":"Yes","OBJECTID_1":2139769,"GLOBALID":null,"TRANSIT_ROUTES":"320, 395","PRESCRIBED_FREQUENT_BUS_STOPS":null}},{"type":"Feature","id":2139770,"geometry":{"type":"Point","coordinates":[-122.845722,49.182376]},"properties":{"FACILITYID":null,"BUS_STOP_NO":60654,"STOP_STATUS":"Active","BUS_BENCHES":"NO","BUS_SHELTERS":"YES","LOCATION":"King George Station @ Bay 1","ACCESSIBLE":"Yes","OBJECTID_1":2139770,"GLOBALID":null,"TRANSIT_ROUTES":"314, 321, 326, 329, R1","PRESCRIBED_FREQUENT_BUS_STOPS":"Yes"}},{"type":"Feature","id":2139771,"geometry":{"type":"Point","coordinates":[-122.69139,49.060573]},"properties":{"FACILITYID":null,"BUS_STOP_NO":60619,"STOP_STATUS":"Active","BUS_BENCHES":"NO","BUS_SHELTERS":"NO","LOCATION":"Northbound 192 St @ 32 Ave","ACCESSIBLE":"Yes","OBJECTID_1":2139771,"GLOBALID":null,"TRANSIT_ROUTES":"531","PRESCRIBED_FREQUENT_BUS_STOPS":null}},{"type":"Feature","id":2139772,"geometry":{"type":"Point","coordinates":[-122.691456,49.064871]},"properties":{"FACILITYID":null,"BUS_STOP_NO":60620,"STOP_STATUS":"Active","BUS_BENCHES":"NO","BUS_SHELTERS":"NO","LOCATION":"Northbound 192 St @ 34A Ave","ACCESSIBLE":"Yes","OBJECTID_1":2139772,"GLOBALID":null,"TRANSIT_ROUTES":"531","PRESCRIBED_FREQUENT_BUS_STOPS":null}},{"type":"Feature","id":2139773,"geometry":{"type":"Point","coordinates":[-122.691722,49.063531]},"properties":{"FACILITYID":null,"BUS_STOP_NO":60622,"STOP_STATUS":"Active","BUS_BENCHES":"NO","BUS_SHELTERS":"NO","LOCATION":"Southbound 192 St @ 34A Ave","ACCESSIBLE":"Yes","OBJECTID_1":2139773,"GLOBALID":null,"TRANSIT_ROUTES":"531","PRESCRIBED_FREQUENT_BUS_STOPS":null}},{"type":"Feature","id":2139774,"geometry":{"type":"Point","coordinates":[-122.690685,49.067317]},"properties":{"FACILITYID":null,"BUS_STOP_NO":60623,"STOP_STATUS":"Active","BUS_BENCHES":"NO","BUS_SHELTERS":"NO","LOCATION":"Eastbound 36 Ave @ 192 St","ACCESSIBLE":"Yes","OBJECTID_1":2139774,"GLOBALID":null,"TRANSIT_ROUTES":"531","PRESCRIBED_FREQUENT_BUS_STOPS":null}},{"type":"Feature","id":2139775,"geometry":{"type":"Point","coordinates":[-122.691748,49.066932]},"properties":{"FACILITYID":null,"BUS_STOP_NO":60624,"STOP_STATUS":"Active","BUS_BENCHES":"NO","BUS_SHELTERS":"NO","LOCATION":"Southbound 192 St @ 36 Ave","ACCESSIBLE":"Yes","OBJECTID_1":2139775,"GLOBALID":null,"TRANSIT_ROUTES":"531","PRESCRIBED_FREQUENT_BUS_STOPS":null}},{"type":"Feature","id":2139776,"geometry":{"type":"Point","coordinates":[-122.686231,49.067466]},"properties":{"FACILITYID":null,"BUS_STOP_NO":60626,"STOP_STATUS":"Active","BUS_BENCHES":"NO","BUS_SHELTERS":"NO","LOCATION":"Westbound 36 Ave @ 194 St","ACCESSIBLE":"Yes","OBJECTID_1":2139776,"GLOBALID":null,"TRANSIT_ROUTES":"531","PRESCRIBED_FREQUENT_BUS_STOPS":null}},{"type":"Feature","id":2139777,"geometry":{"type":"Point","coordinates":[-122.685364,49.067375]},"properties":{"FACILITYID":null,"BUS_STOP_NO":60625,"STOP_STATUS":"Active","BUS_BENCHES":"NO","BUS_SHELTERS":"NO","LOCATION":"Eastbound 36 Ave @ 194 St","ACCESSIBLE":"Yes","OBJECTID_1":2139777,"GLOBALID":null,"TRANSIT_ROUTES":"531","PRESCRIBED_FREQUENT_BUS_STOPS":null}},{"type":"Feature","id":2139778,"geometry":{"type":"Point","coordinates":[-122.681045,49.067485]},"properties":{"FACILITYID":null,"BUS_STOP_NO":60627,"STOP_STATUS":"Active","BUS_BENCHES":"NO","BUS_SHELTERS":"NO","LOCATION":"Westbound 36 Ave @ 196 St","ACCESSIBLE":"Yes","OBJECTID_1":2139778,"GLOBALID":null,"TRANSIT_ROUTES":"531","PRESCRIBED_FREQUENT_BUS_STOPS":null}},{"type":"Feature","id":2139779,"geometry":{"type":"Point","coordinates":[-122.807309,49.133791]},"properties":{"FACILITYID":null,"BUS_STOP_NO":60147,"STOP_STATUS":"Active","BUS_BENCHES":"NO","BUS_SHELTERS":"NO","LOCATION":"Westbound 72 Ave @ 150 St","ACCESSIBLE":"Yes","OBJECTID_1":2139779,"GLOBALID":null,"TRANSIT_ROUTES":"335","PRESCRIBED_FREQUENT_BUS_STOPS":null}},{"type":"Feature","id":2139780,"geometry":{"type":"Point","coordinates":[-122.805923,49.133657]},"properties":{"FACILITYID":null,"BUS_STOP_NO":60148,"STOP_STATUS":"Active","BUS_BENCHES":"NO","BUS_SHELTERS":"NO","LOCATION":"Eastbound 72 Ave @ 150 St","ACCESSIBLE":"Yes","OBJECTID_1":2139780,"GLOBALID":null,"TRANSIT_ROUTES":"335","PRESCRIBED_FREQUENT_BUS_STOPS":null}},{"type":"Feature","id":2139781,"geometry":{"type":"Point","coordinates":[-122.89022,49.141016]},"properties":{"FACILITYID":null,"BUS_STOP_NO":60670,"STOP_STATUS":"Active","BUS_BENCHES":"NO","BUS_SHELTERS":"YES","LOCATION":"Northbound Scott Rd @ 75A Ave","ACCESSIBLE":"Yes","OBJECTID_1":2139781,"GLOBALID":null,"TRANSIT_ROUTES":"R6","PRESCRIBED_FREQUENT_BUS_STOPS":"Yes"}},{"type":"Feature","id":2139782,"geometry":{"type":"Point","coordinates":[-122.890223,49.14955]},"properties":{"FACILITYID":null,"BUS_STOP_NO":60671,"STOP_STATUS":"Active","BUS_BENCHES":"NO","BUS_SHELTERS":"YES","LOCATION":"Northbound Scott Rd @ 80 Ave","ACCESSIBLE":"Yes","OBJECTID_1":2139782,"GLOBALID":null,"TRANSIT_ROUTES":"R6","PRESCRIBED_FREQUENT_BUS_STOPS":"Yes"}},{"type":"Feature","id":2139783,"geometry":{"type":"Point","coordinates":[-122.890096,49.171188]},"properties":{"FACILITYID":null,"BUS_STOP_NO":54975,"STOP_STATUS":"Active","BUS_BENCHES":"NO","BUS_SHELTERS":"YES","LOCATION":"Northbound Scott Rd @ 92 Ave","ACCESSIBLE":"Yes","OBJECTID_1":2139783,"GLOBALID":null,"TRANSIT_ROUTES":"R6","PRESCRIBED_FREQUENT_BUS_STOPS":"Yes"}},{"type":"Feature","id":2139784,"geometry":{"type":"Point","coordinates":[-122.889969,49.177579]},"properties":{"FACILITYID":null,"BUS_STOP_NO":60672,"STOP_STATUS":"Active","BUS_BENCHES":"NO","BUS_SHELTERS":"YES","LOCATION":"Northbound Scott Rd @ 96 Ave","ACCESSIBLE":"Yes","OBJECTID_1":2139784,"GLOBALID":null,"TRANSIT_ROUTES":"R6","PRESCRIBED_FREQUENT_BUS_STOPS":"Yes"}},{"type":"Feature","id":2139785,"geometry":{"type":"Point","coordinates":[-122.87006,49.133786]},"properties":{"FACILITYID":null,"BUS_STOP_NO":60668,"STOP_STATUS":"Active","BUS_BENCHES":"NO","BUS_SHELTERS":"YES","LOCATION":"Eastbound 72 Ave @ 128 St","ACCESSIBLE":"Yes","OBJECTID_1":2139785,"GLOBALID":null,"TRANSIT_ROUTES":"301, 319, R6","PRESCRIBED_FREQUENT_BUS_STOPS":"Yes"}},{"type":"Feature","id":2139786,"geometry":{"type":"Point","coordinates":[-122.870456,49.134001]},"properties":{"FACILITYID":null,"BUS_STOP_NO":60669,"STOP_STATUS":"Active","BUS_BENCHES":"NO","BUS_SHELTERS":"YES","LOCATION":"Westbound 72 Ave @ 128 St","ACCESSIBLE":"Yes","OBJECTID_1":2139786,"GLOBALID":null,"TRANSIT_ROUTES":"R6","PRESCRIBED_FREQUENT_BUS_STOPS":"Yes"}},{"type":"Feature","id":2139787,"geometry":{"type":"Point","coordinates":[-122.841019,49.133489]},"properties":{"FACILITYID":null,"BUS_STOP_NO":60677,"STOP_STATUS":"Active","BUS_BENCHES":"NO","BUS_SHELTERS":"EXCH","LOCATION":"Newton Exchange @ Bay 11","ACCESSIBLE":"Yes","OBJECTID_1":2139787,"GLOBALID":null,"TRANSIT_ROUTES":"323","PRESCRIBED_FREQUENT_BUS_STOPS":null}},{"type":"Feature","id":2139788,"geometry":{"type":"Point","coordinates":[-122.84397,49.187891]},"properties":{"FACILITYID":null,"BUS_STOP_NO":60719,"STOP_STATUS":"Active","BUS_BENCHES":null,"BUS_SHELTERS":null,"LOCATION":"Westbound 102 Ave @ Whalley Blvd","ACCESSIBLE":"Yes","OBJECTID_1":2139788,"GLOBALID":null,"TRANSIT_ROUTES":"325","PRESCRIBED_FREQUENT_BUS_STOPS":null}},{"type":"Feature","id":2139789,"geometry":{"type":"Point","coordinates":[-122.801053,49.034168]},"properties":{"FACILITYID":null,"BUS_STOP_NO":61760,"STOP_STATUS":"Active","BUS_BENCHES":null,"BUS_SHELTERS":null,"LOCATION":"White Rock Centre @ Bay 10","ACCESSIBLE":"Yes","OBJECTID_1":2139789,"GLOBALID":null,"TRANSIT_ROUTES":"361, 362","PRESCRIBED_FREQUENT_BUS_STOPS":null}},{"type":"Feature","id":2139790,"geometry":{"type":"Point","coordinates":[-122.730765,49.186626]},"properties":{"FACILITYID":null,"BUS_STOP_NO":60450,"STOP_STATUS":"Active","BUS_BENCHES":null,"BUS_SHELTERS":null,"LOCATION":"Southbound 177A St @ 101A Ave","ACCESSIBLE":"Yes","OBJECTID_1":2139790,"GLOBALID":null,"TRANSIT_ROUTES":"338","PRESCRIBED_FREQUENT_BUS_STOPS":null}},{"type":"Feature","id":2139791,"geometry":{"type":"Point","coordinates":[-122.777907,49.191523]},"properties":{"FACILITYID":null,"BUS_STOP_NO":55915,"STOP_STATUS":"Active","BUS_BENCHES":null,"BUS_SHELTERS":null,"LOCATION":"Northbound 160 St @ 104 Ave","ACCESSIBLE":"Yes","OBJECTID_1":2139791,"GLOBALID":null,"TRANSIT_ROUTES":"338","PRESCRIBED_FREQUENT_BUS_STOPS":null}},{"type":"Feature","id":2139792,"geometry":{"type":"Point","coordinates":[-122.755808,49.191554]},"properties":{"FACILITYID":null,"BUS_STOP_NO":60447,"STOP_STATUS":"Active","BUS_BENCHES":null,"BUS_SHELTERS":null,"LOCATION":"Eastbound 104 Ave @ 168 St","ACCESSIBLE":"Yes","OBJECTID_1":2139792,"GLOBALID":null,"TRANSIT_ROUTES":"338","PRESCRIBED_FREQUENT_BUS_STOPS":null}},{"type":"Feature","id":2139793,"geometry":{"type":"Point","coordinates":[-122.749372,49.191495]},"properties":{"FACILITYID":null,"BUS_STOP_NO":60448,"STOP_STATUS":"Active","BUS_BENCHES":null,"BUS_SHELTERS":null,"LOCATION":"Eastbound 104 Ave @ 170A St","ACCESSIBLE":"Yes","OBJECTID_1":2139793,"GLOBALID":null,"TRANSIT_ROUTES":"338","PRESCRIBED_FREQUENT_BUS_STOPS":null}},{"type":"Feature","id":2139794,"geometry":{"type":"Point","coordinates":[-122.741335,49.19144]},"properties":{"FACILITYID":null,"BUS_STOP_NO":60449,"STOP_STATUS":"Active","BUS_BENCHES":null,"BUS_SHELTERS":null,"LOCATION":"Eastbound 104 Ave @ 174 St","ACCESSIBLE":"Yes","OBJECTID_1":2139794,"GLOBALID":null,"TRANSIT_ROUTES":"338","PRESCRIBED_FREQUENT_BUS_STOPS":null}},{"type":"Feature","id":2139795,"geometry":{"type":"Point","coordinates":[-122.732288,49.185588]},"properties":{"FACILITYID":null,"BUS_STOP_NO":60451,"STOP_STATUS":"Active","BUS_BENCHES":null,"BUS_SHELTERS":null,"LOCATION":"Westbound Barnston Dr E @ 177A St","ACCESSIBLE":"Yes","OBJECTID_1":2139795,"GLOBALID":null,"TRANSIT_ROUTES":"338","PRESCRIBED_FREQUENT_BUS_STOPS":null}},{"type":"Feature","id":2139796,"geometry":{"type":"Point","coordinates":[-122.736775,49.184942]},"properties":{"FACILITYID":null,"BUS_STOP_NO":60452,"STOP_STATUS":"Active","BUS_BENCHES":null,"BUS_SHELTERS":null,"LOCATION":"Westbound Barnston Dr E @ 175A St","ACCESSIBLE":"Yes","OBJECTID_1":2139796,"GLOBALID":null,"TRANSIT_ROUTES":"338","PRESCRIBED_FREQUENT_BUS_STOPS":null}},{"type":"Feature","id":2139797,"geometry":{"type":"Point","coordinates":[-122.740721,49.184331]},"properties":{"FACILITYID":null,"BUS_STOP_NO":60453,"STOP_STATUS":"Active","BUS_BENCHES":null,"BUS_SHELTERS":null,"LOCATION":"Westbound 100 Ave @ 174 St","ACCESSIBLE":"Yes","OBJECTID_1":2139797,"GLOBALID":null,"TRANSIT_ROUTES":"338","PRESCRIBED_FREQUENT_BUS_STOPS":null}},{"type":"Feature","id":2139798,"geometry":{"type":"Point","coordinates":[-122.74607,49.184939]},"properties":{"FACILITYID":null,"BUS_STOP_NO":60454,"STOP_STATUS":"Active","BUS_BENCHES":null,"BUS_SHELTERS":null,"LOCATION":"Westbound Barnston Dr W @ 172 St","ACCESSIBLE":"Yes","OBJECTID_1":2139798,"GLOBALID":null,"TRANSIT_ROUTES":"338","PRESCRIBED_FREQUENT_BUS_STOPS":null}},{"type":"Feature","id":2139799,"geometry":{"type":"Point","coordinates":[-122.772876,49.191615]},"properties":{"FACILITYID":null,"BUS_STOP_NO":60459,"STOP_STATUS":"Active","BUS_BENCHES":null,"BUS_SHELTERS":null,"LOCATION":"Westbound 104 Ave @ Fraserglen Dr","ACCESSIBLE":"Yes","OBJECTID_1":2139799,"GLOBALID":null,"TRANSIT_ROUTES":"338","PRESCRIBED_FREQUENT_BUS_STOPS":null}},{"type":"Feature","id":2139800,"geometry":{"type":"Point","coordinates":[-122.756399,49.189756]},"properties":{"FACILITYID":null,"BUS_STOP_NO":60456,"STOP_STATUS":"Active","BUS_BENCHES":null,"BUS_SHELTERS":null,"LOCATION":"Northbound 168 St @ 103 Ave","ACCESSIBLE":"Yes","OBJECTID_1":2139800,"GLOBALID":null,"TRANSIT_ROUTES":"338","PRESCRIBED_FREQUENT_BUS_STOPS":null}},{"type":"Feature","id":2139801,"geometry":{"type":"Point","coordinates":[-122.768216,49.19158]},"properties":{"FACILITYID":null,"BUS_STOP_NO":60458,"STOP_STATUS":"Active","BUS_BENCHES":null,"BUS_SHELTERS":null,"LOCATION":"Westbound 104 Ave @ 164 St","ACCESSIBLE":"Yes","OBJECTID_1":2139801,"GLOBALID":null,"TRANSIT_ROUTES":"338","PRESCRIBED_FREQUENT_BUS_STOPS":null}},{"type":"Feature","id":2139802,"geometry":{"type":"Point","coordinates":[-122.762732,49.191636]},"properties":{"FACILITYID":null,"BUS_STOP_NO":60457,"STOP_STATUS":"Active","BUS_BENCHES":null,"BUS_SHELTERS":null,"LOCATION":"Westbound 104 Ave @ Oak Gate","ACCESSIBLE":"Yes","OBJECTID_1":2139802,"GLOBALID":null,"TRANSIT_ROUTES":"338","PRESCRIBED_FREQUENT_BUS_STOPS":null}},{"type":"Feature","id":2139803,"geometry":{"type":"Point","coordinates":[-122.697552,49.04578]},"properties":{"FACILITYID":null,"BUS_STOP_NO":62003,"STOP_STATUS":"Active","BUS_BENCHES":null,"BUS_SHELTERS":null,"LOCATION":"Westbound 24 Ave @ 190 St","ACCESSIBLE":"Yes","OBJECTID_1":2139803,"GLOBALID":null,"TRANSIT_ROUTES":"531","PRESCRIBED_FREQUENT_BUS_STOPS":null}},{"type":"Feature","id":2139804,"geometry":{"type":"Point","coordinates":[-122.761434,49.15061]},"properties":{"FACILITYID":null,"BUS_STOP_NO":61996,"STOP_STATUS":"Active","BUS_BENCHES":null,"BUS_SHELTERS":null,"LOCATION":"Westbound Fraser Hwy @ 166 St","ACCESSIBLE":"Yes","OBJECTID_1":2139804,"GLOBALID":null,"TRANSIT_ROUTES":"320, 395, 502, 503","PRESCRIBED_FREQUENT_BUS_STOPS":null}},{"type":"Feature","id":2139805,"geometry":{"type":"Point","coordinates":[-122.757052,49.19169]},"properties":{"FACILITYID":null,"BUS_STOP_NO":61686,"STOP_STATUS":"Active","BUS_BENCHES":null,"BUS_SHELTERS":null,"LOCATION":"Westbound 104 Ave @ 168 St","ACCESSIBLE":"Yes","OBJECTID_1":2139805,"GLOBALID":null,"TRANSIT_ROUTES":"338","PRESCRIBED_FREQUENT_BUS_STOPS":null}},{"type":"Feature","id":2139806,"geometry":{"type":"Point","coordinates":[-122.836332,49.1794]},"properties":{"FACILITYID":null,"BUS_STOP_NO":62012,"STOP_STATUS":"Active","BUS_BENCHES":null,"BUS_SHELTERS":null,"LOCATION":"Eastbound Fraser Hwy @ 140 St","ACCESSIBLE":"Yes","OBJECTID_1":2139806,"GLOBALID":null,"TRANSIT_ROUTES":"345, 395, 502, 503","PRESCRIBED_FREQUENT_BUS_STOPS":null}},{"type":"Feature","id":2139807,"geometry":{"type":"Point","coordinates":[-122.736915,49.138911]},"properties":{"FACILITYID":null,"BUS_STOP_NO":62014,"STOP_STATUS":"Active","BUS_BENCHES":null,"BUS_SHELTERS":null,"LOCATION":"Eastbound Fraser Hwy @ 176 St","ACCESSIBLE":"Yes","OBJECTID_1":2139807,"GLOBALID":null,"TRANSIT_ROUTES":"502","PRESCRIBED_FREQUENT_BUS_STOPS":null}},{"type":"Feature","id":2139808,"geometry":{"type":"Point","coordinates":[-122.690775,49.118766]},"properties":{"FACILITYID":null,"BUS_STOP_NO":62018,"STOP_STATUS":"Active","BUS_BENCHES":null,"BUS_SHELTERS":null,"LOCATION":"Westbound Fraser Hwy @ 64 Ave","ACCESSIBLE":"Yes","OBJECTID_1":2139808,"GLOBALID":null,"TRANSIT_ROUTES":"502, 503","PRESCRIBED_FREQUENT_BUS_STOPS":null}},{"type":"Feature","id":2139809,"geometry":{"type":"Point","coordinates":[-122.708622,49.127101]},"properties":{"FACILITYID":null,"BUS_STOP_NO":62021,"STOP_STATUS":"Active","BUS_BENCHES":null,"BUS_SHELTERS":null,"LOCATION":"Westbound Fraser Hwy @ 68 Ave","ACCESSIBLE":"Yes","OBJECTID_1":2139809,"GLOBALID":null,"TRANSIT_ROUTES":"372, 502","PRESCRIBED_FREQUENT_BUS_STOPS":null}},{"type":"Feature","id":2139810,"geometry":{"type":"Point","coordinates":[-122.724444,49.118853]},"properties":{"FACILITYID":null,"BUS_STOP_NO":62029,"STOP_STATUS":"Active","BUS_BENCHES":null,"BUS_SHELTERS":null,"LOCATION":"Westbound 64 Ave @ 180 St","ACCESSIBLE":"Yes","OBJECTID_1":2139810,"GLOBALID":null,"TRANSIT_ROUTES":"364, 395","PRESCRIBED_FREQUENT_BUS_STOPS":null}},{"type":"Feature","id":2139811,"geometry":{"type":"Point","coordinates":[-122.78184,49.158569]},"properties":{"FACILITYID":null,"BUS_STOP_NO":59363,"STOP_STATUS":"Active","BUS_BENCHES":null,"BUS_SHELTERS":null,"LOCATION":"Westbound Fraser Hwy @ 159 St","ACCESSIBLE":"Yes","OBJECTID_1":2139811,"GLOBALID":null,"TRANSIT_ROUTES":"320, 395, 502, 503","PRESCRIBED_FREQUENT_BUS_STOPS":null}},{"type":"Feature","id":2139812,"geometry":{"type":"Point","coordinates":[-122.823561,49.149175]},"properties":{"FACILITYID":null,"BUS_STOP_NO":62032,"STOP_STATUS":"Active","BUS_BENCHES":null,"BUS_SHELTERS":null,"LOCATION":"Southbound 144 St @ 8100 Block","ACCESSIBLE":"Yes","OBJECTID_1":2139812,"GLOBALID":null,"TRANSIT_ROUTES":"341","PRESCRIBED_FREQUENT_BUS_STOPS":null}},{"type":"Feature","id":2139813,"geometry":{"type":"Point","coordinates":[-122.823357,49.149561]},"properties":{"FACILITYID":null,"BUS_STOP_NO":62031,"STOP_STATUS":"Active","BUS_BENCHES":null,"BUS_SHELTERS":null,"LOCATION":"Northbound 144 St @ 8100 Block","ACCESSIBLE":"Yes","OBJECTID_1":2139813,"GLOBALID":null,"TRANSIT_ROUTES":"341","PRESCRIBED_FREQUENT_BUS_STOPS":null}},{"type":"Feature","id":2139814,"geometry":{"type":"Point","coordinates":[-122.702071,49.133545]},"properties":{"FACILITYID":null,"BUS_STOP_NO":62066,"STOP_STATUS":"Active","BUS_BENCHES":null,"BUS_SHELTERS":null,"LOCATION":"Westbound 72 Ave @ 188 St","ACCESSIBLE":"Yes","OBJECTID_1":2139814,"GLOBALID":null,"TRANSIT_ROUTES":"372","PRESCRIBED_FREQUENT_BUS_STOPS":null}},{"type":"Feature","id":2140150,"geometry":{"type":"Point","coordinates":[-122.84305,49.133459]},"properties":{"FACILITYID":null,"BUS_STOP_NO":55455,"STOP_STATUS":"Active","BUS_BENCHES":null,"BUS_SHELTERS":null,"LOCATION":"Newton Exchange @ Layover","ACCESSIBLE":null,"OBJECTID_1":2140150,"GLOBALID":null,"TRANSIT_ROUTES":"319, 323, 342, 325, 335, 341, 324, 393, 864","PRESCRIBED_FREQUENT_BUS_STOPS":null}},{"type":"Feature","id":2140151,"geometry":{"type":"Point","coordinates":[-122.719361,49.045746]},"properties":{"FACILITYID":null,"BUS_STOP_NO":62069,"STOP_STATUS":"Active","BUS_BENCHES":null,"BUS_SHELTERS":null,"LOCATION":"Westbound 24 Ave @ 182 St","ACCESSIBLE":"Yes","OBJECTID_1":2140151,"GLOBALID":null,"TRANSIT_ROUTES":"531","PRESCRIBED_FREQUENT_BUS_STOPS":null}},{"type":"Feature","id":2140152,"geometry":{"type":"Point","coordinates":[-122.7179,49.045593]},"properties":{"FACILITYID":null,"BUS_STOP_NO":62068,"STOP_STATUS":"Active","BUS_BENCHES":null,"BUS_SHELTERS":null,"LOCATION":"Eastbound 24 Ave @ 182 St","ACCESSIBLE":"Yes","OBJECTID_1":2140152,"GLOBALID":null,"TRANSIT_ROUTES":"531","PRESCRIBED_FREQUENT_BUS_STOPS":null}},{"type":"Feature","id":2140153,"geometry":{"type":"Point","coordinates":[-122.70177,49.133243]},"properties":{"FACILITYID":null,"BUS_STOP_NO":62067,"STOP_STATUS":"Active","BUS_BENCHES":null,"BUS_SHELTERS":null,"LOCATION":"Southbound 188 St @ 72 Ave","ACCESSIBLE":null,"OBJECTID_1":2140153,"GLOBALID":null,"TRANSIT_ROUTES":"370","PRESCRIBED_FREQUENT_BUS_STOPS":null}},{"type":"Feature","id":2142183,"geometry":{"type":"Point","coordinates":[-122.887792,49.137661]},"properties":{"FACILITYID":"1001207664","BUS_STOP_NO":54793,"STOP_STATUS":"Active","BUS_BENCHES":"NO","BUS_SHELTERS":"EXCH","LOCATION":"Scottsdale Exchange @ Bay 6","ACCESSIBLE":"Yes","OBJECTID_1":2142183,"GLOBALID":"{483BFC97-4BEE-4C8C-87BD-581576B16A4E}","TRANSIT_ROUTES":"312, 316, 322, 329","PRESCRIBED_FREQUENT_BUS_STOPS":null}},{"type":"Feature","id":2142184,"geometry":{"type":"Point","coordinates":[-122.890168,49.135869]},"properties":{"FACILITYID":"1001208440","BUS_STOP_NO":54865,"STOP_STATUS":"Active","BUS_BENCHES":"NO","BUS_SHELTERS":"YES","LOCATION":"Northbound Scott Rd @ 72 Ave","ACCESSIBLE":"Yes","OBJECTID_1":2142184,"GLOBALID":"{A555D6B4-6B9A-44A9-B93F-F17427596240}","TRANSIT_ROUTES":"310, 311, 312, 316, 340, 364, 391, R6","PRESCRIBED_FREQUENT_BUS_STOPS":"Yes"}},{"type":"Feature","id":2142185,"geometry":{"type":"Point","coordinates":[-122.890248,49.109116]},"properties":{"FACILITYID":"1001207802","BUS_STOP_NO":54881,"STOP_STATUS":"Active","BUS_BENCHES":"NO","BUS_SHELTERS":"STD AD","LOCATION":"Northbound Scott Rd @ Hwy 10","ACCESSIBLE":"Yes","OBJECTID_1":2142185,"GLOBALID":"{9AA2022C-D39A-44C6-8D0A-EE3A4378E52C}","TRANSIT_ROUTES":"310, 311","PRESCRIBED_FREQUENT_BUS_STOPS":null}},{"type":"Feature","id":2142186,"geometry":{"type":"Point","coordinates":[-122.890228,49.115855]},"properties":{"FACILITYID":"1001208288","BUS_STOP_NO":54883,"STOP_STATUS":"Active","BUS_BENCHES":"YES","BUS_SHELTERS":"STD AD","LOCATION":"Northbound Scott Rd @ 62 Ave","ACCESSIBLE":"Yes","OBJECTID_1":2142186,"GLOBALID":"{F27BF7B6-E600-4CAD-9CD9-FFB9253BE200}","TRANSIT_ROUTES":"310, 311","PRESCRIBED_FREQUENT_BUS_STOPS":null}},{"type":"Feature","id":2142187,"geometry":{"type":"Point","coordinates":[-122.890201,49.119783]},"properties":{"FACILITYID":"1001208253","BUS_STOP_NO":54884,"STOP_STATUS":"Active","BUS_BENCHES":"NO","BUS_SHELTERS":"STD AD","LOCATION":"Northbound Scott Rd @ 64 Ave","ACCESSIBLE":"Yes","OBJECTID_1":2142187,"GLOBALID":"{DFB69A07-2277-4591-A0F8-287C2E8EABD9}","TRANSIT_ROUTES":"310, 311, 340, 364","PRESCRIBED_FREQUENT_BUS_STOPS":null}},{"type":"Feature","id":2142188,"geometry":{"type":"Point","coordinates":[-122.890191,49.123259]},"properties":{"FACILITYID":"1001207582","BUS_STOP_NO":54885,"STOP_STATUS":"Active","BUS_BENCHES":"NO","BUS_SHELTERS":"STD AD","LOCATION":"Northbound Scott Rd @ 66 Ave","ACCESSIBLE":"Yes","OBJECTID_1":2142188,"GLOBALID":"{A5AEA18A-E5DF-4659-8C37-8C0F701C9F6B}","TRANSIT_ROUTES":"310, 311, 340, 364","PRESCRIBED_FREQUENT_BUS_STOPS":null}},{"type":"Feature","id":2142189,"geometry":{"type":"Point","coordinates":[-122.890187,49.126984]},"properties":{"FACILITYID":"1001207925","BUS_STOP_NO":54886,"STOP_STATUS":"Active","BUS_BENCHES":"YES","BUS_SHELTERS":"NO","LOCATION":"Northbound Scott Rd @ 68 Ave","ACCESSIBLE":"Yes","OBJECTID_1":2142189,"GLOBALID":"{4B404C42-216F-4DED-B17F-F1D807DA3265}","TRANSIT_ROUTES":"310, 311, 340, 364","PRESCRIBED_FREQUENT_BUS_STOPS":null}},{"type":"Feature","id":2142190,"geometry":{"type":"Point","coordinates":[-122.888058,49.137611]},"properties":{"FACILITYID":"1001208647","BUS_STOP_NO":54887,"STOP_STATUS":"Active","BUS_BENCHES":"NO","BUS_SHELTERS":"EXCH","LOCATION":"Scottsdale Exchange @ Bay 3","ACCESSIBLE":"Yes","OBJECTID_1":2142190,"GLOBALID":"{27AC83F8-90B1-477A-BBA7-26C8305D04B7}","TRANSIT_ROUTES":"340","PRESCRIBED_FREQUENT_BUS_STOPS":null}},{"type":"Feature","id":2142191,"geometry":{"type":"Point","coordinates":[-122.889399,49.177023]},"properties":{"FACILITYID":"1001208488","BUS_STOP_NO":54909,"STOP_STATUS":"Active","BUS_BENCHES":"YES","BUS_SHELTERS":"NSW","LOCATION":"Eastbound 96 Ave @ Scott Rd","ACCESSIBLE":"Yes","OBJECTID_1":2142191,"GLOBALID":"{AFF32FBA-B94F-4A2E-BFF9-C4378F5FBA4F}","TRANSIT_ROUTES":"314, 316, 329","PRESCRIBED_FREQUENT_BUS_STOPS":null}},{"type":"Feature","id":2142192,"geometry":{"type":"Point","coordinates":[-122.889974,49.177856]},"properties":{"FACILITYID":"1001208837","BUS_STOP_NO":54910,"STOP_STATUS":"Active","BUS_BENCHES":"NO","BUS_SHELTERS":"NO","LOCATION":"Northbound Scott Rd @ 96 Ave","ACCESSIBLE":"Yes","OBJECTID_1":2142192,"GLOBALID":"{0420EBB9-B4C4-471B-8FD7-4E25F2ED3095}","TRANSIT_ROUTES":"312, 319, 329, 391","PRESCRIBED_FREQUENT_BUS_STOPS":"Yes"}},{"type":"Feature","id":2142193,"geometry":{"type":"Point","coordinates":[-122.890044,49.181018]},"properties":{"FACILITYID":"1001208684","BUS_STOP_NO":54911,"STOP_STATUS":"Active","BUS_BENCHES":"NO","BUS_SHELTERS":"NO","LOCATION":"Northbound Scott Rd @ 98 Ave","ACCESSIBLE":"Yes","OBJECTID_1":2142193,"GLOBALID":"{A55591D1-D8AF-406B-85E8-6BE84ED8646D}","TRANSIT_ROUTES":"312, 319, 391","PRESCRIBED_FREQUENT_BUS_STOPS":"Yes"}},{"type":"Feature","id":2142194,"geometry":{"type":"Point","coordinates":[-122.890004,49.183175]},"properties":{"FACILITYID":"1001208521","BUS_STOP_NO":54912,"STOP_STATUS":"Active","BUS_BENCHES":"YES","BUS_SHELTERS":"STD AD","LOCATION":"Northbound Scott Rd @ 99 Ave","ACCESSIBLE":"Yes","OBJECTID_1":2142194,"GLOBALID":"{CC15C2D3-E183-4A91-8CD5-6E0F8744920D}","TRANSIT_ROUTES":"312, 319, 391","PRESCRIBED_FREQUENT_BUS_STOPS":"Yes"}},{"type":"Feature","id":2142195,"geometry":{"type":"Point","coordinates":[-122.890078,49.191325]},"properties":{"FACILITYID":"1001207558","BUS_STOP_NO":54913,"STOP_STATUS":"Active","BUS_BENCHES":"NO","BUS_SHELTERS":"STD AD","LOCATION":"Northbound Scott Rd @ 103A Ave","ACCESSIBLE":"Yes","OBJECTID_1":2142195,"GLOBALID":"{390646CA-986F-4C10-A562-94D0978E098B}","TRANSIT_ROUTES":"312, 319, 391, 640, R6","PRESCRIBED_FREQUENT_BUS_STOPS":"Yes"}},{"type":"Feature","id":2142196,"geometry":{"type":"Point","coordinates":[-122.883179,49.198278]},"properties":{"FACILITYID":"1001207759","BUS_STOP_NO":54914,"STOP_STATUS":"Active","BUS_BENCHES":"NO","BUS_SHELTERS":"YES","LOCATION":"Northbound Scott Rd @ Old Yale Rd","ACCESSIBLE":"Yes","OBJECTID_1":2142196,"GLOBALID":"{985C24B1-3544-49B6-AA4C-847069046EEE}","TRANSIT_ROUTES":"312, 319, 391, 640","PRESCRIBED_FREQUENT_BUS_STOPS":"Yes"}},{"type":"Feature","id":2142197,"geometry":{"type":"Point","coordinates":[-122.880627,49.200711]},"properties":{"FACILITYID":"1001207543","BUS_STOP_NO":54915,"STOP_STATUS":"Active","BUS_BENCHES":"NO","BUS_SHELTERS":"NO","LOCATION":"Northbound Scott Rd @ Lien Rd","ACCESSIBLE":"Yes","OBJECTID_1":2142197,"GLOBALID":"{13FE1422-0A3E-414E-BB4A-42C5C014AD37}","TRANSIT_ROUTES":"312, 319, 640","PRESCRIBED_FREQUENT_BUS_STOPS":null}},{"type":"Feature","id":2142198,"geometry":{"type":"Point","coordinates":[-122.883545,49.198469]},"properties":{"FACILITYID":"1001208067","BUS_STOP_NO":54917,"STOP_STATUS":"Active","BUS_BENCHES":"NO","BUS_SHELTERS":"YES","LOCATION":"Southbound Scott Rd @ Old Yale Rd","ACCESSIBLE":"Yes","OBJECTID_1":2142198,"GLOBALID":"{D035F6A6-DF8A-42B9-903E-C4C979CCFB03}","TRANSIT_ROUTES":"312, 319, 391, 640","PRESCRIBED_FREQUENT_BUS_STOPS":"Yes"}},{"type":"Feature","id":2142199,"geometry":{"type":"Point","coordinates":[-122.890406,49.181778]},"properties":{"FACILITYID":"1001207859","BUS_STOP_NO":54919,"STOP_STATUS":"Active","BUS_BENCHES":"NO","BUS_SHELTERS":"STD AD","LOCATION":"Southbound Scott Rd @ 99 Ave","ACCESSIBLE":"Yes","OBJECTID_1":2142199,"GLOBALID":"{6F69DCD6-F690-4A76-B313-416CD68D0E81}","TRANSIT_ROUTES":"312, 319, 391","PRESCRIBED_FREQUENT_BUS_STOPS":"Yes"}},{"type":"Feature","id":2142200,"geometry":{"type":"Point","coordinates":[-122.890965,49.177231]},"properties":{"FACILITYID":null,"BUS_STOP_NO":54920,"STOP_STATUS":"Active","BUS_BENCHES":"YES","BUS_SHELTERS":"YES","LOCATION":"Westbound 96 Ave @ Scott Rd","ACCESSIBLE":"Yes","OBJECTID_1":2142200,"GLOBALID":null,"TRANSIT_ROUTES":"312, 314, 316, 391","PRESCRIBED_FREQUENT_BUS_STOPS":null}},{"type":"Feature","id":2142201,"geometry":{"type":"Point","coordinates":[-122.896846,49.177194]},"properties":{"FACILITYID":null,"BUS_STOP_NO":54921,"STOP_STATUS":"Active","BUS_BENCHES":"NO","BUS_SHELTERS":"NO","LOCATION":"Westbound 96 Ave @ 117B St","ACCESSIBLE":"Yes","OBJECTID_1":2142201,"GLOBALID":null,"TRANSIT_ROUTES":"312, 316, 391","PRESCRIBED_FREQUENT_BUS_STOPS":null}},{"type":"Feature","id":2142202,"geometry":{"type":"Point","coordinates":[-122.901673,49.177186]},"properties":{"FACILITYID":"1001208206","BUS_STOP_NO":54922,"STOP_STATUS":"Active","BUS_BENCHES":"NO","BUS_SHELTERS":"NO","LOCATION":"Westbound 96 Ave @ 116 St","ACCESSIBLE":"Yes","OBJECTID_1":2142202,"GLOBALID":"{A8CD0CED-58CB-407D-BC75-96EC10A81E83}","TRANSIT_ROUTES":"312","PRESCRIBED_FREQUENT_BUS_STOPS":null}},{"type":"Feature","id":2142203,"geometry":{"type":"Point","coordinates":[-122.884518,49.135461]},"properties":{"FACILITYID":"1001208493","BUS_STOP_NO":54942,"STOP_STATUS":"Active","BUS_BENCHES":"NO","BUS_SHELTERS":"NO","LOCATION":"Northbound 122 St @ 7300 Block","ACCESSIBLE":"Yes","OBJECTID_1":2142203,"GLOBALID":"{CFE0B40C-E5EB-46C9-B090-C5C11FD383E2}","TRANSIT_ROUTES":"319, 322","PRESCRIBED_FREQUENT_BUS_STOPS":"Yes"}},{"type":"Feature","id":2142204,"geometry":{"type":"Point","coordinates":[-122.89018,49.159865]},"properties":{"FACILITYID":null,"BUS_STOP_NO":54972,"STOP_STATUS":"Active","BUS_BENCHES":"NO","BUS_SHELTERS":"NO","LOCATION":"Northbound Scott Rd @ 86 Ave","ACCESSIBLE":"No","OBJECTID_1":2142204,"GLOBALID":null,"TRANSIT_ROUTES":"314, 319, 329","PRESCRIBED_FREQUENT_BUS_STOPS":null}},{"type":"Feature","id":2142205,"geometry":{"type":"Point","coordinates":[-122.890176,49.162457]},"properties":{"FACILITYID":null,"BUS_STOP_NO":59035,"STOP_STATUS":"Active","BUS_BENCHES":"YES","BUS_SHELTERS":"YES","LOCATION":"Northbound Scott Rd @ Nordel Way","ACCESSIBLE":"Yes","OBJECTID_1":2142205,"GLOBALID":null,"TRANSIT_ROUTES":"314, 319, 329, R6","PRESCRIBED_FREQUENT_BUS_STOPS":"Yes"}},{"type":"Feature","id":2142206,"geometry":{"type":"Point","coordinates":[-122.890117,49.167342]},"properties":{"FACILITYID":"1001208529","BUS_STOP_NO":54974,"STOP_STATUS":"Active","BUS_BENCHES":"YES","BUS_SHELTERS":"STD AD","LOCATION":"Northbound Scott Rd @ 90 Ave","ACCESSIBLE":"Yes","OBJECTID_1":2142206,"GLOBALID":"{65A05E8C-21C9-4B1A-9505-48BF1C5C60F4}","TRANSIT_ROUTES":"314, 319, 329","PRESCRIBED_FREQUENT_BUS_STOPS":"Yes"}},{"type":"Feature","id":2142207,"geometry":{"type":"Point","coordinates":[-122.890094,49.169575]},"properties":{"FACILITYID":"1001208299","BUS_STOP_NO":54976,"STOP_STATUS":"Active","BUS_BENCHES":"YES","BUS_SHELTERS":"NO","LOCATION":"Northbound Scott Rd @ Holt Rd","ACCESSIBLE":"Yes","OBJECTID_1":2142207,"GLOBALID":"{5E876D9A-8336-492C-884E-044CA9FD6C96}","TRANSIT_ROUTES":"314, 319, 329","PRESCRIBED_FREQUENT_BUS_STOPS":"Yes"}},{"type":"Feature","id":2142208,"geometry":{"type":"Point","coordinates":[-122.890031,49.173249]},"properties":{"FACILITYID":"1001208718","BUS_STOP_NO":54977,"STOP_STATUS":"Active","BUS_BENCHES":"NO","BUS_SHELTERS":"LRG","LOCATION":"Northbound Scott Rd @ 93A Ave","ACCESSIBLE":"Yes","OBJECTID_1":2142208,"GLOBALID":"{04F044A2-F74C-4197-9C5F-A5D9D6E40F7E}","TRANSIT_ROUTES":"314, 319, 329","PRESCRIBED_FREQUENT_BUS_STOPS":"Yes"}},{"type":"Feature","id":2142209,"geometry":{"type":"Point","coordinates":[-122.884175,49.177087]},"properties":{"FACILITYID":"1001208068","BUS_STOP_NO":54978,"STOP_STATUS":"Active","BUS_BENCHES":"NO","BUS_SHELTERS":"STD AD","LOCATION":"Eastbound 96 Ave @ 122 St","ACCESSIBLE":"Yes","OBJECTID_1":2142209,"GLOBALID":"{9D1FF37C-6F22-4376-9C3C-C27A082FFD1A}","TRANSIT_ROUTES":"314, 316, 329","PRESCRIBED_FREQUENT_BUS_STOPS":null}},{"type":"Feature","id":2142210,"geometry":{"type":"Point","coordinates":[-122.879647,49.177099]},"properties":{"FACILITYID":"1001208070","BUS_STOP_NO":54979,"STOP_STATUS":"Active","BUS_BENCHES":"NO","BUS_SHELTERS":"NO","LOCATION":"Eastbound 96 Ave @ 124 St","ACCESSIBLE":"Yes","OBJECTID_1":2142210,"GLOBALID":"{8FBBBC67-2A63-4D93-BC83-E7727092A025}","TRANSIT_ROUTES":"314, 329","PRESCRIBED_FREQUENT_BUS_STOPS":null}},{"type":"Feature","id":2142211,"geometry":{"type":"Point","coordinates":[-122.87666,49.177099]},"properties":{"FACILITYID":"1001207661","BUS_STOP_NO":54980,"STOP_STATUS":"Active","BUS_BENCHES":"NO","BUS_SHELTERS":"NO","LOCATION":"Eastbound 96 Ave @ 125 St","ACCESSIBLE":"No","OBJECTID_1":2142211,"GLOBALID":"{43AF4E5C-C1C0-4D69-A1A9-F1EB8B753016}","TRANSIT_ROUTES":"314, 329","PRESCRIBED_FREQUENT_BUS_STOPS":null}},{"type":"Feature","id":2142212,"geometry":{"type":"Point","coordinates":[-122.872995,49.177077]},"properties":{"FACILITYID":"1001208678","BUS_STOP_NO":54981,"STOP_STATUS":"Active","BUS_BENCHES":"YES","BUS_SHELTERS":"NO","LOCATION":"Eastbound 96 Ave @ 126 St","ACCESSIBLE":"Yes","OBJECTID_1":2142212,"GLOBALID":"{8DD428E7-4BDA-4A6B-BDE2-798E662F1C21}","TRANSIT_ROUTES":"314, 329","PRESCRIBED_FREQUENT_BUS_STOPS":null}},{"type":"Feature","id":2142213,"geometry":{"type":"Point","coordinates":[-122.867433,49.177067]},"properties":{"FACILITYID":"1001207647","BUS_STOP_NO":54982,"STOP_STATUS":"Active","BUS_BENCHES":"YES","BUS_SHELTERS":"NSW","LOCATION":"Eastbound 96 Ave @ 128 St","ACCESSIBLE":"Yes","OBJECTID_1":2142213,"GLOBALID":"{0415889F-0CEC-47A5-A13B-56A0F37FCEAB}","TRANSIT_ROUTES":"314, 329","PRESCRIBED_FREQUENT_BUS_STOPS":null}},{"type":"Feature","id":2142214,"geometry":{"type":"Point","coordinates":[-122.863567,49.177045]},"properties":{"FACILITYID":"1001208152","BUS_STOP_NO":61516,"STOP_STATUS":"Active","BUS_BENCHES":"NO","BUS_SHELTERS":"STD AD","LOCATION":"Eastbound 96 Ave @ Prince Charles Blvd","ACCESSIBLE":"Yes","OBJECTID_1":2142214,"GLOBALID":"{565E3D51-3D91-4BEF-9C54-49880FF5C36E}","TRANSIT_ROUTES":"314, 329","PRESCRIBED_FREQUENT_BUS_STOPS":null}},{"type":"Feature","id":2142215,"geometry":{"type":"Point","coordinates":[-122.86091,49.17703]},"properties":{"FACILITYID":"1001208401","BUS_STOP_NO":54984,"STOP_STATUS":"Active","BUS_BENCHES":"NO","BUS_SHELTERS":"NO","LOCATION":"Eastbound 96 Ave @ 130A St","ACCESSIBLE":"Yes","OBJECTID_1":2142215,"GLOBALID":"{00561F2C-150F-4867-8E6B-697EE34639B0}","TRANSIT_ROUTES":"314, 329","PRESCRIBED_FREQUENT_BUS_STOPS":null}},{"type":"Feature","id":2142216,"geometry":{"type":"Point","coordinates":[-122.855987,49.177019]},"properties":{"FACILITYID":"1001207993","BUS_STOP_NO":54985,"STOP_STATUS":"Active","BUS_BENCHES":"NO","BUS_SHELTERS":"YES","LOCATION":"Eastbound 96 Ave @ 132 St","ACCESSIBLE":"Yes","OBJECTID_1":2142216,"GLOBALID":"{05CD2A8B-063F-41B4-8C42-B0565F108188}","TRANSIT_ROUTES":"314, 329","PRESCRIBED_FREQUENT_BUS_STOPS":null}},{"type":"Feature","id":2142217,"geometry":{"type":"Point","coordinates":[-122.850709,49.176992]},"properties":{"FACILITYID":"1001207930","BUS_STOP_NO":54986,"STOP_STATUS":"Active","BUS_BENCHES":"NO","BUS_SHELTERS":"NO","LOCATION":"Eastbound 96 Ave @ 134 St","ACCESSIBLE":"No","OBJECTID_1":2142217,"GLOBALID":"{3877454D-CBE3-4468-BCE6-7F5024C25DE0}","TRANSIT_ROUTES":"314, 329","PRESCRIBED_FREQUENT_BUS_STOPS":null}},{"type":"Feature","id":2142218,"geometry":{"type":"Point","coordinates":[-122.846016,49.176019]},"properties":{"FACILITYID":"1001208215","BUS_STOP_NO":54987,"STOP_STATUS":"Active","BUS_BENCHES":"YES","BUS_SHELTERS":"LRG","LOCATION":"Southbound King George Blvd @ 96 Ave","ACCESSIBLE":"Yes","OBJECTID_1":2142218,"GLOBALID":"{54DF35E8-13DE-456D-8A5B-E8F1FF18A7E2}","TRANSIT_ROUTES":"314, 321, 394, R1","PRESCRIBED_FREQUENT_BUS_STOPS":"Yes"}},{"type":"Feature","id":2142219,"geometry":{"type":"Point","coordinates":[-122.845422,49.177621]},"properties":{"FACILITYID":"1001208669","BUS_STOP_NO":54988,"STOP_STATUS":"Active","BUS_BENCHES":"NO","BUS_SHELTERS":"STD AD","LOCATION":"Northbound King George Blvd @ 96 Ave","ACCESSIBLE":"Yes","OBJECTID_1":2142219,"GLOBALID":"{710AC91B-2847-4CDF-8CE4-3303338BEB6C}","TRANSIT_ROUTES":"314, 321, 326, 329, 394, R1","PRESCRIBED_FREQUENT_BUS_STOPS":"Yes"}},{"type":"Feature","id":2142220,"geometry":{"type":"Point","coordinates":[-122.845247,49.181116]},"properties":{"FACILITYID":null,"BUS_STOP_NO":54989,"STOP_STATUS":"Active","BUS_BENCHES":"NO","BUS_SHELTERS":"YES","LOCATION":"Northbound King George Blvd @ Fraser Hwy","ACCESSIBLE":"Yes","OBJECTID_1":2142220,"GLOBALID":null,"TRANSIT_ROUTES":"314, 321, 326, 329, 345, 502, 395","PRESCRIBED_FREQUENT_BUS_STOPS":"Yes"}},{"type":"Feature","id":2142221,"geometry":{"type":"Point","coordinates":[-122.845136,49.183124]},"properties":{"FACILITYID":"1001208298","BUS_STOP_NO":54990,"STOP_STATUS":"Active","BUS_BENCHES":"YES","BUS_SHELTERS":"STD AD","LOCATION":"King George Station @ Bay 2","ACCESSIBLE":"Yes","OBJECTID_1":2142221,"GLOBALID":"{F44253C2-F603-40B8-B515-4D55FF3E2CE6}","TRANSIT_ROUTES":"345, 394, 894, 395","PRESCRIBED_FREQUENT_BUS_STOPS":null}},{"type":"Feature","id":2142222,"geometry":{"type":"Point","coordinates":[-122.848754,49.188961]},"properties":{"FACILITYID":"1001208032","BUS_STOP_NO":54993,"STOP_STATUS":"Active","BUS_BENCHES":"NO","BUS_SHELTERS":"EXCH","LOCATION":"Surrey Central Station @ Bay 8","ACCESSIBLE":"Yes","OBJECTID_1":2142222,"GLOBALID":"{B76742DC-091F-4746-B564-FC4C09CC4813}","TRANSIT_ROUTES":"324, 326","PRESCRIBED_FREQUENT_BUS_STOPS":null}},{"type":"Feature","id":2142223,"geometry":{"type":"Point","coordinates":[-122.851472,49.187503]},"properties":{"FACILITYID":"1001208310","BUS_STOP_NO":54994,"STOP_STATUS":"Active","BUS_BENCHES":"NO","BUS_SHELTERS":"STD AD","LOCATION":"Southbound University Dr @ 10100 Block","ACCESSIBLE":"Yes","OBJECTID_1":2142223,"GLOBALID":"{534B01E3-7E8A-4336-961B-2B7814054388}","TRANSIT_ROUTES":"316, 321, 326, 502","PRESCRIBED_FREQUENT_BUS_STOPS":"Yes"}},{"type":"Feature","id":2142224,"geometry":{"type":"Point","coordinates":[-122.851078,49.185705]},"properties":{"FACILITYID":"1001208395","BUS_STOP_NO":54995,"STOP_STATUS":"Active","BUS_BENCHES":"NO","BUS_SHELTERS":"STD AD","LOCATION":"Eastbound Old Yale Rd @ University Dr","ACCESSIBLE":"Yes","OBJECTID_1":2142224,"GLOBALID":"{B3DFD666-9502-47C7-BD6A-CE029A8CB966}","TRANSIT_ROUTES":"321, 326, 502","PRESCRIBED_FREQUENT_BUS_STOPS":"Yes"}},{"type":"Feature","id":2142225,"geometry":{"type":"Point","coordinates":[-122.845814,49.179601]},"properties":{"FACILITYID":"1001207612","BUS_STOP_NO":54997,"STOP_STATUS":"Active","BUS_BENCHES":"YES","BUS_SHELTERS":"STD AD","LOCATION":"Southbound King George Blvd @ 98 Ave","ACCESSIBLE":"Yes","OBJECTID_1":2142225,"GLOBALID":"{976A93AA-B335-43B6-A8FF-BA5CA47CB907}","TRANSIT_ROUTES":"314, 321, 329","PRESCRIBED_FREQUENT_BUS_STOPS":null}},{"type":"Feature","id":2142226,"geometry":{"type":"Point","coordinates":[-122.847002,49.177135]},"properties":{"FACILITYID":"1001208154","BUS_STOP_NO":54998,"STOP_STATUS":"Active","BUS_BENCHES":"YES","BUS_SHELTERS":"STD AD","LOCATION":"Westbound 96 Ave @ King George Blvd","ACCESSIBLE":"Yes","OBJECTID_1":2142226,"GLOBALID":"{A0F82484-E335-4DA5-BAF3-C531A759D308}","TRANSIT_ROUTES":"314, 329","PRESCRIBED_FREQUENT_BUS_STOPS":null}},{"type":"Feature","id":2142227,"geometry":{"type":"Point","coordinates":[-122.851794,49.177159]},"properties":{"FACILITYID":"1001207735","BUS_STOP_NO":54999,"STOP_STATUS":"Active","BUS_BENCHES":"NO","BUS_SHELTERS":"NO","LOCATION":"Westbound 96 Ave @ 134 St","ACCESSIBLE":"Yes","OBJECTID_1":2142227,"GLOBALID":"{B91BFA34-A865-4C69-A2B5-7073138832AF}","TRANSIT_ROUTES":"314, 329","PRESCRIBED_FREQUENT_BUS_STOPS":null}},{"type":"Feature","id":2142228,"geometry":{"type":"Point","coordinates":[-122.857325,49.177197]},"properties":{"FACILITYID":"1001208415","BUS_STOP_NO":55000,"STOP_STATUS":"Active","BUS_BENCHES":"YES","BUS_SHELTERS":"NO","LOCATION":"Westbound 96 Ave @ 132 St","ACCESSIBLE":"Yes","OBJECTID_1":2142228,"GLOBALID":"{D95DA60F-0C33-4BF5-99BD-174BFE1FDDB2}","TRANSIT_ROUTES":"314, 329","PRESCRIBED_FREQUENT_BUS_STOPS":null}},{"type":"Feature","id":2142229,"geometry":{"type":"Point","coordinates":[-122.861965,49.177222]},"properties":{"FACILITYID":"1001207636","BUS_STOP_NO":55001,"STOP_STATUS":"Active","BUS_BENCHES":"NO","BUS_SHELTERS":"NO","LOCATION":"Westbound 96 Ave @ 130 St","ACCESSIBLE":"Yes","OBJECTID_1":2142229,"GLOBALID":"{990D4AD1-C29C-4195-8846-2E6F5CFC0BEC}","TRANSIT_ROUTES":"314, 329","PRESCRIBED_FREQUENT_BUS_STOPS":null}},{"type":"Feature","id":2142230,"geometry":{"type":"Point","coordinates":[-122.864648,49.177237]},"properties":{"FACILITYID":"1001208479","BUS_STOP_NO":55002,"STOP_STATUS":"Active","BUS_BENCHES":"NO","BUS_SHELTERS":"STD AD","LOCATION":"Westbound 96 Ave @ Prince Charles Blvd","ACCESSIBLE":"Yes","OBJECTID_1":2142230,"GLOBALID":"{D8594E0D-5063-47CD-8023-67F9D55E1F2B}","TRANSIT_ROUTES":"314, 329","PRESCRIBED_FREQUENT_BUS_STOPS":null}},{"type":"Feature","id":2142231,"geometry":{"type":"Point","coordinates":[-122.868763,49.177263]},"properties":{"FACILITYID":"1001208082","BUS_STOP_NO":55003,"STOP_STATUS":"Active","BUS_BENCHES":"YES","BUS_SHELTERS":"NSW","LOCATION":"Westbound 96 Ave @ 128 St","ACCESSIBLE":"Yes","OBJECTID_1":2142231,"GLOBALID":"{4A2126B5-F1E6-46AD-9F62-9845C402673A}","TRANSIT_ROUTES":"314, 329","PRESCRIBED_FREQUENT_BUS_STOPS":null}},{"type":"Feature","id":2142232,"geometry":{"type":"Point","coordinates":[-122.874198,49.177262]},"properties":{"FACILITYID":"1001208347","BUS_STOP_NO":55004,"STOP_STATUS":"Active","BUS_BENCHES":"YES","BUS_SHELTERS":"NO","LOCATION":"Westbound 96 Ave @ 126 St","ACCESSIBLE":"Yes","OBJECTID_1":2142232,"GLOBALID":"{42DD9EAE-663A-492F-85C5-AF90063FA318}","TRANSIT_ROUTES":"314, 329","PRESCRIBED_FREQUENT_BUS_STOPS":null}},{"type":"Feature","id":2142233,"geometry":{"type":"Point","coordinates":[-122.885246,49.177234]},"properties":{"FACILITYID":"1001207743","BUS_STOP_NO":55006,"STOP_STATUS":"Active","BUS_BENCHES":"NO","BUS_SHELTERS":"NO","LOCATION":"Westbound 96 Ave @ 122 St","ACCESSIBLE":"Yes","OBJECTID_1":2142233,"GLOBALID":"{03AFD43F-B85D-415D-90E3-6233D1B658F8}","TRANSIT_ROUTES":"316","PRESCRIBED_FREQUENT_BUS_STOPS":null}},{"type":"Feature","id":2142234,"geometry":{"type":"Point","coordinates":[-122.879336,49.176738]},"properties":{"FACILITYID":"1001208814","BUS_STOP_NO":55007,"STOP_STATUS":"Active","BUS_BENCHES":"NO","BUS_SHELTERS":"NO","LOCATION":"Southbound 124 St @ 96 Ave","ACCESSIBLE":"Yes","OBJECTID_1":2142234,"GLOBALID":"{41A06E13-21D2-4F1C-AB36-C1523915BE6D}","TRANSIT_ROUTES":"314, 329","PRESCRIBED_FREQUENT_BUS_STOPS":null}},{"type":"Feature","id":2142235,"geometry":{"type":"Point","coordinates":[-122.879321,49.175188]},"properties":{"FACILITYID":"1001207896","BUS_STOP_NO":55008,"STOP_STATUS":"Active","BUS_BENCHES":"NO","BUS_SHELTERS":"NO","LOCATION":"Southbound 124 St @ 95 Ave","ACCESSIBLE":"Yes","OBJECTID_1":2142235,"GLOBALID":"{3E424390-C530-4CD9-8A42-755EA81AB3B3}","TRANSIT_ROUTES":"314, 329","PRESCRIBED_FREQUENT_BUS_STOPS":null}},{"type":"Feature","id":2142236,"geometry":{"type":"Point","coordinates":[-122.879333,49.17346]},"properties":{"FACILITYID":"1001208836","BUS_STOP_NO":55009,"STOP_STATUS":"Active","BUS_BENCHES":"NO","BUS_SHELTERS":"NO","LOCATION":"Southbound 124 St @ Iona Place","ACCESSIBLE":"Yes","OBJECTID_1":2142236,"GLOBALID":"{D7A227AB-7C04-4869-B15B-D1902FDB8700}","TRANSIT_ROUTES":"314, 329","PRESCRIBED_FREQUENT_BUS_STOPS":null}},{"type":"Feature","id":2142237,"geometry":{"type":"Point","coordinates":[-122.879346,49.171566]},"properties":{"FACILITYID":"1001208608","BUS_STOP_NO":55010,"STOP_STATUS":"Active","BUS_BENCHES":"NO","BUS_SHELTERS":"NO","LOCATION":"Southbound 124 St @ 93 Ave","ACCESSIBLE":"No","OBJECTID_1":2142237,"GLOBALID":"{9A22C76B-CBAB-4A55-BD7D-62F53AAB76EF}","TRANSIT_ROUTES":"314, 329","PRESCRIBED_FREQUENT_BUS_STOPS":null}},{"type":"Feature","id":2142238,"geometry":{"type":"Point","coordinates":[-122.879957,49.170308]},"properties":{"FACILITYID":"1001207685","BUS_STOP_NO":55011,"STOP_STATUS":"Active","BUS_BENCHES":"NO","BUS_SHELTERS":"NO","LOCATION":"Westbound 92 Ave @ 124 St","ACCESSIBLE":"Yes","OBJECTID_1":2142238,"GLOBALID":"{27B60391-F0B7-441C-86BD-025AB58E50F2}","TRANSIT_ROUTES":"314, 329","PRESCRIBED_FREQUENT_BUS_STOPS":null}},{"type":"Feature","id":2142239,"geometry":{"type":"Point","coordinates":[-122.885182,49.170412]},"properties":{"FACILITYID":"1001208285","BUS_STOP_NO":55012,"STOP_STATUS":"Active","BUS_BENCHES":"NO","BUS_SHELTERS":"NO","LOCATION":"Westbound 92 Ave @ 122 St","ACCESSIBLE":"Yes","OBJECTID_1":2142239,"GLOBALID":"{A75A90CA-FA7D-4420-9EA2-C8E4439B516E}","TRANSIT_ROUTES":"314, 329","PRESCRIBED_FREQUENT_BUS_STOPS":null}},{"type":"Feature","id":2142240,"geometry":{"type":"Point","coordinates":[-122.88922,49.17049]},"properties":{"FACILITYID":"1001208326","BUS_STOP_NO":55013,"STOP_STATUS":"Active","BUS_BENCHES":"YES","BUS_SHELTERS":"NO","LOCATION":"Westbound 92 Ave @ Scott Rd","ACCESSIBLE":"Yes","OBJECTID_1":2142240,"GLOBALID":"{81FB2D6A-06D7-40E7-A153-115A10AF68B0}","TRANSIT_ROUTES":"314, 329","PRESCRIBED_FREQUENT_BUS_STOPS":null}},{"type":"Feature","id":2142241,"geometry":{"type":"Point","coordinates":[-122.888277,49.137505]},"properties":{"FACILITYID":"1001208664","BUS_STOP_NO":55041,"STOP_STATUS":"Active","BUS_BENCHES":"NO","BUS_SHELTERS":"EXCH","LOCATION":"Scottsdale Exchange @ Bay 2","ACCESSIBLE":"Yes","OBJECTID_1":2142241,"GLOBALID":"{26616AE9-0A93-4543-90CD-A0879D9B5835}","TRANSIT_ROUTES":"316, 329","PRESCRIBED_FREQUENT_BUS_STOPS":null}},{"type":"Feature","id":2142242,"geometry":{"type":"Point","coordinates":[-122.884707,49.13569]},"properties":{"FACILITYID":"1001208406","BUS_STOP_NO":55042,"STOP_STATUS":"Active","BUS_BENCHES":"YES","BUS_SHELTERS":"YES","LOCATION":"Southbound 122 St @ 7300 Block","ACCESSIBLE":"Yes","OBJECTID_1":2142242,"GLOBALID":"{BF4FB9F7-AFB3-4E78-AE4A-C1A7EF9538ED}","TRANSIT_ROUTES":"319, 322","PRESCRIBED_FREQUENT_BUS_STOPS":"Yes"}},{"type":"Feature","id":2142243,"geometry":{"type":"Point","coordinates":[-122.880413,49.177729]},"properties":{"FACILITYID":"1001208325","BUS_STOP_NO":55059,"STOP_STATUS":"Active","BUS_BENCHES":"NO","BUS_SHELTERS":"NO","LOCATION":"Northbound 123A St @ 96 Ave","ACCESSIBLE":"Yes","OBJECTID_1":2142243,"GLOBALID":"{ADA6CE2F-26C1-4847-884A-60A5C9526BE8}","TRANSIT_ROUTES":"316","PRESCRIBED_FREQUENT_BUS_STOPS":null}},{"type":"Feature","id":2142244,"geometry":{"type":"Point","coordinates":[-122.880409,49.181312]},"properties":{"FACILITYID":"1001208384","BUS_STOP_NO":55060,"STOP_STATUS":"Active","BUS_BENCHES":"NO","BUS_SHELTERS":"NO","LOCATION":"Northbound 123A St @ 98 Ave","ACCESSIBLE":"No","OBJECTID_1":2142244,"GLOBALID":"{19925CB7-B33F-4E30-B0E3-0A10E0710763}","TRANSIT_ROUTES":"316","PRESCRIBED_FREQUENT_BUS_STOPS":null}},{"type":"Feature","id":2142245,"geometry":{"type":"Point","coordinates":[-122.880403,49.183104]},"properties":{"FACILITYID":"1001208514","BUS_STOP_NO":55061,"STOP_STATUS":"Active","BUS_BENCHES":"NO","BUS_SHELTERS":"NO","LOCATION":"Northbound 123A St @ 99 Ave","ACCESSIBLE":"Yes","OBJECTID_1":2142245,"GLOBALID":"{E80F5A98-CE59-45E3-A2D7-7E1B5041A117}","TRANSIT_ROUTES":"316","PRESCRIBED_FREQUENT_BUS_STOPS":null}},{"type":"Feature","id":2142246,"geometry":{"type":"Point","coordinates":[-122.87992,49.184389]},"properties":{"FACILITYID":"1001208301","BUS_STOP_NO":55062,"STOP_STATUS":"Active","BUS_BENCHES":"NO","BUS_SHELTERS":"NO","LOCATION":"Eastbound 100 Ave @ 123A St","ACCESSIBLE":"Yes","OBJECTID_1":2142246,"GLOBALID":"{BC38DE12-3ADB-4A65-B0A1-621747B9B9A3}","TRANSIT_ROUTES":"316","PRESCRIBED_FREQUENT_BUS_STOPS":null}},{"type":"Feature","id":2142247,"geometry":{"type":"Point","coordinates":[-122.875767,49.184458]},"properties":{"FACILITYID":"1001208610","BUS_STOP_NO":55063,"STOP_STATUS":"Active","BUS_BENCHES":"NO","BUS_SHELTERS":"NO","LOCATION":"Eastbound 100 Ave @ 124B St","ACCESSIBLE":"Yes","OBJECTID_1":2142247,"GLOBALID":"{DA862BFA-E3E7-4007-8A62-F296C8D24768}","TRANSIT_ROUTES":"316","PRESCRIBED_FREQUENT_BUS_STOPS":null}},{"type":"Feature","id":2142248,"geometry":{"type":"Point","coordinates":[-122.872619,49.184439]},"properties":{"FACILITYID":"1001208375","BUS_STOP_NO":55064,"STOP_STATUS":"Active","BUS_BENCHES":"NO","BUS_SHELTERS":"NO","LOCATION":"Eastbound 100 Ave @ Helen Dr","ACCESSIBLE":"Yes","OBJECTID_1":2142248,"GLOBALID":"{11F615AC-877E-4E33-BC2F-3AD01FD7CB4B}","TRANSIT_ROUTES":"316","PRESCRIBED_FREQUENT_BUS_STOPS":null}},{"type":"Feature","id":2142249,"geometry":{"type":"Point","coordinates":[-122.867079,49.184382]},"properties":{"FACILITYID":"1001207683","BUS_STOP_NO":55065,"STOP_STATUS":"Active","BUS_BENCHES":"NO","BUS_SHELTERS":"NO","LOCATION":"Eastbound 100 Ave @ 128 St","ACCESSIBLE":"Yes","OBJECTID_1":2142249,"GLOBALID":"{53FEBAE9-8F47-4425-942D-1088874A6173}","TRANSIT_ROUTES":"316","PRESCRIBED_FREQUENT_BUS_STOPS":null}},{"type":"Feature","id":2142250,"geometry":{"type":"Point","coordinates":[-122.861709,49.184366]},"properties":{"FACILITYID":"1001207964","BUS_STOP_NO":55066,"STOP_STATUS":"Active","BUS_BENCHES":"NO","BUS_SHELTERS":"NO","LOCATION":"Eastbound 100 Ave @ 130 St","ACCESSIBLE":"Yes","OBJECTID_1":2142250,"GLOBALID":"{4998C5F6-883C-471C-B3DE-DA05189CD2F8}","TRANSIT_ROUTES":"316","PRESCRIBED_FREQUENT_BUS_STOPS":null}},{"type":"Feature","id":2142251,"geometry":{"type":"Point","coordinates":[-122.856416,49.184856]},"properties":{"FACILITYID":"1001208646","BUS_STOP_NO":55067,"STOP_STATUS":"Active","BUS_BENCHES":"YES","BUS_SHELTERS":"NO","LOCATION":"Northbound 132 St @ 100 Ave","ACCESSIBLE":"Yes","OBJECTID_1":2142251,"GLOBALID":"{018FF9AC-A14C-4108-B84F-BCD2E8CE515A}","TRANSIT_ROUTES":"316, 324","PRESCRIBED_FREQUENT_BUS_STOPS":null}},{"type":"Feature","id":2142252,"geometry":{"type":"Point","coordinates":[-122.855723,49.187432]},"properties":{"FACILITYID":"1001840920","BUS_STOP_NO":55068,"STOP_STATUS":"Active","BUS_BENCHES":"NO","BUS_SHELTERS":"NO","LOCATION":"Eastbound Old Yale Rd @ 132 St","ACCESSIBLE":"Yes","OBJECTID_1":2142252,"GLOBALID":"{47DC2AC4-ABF9-4B2E-B356-7A9334969583}","TRANSIT_ROUTES":"316","PRESCRIBED_FREQUENT_BUS_STOPS":null}},{"type":"Feature","id":2142253,"geometry":{"type":"Point","coordinates":[-122.851544,49.186513]},"properties":{"FACILITYID":"1001208443","BUS_STOP_NO":55069,"STOP_STATUS":"Active","BUS_BENCHES":"NO","BUS_SHELTERS":"STD AD","LOCATION":"Northbound University Dr @ Old Yale Rd","ACCESSIBLE":"Yes","OBJECTID_1":2142253,"GLOBALID":"{321E3AB7-684F-461F-A648-1F798E492D6F}","TRANSIT_ROUTES":"316","PRESCRIBED_FREQUENT_BUS_STOPS":null}},{"type":"Feature","id":2142254,"geometry":{"type":"Point","coordinates":[-122.848465,49.188967]},"properties":{"FACILITYID":"1001208634","BUS_STOP_NO":55070,"STOP_STATUS":"Active","BUS_BENCHES":"NO","BUS_SHELTERS":"EXCH","LOCATION":"Surrey Central Station @ Bay 9","ACCESSIBLE":"Yes","OBJECTID_1":2142254,"GLOBALID":"{6CB5EED4-FF76-4E1D-BEEA-DF450CA7A2A7}","TRANSIT_ROUTES":"321","PRESCRIBED_FREQUENT_BUS_STOPS":null}},{"type":"Feature","id":2142255,"geometry":{"type":"Point","coordinates":[-122.85232,49.186348]},"properties":{"FACILITYID":null,"BUS_STOP_NO":55071,"STOP_STATUS":"Active","BUS_BENCHES":null,"BUS_SHELTERS":null,"LOCATION":"Westbound Old Yale Rd @ University Dr","ACCESSIBLE":"Yes","OBJECTID_1":2142255,"GLOBALID":null,"TRANSIT_ROUTES":"316","PRESCRIBED_FREQUENT_BUS_STOPS":null}},{"type":"Feature","id":2142256,"geometry":{"type":"Point","coordinates":[-122.856596,49.187331]},"properties":{"FACILITYID":"1001208654","BUS_STOP_NO":55072,"STOP_STATUS":"Active","BUS_BENCHES":"NO","BUS_SHELTERS":"STD AD","LOCATION":"Southbound 132 St @ Old Yale Rd","ACCESSIBLE":"Yes","OBJECTID_1":2142256,"GLOBALID":"{FD67FACF-D882-4532-9CB6-47B9DA615DDA}","TRANSIT_ROUTES":"316, 324","PRESCRIBED_FREQUENT_BUS_STOPS":null}},{"type":"Feature","id":2142257,"geometry":{"type":"Point","coordinates":[-122.857499,49.184476]},"properties":{"FACILITYID":"1001207883","BUS_STOP_NO":55073,"STOP_STATUS":"Active","BUS_BENCHES":"NO","BUS_SHELTERS":"NO","LOCATION":"Westbound 100 Ave @ 132 St","ACCESSIBLE":"Yes","OBJECTID_1":2142257,"GLOBALID":"{B2D4EDFA-92E4-4AE9-B52A-F4F4661CF200}","TRANSIT_ROUTES":"316","PRESCRIBED_FREQUENT_BUS_STOPS":null}},{"type":"Feature","id":2142258,"geometry":{"type":"Point","coordinates":[-122.862697,49.184484]},"properties":{"FACILITYID":"1001207733","BUS_STOP_NO":55074,"STOP_STATUS":"Active","BUS_BENCHES":"NO","BUS_SHELTERS":"NO","LOCATION":"Westbound 100 Ave @ 129A St","ACCESSIBLE":"Yes","OBJECTID_1":2142258,"GLOBALID":"{5A4868FB-F802-44F7-8485-C4E92832CBBA}","TRANSIT_ROUTES":"316","PRESCRIBED_FREQUENT_BUS_STOPS":null}},{"type":"Feature","id":2142259,"geometry":{"type":"Point","coordinates":[-122.868167,49.184511]},"properties":{"FACILITYID":"1001207957","BUS_STOP_NO":55075,"STOP_STATUS":"Active","BUS_BENCHES":"NO","BUS_SHELTERS":"NO","LOCATION":"Westbound 100 Ave @ 128 St","ACCESSIBLE":"Yes","OBJECTID_1":2142259,"GLOBALID":"{F459B913-D9D4-49BF-9178-D983F542A3A9}","TRANSIT_ROUTES":"316","PRESCRIBED_FREQUENT_BUS_STOPS":null}},{"type":"Feature","id":2142260,"geometry":{"type":"Point","coordinates":[-122.87309,49.184551]},"properties":{"FACILITYID":"1001207803","BUS_STOP_NO":55076,"STOP_STATUS":"Active","BUS_BENCHES":"NO","BUS_SHELTERS":"NO","LOCATION":"Westbound 100 Ave @ Helen Dr","ACCESSIBLE":"Yes","OBJECTID_1":2142260,"GLOBALID":"{E0D11F18-02A7-468A-9407-0E82E6FF2745}","TRANSIT_ROUTES":"316","PRESCRIBED_FREQUENT_BUS_STOPS":null}},{"type":"Feature","id":2142261,"geometry":{"type":"Point","coordinates":[-122.876926,49.184586]},"properties":{"FACILITYID":"1001208644","BUS_STOP_NO":55077,"STOP_STATUS":"Active","BUS_BENCHES":"NO","BUS_SHELTERS":"NO","LOCATION":"Westbound 100 Ave @ 124B St","ACCESSIBLE":"Yes","OBJECTID_1":2142261,"GLOBALID":"{B7A0397E-C4F6-4181-ABF9-04358BE59A82}","TRANSIT_ROUTES":"316","PRESCRIBED_FREQUENT_BUS_STOPS":null}},{"type":"Feature","id":2142262,"geometry":{"type":"Point","coordinates":[-122.880587,49.183973]},"properties":{"FACILITYID":"1001207819","BUS_STOP_NO":55078,"STOP_STATUS":"Active","BUS_BENCHES":"NO","BUS_SHELTERS":"NO","LOCATION":"Southbound 123A St @ 100 Ave","ACCESSIBLE":"Yes","OBJECTID_1":2142262,"GLOBALID":"{75FA3D47-BF39-47D8-8812-6F6FB338FB0D}","TRANSIT_ROUTES":"316","PRESCRIBED_FREQUENT_BUS_STOPS":null}},{"type":"Feature","id":2142263,"geometry":{"type":"Point","coordinates":[-122.8806,49.182279]},"properties":{"FACILITYID":"1001208158","BUS_STOP_NO":55079,"STOP_STATUS":"Active","BUS_BENCHES":"NO","BUS_SHELTERS":"NO","LOCATION":"Southbound 123A St @ 99 Ave","ACCESSIBLE":"Yes","OBJECTID_1":2142263,"GLOBALID":"{46CAD2A8-BB0A-4F31-B4C0-A2F0A8B225A9}","TRANSIT_ROUTES":"316","PRESCRIBED_FREQUENT_BUS_STOPS":null}},{"type":"Feature","id":2142264,"geometry":{"type":"Point","coordinates":[-122.8806,49.180164]},"properties":{"FACILITYID":"1001207988","BUS_STOP_NO":55080,"STOP_STATUS":"Active","BUS_BENCHES":"NO","BUS_SHELTERS":"NO","LOCATION":"Southbound 123A St @ 98 Ave","ACCESSIBLE":"Yes","OBJECTID_1":2142264,"GLOBALID":"{601209ED-9A11-45FF-89A7-CBA9556BDB5C}","TRANSIT_ROUTES":"316","PRESCRIBED_FREQUENT_BUS_STOPS":null}},{"type":"Feature","id":2142265,"geometry":{"type":"Point","coordinates":[-122.874952,49.204192]},"properties":{"FACILITYID":"1001843405","BUS_STOP_NO":55096,"STOP_STATUS":"Active","BUS_BENCHES":"NO","BUS_SHELTERS":"EXCH","LOCATION":"Scott Road Station @ Bay 7","ACCESSIBLE":"Yes","OBJECTID_1":2142265,"GLOBALID":"{8B769098-F584-462E-A3E9-C66F7B2D00E5}","TRANSIT_ROUTES":"371, 640","PRESCRIBED_FREQUENT_BUS_STOPS":null}},{"type":"Feature","id":2142266,"geometry":{"type":"Point","coordinates":[-122.855902,49.209754]},"properties":{"FACILITYID":"1001208551","BUS_STOP_NO":55107,"STOP_STATUS":"Active","BUS_BENCHES":"NO","BUS_SHELTERS":"NO","LOCATION":"Eastbound 114 Ave @ 132 St","ACCESSIBLE":"Yes","OBJECTID_1":2142266,"GLOBALID":"{F73FE612-05F5-4341-B9A3-6DC6D42737B9}","TRANSIT_ROUTES":"371","PRESCRIBED_FREQUENT_BUS_STOPS":null}},{"type":"Feature","id":2142267,"geometry":{"type":"Point","coordinates":[-122.852186,49.209357]},"properties":{"FACILITYID":"1001208268","BUS_STOP_NO":55108,"STOP_STATUS":"Active","BUS_BENCHES":"NO","BUS_SHELTERS":"NO","LOCATION":"Southbound 133A St @ 114 Ave","ACCESSIBLE":"Yes","OBJECTID_1":2142267,"GLOBALID":"{49D01962-4507-492C-8DD8-5FF247CDE058}","TRANSIT_ROUTES":"371","PRESCRIBED_FREQUENT_BUS_STOPS":null}},{"type":"Feature","id":2142268,"geometry":{"type":"Point","coordinates":[-122.852573,49.206928]},"properties":{"FACILITYID":"1001208742","BUS_STOP_NO":55109,"STOP_STATUS":"Active","BUS_BENCHES":"NO","BUS_SHELTERS":"NO","LOCATION":"Southbound 133A St @ 112A Ave","ACCESSIBLE":"Yes","OBJECTID_1":2142268,"GLOBALID":"{08535FB2-DFD7-446F-A29D-77A07059B3EE}","TRANSIT_ROUTES":"371","PRESCRIBED_FREQUENT_BUS_STOPS":null}},{"type":"Feature","id":2142269,"geometry":{"type":"Point","coordinates":[-122.849758,49.206149]},"properties":{"FACILITYID":"1001207752","BUS_STOP_NO":55110,"STOP_STATUS":"Active","BUS_BENCHES":"NO","BUS_SHELTERS":"NO","LOCATION":"Eastbound 112 Ave @ 13400 Block","ACCESSIBLE":"No","OBJECTID_1":2142269,"GLOBALID":"{26C57449-69B2-476F-90C4-C45A0B5C3923}","TRANSIT_ROUTES":"371","PRESCRIBED_FREQUENT_BUS_STOPS":null}},{"type":"Feature","id":2142270,"geometry":{"type":"Point","coordinates":[-122.844784,49.207649]},"properties":{"FACILITYID":"1001208006","BUS_STOP_NO":55111,"STOP_STATUS":"Active","BUS_BENCHES":"NO","BUS_SHELTERS":"NO","LOCATION":"Eastbound 113 Ave @ 136 St","ACCESSIBLE":"Yes","OBJECTID_1":2142270,"GLOBALID":"{2BEB9C4C-C4B8-463F-8E87-131D8F164D56}","TRANSIT_ROUTES":"373","PRESCRIBED_FREQUENT_BUS_STOPS":null}},{"type":"Feature","id":2142271,"geometry":{"type":"Point","coordinates":[-122.839111,49.207627]},"properties":{"FACILITYID":"1001208606","BUS_STOP_NO":55112,"STOP_STATUS":"Active","BUS_BENCHES":"NO","BUS_SHELTERS":"NO","LOCATION":"Eastbound 113 Ave @ 138 St","ACCESSIBLE":"Yes","OBJECTID_1":2142271,"GLOBALID":"{D2F092C7-6314-4A4A-8DDE-3484FD5BD1CB}","TRANSIT_ROUTES":"373","PRESCRIBED_FREQUENT_BUS_STOPS":null}},{"type":"Feature","id":2142272,"geometry":{"type":"Point","coordinates":[-122.833397,49.207594]},"properties":{"FACILITYID":"1001207531","BUS_STOP_NO":55113,"STOP_STATUS":"Active","BUS_BENCHES":"NO","BUS_SHELTERS":"NO","LOCATION":"Eastbound 113 Ave @ 140 St","ACCESSIBLE":"No","OBJECTID_1":2142272,"GLOBALID":"{719150C9-4B0B-499D-854C-E3E0CCDEB505}","TRANSIT_ROUTES":"373","PRESCRIBED_FREQUENT_BUS_STOPS":null}},{"type":"Feature","id":2142273,"geometry":{"type":"Point","coordinates":[-122.828481,49.208022]},"properties":{"FACILITYID":"1001208455","BUS_STOP_NO":55115,"STOP_STATUS":"Active","BUS_BENCHES":"YES","BUS_SHELTERS":"NO","LOCATION":"Eastbound Grosvenor Rd @ Gladstone Dr","ACCESSIBLE":"No","OBJECTID_1":2142273,"GLOBALID":"{90AF10C8-2312-4D64-B367-3AAC5E1BF7FE}","TRANSIT_ROUTES":"373","PRESCRIBED_FREQUENT_BUS_STOPS":null}},{"type":"Feature","id":2142274,"geometry":{"type":"Point","coordinates":[-122.825375,49.210553]},"properties":{"FACILITYID":"1001208631","BUS_STOP_NO":55116,"STOP_STATUS":"Active","BUS_BENCHES":"NO","BUS_SHELTERS":"NO","LOCATION":"Northbound McBride Dr @ 114 Ave","ACCESSIBLE":"Yes","OBJECTID_1":2142274,"GLOBALID":"{6CA167A6-546E-4D28-8AD8-EB0BC7DE75F7}","TRANSIT_ROUTES":"373","PRESCRIBED_FREQUENT_BUS_STOPS":null}},{"type":"Feature","id":2142275,"geometry":{"type":"Point","coordinates":[-122.826946,49.212867]},"properties":{"FACILITYID":"1001208136","BUS_STOP_NO":55117,"STOP_STATUS":"Active","BUS_BENCHES":"NO","BUS_SHELTERS":"NO","LOCATION":"Northbound McBride Dr @ King Rd","ACCESSIBLE":"No","OBJECTID_1":2142275,"GLOBALID":"{F3FD34B8-9CAA-4A99-94E5-1C0F8AB5EFAD}","TRANSIT_ROUTES":"373","PRESCRIBED_FREQUENT_BUS_STOPS":null}},{"type":"Feature","id":2142276,"geometry":{"type":"Point","coordinates":[-122.819115,49.214212]},"properties":{"FACILITYID":"1001207547","BUS_STOP_NO":55118,"STOP_STATUS":"Active","BUS_BENCHES":"NO","BUS_SHELTERS":"NO","LOCATION":"Eastbound 116A Ave @ 14500 Block","ACCESSIBLE":"Yes","OBJECTID_1":2142276,"GLOBALID":"{92F98FC6-8F17-4793-99D9-E147F75D00BC}","TRANSIT_ROUTES":"373","PRESCRIBED_FREQUENT_BUS_STOPS":null}},{"type":"Feature","id":2142277,"geometry":{"type":"Point","coordinates":[-122.81692,49.213715]},"properties":{"FACILITYID":"1001208628","BUS_STOP_NO":55119,"STOP_STATUS":"Active","BUS_BENCHES":"YES","BUS_SHELTERS":"NO","LOCATION":"Southbound Surrey Rd @ 116A Ave","ACCESSIBLE":"Yes","OBJECTID_1":2142277,"GLOBALID":"{5B9B5891-941A-4D7D-A826-C4819077F2B2}","TRANSIT_ROUTES":"373","PRESCRIBED_FREQUENT_BUS_STOPS":null}},{"type":"Feature","id":2142278,"geometry":{"type":"Point","coordinates":[-122.813992,49.20972]},"properties":{"FACILITYID":"1001207790","BUS_STOP_NO":55120,"STOP_STATUS":"Active","BUS_BENCHES":"NO","BUS_SHELTERS":"NO","LOCATION":"Southbound Surrey Rd @ Wellington Dr","ACCESSIBLE":"Yes","OBJECTID_1":2142278,"GLOBALID":"{B77F4670-1C76-4CB3-A90D-048BCF275D93}","TRANSIT_ROUTES":"373","PRESCRIBED_FREQUENT_BUS_STOPS":null}},{"type":"Feature","id":2142279,"geometry":{"type":"Point","coordinates":[-122.815296,49.207269]},"properties":{"FACILITYID":"1001208115","BUS_STOP_NO":55121,"STOP_STATUS":"Active","BUS_BENCHES":"NO","BUS_SHELTERS":"NO","LOCATION":"Southbound Wallace Dr @ Roxburgh Rd","ACCESSIBLE":"Yes","OBJECTID_1":2142279,"GLOBALID":"{AC8ED9D6-FA88-439E-A9E3-5D4F0553BB2F}","TRANSIT_ROUTES":"373","PRESCRIBED_FREQUENT_BUS_STOPS":null}},{"type":"Feature","id":2142280,"geometry":{"type":"Point","coordinates":[-122.812738,49.204826]},"properties":{"FACILITYID":"1001208203","BUS_STOP_NO":55122,"STOP_STATUS":"Active","BUS_BENCHES":"NO","BUS_SHELTERS":"NO","LOCATION":"Southbound 148 St @ 111A Ave","ACCESSIBLE":"Yes","OBJECTID_1":2142280,"GLOBALID":"{10260B2E-9275-4983-84E3-2FEFD7C24B3D}","TRANSIT_ROUTES":"373","PRESCRIBED_FREQUENT_BUS_STOPS":null}},{"type":"Feature","id":2142281,"geometry":{"type":"Point","coordinates":[-122.812702,49.201973]},"properties":{"FACILITYID":"1001207784","BUS_STOP_NO":55123,"STOP_STATUS":"Active","BUS_BENCHES":"YES","BUS_SHELTERS":"NO","LOCATION":"Southbound 148 St @ 110 Ave","ACCESSIBLE":"No","OBJECTID_1":2142281,"GLOBALID":"{420A5A8F-174D-436C-A9E9-24B24F8C3184}","TRANSIT_ROUTES":"373","PRESCRIBED_FREQUENT_BUS_STOPS":null}},{"type":"Feature","id":2142282,"geometry":{"type":"Point","coordinates":[-122.811885,49.198633]},"properties":{"FACILITYID":"1001207897","BUS_STOP_NO":55124,"STOP_STATUS":"Active","BUS_BENCHES":"YES","BUS_SHELTERS":"STD AD","LOCATION":"Eastbound 108 Ave @ 148 St","ACCESSIBLE":"Yes","OBJECTID_1":2142282,"GLOBALID":"{19805794-F585-4275-BE20-CFF82DCB787D}","TRANSIT_ROUTES":"335, 373","PRESCRIBED_FREQUENT_BUS_STOPS":null}},{"type":"Feature","id":2142283,"geometry":{"type":"Point","coordinates":[-122.806329,49.197569]},"properties":{"FACILITYID":"1001208790","BUS_STOP_NO":55126,"STOP_STATUS":"Active","BUS_BENCHES":"NO","BUS_SHELTERS":"NO","LOCATION":"Southbound 150 St @ 107A Ave","ACCESSIBLE":"Yes","OBJECTID_1":2142283,"GLOBALID":"{7BDBA87C-6A5A-4B6C-B03E-9A9B9992DA46}","TRANSIT_ROUTES":"335, 373","PRESCRIBED_FREQUENT_BUS_STOPS":"Yes"}},{"type":"Feature","id":2142284,"geometry":{"type":"Point","coordinates":[-122.80642,49.194934]},"properties":{"FACILITYID":"1001208090","BUS_STOP_NO":55127,"STOP_STATUS":"Active","BUS_BENCHES":"YES","BUS_SHELTERS":"NO","LOCATION":"Southbound 150 St @ 10600 Block","ACCESSIBLE":"Yes","OBJECTID_1":2142284,"GLOBALID":"{52EE9DA2-F31B-41CD-98AA-FB9D42825C1D}","TRANSIT_ROUTES":"335, 373","PRESCRIBED_FREQUENT_BUS_STOPS":"Yes"}},{"type":"Feature","id":2142285,"geometry":{"type":"Point","coordinates":[-122.803459,49.191353]},"properties":{"FACILITYID":"1001207731","BUS_STOP_NO":55128,"STOP_STATUS":"Active","BUS_BENCHES":"YES","BUS_SHELTERS":"YES","LOCATION":"Guildford Exchange @ Bay 1","ACCESSIBLE":"Yes","OBJECTID_1":2142285,"GLOBALID":"{85DC5175-8D6E-4A9E-9A56-C5E774FC9344}","TRANSIT_ROUTES":"320, 326, 335, 337, 375, 501, 509","PRESCRIBED_FREQUENT_BUS_STOPS":"Yes"}},{"type":"Feature","id":2142286,"geometry":{"type":"Point","coordinates":[-122.801058,49.192726]},"properties":{"FACILITYID":"1001207588","BUS_STOP_NO":55130,"STOP_STATUS":"Active","BUS_BENCHES":"YES","BUS_SHELTERS":"NO","LOCATION":"Southbound 152 St @ 105 Ave","ACCESSIBLE":"Yes","OBJECTID_1":2142286,"GLOBALID":"{27BA4B16-8ED7-484F-B291-A3706E530ED3}","TRANSIT_ROUTES":"335, 341","PRESCRIBED_FREQUENT_BUS_STOPS":null}},{"type":"Feature","id":2142287,"geometry":{"type":"Point","coordinates":[-122.804013,49.191632]},"properties":{"FACILITYID":"1001207991","BUS_STOP_NO":55131,"STOP_STATUS":"Active","BUS_BENCHES":"YES","BUS_SHELTERS":"NO","LOCATION":"Guildford Exchange @ Bay 2","ACCESSIBLE":"Yes","OBJECTID_1":2142287,"GLOBALID":"{B1DD1512-C64E-41CB-886D-9303FAD0D91C}","TRANSIT_ROUTES":"320, 326, 335, 337, 375, 501, 509, R1","PRESCRIBED_FREQUENT_BUS_STOPS":"Yes"}},{"type":"Feature","id":2142288,"geometry":{"type":"Point","coordinates":[-122.806183,49.195692]},"properties":{"FACILITYID":"1001208758","BUS_STOP_NO":55133,"STOP_STATUS":"Active","BUS_BENCHES":"NO","BUS_SHELTERS":"YES","LOCATION":"Northbound 150 St @ 10600 Block","ACCESSIBLE":"Yes","OBJECTID_1":2142288,"GLOBALID":"{7C42C0DA-C5E2-4769-8889-E1BA67DC1255}","TRANSIT_ROUTES":"335, 373","PRESCRIBED_FREQUENT_BUS_STOPS":null}},{"type":"Feature","id":2142289,"geometry":{"type":"Point","coordinates":[-122.806085,49.198027]},"properties":{"FACILITYID":"1001207686","BUS_STOP_NO":55134,"STOP_STATUS":"Active","BUS_BENCHES":"NO","BUS_SHELTERS":"STD AD","LOCATION":"Northbound 150 St @ 107A Ave","ACCESSIBLE":"Yes","OBJECTID_1":2142289,"GLOBALID":"{9C791AA2-3426-449C-9495-5F800B242DEE}","TRANSIT_ROUTES":"335, 373","PRESCRIBED_FREQUENT_BUS_STOPS":"Yes"}},{"type":"Feature","id":2142290,"geometry":{"type":"Point","coordinates":[-122.809198,49.198804]},"properties":{"FACILITYID":"1001207627","BUS_STOP_NO":55135,"STOP_STATUS":"Active","BUS_BENCHES":"NO","BUS_SHELTERS":"NO","LOCATION":"Westbound 108 Ave @ Oriole Dr","ACCESSIBLE":"Yes","OBJECTID_1":2142290,"GLOBALID":"{F1903E4B-93B6-46E5-B3F1-8297FC59FF84}","TRANSIT_ROUTES":"335, 373","PRESCRIBED_FREQUENT_BUS_STOPS":"Yes"}},{"type":"Feature","id":2142291,"geometry":{"type":"Point","coordinates":[-122.812411,49.199256]},"properties":{"FACILITYID":"1001207815","BUS_STOP_NO":55136,"STOP_STATUS":"Active","BUS_BENCHES":"YES","BUS_SHELTERS":"NO","LOCATION":"Northbound 148 St @ 108 Ave","ACCESSIBLE":"Yes","OBJECTID_1":2142291,"GLOBALID":"{AF2F5FA3-A11E-4FA2-B985-22A26A326EC1}","TRANSIT_ROUTES":"373","PRESCRIBED_FREQUENT_BUS_STOPS":null}},{"type":"Feature","id":2142292,"geometry":{"type":"Point","coordinates":[-122.81252,49.202672]},"properties":{"FACILITYID":"1001208621","BUS_STOP_NO":55137,"STOP_STATUS":"Active","BUS_BENCHES":"YES","BUS_SHELTERS":"NO","LOCATION":"Northbound 148 St @ 110 Ave","ACCESSIBLE":"Yes","OBJECTID_1":2142292,"GLOBALID":"{32185552-23C2-4EF5-9C21-AEA389DC3E0B}","TRANSIT_ROUTES":"373","PRESCRIBED_FREQUENT_BUS_STOPS":null}},{"type":"Feature","id":2142293,"geometry":{"type":"Point","coordinates":[-122.813156,49.205576]},"properties":{"FACILITYID":"1001207663","BUS_STOP_NO":55138,"STOP_STATUS":"Active","BUS_BENCHES":"NO","BUS_SHELTERS":"NO","LOCATION":"Northbound Wallace Dr @ Ellendale Dr","ACCESSIBLE":"Yes","OBJECTID_1":2142293,"GLOBALID":"{C2D0CF1D-137B-41DB-8BDB-2716B4E00AEA}","TRANSIT_ROUTES":"373","PRESCRIBED_FREQUENT_BUS_STOPS":null}},{"type":"Feature","id":2142294,"geometry":{"type":"Point","coordinates":[-122.814848,49.208257]},"properties":{"FACILITYID":"1001208005","BUS_STOP_NO":55139,"STOP_STATUS":"Active","BUS_BENCHES":"NO","BUS_SHELTERS":"NO","LOCATION":"Northbound Surrey Rd @ Wallace Dr","ACCESSIBLE":"No","OBJECTID_1":2142294,"GLOBALID":"{2E8BDD92-573A-424F-86A0-44B065360971}","TRANSIT_ROUTES":"373","PRESCRIBED_FREQUENT_BUS_STOPS":null}},{"type":"Feature","id":2142295,"geometry":{"type":"Point","coordinates":[-122.813786,49.209661]},"properties":{"FACILITYID":"1001207568","BUS_STOP_NO":55140,"STOP_STATUS":"Active","BUS_BENCHES":"NO","BUS_SHELTERS":"NO","LOCATION":"Northbound Surrey Rd @ Wellington Dr","ACCESSIBLE":"Yes","OBJECTID_1":2142295,"GLOBALID":"{5F7318A6-EF9B-434D-9812-F61AE974F561}","TRANSIT_ROUTES":"373","PRESCRIBED_FREQUENT_BUS_STOPS":null}},{"type":"Feature","id":2142296,"geometry":{"type":"Point","coordinates":[-122.815401,49.212929]},"properties":{"FACILITYID":"1001208061","BUS_STOP_NO":55141,"STOP_STATUS":"Active","BUS_BENCHES":"YES","BUS_SHELTERS":"NO","LOCATION":"Northbound Surrey Rd @ 115A Ave","ACCESSIBLE":"No","OBJECTID_1":2142296,"GLOBALID":"{9D700B7D-DA7B-4701-9E6D-6E2EC601EEA2}","TRANSIT_ROUTES":"373","PRESCRIBED_FREQUENT_BUS_STOPS":null}},{"type":"Feature","id":2142297,"geometry":{"type":"Point","coordinates":[-122.820312,49.214323]},"properties":{"FACILITYID":"1001207535","BUS_STOP_NO":55142,"STOP_STATUS":"Active","BUS_BENCHES":"NO","BUS_SHELTERS":"NO","LOCATION":"Westbound 116A Ave @ King Rd","ACCESSIBLE":"Yes","OBJECTID_1":2142297,"GLOBALID":"{454EAD46-943E-4314-AAE2-D75E5C0179AA}","TRANSIT_ROUTES":"373","PRESCRIBED_FREQUENT_BUS_STOPS":null}},{"type":"Feature","id":2142298,"geometry":{"type":"Point","coordinates":[-122.82698,49.2127]},"properties":{"FACILITYID":"1001208626","BUS_STOP_NO":55143,"STOP_STATUS":"Active","BUS_BENCHES":"NO","BUS_SHELTERS":"NO","LOCATION":"Southbound McBride Dr @ King Rd","ACCESSIBLE":"Yes","OBJECTID_1":2142298,"GLOBALID":"{71AA0D74-6A78-42A4-A2F8-7BD53EFA865E}","TRANSIT_ROUTES":"373","PRESCRIBED_FREQUENT_BUS_STOPS":null}},{"type":"Feature","id":2142299,"geometry":{"type":"Point","coordinates":[-122.825405,49.210046]},"properties":{"FACILITYID":"1001208527","BUS_STOP_NO":55144,"STOP_STATUS":"Active","BUS_BENCHES":"NO","BUS_SHELTERS":"NO","LOCATION":"Southbound Grosvenor Rd @ 114 Ave","ACCESSIBLE":"Yes","OBJECTID_1":2142299,"GLOBALID":"{6AA0B4C6-1E8A-4666-A26D-3A2838BFD4A3}","TRANSIT_ROUTES":"373","PRESCRIBED_FREQUENT_BUS_STOPS":null}},{"type":"Feature","id":2142300,"geometry":{"type":"Point","coordinates":[-122.827488,49.208742]},"properties":{"FACILITYID":"1001208035","BUS_STOP_NO":55145,"STOP_STATUS":"Active","BUS_BENCHES":"YES","BUS_SHELTERS":"NO","LOCATION":"Westbound Grosvenor Rd @ 142 St","ACCESSIBLE":"Yes","OBJECTID_1":2142300,"GLOBALID":"{52241D45-2B5D-42AD-BAFF-EC7265A6C314}","TRANSIT_ROUTES":"373","PRESCRIBED_FREQUENT_BUS_STOPS":null}},{"type":"Feature","id":2142301,"geometry":{"type":"Point","coordinates":[-122.831543,49.20689]},"properties":{"FACILITYID":"1001207889","BUS_STOP_NO":55146,"STOP_STATUS":"Active","BUS_BENCHES":"NO","BUS_SHELTERS":"NO","LOCATION":"Northbound Kindersley Dr @ Grosvenor Rd","ACCESSIBLE":"Yes","OBJECTID_1":2142301,"GLOBALID":"{26829A57-1B4A-4BFB-8D0A-6CE4442AB502}","TRANSIT_ROUTES":"373","PRESCRIBED_FREQUENT_BUS_STOPS":null}},{"type":"Feature","id":2142302,"geometry":{"type":"Point","coordinates":[-122.834717,49.207682]},"properties":{"FACILITYID":"1001207563","BUS_STOP_NO":55147,"STOP_STATUS":"Active","BUS_BENCHES":"NO","BUS_SHELTERS":"NO","LOCATION":"Westbound 113 Ave @ 140 St","ACCESSIBLE":"Yes","OBJECTID_1":2142302,"GLOBALID":"{44BB9B8A-747A-4508-87DD-697DF4E184BB}","TRANSIT_ROUTES":"373","PRESCRIBED_FREQUENT_BUS_STOPS":null}},{"type":"Feature","id":2142303,"geometry":{"type":"Point","coordinates":[-122.84013,49.207694]},"properties":{"FACILITYID":"1001207689","BUS_STOP_NO":55148,"STOP_STATUS":"Active","BUS_BENCHES":"NO","BUS_SHELTERS":"NO","LOCATION":"Westbound 113 Ave @ 138 St","ACCESSIBLE":"Yes","OBJECTID_1":2142303,"GLOBALID":"{88E5255E-CBB8-4783-92C8-163FF493D856}","TRANSIT_ROUTES":"373","PRESCRIBED_FREQUENT_BUS_STOPS":null}},{"type":"Feature","id":2142304,"geometry":{"type":"Point","coordinates":[-122.84292,49.207719]},"properties":{"FACILITYID":"1001208337","BUS_STOP_NO":55149,"STOP_STATUS":"Active","BUS_BENCHES":"NO","BUS_SHELTERS":"NO","LOCATION":"Westbound 113 Ave @ 137 St","ACCESSIBLE":"No","OBJECTID_1":2142304,"GLOBALID":"{AE7E0EDB-80C4-4A15-9E35-2ADA2578652B}","TRANSIT_ROUTES":"373","PRESCRIBED_FREQUENT_BUS_STOPS":null}},{"type":"Feature","id":2142305,"geometry":{"type":"Point","coordinates":[-122.845352,49.207288]},"properties":{"FACILITYID":"1001207893","BUS_STOP_NO":55150,"STOP_STATUS":"Active","BUS_BENCHES":"NO","BUS_SHELTERS":"NO","LOCATION":"Southbound 136 St @ 113 Ave","ACCESSIBLE":"No","OBJECTID_1":2142305,"GLOBALID":"{497BF28B-388E-47EE-AAAF-2246AA74C5D3}","TRANSIT_ROUTES":"373","PRESCRIBED_FREQUENT_BUS_STOPS":null}},{"type":"Feature","id":2142306,"geometry":{"type":"Point","coordinates":[-122.849936,49.206237]},"properties":{"FACILITYID":"1001208596","BUS_STOP_NO":55151,"STOP_STATUS":"Active","BUS_BENCHES":"NO","BUS_SHELTERS":"NO","LOCATION":"Westbound 112 Ave @ 13400 Block","ACCESSIBLE":"No","OBJECTID_1":2142306,"GLOBALID":"{EFD56435-844C-4E41-BEDB-56F525660B7B}","TRANSIT_ROUTES":"371","PRESCRIBED_FREQUENT_BUS_STOPS":null}},{"type":"Feature","id":2142307,"geometry":{"type":"Point","coordinates":[-122.852218,49.207478]},"properties":{"FACILITYID":"1001207739","BUS_STOP_NO":55152,"STOP_STATUS":"Active","BUS_BENCHES":"NO","BUS_SHELTERS":"NO","LOCATION":"Northbound 133A St @ 112A Ave","ACCESSIBLE":"Yes","OBJECTID_1":2142307,"GLOBALID":"{E6D5B344-CEF1-4175-B410-7AA537069A49}","TRANSIT_ROUTES":"371","PRESCRIBED_FREQUENT_BUS_STOPS":null}},{"type":"Feature","id":2142308,"geometry":{"type":"Point","coordinates":[-122.852046,49.209194]},"properties":{"FACILITYID":"1001208637","BUS_STOP_NO":55153,"STOP_STATUS":"Active","BUS_BENCHES":"NO","BUS_SHELTERS":"NO","LOCATION":"Northbound 133A St @ Crestview Dr","ACCESSIBLE":"Yes","OBJECTID_1":2142308,"GLOBALID":"{62AEBC7A-3D98-46E3-A0B3-7B8F5498CFB9}","TRANSIT_ROUTES":"371","PRESCRIBED_FREQUENT_BUS_STOPS":null}},{"type":"Feature","id":2142309,"geometry":{"type":"Point","coordinates":[-122.855872,49.209844]},"properties":{"FACILITYID":"1001208024","BUS_STOP_NO":55154,"STOP_STATUS":"Active","BUS_BENCHES":"NO","BUS_SHELTERS":"NO","LOCATION":"Westbound 114 Ave @ 132 St","ACCESSIBLE":"Yes","OBJECTID_1":2142309,"GLOBALID":"{746AEA79-A486-4B4A-B40F-27714533E004}","TRANSIT_ROUTES":"371","PRESCRIBED_FREQUENT_BUS_STOPS":null}},{"type":"Feature","id":2142310,"geometry":{"type":"Point","coordinates":[-122.867475,49.209434]},"properties":{"FACILITYID":"1001207715","BUS_STOP_NO":55162,"STOP_STATUS":"Active","BUS_BENCHES":"NO","BUS_SHELTERS":"NO","LOCATION":"Southbound 128 St @ 114 Ave","ACCESSIBLE":"Yes","OBJECTID_1":2142310,"GLOBALID":"{AE7B0B74-95CA-4B06-BD9A-8B6D425C34D0}","TRANSIT_ROUTES":"371","PRESCRIBED_FREQUENT_BUS_STOPS":null}},{"type":"Feature","id":2142311,"geometry":{"type":"Point","coordinates":[-122.890178,49.131043]},"properties":{"FACILITYID":"1001208798","BUS_STOP_NO":55177,"STOP_STATUS":"Active","BUS_BENCHES":"YES","BUS_SHELTERS":"STD AD","LOCATION":"Northbound Scott Rd @ 70 Ave","ACCESSIBLE":"Yes","OBJECTID_1":2142311,"GLOBALID":"{D9DD3339-465D-4CEB-BF5A-166E53CA6A5E}","TRANSIT_ROUTES":"310, 311, 340, 364","PRESCRIBED_FREQUENT_BUS_STOPS":null}},{"type":"Feature","id":2142312,"geometry":{"type":"Point","coordinates":[-122.888021,49.137551]},"properties":{"FACILITYID":"1001208579","BUS_STOP_NO":55178,"STOP_STATUS":"Active","BUS_BENCHES":"NO","BUS_SHELTERS":"EXCH","LOCATION":"Scottsdale Exchange @ Bay 7","ACCESSIBLE":"Yes","OBJECTID_1":2142312,"GLOBALID":"{990D308E-B290-42DC-9D27-B0903AF67CC1}","TRANSIT_ROUTES":"319","PRESCRIBED_FREQUENT_BUS_STOPS":"Yes"}},{"type":"Feature","id":2142313,"geometry":{"type":"Point","coordinates":[-122.888569,49.137335]},"properties":{"FACILITYID":"1001207862","BUS_STOP_NO":55192,"STOP_STATUS":"Active","BUS_BENCHES":"NO","BUS_SHELTERS":"EXCH","LOCATION":"Scottsdale Exchange @ Bay 9","ACCESSIBLE":"Yes","OBJECTID_1":2142313,"GLOBALID":"{67FF1ABC-172E-4682-99C0-282C87B2B7FE}","TRANSIT_ROUTES":"364, 391","PRESCRIBED_FREQUENT_BUS_STOPS":null}},{"type":"Feature","id":2142314,"geometry":{"type":"Point","coordinates":[-122.890164,49.137495]},"properties":{"FACILITYID":"1001208779","BUS_STOP_NO":55193,"STOP_STATUS":"Active","BUS_BENCHES":"YES","BUS_SHELTERS":"LRG","LOCATION":"Northbound Scott Rd @ 7300 Block","ACCESSIBLE":"Yes","OBJECTID_1":2142314,"GLOBALID":"{03C1775E-4B68-4AA0-9FC3-57E438022638}","TRANSIT_ROUTES":"319","PRESCRIBED_FREQUENT_BUS_STOPS":"Yes"}},{"type":"Feature","id":2142315,"geometry":{"type":"Point","coordinates":[-122.890173,49.140469]},"properties":{"FACILITYID":"1001208212","BUS_STOP_NO":55194,"STOP_STATUS":"Active","BUS_BENCHES":"YES","BUS_SHELTERS":"STD AD","LOCATION":"Northbound Scott Rd @ 75A Ave","ACCESSIBLE":"Yes","OBJECTID_1":2142315,"GLOBALID":"{E6DC1BFA-6062-42D1-BA58-A46945DA223C}","TRANSIT_ROUTES":"319","PRESCRIBED_FREQUENT_BUS_STOPS":"Yes"}},{"type":"Feature","id":2142316,"geometry":{"type":"Point","coordinates":[-122.890161,49.142807]},"properties":{"FACILITYID":"1001208280","BUS_STOP_NO":55195,"STOP_STATUS":"Active","BUS_BENCHES":"YES","BUS_SHELTERS":"STD AD","LOCATION":"Northbound Scott Rd @ 76A Ave","ACCESSIBLE":"Yes","OBJECTID_1":2142316,"GLOBALID":"{6ACC9EB3-38EF-4D14-9D10-1FA6CD76EBC2}","TRANSIT_ROUTES":"319","PRESCRIBED_FREQUENT_BUS_STOPS":"Yes"}},{"type":"Feature","id":2142317,"geometry":{"type":"Point","coordinates":[-122.890181,49.148951]},"properties":{"FACILITYID":"1001207837","BUS_STOP_NO":55196,"STOP_STATUS":"Active","BUS_BENCHES":"YES","BUS_SHELTERS":"LRG","LOCATION":"Northbound Scott Rd @ 80 Ave","ACCESSIBLE":"Yes","OBJECTID_1":2142317,"GLOBALID":"{BF27105D-21AF-49C4-80DC-FDF4B107ECF3}","TRANSIT_ROUTES":"301, 319","PRESCRIBED_FREQUENT_BUS_STOPS":"Yes"}},{"type":"Feature","id":2142318,"geometry":{"type":"Point","coordinates":[-122.890187,49.152557]},"properties":{"FACILITYID":"1001208254","BUS_STOP_NO":55197,"STOP_STATUS":"Active","BUS_BENCHES":"NO","BUS_SHELTERS":"NO","LOCATION":"Northbound Scott Rd @ 82 Ave","ACCESSIBLE":"No","OBJECTID_1":2142318,"GLOBALID":"{F678A3F2-3B59-4675-8FE5-E90FE9F1EB99}","TRANSIT_ROUTES":"319","PRESCRIBED_FREQUENT_BUS_STOPS":"Yes"}},{"type":"Feature","id":2142319,"geometry":{"type":"Point","coordinates":[-122.890181,49.156256]},"properties":{"FACILITYID":"1001207911","BUS_STOP_NO":55198,"STOP_STATUS":"Active","BUS_BENCHES":"YES","BUS_SHELTERS":"YES","LOCATION":"Northbound Scott Rd @ 84 Ave","ACCESSIBLE":"Yes","OBJECTID_1":2142319,"GLOBALID":"{BDE0F4DE-EC9B-4954-8C1C-4F2246EE27E6}","TRANSIT_ROUTES":"319, 329, R6","PRESCRIBED_FREQUENT_BUS_STOPS":"Yes"}},{"type":"Feature","id":2142320,"geometry":{"type":"Point","coordinates":[-122.874595,49.204467]},"properties":{"FACILITYID":null,"BUS_STOP_NO":55200,"STOP_STATUS":"Active","BUS_BENCHES":"NO","BUS_SHELTERS":"EXCH","LOCATION":"Scott Road Station @ Scott Rd","ACCESSIBLE":"Yes","OBJECTID_1":2142320,"GLOBALID":null,"TRANSIT_ROUTES":"319","PRESCRIBED_FREQUENT_BUS_STOPS":null}},{"type":"Feature","id":2142321,"geometry":{"type":"Point","coordinates":[-122.848551,49.188849]},"properties":{"FACILITYID":"1001208354","BUS_STOP_NO":55210,"STOP_STATUS":"Active","BUS_BENCHES":"NO","BUS_SHELTERS":"EXCH","LOCATION":"Surrey Central Station @ Bay 2","ACCESSIBLE":"Yes","OBJECTID_1":2142321,"GLOBALID":"{DDCE5264-89D4-4D30-8954-2F0B3A61CC0A}","TRANSIT_ROUTES":"501, 509, N19","PRESCRIBED_FREQUENT_BUS_STOPS":null}},{"type":"Feature","id":2142322,"geometry":{"type":"Point","coordinates":[-122.844162,49.191515]},"properties":{"FACILITYID":"1001208011","BUS_STOP_NO":58635,"STOP_STATUS":"Active","BUS_BENCHES":"YES","BUS_SHELTERS":"NO","LOCATION":"Eastbound 104 Ave @ King George Blvd","ACCESSIBLE":"Yes","OBJECTID_1":2142322,"GLOBALID":"{04F0471B-D724-4325-BC3E-2CB7827E5417}","TRANSIT_ROUTES":"320","PRESCRIBED_FREQUENT_BUS_STOPS":null}},{"type":"Feature","id":2142323,"geometry":{"type":"Point","coordinates":[-122.84108,49.191475]},"properties":{"FACILITYID":null,"BUS_STOP_NO":55214,"STOP_STATUS":"Active","BUS_BENCHES":"YES","BUS_SHELTERS":"YES","LOCATION":"Eastbound 104 Ave @ Whalley Blvd","ACCESSIBLE":"Yes","OBJECTID_1":2142323,"GLOBALID":null,"TRANSIT_ROUTES":"320, 501, R1","PRESCRIBED_FREQUENT_BUS_STOPS":null}},{"type":"Feature","id":2142324,"geometry":{"type":"Point","coordinates":[-122.837192,49.191424]},"properties":{"FACILITYID":"1001208247","BUS_STOP_NO":55215,"STOP_STATUS":"Active","BUS_BENCHES":"NO","BUS_SHELTERS":"NO","LOCATION":"Eastbound 104 Ave @ 139 St","ACCESSIBLE":"Yes","OBJECTID_1":2142324,"GLOBALID":"{BF9D6F77-3061-4C0C-B01A-962F705BC98C}","TRANSIT_ROUTES":"320","PRESCRIBED_FREQUENT_BUS_STOPS":null}},{"type":"Feature","id":2142325,"geometry":{"type":"Point","coordinates":[-122.833623,49.191383]},"properties":{"FACILITYID":"1001208060","BUS_STOP_NO":55216,"STOP_STATUS":"Active","BUS_BENCHES":"YES","BUS_SHELTERS":"LRG","LOCATION":"Eastbound 104 Ave @ 140 St","ACCESSIBLE":"Yes","OBJECTID_1":2142325,"GLOBALID":"{6AF738A4-4010-40E0-9206-41CFBD3EC592}","TRANSIT_ROUTES":"320, 501, R1","PRESCRIBED_FREQUENT_BUS_STOPS":"Yes"}},{"type":"Feature","id":2142326,"geometry":{"type":"Point","coordinates":[-122.828132,49.191416]},"properties":{"FACILITYID":"1001207940","BUS_STOP_NO":55217,"STOP_STATUS":"Active","BUS_BENCHES":"NO","BUS_SHELTERS":"NO","LOCATION":"Eastbound 104 Ave @ 142 St","ACCESSIBLE":"Yes","OBJECTID_1":2142326,"GLOBALID":"{191BEB91-A07C-4971-A2F0-FFA94A589A3D}","TRANSIT_ROUTES":"320","PRESCRIBED_FREQUENT_BUS_STOPS":null}},{"type":"Feature","id":2142327,"geometry":{"type":"Point","coordinates":[-122.822383,49.191438]},"properties":{"FACILITYID":"1001208665","BUS_STOP_NO":55218,"STOP_STATUS":"Active","BUS_BENCHES":"NO","BUS_SHELTERS":"STD AD","LOCATION":"Eastbound 104 Ave @ 144 St","ACCESSIBLE":"Yes","OBJECTID_1":2142327,"GLOBALID":"{DF064459-51D6-413C-965D-6174409F3C8D}","TRANSIT_ROUTES":"320, 501, R1","PRESCRIBED_FREQUENT_BUS_STOPS":"Yes"}},{"type":"Feature","id":2142328,"geometry":{"type":"Point","coordinates":[-122.816828,49.191389]},"properties":{"FACILITYID":"1001207766","BUS_STOP_NO":55219,"STOP_STATUS":"Active","BUS_BENCHES":"YES","BUS_SHELTERS":"STD AD","LOCATION":"Eastbound 104 Ave @ 146 St","ACCESSIBLE":"Yes","OBJECTID_1":2142328,"GLOBALID":"{41062535-97FA-47D7-AB50-C9648DD3C009}","TRANSIT_ROUTES":"320","PRESCRIBED_FREQUENT_BUS_STOPS":null}},{"type":"Feature","id":2142329,"geometry":{"type":"Point","coordinates":[-122.81188,49.191406]},"properties":{"FACILITYID":"1001207890","BUS_STOP_NO":55220,"STOP_STATUS":"Active","BUS_BENCHES":"YES","BUS_SHELTERS":"STD AD","LOCATION":"Eastbound 104 Ave @ 148 St","ACCESSIBLE":"Yes","OBJECTID_1":2142329,"GLOBALID":"{5579C726-98B5-468B-BB6E-09B062A04964}","TRANSIT_ROUTES":"320, 501, R1","PRESCRIBED_FREQUENT_BUS_STOPS":"Yes"}},{"type":"Feature","id":2142330,"geometry":{"type":"Point","coordinates":[-122.808821,49.191403]},"properties":{"FACILITYID":"1001208219","BUS_STOP_NO":55221,"STOP_STATUS":"Active","BUS_BENCHES":"YES","BUS_SHELTERS":"NO","LOCATION":"Eastbound 104 Ave @ 149 St","ACCESSIBLE":"Yes","OBJECTID_1":2142330,"GLOBALID":"{6B5EFCCE-63C6-41EC-B647-B946E466AFE7}","TRANSIT_ROUTES":"320","PRESCRIBED_FREQUENT_BUS_STOPS":null}},{"type":"Feature","id":2142331,"geometry":{"type":"Point","coordinates":[-122.805799,49.191359]},"properties":{"FACILITYID":"1001207631","BUS_STOP_NO":55222,"STOP_STATUS":"Active","BUS_BENCHES":"YES","BUS_SHELTERS":"LRG","LOCATION":"Eastbound 104 Ave @ 150 St","ACCESSIBLE":"Yes","OBJECTID_1":2142331,"GLOBALID":"{7F5D34A1-DBFE-4027-96F2-23BD8B0A3DA9}","TRANSIT_ROUTES":"320, 335, 373, 501","PRESCRIBED_FREQUENT_BUS_STOPS":"Yes"}},{"type":"Feature","id":2142332,"geometry":{"type":"Point","coordinates":[-122.806246,49.19248]},"properties":{"FACILITYID":"1001207599","BUS_STOP_NO":55223,"STOP_STATUS":"Active","BUS_BENCHES":"NO","BUS_SHELTERS":"YES","LOCATION":"Northbound 150 St @ 105 Ave","ACCESSIBLE":"Yes","OBJECTID_1":2142332,"GLOBALID":"{05310EFE-B88F-40DA-A228-3BD18291AA52}","TRANSIT_ROUTES":"326, 335, 375","PRESCRIBED_FREQUENT_BUS_STOPS":null}},{"type":"Feature","id":2142333,"geometry":{"type":"Point","coordinates":[-122.801082,49.188425]},"properties":{"FACILITYID":"1001208854","BUS_STOP_NO":55225,"STOP_STATUS":"Active","BUS_BENCHES":"YES","BUS_SHELTERS":"LRG","LOCATION":"Southbound 152 St @ 102A Ave","ACCESSIBLE":"Yes","OBJECTID_1":2142333,"GLOBALID":"{F0ACB97C-F1FD-4631-B51C-B2B254E43AD0}","TRANSIT_ROUTES":"320, 375","PRESCRIBED_FREQUENT_BUS_STOPS":"Yes"}},{"type":"Feature","id":2142334,"geometry":{"type":"Point","coordinates":[-122.80104,49.185638]},"properties":{"FACILITYID":"1001208371","BUS_STOP_NO":55226,"STOP_STATUS":"Active","BUS_BENCHES":"YES","BUS_SHELTERS":"STD AD","LOCATION":"Southbound 152 St @ 101 Ave","ACCESSIBLE":"Yes","OBJECTID_1":2142334,"GLOBALID":"{41F7E27E-EE0D-4445-9C0F-DF74375ECCF4}","TRANSIT_ROUTES":"320, 375","PRESCRIBED_FREQUENT_BUS_STOPS":"Yes"}},{"type":"Feature","id":2142335,"geometry":{"type":"Point","coordinates":[-122.80111,49.183554]},"properties":{"FACILITYID":"1001208171","BUS_STOP_NO":55227,"STOP_STATUS":"Active","BUS_BENCHES":"YES","BUS_SHELTERS":"STD AD","LOCATION":"Southbound 152 St @ 100 Ave","ACCESSIBLE":"Yes","OBJECTID_1":2142335,"GLOBALID":"{56AF7310-B3CF-489D-AC01-D460BECF6EAE}","TRANSIT_ROUTES":"320, 375","PRESCRIBED_FREQUENT_BUS_STOPS":"Yes"}},{"type":"Feature","id":2142336,"geometry":{"type":"Point","coordinates":[-122.801109,49.180098]},"properties":{"FACILITYID":"1001208560","BUS_STOP_NO":55228,"STOP_STATUS":"Active","BUS_BENCHES":"YES","BUS_SHELTERS":"STD AD","LOCATION":"Southbound 152 St @ 98 Ave","ACCESSIBLE":"Yes","OBJECTID_1":2142336,"GLOBALID":"{5FB13928-6A9C-4AB6-A125-64606F247A5E}","TRANSIT_ROUTES":"320, 375","PRESCRIBED_FREQUENT_BUS_STOPS":null}},{"type":"Feature","id":2142337,"geometry":{"type":"Point","coordinates":[-122.801175,49.17642]},"properties":{"FACILITYID":"1001208392","BUS_STOP_NO":55229,"STOP_STATUS":"Active","BUS_BENCHES":"YES","BUS_SHELTERS":"NO","LOCATION":"Southbound 152 St @ 96 Ave","ACCESSIBLE":"Yes","OBJECTID_1":2142337,"GLOBALID":"{4F62761E-4A23-484D-99E7-31DFF836C889}","TRANSIT_ROUTES":"320, 375","PRESCRIBED_FREQUENT_BUS_STOPS":null}},{"type":"Feature","id":2142338,"geometry":{"type":"Point","coordinates":[-122.801289,49.17319]},"properties":{"FACILITYID":"1001208056","BUS_STOP_NO":55230,"STOP_STATUS":"Active","BUS_BENCHES":"YES","BUS_SHELTERS":"NO","LOCATION":"Southbound 152 St @ 94 Ave","ACCESSIBLE":"Yes","OBJECTID_1":2142338,"GLOBALID":"{AF1E0435-0245-469E-94D4-A621226E338D}","TRANSIT_ROUTES":"320, 375","PRESCRIBED_FREQUENT_BUS_STOPS":null}},{"type":"Feature","id":2142339,"geometry":{"type":"Point","coordinates":[-122.80135,49.171587]},"properties":{"FACILITYID":"1001208767","BUS_STOP_NO":55231,"STOP_STATUS":"Active","BUS_BENCHES":"YES","BUS_SHELTERS":"NO","LOCATION":"Southbound 152 St @ 93 Ave","ACCESSIBLE":"Yes","OBJECTID_1":2142339,"GLOBALID":"{6761A9A0-20C1-4CE9-9DB4-2B7947B10BB8}","TRANSIT_ROUTES":"320, 375","PRESCRIBED_FREQUENT_BUS_STOPS":null}},{"type":"Feature","id":2142340,"geometry":{"type":"Point","coordinates":[-122.801443,49.168827]},"properties":{"FACILITYID":"1001208049","BUS_STOP_NO":55232,"STOP_STATUS":"Active","BUS_BENCHES":"YES","BUS_SHELTERS":"NO","LOCATION":"Southbound 152 St @ 91A Ave","ACCESSIBLE":"Yes","OBJECTID_1":2142340,"GLOBALID":"{4EC36D63-8E42-46D7-AD6D-6BC662E91495}","TRANSIT_ROUTES":"320, 375","PRESCRIBED_FREQUENT_BUS_STOPS":null}},{"type":"Feature","id":2142341,"geometry":{"type":"Point","coordinates":[-122.800462,49.165595]},"properties":{"FACILITYID":"1001207653","BUS_STOP_NO":55233,"STOP_STATUS":"Active","BUS_BENCHES":"YES","BUS_SHELTERS":"NSW","LOCATION":"Eastbound Fraser Hwy @ 152 St","ACCESSIBLE":"Yes","OBJECTID_1":2142341,"GLOBALID":"{C2B1DE6A-76C6-4E77-B81B-436810A88019}","TRANSIT_ROUTES":"320, 502, 503, 395","PRESCRIBED_FREQUENT_BUS_STOPS":"Yes"}},{"type":"Feature","id":2142342,"geometry":{"type":"Point","coordinates":[-122.791705,49.162452]},"properties":{"FACILITYID":"1001208736","BUS_STOP_NO":55235,"STOP_STATUS":"Active","BUS_BENCHES":"YES","BUS_SHELTERS":"LRG","LOCATION":"Westbound Fraser Hwy @ 156 St","ACCESSIBLE":"Yes","OBJECTID_1":2142342,"GLOBALID":"{472D4031-5C7E-478A-935B-BFDCD8925C12}","TRANSIT_ROUTES":"320, 502, 503, 395","PRESCRIBED_FREQUENT_BUS_STOPS":"Yes"}},{"type":"Feature","id":2142343,"geometry":{"type":"Point","coordinates":[-122.789383,49.1613]},"properties":{"FACILITYID":"1001208204","BUS_STOP_NO":55236,"STOP_STATUS":"Active","BUS_BENCHES":"YES","BUS_SHELTERS":"STD AD","LOCATION":"Eastbound Fraser Hwy @ 156 St","ACCESSIBLE":"Yes","OBJECTID_1":2142343,"GLOBALID":"{317D6F60-8430-4A13-A151-C5C242879620}","TRANSIT_ROUTES":"320, 502, 503, 395","PRESCRIBED_FREQUENT_BUS_STOPS":"Yes"}},{"type":"Feature","id":2142344,"geometry":{"type":"Point","coordinates":[-122.784641,49.159462]},"properties":{"FACILITYID":"1001207732","BUS_STOP_NO":55240,"STOP_STATUS":"Active","BUS_BENCHES":"YES","BUS_SHELTERS":"NO","LOCATION":"Eastbound Fraser Hwy @ 158 St","ACCESSIBLE":"Yes","OBJECTID_1":2142344,"GLOBALID":"{D366DD0C-172E-433D-BC61-078E113E07E7}","TRANSIT_ROUTES":"320, 502, 395","PRESCRIBED_FREQUENT_BUS_STOPS":"Yes"}},{"type":"Feature","id":2142345,"geometry":{"type":"Point","coordinates":[-122.781689,49.15832]},"properties":{"FACILITYID":"1001208222","BUS_STOP_NO":55241,"STOP_STATUS":"Active","BUS_BENCHES":"YES","BUS_SHELTERS":"STD AD","LOCATION":"Eastbound Fraser Hwy @ Venture Way","ACCESSIBLE":"Yes","OBJECTID_1":2142345,"GLOBALID":"{9E1A3C18-F107-41B3-85CA-EF54178A4E39}","TRANSIT_ROUTES":"320, 502, 395","PRESCRIBED_FREQUENT_BUS_STOPS":"Yes"}},{"type":"Feature","id":2142346,"geometry":{"type":"Point","coordinates":[-122.777564,49.156721]},"properties":{"FACILITYID":"1001208555","BUS_STOP_NO":55243,"STOP_STATUS":"Active","BUS_BENCHES":"YES","BUS_SHELTERS":"STD AD","LOCATION":"Eastbound Fraser Hwy @ 160 St","ACCESSIBLE":"Yes","OBJECTID_1":2142346,"GLOBALID":"{B0786D27-E0E2-46DE-BB54-A44328C813F0}","TRANSIT_ROUTES":"320, 502, 503, 395","PRESCRIBED_FREQUENT_BUS_STOPS":"Yes"}},{"type":"Feature","id":2142347,"geometry":{"type":"Point","coordinates":[-122.773989,49.15533]},"properties":{"FACILITYID":"1001207846","BUS_STOP_NO":59620,"STOP_STATUS":"Active","BUS_BENCHES":"YES","BUS_SHELTERS":"NO","LOCATION":"Eastbound Fraser Hwy @ 84 Ave","ACCESSIBLE":"Yes","OBJECTID_1":2142347,"GLOBALID":"{2188D841-0D01-4E6A-94D7-F78FCC933AAA}","TRANSIT_ROUTES":"320, 502, 395","PRESCRIBED_FREQUENT_BUS_STOPS":"Yes"}},{"type":"Feature","id":2142348,"geometry":{"type":"Point","coordinates":[-122.766881,49.152531]},"properties":{"FACILITYID":"1001207640","BUS_STOP_NO":55245,"STOP_STATUS":"Active","BUS_BENCHES":"YES","BUS_SHELTERS":"STD AD","LOCATION":"Eastbound Fraser Hwy @ 164 St","ACCESSIBLE":"Yes","OBJECTID_1":2142348,"GLOBALID":"{927390F8-DA57-4576-A99F-AEE3C05955DE}","TRANSIT_ROUTES":"320, 502, 503, 395","PRESCRIBED_FREQUENT_BUS_STOPS":"Yes"}},{"type":"Feature","id":2142349,"geometry":{"type":"Point","coordinates":[-122.76161,49.150456]},"properties":{"FACILITYID":"1001207696","BUS_STOP_NO":55246,"STOP_STATUS":"Active","BUS_BENCHES":"YES","BUS_SHELTERS":"STD AD","LOCATION":"Eastbound Fraser Hwy @ 166 St","ACCESSIBLE":"Yes","OBJECTID_1":2142349,"GLOBALID":"{D75D30D7-1B52-46E8-B64F-CDA88AB663D3}","TRANSIT_ROUTES":"320, 502, 395","PRESCRIBED_FREQUENT_BUS_STOPS":"Yes"}},{"type":"Feature","id":2142350,"geometry":{"type":"Point","coordinates":[-122.735856,49.111563]},"properties":{"FACILITYID":"1001208627","BUS_STOP_NO":55253,"STOP_STATUS":"Active","BUS_BENCHES":"NO","BUS_SHELTERS":"NO","LOCATION":"Westbound 60 Ave @ 176 St","ACCESSIBLE":"No","OBJECTID_1":2142350,"GLOBALID":"{AFCB6F3A-DDA9-4622-91FD-FE4EA9207A10}","TRANSIT_ROUTES":"320, 864","PRESCRIBED_FREQUENT_BUS_STOPS":null}},{"type":"Feature","id":2142351,"geometry":{"type":"Point","coordinates":[-122.735078,49.110491]},"properties":{"FACILITYID":"1001208649","BUS_STOP_NO":55254,"STOP_STATUS":"Active","BUS_BENCHES":"YES","BUS_SHELTERS":"NO","LOCATION":"Southbound 176 St @ 60 Ave","ACCESSIBLE":"Yes","OBJECTID_1":2142351,"GLOBALID":"{88A73C1C-A735-499A-93CC-BE1F7B037075}","TRANSIT_ROUTES":"320","PRESCRIBED_FREQUENT_BUS_STOPS":null}},{"type":"Feature","id":2142352,"geometry":{"type":"Point","coordinates":[-122.730386,49.105445]},"properties":{"FACILITYID":"1001208264","BUS_STOP_NO":55258,"STOP_STATUS":"Active","BUS_BENCHES":"NO","BUS_SHELTERS":"NO","LOCATION":"Southbound 177B St @ 56A Ave","ACCESSIBLE":"Yes","OBJECTID_1":2142352,"GLOBALID":"{B51BD48D-8366-4492-8FB2-9180FCD22488}","TRANSIT_ROUTES":"342, 370","PRESCRIBED_FREQUENT_BUS_STOPS":null}},{"type":"Feature","id":2142353,"geometry":{"type":"Point","coordinates":[-122.729694,49.104048]},"properties":{"FACILITYID":"1001207974","BUS_STOP_NO":55259,"STOP_STATUS":"Active","BUS_BENCHES":"YES","BUS_SHELTERS":"NO","LOCATION":"Eastbound Hwy 10 @ 177B St","ACCESSIBLE":"Yes","OBJECTID_1":2142353,"GLOBALID":"{ADC22A3B-5F99-4294-AD09-679D64F0C6C3}","TRANSIT_ROUTES":"342, 370","PRESCRIBED_FREQUENT_BUS_STOPS":null}},{"type":"Feature","id":2142354,"geometry":{"type":"Point","coordinates":[-122.722935,49.104022]},"properties":{"FACILITYID":"1001207936","BUS_STOP_NO":55260,"STOP_STATUS":"Active","BUS_BENCHES":"YES","BUS_SHELTERS":"STD AD","LOCATION":"Eastbound Hwy 10 @ 180 St","ACCESSIBLE":"Yes","OBJECTID_1":2142354,"GLOBALID":"{52BED5F2-C8D7-4AF5-89B9-E62A8DD1223E}","TRANSIT_ROUTES":"342","PRESCRIBED_FREQUENT_BUS_STOPS":null}},{"type":"Feature","id":2142355,"geometry":{"type":"Point","coordinates":[-122.717863,49.104054]},"properties":{"FACILITYID":"1001208161","BUS_STOP_NO":55261,"STOP_STATUS":"Active","BUS_BENCHES":"YES","BUS_SHELTERS":"NO","LOCATION":"Eastbound Hwy 10 @ 182 St","ACCESSIBLE":"Yes","OBJECTID_1":2142355,"GLOBALID":"{3E4ECDCD-0699-4DA4-8E59-8EE0A9DCE5DC}","TRANSIT_ROUTES":"342","PRESCRIBED_FREQUENT_BUS_STOPS":null}},{"type":"Feature","id":2142356,"geometry":{"type":"Point","coordinates":[-122.712195,49.104031]},"properties":{"FACILITYID":"1001207864","BUS_STOP_NO":55262,"STOP_STATUS":"Active","BUS_BENCHES":"YES","BUS_SHELTERS":"NO","LOCATION":"Eastbound Hwy 10 @ 184 St","ACCESSIBLE":"Yes","OBJECTID_1":2142356,"GLOBALID":"{1DDD1E5A-BA6D-4BA5-A6DA-A302EC802190}","TRANSIT_ROUTES":"342","PRESCRIBED_FREQUENT_BUS_STOPS":null}},{"type":"Feature","id":2142357,"geometry":{"type":"Point","coordinates":[-122.706512,49.10405]},"properties":{"FACILITYID":"1001207840","BUS_STOP_NO":55263,"STOP_STATUS":"Active","BUS_BENCHES":"NO","BUS_SHELTERS":"NO","LOCATION":"Eastbound Hwy 10 @ 18600 Block","ACCESSIBLE":"No","OBJECTID_1":2142357,"GLOBALID":"{FE3569B5-8E68-4043-9D04-5244A65EF90F}","TRANSIT_ROUTES":"342","PRESCRIBED_FREQUENT_BUS_STOPS":null}},{"type":"Feature","id":2142358,"geometry":{"type":"Point","coordinates":[-122.701101,49.104051]},"properties":{"FACILITYID":"1001207823","BUS_STOP_NO":55264,"STOP_STATUS":"Active","BUS_BENCHES":"YES","BUS_SHELTERS":"NO","LOCATION":"Eastbound Hwy 10 @ 188 St","ACCESSIBLE":"Yes","OBJECTID_1":2142358,"GLOBALID":"{F1ACAAC5-CF70-40C3-B3ED-5132F4FE35C2}","TRANSIT_ROUTES":"342","PRESCRIBED_FREQUENT_BUS_STOPS":null}},{"type":"Feature","id":2142359,"geometry":{"type":"Point","coordinates":[-122.682581,49.10436]},"properties":{"FACILITYID":"1001208441","BUS_STOP_NO":55265,"STOP_STATUS":"Active","BUS_BENCHES":"NO","BUS_SHELTERS":"NO","LOCATION":"Eastbound 56 Ave @ Production Blvd","ACCESSIBLE":"Yes","OBJECTID_1":2142359,"GLOBALID":"{DFBDB76B-9DEF-4F62-8D16-4F4BCE486C4E}","TRANSIT_ROUTES":"342","PRESCRIBED_FREQUENT_BUS_STOPS":null}},{"type":"Feature","id":2142360,"geometry":{"type":"Point","coordinates":[-122.730181,49.106384]},"properties":{"FACILITYID":"1001207736","BUS_STOP_NO":55268,"STOP_STATUS":"Active","BUS_BENCHES":"NO","BUS_SHELTERS":"NO","LOCATION":"Northbound 177B St @ 57 Ave","ACCESSIBLE":"Yes","OBJECTID_1":2142360,"GLOBALID":"{7DDEB0DC-6FB9-4ECD-93A8-F9A71C44D0FF}","TRANSIT_ROUTES":"342","PRESCRIBED_FREQUENT_BUS_STOPS":null}},{"type":"Feature","id":2142361,"geometry":{"type":"Point","coordinates":[-122.730183,49.108222]},"properties":{"FACILITYID":"1001208709","BUS_STOP_NO":55269,"STOP_STATUS":"Active","BUS_BENCHES":"NO","BUS_SHELTERS":"NO","LOCATION":"Northbound 177B St @ 58 Ave","ACCESSIBLE":"Yes","OBJECTID_1":2142361,"GLOBALID":"{F66ACE73-D071-4199-A932-452FFC8E4DE7}","TRANSIT_ROUTES":"320","PRESCRIBED_FREQUENT_BUS_STOPS":null}},{"type":"Feature","id":2142362,"geometry":{"type":"Point","coordinates":[-122.730197,49.110864]},"properties":{"FACILITYID":"1001207714","BUS_STOP_NO":55270,"STOP_STATUS":"Active","BUS_BENCHES":"YES","BUS_SHELTERS":"NO","LOCATION":"Northbound 177B St @ 59A Ave","ACCESSIBLE":"Yes","OBJECTID_1":2142362,"GLOBALID":"{9AB24FB0-2B53-4931-94A5-B5D0DABCF8A2}","TRANSIT_ROUTES":"320","PRESCRIBED_FREQUENT_BUS_STOPS":null}},{"type":"Feature","id":2142363,"geometry":{"type":"Point","coordinates":[-122.723195,49.111364]},"properties":{"FACILITYID":"1001208832","BUS_STOP_NO":55271,"STOP_STATUS":"Active","BUS_BENCHES":"YES","BUS_SHELTERS":"NO","LOCATION":"Eastbound 60 Ave @ 180 St","ACCESSIBLE":"Yes","OBJECTID_1":2142363,"GLOBALID":"{607DE72C-FB86-4FB1-87BA-63E20AD8BCBE}","TRANSIT_ROUTES":"320, 370","PRESCRIBED_FREQUENT_BUS_STOPS":null}},{"type":"Feature","id":2142364,"geometry":{"type":"Point","coordinates":[-122.717882,49.11136]},"properties":{"FACILITYID":"1001207648","BUS_STOP_NO":55272,"STOP_STATUS":"Active","BUS_BENCHES":"YES","BUS_SHELTERS":"NO","LOCATION":"Eastbound 60 Ave @ 182 St","ACCESSIBLE":"Yes","OBJECTID_1":2142364,"GLOBALID":"{DC208C4E-B999-4D20-9C45-6AFE395147FE}","TRANSIT_ROUTES":"320, 370","PRESCRIBED_FREQUENT_BUS_STOPS":null}},{"type":"Feature","id":2142365,"geometry":{"type":"Point","coordinates":[-122.711742,49.11135]},"properties":{"FACILITYID":"1001208297","BUS_STOP_NO":55273,"STOP_STATUS":"Active","BUS_BENCHES":"YES","BUS_SHELTERS":"NO","LOCATION":"Eastbound 60 Ave @ 184 St","ACCESSIBLE":"Yes","OBJECTID_1":2142365,"GLOBALID":"{43A901A9-C4EF-49B8-B5B4-64E660B05958}","TRANSIT_ROUTES":"320","PRESCRIBED_FREQUENT_BUS_STOPS":null}},{"type":"Feature","id":2142366,"geometry":{"type":"Point","coordinates":[-122.707867,49.111322]},"properties":{"FACILITYID":"1001208810","BUS_STOP_NO":55274,"STOP_STATUS":"Active","BUS_BENCHES":"YES","BUS_SHELTERS":"NO","LOCATION":"Eastbound 60 Ave @ 185B St","ACCESSIBLE":"Yes","OBJECTID_1":2142366,"GLOBALID":"{7DE2BF8E-8434-4DFA-AAB1-64730D56ECA4}","TRANSIT_ROUTES":"320","PRESCRIBED_FREQUENT_BUS_STOPS":null}},{"type":"Feature","id":2142367,"geometry":{"type":"Point","coordinates":[-122.701146,49.111262]},"properties":{"FACILITYID":"1001208509","BUS_STOP_NO":55275,"STOP_STATUS":"Active","BUS_BENCHES":"YES","BUS_SHELTERS":"NO","LOCATION":"Eastbound 60 Ave @ 188 St","ACCESSIBLE":"Yes","OBJECTID_1":2142367,"GLOBALID":"{61C5631B-0437-488F-A561-74F15CBDD477}","TRANSIT_ROUTES":"320","PRESCRIBED_FREQUENT_BUS_STOPS":null}},{"type":"Feature","id":2142368,"geometry":{"type":"Point","coordinates":[-122.69704,49.111258]},"properties":{"FACILITYID":"1001207987","BUS_STOP_NO":55276,"STOP_STATUS":"Active","BUS_BENCHES":"YES","BUS_SHELTERS":"NO","LOCATION":"Eastbound 60 Ave @ 189A St","ACCESSIBLE":"Yes","OBJECTID_1":2142368,"GLOBALID":"{1423905C-4BBC-4B4E-8731-89B61D558CB5}","TRANSIT_ROUTES":"320","PRESCRIBED_FREQUENT_BUS_STOPS":null}},{"type":"Feature","id":2142369,"geometry":{"type":"Point","coordinates":[-122.69063,49.119185]},"properties":{"FACILITYID":"1001208851","BUS_STOP_NO":61501,"STOP_STATUS":"Active","BUS_BENCHES":"YES","BUS_SHELTERS":"NO","LOCATION":"Eastbound 64 Ave @ Fraser Hwy","ACCESSIBLE":"Yes","OBJECTID_1":2142369,"GLOBALID":"{6FF512C3-45B9-486F-912E-9C31DBBACDC5}","TRANSIT_ROUTES":"364, 395","PRESCRIBED_FREQUENT_BUS_STOPS":null}},{"type":"Feature","id":2142370,"geometry":{"type":"Point","coordinates":[-122.692342,49.104575]},"properties":{"FACILITYID":"1001207671","BUS_STOP_NO":55316,"STOP_STATUS":"Active","BUS_BENCHES":"YES","BUS_SHELTERS":"NO","LOCATION":"Westbound Hwy 10 @ 192 St","ACCESSIBLE":"Yes","OBJECTID_1":2142370,"GLOBALID":"{36EDB2B0-5B6B-4790-9F33-922C27A6C018}","TRANSIT_ROUTES":"342","PRESCRIBED_FREQUENT_BUS_STOPS":null}},{"type":"Feature","id":2142371,"geometry":{"type":"Point","coordinates":[-122.702163,49.10424]},"properties":{"FACILITYID":"1001207868","BUS_STOP_NO":55317,"STOP_STATUS":"Active","BUS_BENCHES":"YES","BUS_SHELTERS":"NO","LOCATION":"Westbound Hwy 10 @ 188 St","ACCESSIBLE":"Yes","OBJECTID_1":2142371,"GLOBALID":"{E253FBF8-21B3-4481-B11A-985868049716}","TRANSIT_ROUTES":"342","PRESCRIBED_FREQUENT_BUS_STOPS":null}},{"type":"Feature","id":2142372,"geometry":{"type":"Point","coordinates":[-122.707055,49.104208]},"properties":{"FACILITYID":"1001208327","BUS_STOP_NO":55318,"STOP_STATUS":"Active","BUS_BENCHES":"NO","BUS_SHELTERS":"NO","LOCATION":"Westbound Hwy 10 @ 18600 Block","ACCESSIBLE":"No","OBJECTID_1":2142372,"GLOBALID":"{5942F864-56EA-497C-84BA-C27F08D6994C}","TRANSIT_ROUTES":"342","PRESCRIBED_FREQUENT_BUS_STOPS":null}},{"type":"Feature","id":2142373,"geometry":{"type":"Point","coordinates":[-122.71326,49.10421]},"properties":{"FACILITYID":"1001207934","BUS_STOP_NO":55319,"STOP_STATUS":"Active","BUS_BENCHES":"YES","BUS_SHELTERS":"NO","LOCATION":"Westbound Hwy 10 @ 184 St","ACCESSIBLE":"Yes","OBJECTID_1":2142373,"GLOBALID":"{2812618E-4561-4107-9E53-CD4705077CDF}","TRANSIT_ROUTES":"342","PRESCRIBED_FREQUENT_BUS_STOPS":null}},{"type":"Feature","id":2142374,"geometry":{"type":"Point","coordinates":[-122.718783,49.104206]},"properties":{"FACILITYID":"1001208402","BUS_STOP_NO":55320,"STOP_STATUS":"Active","BUS_BENCHES":"YES","BUS_SHELTERS":"NO","LOCATION":"Westbound Hwy 10 @ 182 St","ACCESSIBLE":"Yes","OBJECTID_1":2142374,"GLOBALID":"{B9DFCB35-20EE-4D4C-8614-DADD53CE19F4}","TRANSIT_ROUTES":"342","PRESCRIBED_FREQUENT_BUS_STOPS":null}},{"type":"Feature","id":2142375,"geometry":{"type":"Point","coordinates":[-122.72436,49.104231]},"properties":{"FACILITYID":"1001207670","BUS_STOP_NO":55321,"STOP_STATUS":"Active","BUS_BENCHES":"YES","BUS_SHELTERS":"NO","LOCATION":"Westbound Hwy 10 @ 180 St","ACCESSIBLE":"Yes","OBJECTID_1":2142375,"GLOBALID":"{1702B82B-0651-4A6C-AA85-787D704EBD23}","TRANSIT_ROUTES":"342, 370","PRESCRIBED_FREQUENT_BUS_STOPS":null}},{"type":"Feature","id":2142376,"geometry":{"type":"Point","coordinates":[-122.728124,49.104239]},"properties":{"FACILITYID":"1001208105","BUS_STOP_NO":55322,"STOP_STATUS":"Active","BUS_BENCHES":"NO","BUS_SHELTERS":"STD AD","LOCATION":"Westbound Hwy 10 @ 17800 Block","ACCESSIBLE":"Yes","OBJECTID_1":2142376,"GLOBALID":"{7043D72E-CD17-48A0-8C2A-A5DDF6E5CF85}","TRANSIT_ROUTES":"342, 370","PRESCRIBED_FREQUENT_BUS_STOPS":null}},{"type":"Feature","id":2142377,"geometry":{"type":"Point","coordinates":[-122.686002,49.119214]},"properties":{"FACILITYID":"1001947612","BUS_STOP_NO":55329,"STOP_STATUS":"Active","BUS_BENCHES":"YES","BUS_SHELTERS":"NO","LOCATION":"Westbound 64 Ave @ 194 St","ACCESSIBLE":"Yes","OBJECTID_1":2142377,"GLOBALID":null,"TRANSIT_ROUTES":"364, 395","PRESCRIBED_FREQUENT_BUS_STOPS":null}},{"type":"Feature","id":2142378,"geometry":{"type":"Point","coordinates":[-122.692137,49.11139]},"properties":{"FACILITYID":"1001208699","BUS_STOP_NO":55332,"STOP_STATUS":"Active","BUS_BENCHES":"NO","BUS_SHELTERS":"NO","LOCATION":"Westbound 60 Ave @ 192 St","ACCESSIBLE":"No","OBJECTID_1":2142378,"GLOBALID":"{0A7EBE1E-7057-4C11-BF43-A5B2B24FFD72}","TRANSIT_ROUTES":"320","PRESCRIBED_FREQUENT_BUS_STOPS":null}},{"type":"Feature","id":2142379,"geometry":{"type":"Point","coordinates":[-122.696866,49.111379]},"properties":{"FACILITYID":"1001207851","BUS_STOP_NO":55333,"STOP_STATUS":"Active","BUS_BENCHES":"YES","BUS_SHELTERS":"NO","LOCATION":"Westbound 60 Ave @ 190 St","ACCESSIBLE":"Yes","OBJECTID_1":2142379,"GLOBALID":"{F50FD7DF-5BFC-4A3E-8B12-6560A99330A6}","TRANSIT_ROUTES":"320","PRESCRIBED_FREQUENT_BUS_STOPS":null}},{"type":"Feature","id":2142380,"geometry":{"type":"Point","coordinates":[-122.702445,49.111403]},"properties":{"FACILITYID":"1001207828","BUS_STOP_NO":55334,"STOP_STATUS":"Active","BUS_BENCHES":"YES","BUS_SHELTERS":"NO","LOCATION":"Westbound 60 Ave @ 188 St","ACCESSIBLE":"No","OBJECTID_1":2142380,"GLOBALID":"{7905CA82-B7F8-4D9F-B941-B3A9AA937B4B}","TRANSIT_ROUTES":"320","PRESCRIBED_FREQUENT_BUS_STOPS":null}},{"type":"Feature","id":2142381,"geometry":{"type":"Point","coordinates":[-122.707549,49.111443]},"properties":{"FACILITYID":"1001207593","BUS_STOP_NO":55335,"STOP_STATUS":"Active","BUS_BENCHES":"YES","BUS_SHELTERS":"NO","LOCATION":"Westbound 60 Ave @ 186 St","ACCESSIBLE":"Yes","OBJECTID_1":2142381,"GLOBALID":"{F4D20EF7-B117-4E7A-A003-6B1E4C90D3FF}","TRANSIT_ROUTES":"320","PRESCRIBED_FREQUENT_BUS_STOPS":null}},{"type":"Feature","id":2142382,"geometry":{"type":"Point","coordinates":[-122.713126,49.11149]},"properties":{"FACILITYID":"1001207521","BUS_STOP_NO":55336,"STOP_STATUS":"Active","BUS_BENCHES":"YES","BUS_SHELTERS":"NO","LOCATION":"Westbound 60 Ave @ 184 St","ACCESSIBLE":"Yes","OBJECTID_1":2142382,"GLOBALID":"{51E201FE-3852-46AB-9734-F674903CC384}","TRANSIT_ROUTES":"320, 370","PRESCRIBED_FREQUENT_BUS_STOPS":null}},{"type":"Feature","id":2142383,"geometry":{"type":"Point","coordinates":[-122.718612,49.111478]},"properties":{"FACILITYID":"1001208847","BUS_STOP_NO":55337,"STOP_STATUS":"Active","BUS_BENCHES":"NO","BUS_SHELTERS":"NO","LOCATION":"Westbound 60 Ave @ 182 St","ACCESSIBLE":"Yes","OBJECTID_1":2142383,"GLOBALID":"{BCF088DB-4357-448C-8423-2AD5794FBA24}","TRANSIT_ROUTES":"320, 370","PRESCRIBED_FREQUENT_BUS_STOPS":null}},{"type":"Feature","id":2142384,"geometry":{"type":"Point","coordinates":[-122.724292,49.111512]},"properties":{"FACILITYID":"1001207798","BUS_STOP_NO":55338,"STOP_STATUS":"Active","BUS_BENCHES":"YES","BUS_SHELTERS":"NO","LOCATION":"Westbound 60 Ave @ 180 St","ACCESSIBLE":"Yes","OBJECTID_1":2142384,"GLOBALID":"{CB9802C3-4A60-48E0-8D1F-3C95C0C2AE16}","TRANSIT_ROUTES":"320, 370, 864","PRESCRIBED_FREQUENT_BUS_STOPS":null}},{"type":"Feature","id":2142385,"geometry":{"type":"Point","coordinates":[-122.730407,49.110711]},"properties":{"FACILITYID":"1001208078","BUS_STOP_NO":55339,"STOP_STATUS":"Active","BUS_BENCHES":"YES","BUS_SHELTERS":"NO","LOCATION":"Southbound 177B St @ 59A Ave","ACCESSIBLE":"Yes","OBJECTID_1":2142385,"GLOBALID":"{E3E70480-B0C3-434A-9061-A710E5BAE594}","TRANSIT_ROUTES":"320","PRESCRIBED_FREQUENT_BUS_STOPS":null}},{"type":"Feature","id":2142386,"geometry":{"type":"Point","coordinates":[-122.730399,49.10843]},"properties":{"FACILITYID":"1001207609","BUS_STOP_NO":55340,"STOP_STATUS":"Active","BUS_BENCHES":"NO","BUS_SHELTERS":"NO","LOCATION":"Southbound 177B St @ 58A Ave","ACCESSIBLE":"Yes","OBJECTID_1":2142386,"GLOBALID":"{EB44CA84-D10E-4D7E-973C-9DE10EBAAC61}","TRANSIT_ROUTES":"320","PRESCRIBED_FREQUENT_BUS_STOPS":null}},{"type":"Feature","id":2142387,"geometry":{"type":"Point","coordinates":[-122.73018,49.104688]},"properties":{"FACILITYID":"1001208841","BUS_STOP_NO":55342,"STOP_STATUS":"Active","BUS_BENCHES":"YES","BUS_SHELTERS":"NO","LOCATION":"Northbound 177B St @ Hwy 10","ACCESSIBLE":"Yes","OBJECTID_1":2142387,"GLOBALID":"{918AFFF6-C611-4BD7-B835-FC1EAF0AB081}","TRANSIT_ROUTES":"342, 370","PRESCRIBED_FREQUENT_BUS_STOPS":null}},{"type":"Feature","id":2142388,"geometry":{"type":"Point","coordinates":[-122.757285,49.148563]},"properties":{"FACILITYID":"1001208307","BUS_STOP_NO":55351,"STOP_STATUS":"Active","BUS_BENCHES":"YES","BUS_SHELTERS":"LRG","LOCATION":"Westbound Fraser Hwy @ 168 St","ACCESSIBLE":"Yes","OBJECTID_1":2142388,"GLOBALID":"{D3BE02DC-C271-49F7-8D5E-F58D402271F5}","TRANSIT_ROUTES":"320, 502, 503, 395","PRESCRIBED_FREQUENT_BUS_STOPS":"Yes"}},{"type":"Feature","id":2142389,"geometry":{"type":"Point","coordinates":[-122.768544,49.153407]},"properties":{"FACILITYID":null,"BUS_STOP_NO":55353,"STOP_STATUS":"Active","BUS_BENCHES":"YES","BUS_SHELTERS":"YES","LOCATION":"Westbound Fraser Hwy @ 164 St","ACCESSIBLE":"Yes","OBJECTID_1":2142389,"GLOBALID":null,"TRANSIT_ROUTES":"320, 502, 503, 395","PRESCRIBED_FREQUENT_BUS_STOPS":null}},{"type":"Feature","id":2142390,"geometry":{"type":"Point","coordinates":[-122.775055,49.155963]},"properties":{"FACILITYID":"1001208630","BUS_STOP_NO":59705,"STOP_STATUS":"Active","BUS_BENCHES":"YES","BUS_SHELTERS":"LRG","LOCATION":"Westbound Fraser Hwy @ 84 Ave","ACCESSIBLE":"Yes","OBJECTID_1":2142390,"GLOBALID":"{29F370A0-CAAE-4799-84A0-8802678CE24A}","TRANSIT_ROUTES":"320, 502, 395","PRESCRIBED_FREQUENT_BUS_STOPS":"Yes"}},{"type":"Feature","id":2142391,"geometry":{"type":"Point","coordinates":[-122.785641,49.160072]},"properties":{"FACILITYID":"1001208635","BUS_STOP_NO":55356,"STOP_STATUS":"Active","BUS_BENCHES":"YES","BUS_SHELTERS":"NO","LOCATION":"Westbound Fraser Hwy @ 158 St","ACCESSIBLE":"Yes","OBJECTID_1":2142391,"GLOBALID":"{9113E175-F355-4E9B-A2E9-AFD2EB15A0CA}","TRANSIT_ROUTES":"320, 502, 395","PRESCRIBED_FREQUENT_BUS_STOPS":"Yes"}},{"type":"Feature","id":2142392,"geometry":{"type":"Point","coordinates":[-122.80124,49.167156]},"properties":{"FACILITYID":"1001208188","BUS_STOP_NO":55357,"STOP_STATUS":"Active","BUS_BENCHES":"YES","BUS_SHELTERS":"LRG","LOCATION":"Northbound 152 St @ Fraser Hwy","ACCESSIBLE":"Yes","OBJECTID_1":2142392,"GLOBALID":"{3894FB15-6A8A-4038-8E27-F17A66ED960E}","TRANSIT_ROUTES":"320, 375","PRESCRIBED_FREQUENT_BUS_STOPS":null}},{"type":"Feature","id":2142393,"geometry":{"type":"Point","coordinates":[-122.801188,49.168579]},"properties":{"FACILITYID":"1001207799","BUS_STOP_NO":55358,"STOP_STATUS":"Active","BUS_BENCHES":"YES","BUS_SHELTERS":"NO","LOCATION":"Northbound 152 St @ 91 Ave","ACCESSIBLE":"Yes","OBJECTID_1":2142393,"GLOBALID":"{0C9FFE80-95E5-4452-99BF-747AC73591E6}","TRANSIT_ROUTES":"320, 375","PRESCRIBED_FREQUENT_BUS_STOPS":null}},{"type":"Feature","id":2142394,"geometry":{"type":"Point","coordinates":[-122.801131,49.170427]},"properties":{"FACILITYID":"1001207923","BUS_STOP_NO":55359,"STOP_STATUS":"Active","BUS_BENCHES":"YES","BUS_SHELTERS":"STD AD","LOCATION":"Northbound 152 St @ 92 Ave","ACCESSIBLE":"Yes","OBJECTID_1":2142394,"GLOBALID":"{D71F7766-7A86-4812-B4F5-39BD6E699830}","TRANSIT_ROUTES":"320, 375","PRESCRIBED_FREQUENT_BUS_STOPS":null}},{"type":"Feature","id":2142395,"geometry":{"type":"Point","coordinates":[-122.801005,49.173796]},"properties":{"FACILITYID":"1001208340","BUS_STOP_NO":55360,"STOP_STATUS":"Active","BUS_BENCHES":"YES","BUS_SHELTERS":"NO","LOCATION":"Northbound 152 St @ 94 Ave","ACCESSIBLE":"Yes","OBJECTID_1":2142395,"GLOBALID":"{404BE5FC-0C16-4221-870D-21D6E271B340}","TRANSIT_ROUTES":"320, 375","PRESCRIBED_FREQUENT_BUS_STOPS":null}},{"type":"Feature","id":2142396,"geometry":{"type":"Point","coordinates":[-122.800892,49.177204]},"properties":{"FACILITYID":"1001207977","BUS_STOP_NO":55361,"STOP_STATUS":"Active","BUS_BENCHES":"YES","BUS_SHELTERS":"LRG","LOCATION":"Northbound 152 St @ 96 Ave","ACCESSIBLE":"Yes","OBJECTID_1":2142396,"GLOBALID":"{B8432506-668A-4AAD-AD2C-74F30686ACDA}","TRANSIT_ROUTES":"320, 375","PRESCRIBED_FREQUENT_BUS_STOPS":null}},{"type":"Feature","id":2142397,"geometry":{"type":"Point","coordinates":[-122.800852,49.180299]},"properties":{"FACILITYID":"1001207534","BUS_STOP_NO":55362,"STOP_STATUS":"Active","BUS_BENCHES":"YES","BUS_SHELTERS":"STD AD","LOCATION":"Northbound 152 St @ 98 Ave","ACCESSIBLE":"Yes","OBJECTID_1":2142397,"GLOBALID":"{86DEB4FA-C3FB-4FE2-8165-1FD50D6151B1}","TRANSIT_ROUTES":"320, 375","PRESCRIBED_FREQUENT_BUS_STOPS":null}},{"type":"Feature","id":2142398,"geometry":{"type":"Point","coordinates":[-122.800733,49.18464]},"properties":{"FACILITYID":"1001208390","BUS_STOP_NO":55363,"STOP_STATUS":"Active","BUS_BENCHES":"YES","BUS_SHELTERS":"STD AD","LOCATION":"Northbound 152 St @ 100 Ave","ACCESSIBLE":"Yes","OBJECTID_1":2142398,"GLOBALID":"{0E4EE12B-A4EA-45D6-AAF2-CBE4C730C96F}","TRANSIT_ROUTES":"320, 375","PRESCRIBED_FREQUENT_BUS_STOPS":null}},{"type":"Feature","id":2142399,"geometry":{"type":"Point","coordinates":[-122.800723,49.186973]},"properties":{"FACILITYID":"1001207750","BUS_STOP_NO":55364,"STOP_STATUS":"Active","BUS_BENCHES":"YES","BUS_SHELTERS":"NO","LOCATION":"Northbound 152 St @ 101 Ave","ACCESSIBLE":"Yes","OBJECTID_1":2142399,"GLOBALID":"{034DE3D4-672A-44CB-ADF1-85839D0FBC60}","TRANSIT_ROUTES":"320, 375","PRESCRIBED_FREQUENT_BUS_STOPS":null}},{"type":"Feature","id":2142400,"geometry":{"type":"Point","coordinates":[-122.800757,49.189006]},"properties":{"FACILITYID":"1001207865","BUS_STOP_NO":55365,"STOP_STATUS":"Active","BUS_BENCHES":"YES","BUS_SHELTERS":"LRG","LOCATION":"Northbound 152 St @ 102A Ave","ACCESSIBLE":"Yes","OBJECTID_1":2142400,"GLOBALID":"{0956C11F-396D-4C26-AB1A-B71791437A6C}","TRANSIT_ROUTES":"320, 375","PRESCRIBED_FREQUENT_BUS_STOPS":null}},{"type":"Feature","id":2142401,"geometry":{"type":"Point","coordinates":[-122.80711,49.191561]},"properties":{"FACILITYID":"1001208040","BUS_STOP_NO":55366,"STOP_STATUS":"Active","BUS_BENCHES":"NO","BUS_SHELTERS":"LRG","LOCATION":"Westbound 104 Ave @ 150 St","ACCESSIBLE":"Yes","OBJECTID_1":2142401,"GLOBALID":"{9D707E87-A6F4-46A6-9B74-D7E806981D25}","TRANSIT_ROUTES":"320","PRESCRIBED_FREQUENT_BUS_STOPS":null}},{"type":"Feature","id":2142402,"geometry":{"type":"Point","coordinates":[-122.813065,49.191583]},"properties":{"FACILITYID":"1001208367","BUS_STOP_NO":55367,"STOP_STATUS":"Active","BUS_BENCHES":"YES","BUS_SHELTERS":"STD AD","LOCATION":"Westbound 104 Ave @ 148 St","ACCESSIBLE":"Yes","OBJECTID_1":2142402,"GLOBALID":"{8B9BAC30-B0D7-400F-ABF5-CCA33C77769D}","TRANSIT_ROUTES":"320, 501, R1","PRESCRIBED_FREQUENT_BUS_STOPS":"Yes"}},{"type":"Feature","id":2142403,"geometry":{"type":"Point","coordinates":[-122.818464,49.191599]},"properties":{"FACILITYID":"1001207973","BUS_STOP_NO":55368,"STOP_STATUS":"Active","BUS_BENCHES":"NO","BUS_SHELTERS":"STD AD","LOCATION":"Westbound 104 Ave @ 146 St","ACCESSIBLE":"Yes","OBJECTID_1":2142403,"GLOBALID":"{D08CBCCA-97D4-4EE9-9C6A-3E5E0F70AA56}","TRANSIT_ROUTES":"320","PRESCRIBED_FREQUENT_BUS_STOPS":null}},{"type":"Feature","id":2142404,"geometry":{"type":"Point","coordinates":[-122.824345,49.191605]},"properties":{"FACILITYID":"1001208362","BUS_STOP_NO":55369,"STOP_STATUS":"Active","BUS_BENCHES":"YES","BUS_SHELTERS":"STD AD","LOCATION":"Westbound 104 Ave @ 144 St","ACCESSIBLE":"Yes","OBJECTID_1":2142404,"GLOBALID":"{955115C0-49EF-47FD-9412-742780DFCE5A}","TRANSIT_ROUTES":"320, 501, R1","PRESCRIBED_FREQUENT_BUS_STOPS":"Yes"}},{"type":"Feature","id":2142405,"geometry":{"type":"Point","coordinates":[-122.828988,49.191587]},"properties":{"FACILITYID":"1001208445","BUS_STOP_NO":55370,"STOP_STATUS":"Active","BUS_BENCHES":"NO","BUS_SHELTERS":"STD AD","LOCATION":"Westbound 104 Ave @ 142 St","ACCESSIBLE":"Yes","OBJECTID_1":2142405,"GLOBALID":"{79B76EF1-1E86-4099-90A6-A2344D268BF3}","TRANSIT_ROUTES":"320","PRESCRIBED_FREQUENT_BUS_STOPS":"Yes"}},{"type":"Feature","id":2142406,"geometry":{"type":"Point","coordinates":[-122.834607,49.191566]},"properties":{"FACILITYID":"1001208290","BUS_STOP_NO":55371,"STOP_STATUS":"Active","BUS_BENCHES":"YES","BUS_SHELTERS":"NSW","LOCATION":"Westbound 104 Ave @ 140 St","ACCESSIBLE":"Yes","OBJECTID_1":2142406,"GLOBALID":"{5EE1FFC6-E8C1-44A1-957C-FFDD55E17F52}","TRANSIT_ROUTES":"320, 501, R1","PRESCRIBED_FREQUENT_BUS_STOPS":"Yes"}},{"type":"Feature","id":2142407,"geometry":{"type":"Point","coordinates":[-122.838233,49.191611]},"properties":{"FACILITYID":"1001208823","BUS_STOP_NO":55372,"STOP_STATUS":"Active","BUS_BENCHES":"YES","BUS_SHELTERS":"NO","LOCATION":"Westbound 104 Ave @ 138A St","ACCESSIBLE":"Yes","OBJECTID_1":2142407,"GLOBALID":"{3EC75888-56FC-464F-A445-91D34F5BFF27}","TRANSIT_ROUTES":"320","PRESCRIBED_FREQUENT_BUS_STOPS":"Yes"}},{"type":"Feature","id":2142408,"geometry":{"type":"Point","coordinates":[-122.842718,49.191674]},"properties":{"FACILITYID":null,"BUS_STOP_NO":55373,"STOP_STATUS":"Active","BUS_BENCHES":"YES","BUS_SHELTERS":"YES","LOCATION":"Westbound 104 Ave @ Whalley Blvd","ACCESSIBLE":"Yes","OBJECTID_1":2142408,"GLOBALID":null,"TRANSIT_ROUTES":"320, 501, R1","PRESCRIBED_FREQUENT_BUS_STOPS":null}},{"type":"Feature","id":2142409,"geometry":{"type":"Point","coordinates":[-122.765764,49.023353]},"properties":{"FACILITYID":"1001208552","BUS_STOP_NO":55375,"STOP_STATUS":"Active","BUS_BENCHES":"YES","BUS_SHELTERS":"STD AD","LOCATION":"Northbound King George Blvd @ 1100 Block","ACCESSIBLE":"Yes","OBJECTID_1":2142409,"GLOBALID":"{51046EFF-D218-4196-8C07-42C0C33AB0D0}","TRANSIT_ROUTES":"321, 375","PRESCRIBED_FREQUENT_BUS_STOPS":null}},{"type":"Feature","id":2142410,"geometry":{"type":"Point","coordinates":[-122.768278,49.025302]},"properties":{"FACILITYID":"1001208416","BUS_STOP_NO":55376,"STOP_STATUS":"Active","BUS_BENCHES":"NO","BUS_SHELTERS":"NO","LOCATION":"Northbound King George Blvd @ 164 St","ACCESSIBLE":"Yes","OBJECTID_1":2142410,"GLOBALID":"{15E99CB0-6AA2-4578-83F3-0EFD3D87BE90}","TRANSIT_ROUTES":"321, 375","PRESCRIBED_FREQUENT_BUS_STOPS":null}},{"type":"Feature","id":2142411,"geometry":{"type":"Point","coordinates":[-122.772009,49.028336]},"properties":{"FACILITYID":"1001208677","BUS_STOP_NO":55377,"STOP_STATUS":"Active","BUS_BENCHES":"YES","BUS_SHELTERS":"NO","LOCATION":"Northbound King George Blvd @ 14 Ave","ACCESSIBLE":"Yes","OBJECTID_1":2142411,"GLOBALID":"{27886CA6-EB57-4408-B7E7-EB9EFA271B1D}","TRANSIT_ROUTES":"321, 375","PRESCRIBED_FREQUENT_BUS_STOPS":null}},{"type":"Feature","id":2142412,"geometry":{"type":"Point","coordinates":[-122.776584,49.031134]},"properties":{"FACILITYID":"1001208819","BUS_STOP_NO":55378,"STOP_STATUS":"Active","BUS_BENCHES":"YES","BUS_SHELTERS":"NO","LOCATION":"Westbound 16 Ave @ King George Blvd","ACCESSIBLE":"Yes","OBJECTID_1":2142412,"GLOBALID":"{A25B090F-3DAC-48CC-8E15-1D44FD3EBCF2}","TRANSIT_ROUTES":"321, 354, 363, 375","PRESCRIBED_FREQUENT_BUS_STOPS":null}},{"type":"Feature","id":2142413,"geometry":{"type":"Point","coordinates":[-122.779695,49.03115]},"properties":{"FACILITYID":"1001207848","BUS_STOP_NO":55379,"STOP_STATUS":"Active","BUS_BENCHES":"YES","BUS_SHELTERS":"NO","LOCATION":"Westbound 16 Ave @ 160 St","ACCESSIBLE":"Yes","OBJECTID_1":2142413,"GLOBALID":"{7953DFDB-E154-465B-9FAF-905B25C4BC57}","TRANSIT_ROUTES":"321, 375","PRESCRIBED_FREQUENT_BUS_STOPS":null}},{"type":"Feature","id":2142414,"geometry":{"type":"Point","coordinates":[-122.790627,49.031166]},"properties":{"FACILITYID":"1001208357","BUS_STOP_NO":55381,"STOP_STATUS":"Active","BUS_BENCHES":"YES","BUS_SHELTERS":"NO","LOCATION":"Westbound 16 Ave @ 156 St","ACCESSIBLE":"Yes","OBJECTID_1":2142414,"GLOBALID":"{3E2BA4B8-A6F5-498D-ABF8-04E4AE0B56D3}","TRANSIT_ROUTES":"321, 375","PRESCRIBED_FREQUENT_BUS_STOPS":null}},{"type":"Feature","id":2142415,"geometry":{"type":"Point","coordinates":[-122.79637,49.031168]},"properties":{"FACILITYID":"1001208071","BUS_STOP_NO":55382,"STOP_STATUS":"Active","BUS_BENCHES":"YES","BUS_SHELTERS":"NO","LOCATION":"Westbound 16 Ave @ 154 St","ACCESSIBLE":"Yes","OBJECTID_1":2142415,"GLOBALID":"{DC23BA4F-8E1D-4296-B3C7-9DA6161F9B69}","TRANSIT_ROUTES":"321, 360, 363, 375","PRESCRIBED_FREQUENT_BUS_STOPS":null}},{"type":"Feature","id":2142416,"geometry":{"type":"Point","coordinates":[-122.801052,49.032785]},"properties":{"FACILITYID":"1001208595","BUS_STOP_NO":55383,"STOP_STATUS":"Active","BUS_BENCHES":"NO","BUS_SHELTERS":"EXCH","LOCATION":"White Rock Centre @ Bay 8","ACCESSIBLE":"Yes","OBJECTID_1":2142416,"GLOBALID":"{D2AB7802-23EC-4BEA-AA84-16F4C1DC24C1}","TRANSIT_ROUTES":"361, 362","PRESCRIBED_FREQUENT_BUS_STOPS":null}},{"type":"Feature","id":2142417,"geometry":{"type":"Point","coordinates":[-122.801054,49.035149]},"properties":{"FACILITYID":"1001208220","BUS_STOP_NO":55384,"STOP_STATUS":"Active","BUS_BENCHES":"YES","BUS_SHELTERS":"STD AD","LOCATION":"Northbound 152 St @ 18 Ave","ACCESSIBLE":"Yes","OBJECTID_1":2142417,"GLOBALID":"{2357FDA7-3146-43A9-AA1A-298A85D56CD3}","TRANSIT_ROUTES":"321, 345, 351, 375, 394, 531, 855","PRESCRIBED_FREQUENT_BUS_STOPS":"Yes"}},{"type":"Feature","id":2142418,"geometry":{"type":"Point","coordinates":[-122.801046,49.036828]},"properties":{"FACILITYID":"1001208338","BUS_STOP_NO":55385,"STOP_STATUS":"Active","BUS_BENCHES":"YES","BUS_SHELTERS":"YES","LOCATION":"Northbound 152 St @ 19 Ave","ACCESSIBLE":"Yes","OBJECTID_1":2142418,"GLOBALID":"{74BF40BD-BFEA-4BE3-9F61-394F07B972CE}","TRANSIT_ROUTES":"321, 345, 351, 375, 531, 855","PRESCRIBED_FREQUENT_BUS_STOPS":"Yes"}},{"type":"Feature","id":2142419,"geometry":{"type":"Point","coordinates":[-122.801057,49.038752]},"properties":{"FACILITYID":"1001208697","BUS_STOP_NO":55386,"STOP_STATUS":"Active","BUS_BENCHES":"YES","BUS_SHELTERS":"STD AD","LOCATION":"Northbound 152 St @ 20 Ave","ACCESSIBLE":"Yes","OBJECTID_1":2142419,"GLOBALID":"{3E3B233F-DCCA-42B4-B7E9-70892C8C0DF8}","TRANSIT_ROUTES":"321, 345, 351, 375, 394, 531, 855","PRESCRIBED_FREQUENT_BUS_STOPS":"Yes"}},{"type":"Feature","id":2142420,"geometry":{"type":"Point","coordinates":[-122.801076,49.041836]},"properties":{"FACILITYID":"1001207702","BUS_STOP_NO":55387,"STOP_STATUS":"Active","BUS_BENCHES":"YES","BUS_SHELTERS":"NO","LOCATION":"Northbound 152 St @ 22 Ave","ACCESSIBLE":"Yes","OBJECTID_1":2142420,"GLOBALID":"{AEDFC80E-0BE1-48A4-81FB-178963C589B7}","TRANSIT_ROUTES":"321, 345, 351, 375, 531, 855","PRESCRIBED_FREQUENT_BUS_STOPS":"Yes"}},{"type":"Feature","id":2142421,"geometry":{"type":"Point","coordinates":[-122.801068,49.046065]},"properties":{"FACILITYID":"1001208816","BUS_STOP_NO":55388,"STOP_STATUS":"Active","BUS_BENCHES":"YES","BUS_SHELTERS":"LRG","LOCATION":"Northbound 152 St @ 24 Ave","ACCESSIBLE":"Yes","OBJECTID_1":2142421,"GLOBALID":"{D242AB3B-5142-4BAD-8646-C3DB5A6BA4EF}","TRANSIT_ROUTES":"321, 345, 351, 375, 394, 855","PRESCRIBED_FREQUENT_BUS_STOPS":null}},{"type":"Feature","id":2142422,"geometry":{"type":"Point","coordinates":[-122.801075,49.049294]},"properties":{"FACILITYID":"1001207794","BUS_STOP_NO":55389,"STOP_STATUS":"Active","BUS_BENCHES":"NO","BUS_SHELTERS":"NSW","LOCATION":"Northbound 152 St @ 26 Ave","ACCESSIBLE":"Yes","OBJECTID_1":2142422,"GLOBALID":"{6967B365-B05F-4832-8EAD-933F8C3052B3}","TRANSIT_ROUTES":"321, 345, 351, 375, 855","PRESCRIBED_FREQUENT_BUS_STOPS":null}},{"type":"Feature","id":2142423,"geometry":{"type":"Point","coordinates":[-122.80241,49.052918]},"properties":{"FACILITYID":"1001208716","BUS_STOP_NO":55391,"STOP_STATUS":"Active","BUS_BENCHES":"YES","BUS_SHELTERS":"STD AD","LOCATION":"Northbound King George Blvd @ 152 St","ACCESSIBLE":"Yes","OBJECTID_1":2142423,"GLOBALID":"{76A22EBC-2603-4DBE-AA65-D5AE24415951}","TRANSIT_ROUTES":"321, 351, 855","PRESCRIBED_FREQUENT_BUS_STOPS":null}},{"type":"Feature","id":2142424,"geometry":{"type":"Point","coordinates":[-122.801099,49.053234]},"properties":{"FACILITYID":"1001208466","BUS_STOP_NO":55392,"STOP_STATUS":"Active","BUS_BENCHES":"YES","BUS_SHELTERS":"NO","LOCATION":"Northbound 152 St @ 28 Ave","ACCESSIBLE":"Yes","OBJECTID_1":2142424,"GLOBALID":"{BAD82BF6-91C6-4DB6-A8A4-04CC117C78C0}","TRANSIT_ROUTES":"345, 363, 375","PRESCRIBED_FREQUENT_BUS_STOPS":null}},{"type":"Feature","id":2142425,"geometry":{"type":"Point","coordinates":[-122.810627,49.059548]},"properties":{"FACILITYID":"1001208278","BUS_STOP_NO":55393,"STOP_STATUS":"Active","BUS_BENCHES":"YES","BUS_SHELTERS":"STD AD","LOCATION":"Northbound King George Blvd @ 32 Ave Diversion","ACCESSIBLE":"Yes","OBJECTID_1":2142425,"GLOBALID":"{82D52E4A-5319-4462-88AB-D359A24439F0}","TRANSIT_ROUTES":"321, 351, 354, 394, 855","PRESCRIBED_FREQUENT_BUS_STOPS":"Yes"}},{"type":"Feature","id":2142426,"geometry":{"type":"Point","coordinates":[-122.81765,49.065177]},"properties":{"FACILITYID":"1001208341","BUS_STOP_NO":55394,"STOP_STATUS":"Active","BUS_BENCHES":"YES","BUS_SHELTERS":"STD AD","LOCATION":"Northbound King George Blvd @ 34 Ave","ACCESSIBLE":"Yes","OBJECTID_1":2142426,"GLOBALID":"{49E565E7-723C-467F-BBEA-575076C75EBD}","TRANSIT_ROUTES":"321, 351, 354, 855","PRESCRIBED_FREQUENT_BUS_STOPS":null}},{"type":"Feature","id":2142427,"geometry":{"type":"Point","coordinates":[-122.82107,49.067997]},"properties":{"FACILITYID":null,"BUS_STOP_NO":55395,"STOP_STATUS":"Active","BUS_BENCHES":"YES","BUS_SHELTERS":"YES","LOCATION":"Northbound King George Blvd @ Crescent Rd","ACCESSIBLE":"Yes","OBJECTID_1":2142427,"GLOBALID":null,"TRANSIT_ROUTES":"321, 351, 352, 354, 855","PRESCRIBED_FREQUENT_BUS_STOPS":null}},{"type":"Feature","id":2142428,"geometry":{"type":"Point","coordinates":[-122.82134,49.078573]},"properties":{"FACILITYID":"1001208143","BUS_STOP_NO":55396,"STOP_STATUS":"Active","BUS_BENCHES":"YES","BUS_SHELTERS":"NO","LOCATION":"Northbound King George Blvd @ 40 Ave","ACCESSIBLE":"Yes","OBJECTID_1":2142428,"GLOBALID":"{4C210991-1000-4B0E-850D-15D44630E05D}","TRANSIT_ROUTES":"321","PRESCRIBED_FREQUENT_BUS_STOPS":"Yes"}},{"type":"Feature","id":2142429,"geometry":{"type":"Point","coordinates":[-122.832314,49.105588]},"properties":{"FACILITYID":"1001208668","BUS_STOP_NO":55399,"STOP_STATUS":"Active","BUS_BENCHES":"YES","BUS_SHELTERS":"STD AD","LOCATION":"Northbound King George Blvd @ Hwy 10","ACCESSIBLE":"Yes","OBJECTID_1":2142429,"GLOBALID":"{12D16900-51FE-4DC7-A5A9-2BB09E5D2C7B}","TRANSIT_ROUTES":"321, 394","PRESCRIBED_FREQUENT_BUS_STOPS":"Yes"}},{"type":"Feature","id":2142430,"geometry":{"type":"Point","coordinates":[-122.840708,49.112374]},"properties":{"FACILITYID":"1001207610","BUS_STOP_NO":55401,"STOP_STATUS":"Active","BUS_BENCHES":"NO","BUS_SHELTERS":"NO","LOCATION":"Northbound King George Blvd @ 60 Ave","ACCESSIBLE":"No","OBJECTID_1":2142430,"GLOBALID":"{A06624E6-C56F-42E2-89AB-A6A37F1F8BA2}","TRANSIT_ROUTES":"321, 394","PRESCRIBED_FREQUENT_BUS_STOPS":"Yes"}},{"type":"Feature","id":2142431,"geometry":{"type":"Point","coordinates":[-122.844504,49.115864]},"properties":{"FACILITYID":"1001207634","BUS_STOP_NO":55402,"STOP_STATUS":"Active","BUS_BENCHES":"YES","BUS_SHELTERS":"STD AD","LOCATION":"Northbound King George Blvd @ 62 Ave","ACCESSIBLE":"Yes","OBJECTID_1":2142431,"GLOBALID":"{F96A6DB9-7823-46CA-B118-CE36C791649E}","TRANSIT_ROUTES":"321","PRESCRIBED_FREQUENT_BUS_STOPS":"Yes"}},{"type":"Feature","id":2142432,"geometry":{"type":"Point","coordinates":[-122.84533,49.119635]},"properties":{"FACILITYID":"1001208029","BUS_STOP_NO":55403,"STOP_STATUS":"Active","BUS_BENCHES":"YES","BUS_SHELTERS":"LRG","LOCATION":"Northbound King George Blvd @ 64 Ave","ACCESSIBLE":"Yes","OBJECTID_1":2142432,"GLOBALID":"{3FC1BC6D-6875-4088-9EC5-F3614E78C5B9}","TRANSIT_ROUTES":"321, 393, 394","PRESCRIBED_FREQUENT_BUS_STOPS":"Yes"}},{"type":"Feature","id":2142433,"geometry":{"type":"Point","coordinates":[-122.844106,49.126139]},"properties":{"FACILITYID":"1001208719","BUS_STOP_NO":55405,"STOP_STATUS":"Active","BUS_BENCHES":"YES","BUS_SHELTERS":"STD AD","LOCATION":"Eastbound 68 Ave @ King George Blvd","ACCESSIBLE":"Yes","OBJECTID_1":2142433,"GLOBALID":"{E296F582-72DC-4276-AAE0-9F529ACE6C4C}","TRANSIT_ROUTES":"321, 324, 394","PRESCRIBED_FREQUENT_BUS_STOPS":"Yes"}},{"type":"Feature","id":2142434,"geometry":{"type":"Point","coordinates":[-122.841079,49.12659]},"properties":{"FACILITYID":"1001208713","BUS_STOP_NO":55406,"STOP_STATUS":"Active","BUS_BENCHES":"NO","BUS_SHELTERS":"STD AD","LOCATION":"Northbound 138 St @ Hyland Rd","ACCESSIBLE":"Yes","OBJECTID_1":2142434,"GLOBALID":"{046ABB3F-E562-4663-8B51-484C34F23547}","TRANSIT_ROUTES":"321, 324","PRESCRIBED_FREQUENT_BUS_STOPS":"Yes"}},{"type":"Feature","id":2142435,"geometry":{"type":"Point","coordinates":[-122.83952,49.127726]},"properties":{"FACILITYID":"1001208277","BUS_STOP_NO":55407,"STOP_STATUS":"Active","BUS_BENCHES":"YES","BUS_SHELTERS":"NO","LOCATION":"Northbound 138 St @ 68 Ave","ACCESSIBLE":"Yes","OBJECTID_1":2142435,"GLOBALID":"{F790A88B-5A5D-4DFC-A192-AD2B774A0115}","TRANSIT_ROUTES":"321, 324","PRESCRIBED_FREQUENT_BUS_STOPS":"Yes"}},{"type":"Feature","id":2142436,"geometry":{"type":"Point","coordinates":[-122.838491,49.130265]},"properties":{"FACILITYID":"1001208807","BUS_STOP_NO":55408,"STOP_STATUS":"Active","BUS_BENCHES":"NO","BUS_SHELTERS":"STD AD","LOCATION":"Northbound 138 St @ 70 Ave","ACCESSIBLE":"Yes","OBJECTID_1":2142436,"GLOBALID":"{71C34467-93BC-4E9A-9AD8-1CCE09CD2FE8}","TRANSIT_ROUTES":"321, 324","PRESCRIBED_FREQUENT_BUS_STOPS":"Yes"}},{"type":"Feature","id":2142437,"geometry":{"type":"Point","coordinates":[-122.838498,49.132071]},"properties":{"FACILITYID":"1001208267","BUS_STOP_NO":55409,"STOP_STATUS":"Active","BUS_BENCHES":"NO","BUS_SHELTERS":"NO","LOCATION":"Northbound 138 St @ 7100 Block","ACCESSIBLE":"Yes","OBJECTID_1":2142437,"GLOBALID":"{CD425794-68EA-455B-BF8C-808535953E7E}","TRANSIT_ROUTES":"321, 324","PRESCRIBED_FREQUENT_BUS_STOPS":"Yes"}},{"type":"Feature","id":2142438,"geometry":{"type":"Point","coordinates":[-122.839219,49.133676]},"properties":{"FACILITYID":"1001207625","BUS_STOP_NO":55410,"STOP_STATUS":"Active","BUS_BENCHES":"YES","BUS_SHELTERS":"YES","LOCATION":"Westbound 72 Ave @ 138 St","ACCESSIBLE":"Yes","OBJECTID_1":2142438,"GLOBALID":"{72C77E42-4CC3-4D92-8D9F-7B0068F4BEB8}","TRANSIT_ROUTES":"321, 323, 324, 325, 335, 341, 342, 394, 864","PRESCRIBED_FREQUENT_BUS_STOPS":"Yes"}},{"type":"Feature","id":2142439,"geometry":{"type":"Point","coordinates":[-122.842298,49.133297]},"properties":{"FACILITYID":"1001208431","BUS_STOP_NO":55411,"STOP_STATUS":"Active","BUS_BENCHES":"NO","BUS_SHELTERS":"EXCH","LOCATION":"Newton Exchange @ Bay 3","ACCESSIBLE":"Yes","OBJECTID_1":2142439,"GLOBALID":"{2D262C3E-862C-4A0C-ADC7-8085BBD1AFC4}","TRANSIT_ROUTES":"R1","PRESCRIBED_FREQUENT_BUS_STOPS":"Yes"}},{"type":"Feature","id":2142440,"geometry":{"type":"Point","coordinates":[-122.845418,49.134337]},"properties":{"FACILITYID":"1001207751","BUS_STOP_NO":55412,"STOP_STATUS":"Active","BUS_BENCHES":"YES","BUS_SHELTERS":"LRG","LOCATION":"Northbound King George Blvd @ 72 Ave","ACCESSIBLE":"Yes","OBJECTID_1":2142440,"GLOBALID":"{1433C142-D1A5-4B43-B034-389157931A31}","TRANSIT_ROUTES":"321, 394","PRESCRIBED_FREQUENT_BUS_STOPS":"Yes"}},{"type":"Feature","id":2142441,"geometry":{"type":"Point","coordinates":[-122.845387,49.139042]},"properties":{"FACILITYID":"1001207939","BUS_STOP_NO":55413,"STOP_STATUS":"Active","BUS_BENCHES":"YES","BUS_SHELTERS":"LRG","LOCATION":"Northbound King George Blvd @ 74 Ave","ACCESSIBLE":"Yes","OBJECTID_1":2142441,"GLOBALID":"{8D298E1A-B241-4B8E-8E75-05E1F49F194A}","TRANSIT_ROUTES":"321","PRESCRIBED_FREQUENT_BUS_STOPS":"Yes"}},{"type":"Feature","id":2142442,"geometry":{"type":"Point","coordinates":[-122.845465,49.14148]},"properties":{"FACILITYID":"1001208255","BUS_STOP_NO":55414,"STOP_STATUS":"Active","BUS_BENCHES":"YES","BUS_SHELTERS":"LRG","LOCATION":"Northbound King George Blvd @ 76 Ave","ACCESSIBLE":"Yes","OBJECTID_1":2142442,"GLOBALID":"{4B4F190E-ED39-4F2C-B689-C7477C94F380}","TRANSIT_ROUTES":"321, 394, R1","PRESCRIBED_FREQUENT_BUS_STOPS":"Yes"}},{"type":"Feature","id":2142443,"geometry":{"type":"Point","coordinates":[-122.84549,49.143803]},"properties":{"FACILITYID":"1001208523","BUS_STOP_NO":55415,"STOP_STATUS":"Active","BUS_BENCHES":"NO","BUS_SHELTERS":"STD AD","LOCATION":"Northbound King George Blvd @ 78 Ave","ACCESSIBLE":"Yes","OBJECTID_1":2142443,"GLOBALID":"{FFCA4BE7-FDFB-433C-B61A-35646FE1F63C}","TRANSIT_ROUTES":"321","PRESCRIBED_FREQUENT_BUS_STOPS":"Yes"}},{"type":"Feature","id":2142444,"geometry":{"type":"Point","coordinates":[-122.845487,49.147573]},"properties":{"FACILITYID":"1001208586","BUS_STOP_NO":55416,"STOP_STATUS":"Active","BUS_BENCHES":"NO","BUS_SHELTERS":"LRG","LOCATION":"Northbound King George Blvd @ 80 Ave","ACCESSIBLE":"Yes","OBJECTID_1":2142444,"GLOBALID":"{7AF18CBD-CD94-4B8E-B8D4-23AB4A96C734}","TRANSIT_ROUTES":"321, 394, R1","PRESCRIBED_FREQUENT_BUS_STOPS":"Yes"}},{"type":"Feature","id":2142445,"geometry":{"type":"Point","coordinates":[-122.845516,49.150349]},"properties":{"FACILITYID":"1001207713","BUS_STOP_NO":55417,"STOP_STATUS":"Active","BUS_BENCHES":"YES","BUS_SHELTERS":"STD AD","LOCATION":"Northbound King George Blvd @ 81 Ave","ACCESSIBLE":"Yes","OBJECTID_1":2142445,"GLOBALID":"{89DDDAF2-B2B5-420D-9F50-70F56D9A5F84}","TRANSIT_ROUTES":"321","PRESCRIBED_FREQUENT_BUS_STOPS":"Yes"}},{"type":"Feature","id":2142446,"geometry":{"type":"Point","coordinates":[-122.845541,49.153462]},"properties":{"FACILITYID":"1001208613","BUS_STOP_NO":55418,"STOP_STATUS":"Active","BUS_BENCHES":"NO","BUS_SHELTERS":"STD AD","LOCATION":"Northbound King George Blvd @ 8200 Block","ACCESSIBLE":"Yes","OBJECTID_1":2142446,"GLOBALID":"{BC73736F-AEDA-42DD-BB51-D9C3D63FEB50}","TRANSIT_ROUTES":"321","PRESCRIBED_FREQUENT_BUS_STOPS":"Yes"}},{"type":"Feature","id":2142447,"geometry":{"type":"Point","coordinates":[-122.845572,49.156418]},"properties":{"FACILITYID":"1001207774","BUS_STOP_NO":55419,"STOP_STATUS":"Active","BUS_BENCHES":"NO","BUS_SHELTERS":"STD AD","LOCATION":"Northbound King George Blvd @ 84 Ave","ACCESSIBLE":"Yes","OBJECTID_1":2142447,"GLOBALID":"{0B2A2A81-349C-46B6-99ED-8E874B786DE6}","TRANSIT_ROUTES":"321, 394","PRESCRIBED_FREQUENT_BUS_STOPS":"Yes"}},{"type":"Feature","id":2142448,"geometry":{"type":"Point","coordinates":[-122.845586,49.159697]},"properties":{"FACILITYID":"1001208835","BUS_STOP_NO":55420,"STOP_STATUS":"Active","BUS_BENCHES":"NO","BUS_SHELTERS":"NO","LOCATION":"Northbound King George Blvd @ 8600 Block","ACCESSIBLE":"Yes","OBJECTID_1":2142448,"GLOBALID":"{4976BE7B-CD29-478B-B329-DA79D6F82211}","TRANSIT_ROUTES":"321","PRESCRIBED_FREQUENT_BUS_STOPS":"Yes"}},{"type":"Feature","id":2142449,"geometry":{"type":"Point","coordinates":[-122.845609,49.163422]},"properties":{"FACILITYID":"1001207566","BUS_STOP_NO":55421,"STOP_STATUS":"Active","BUS_BENCHES":"YES","BUS_SHELTERS":"STD AD","LOCATION":"Northbound King George Blvd @ 88 Ave","ACCESSIBLE":"Yes","OBJECTID_1":2142449,"GLOBALID":"{5365D732-BEC6-406B-BE7E-309A6C01B89E}","TRANSIT_ROUTES":"321, 394, R1","PRESCRIBED_FREQUENT_BUS_STOPS":"Yes"}},{"type":"Feature","id":2142450,"geometry":{"type":"Point","coordinates":[-122.845634,49.167154]},"properties":{"FACILITYID":"1001207811","BUS_STOP_NO":55422,"STOP_STATUS":"Active","BUS_BENCHES":"NO","BUS_SHELTERS":"STD AD","LOCATION":"Northbound King George Blvd @ 91 Ave","ACCESSIBLE":"Yes","OBJECTID_1":2142450,"GLOBALID":"{E74E80E9-27B9-40FD-82D4-C614077D57CB}","TRANSIT_ROUTES":"321","PRESCRIBED_FREQUENT_BUS_STOPS":"Yes"}},{"type":"Feature","id":2142451,"geometry":{"type":"Point","coordinates":[-122.845659,49.170934]},"properties":{"FACILITYID":"1001207688","BUS_STOP_NO":55423,"STOP_STATUS":"Active","BUS_BENCHES":"YES","BUS_SHELTERS":"STD AD","LOCATION":"Northbound King George Blvd @ 92 Ave","ACCESSIBLE":"Yes","OBJECTID_1":2142451,"GLOBALID":"{881DB37C-29EB-4002-8749-6D8FE55ED5D5}","TRANSIT_ROUTES":"321, 394","PRESCRIBED_FREQUENT_BUS_STOPS":"Yes"}},{"type":"Feature","id":2142452,"geometry":{"type":"Point","coordinates":[-122.845677,49.172706]},"properties":{"FACILITYID":"1001207854","BUS_STOP_NO":55424,"STOP_STATUS":"Active","BUS_BENCHES":"YES","BUS_SHELTERS":"NO","LOCATION":"Northbound King George Blvd @ 9300 Block","ACCESSIBLE":"No","OBJECTID_1":2142452,"GLOBALID":"{34C8079F-3267-43E0-A28D-D109C0783EB8}","TRANSIT_ROUTES":"321","PRESCRIBED_FREQUENT_BUS_STOPS":"Yes"}},{"type":"Feature","id":2142453,"geometry":{"type":"Point","coordinates":[-122.847969,49.189004]},"properties":{"FACILITYID":"1001207680","BUS_STOP_NO":55441,"STOP_STATUS":"Active","BUS_BENCHES":"NO","BUS_SHELTERS":"EXCH","LOCATION":"Surrey Central Station @ Bay 10","ACCESSIBLE":"Yes","OBJECTID_1":2142453,"GLOBALID":"{D648D636-AF64-44C5-8278-28113113374B}","TRANSIT_ROUTES":"503","PRESCRIBED_FREQUENT_BUS_STOPS":null}},{"type":"Feature","id":2142454,"geometry":{"type":"Point","coordinates":[-122.846016,49.168824]},"properties":{"FACILITYID":"1001208528","BUS_STOP_NO":55443,"STOP_STATUS":"Active","BUS_BENCHES":"YES","BUS_SHELTERS":"STD AD","LOCATION":"Southbound King George Blvd @ 92 Ave","ACCESSIBLE":"Yes","OBJECTID_1":2142454,"GLOBALID":"{94905198-96CB-4F8A-BC2D-E6136E69179B}","TRANSIT_ROUTES":"321, 394","PRESCRIBED_FREQUENT_BUS_STOPS":"Yes"}},{"type":"Feature","id":2142455,"geometry":{"type":"Point","coordinates":[-122.845994,49.165841]},"properties":{"FACILITYID":"1001208772","BUS_STOP_NO":55444,"STOP_STATUS":"Active","BUS_BENCHES":"YES","BUS_SHELTERS":"NO","LOCATION":"Southbound King George Blvd @ 8900 Block","ACCESSIBLE":"Yes","OBJECTID_1":2142455,"GLOBALID":"{0E35A62E-F366-4EE7-9DA1-900D7A813726}","TRANSIT_ROUTES":"321","PRESCRIBED_FREQUENT_BUS_STOPS":"Yes"}},{"type":"Feature","id":2142456,"geometry":{"type":"Point","coordinates":[-122.84599,49.161766]},"properties":{"FACILITYID":"1001207910","BUS_STOP_NO":55445,"STOP_STATUS":"Active","BUS_BENCHES":"YES","BUS_SHELTERS":"STD AD","LOCATION":"Southbound King George Blvd @ 88 Ave","ACCESSIBLE":"Yes","OBJECTID_1":2142456,"GLOBALID":"{2C334D91-4D10-4EDC-9E43-3CE283ABFD2B}","TRANSIT_ROUTES":"321, 394, R1","PRESCRIBED_FREQUENT_BUS_STOPS":"Yes"}},{"type":"Feature","id":2142457,"geometry":{"type":"Point","coordinates":[-122.845947,49.15941]},"properties":{"FACILITYID":"1001207902","BUS_STOP_NO":55446,"STOP_STATUS":"Active","BUS_BENCHES":"NO","BUS_SHELTERS":"STD AD","LOCATION":"Southbound King George Blvd @ 8600 Block","ACCESSIBLE":"Yes","OBJECTID_1":2142457,"GLOBALID":"{C770C56D-091D-4F4A-87EF-AFAB9D54406B}","TRANSIT_ROUTES":"321","PRESCRIBED_FREQUENT_BUS_STOPS":"Yes"}},{"type":"Feature","id":2142458,"geometry":{"type":"Point","coordinates":[-122.845938,49.154889]},"properties":{"FACILITYID":"1001208381","BUS_STOP_NO":55447,"STOP_STATUS":"Active","BUS_BENCHES":"YES","BUS_SHELTERS":"STD AD","LOCATION":"Southbound King George Blvd @ 84 Ave","ACCESSIBLE":"Yes","OBJECTID_1":2142458,"GLOBALID":"{25AD3A01-68CD-4BAE-A4D2-71F0347167EC}","TRANSIT_ROUTES":"321, 394","PRESCRIBED_FREQUENT_BUS_STOPS":"Yes"}},{"type":"Feature","id":2142459,"geometry":{"type":"Point","coordinates":[-122.845909,49.153166]},"properties":{"FACILITYID":"1001207512","BUS_STOP_NO":55448,"STOP_STATUS":"Active","BUS_BENCHES":"YES","BUS_SHELTERS":"NO","LOCATION":"Southbound King George Blvd @ 8200 Block","ACCESSIBLE":"Yes","OBJECTID_1":2142459,"GLOBALID":"{F12ECF3F-792C-424A-84FB-06970213E4C7}","TRANSIT_ROUTES":"321","PRESCRIBED_FREQUENT_BUS_STOPS":"Yes"}},{"type":"Feature","id":2142460,"geometry":{"type":"Point","coordinates":[-122.845895,49.151185]},"properties":{"FACILITYID":"1001207525","BUS_STOP_NO":55449,"STOP_STATUS":"Active","BUS_BENCHES":"YES","BUS_SHELTERS":"STD AD","LOCATION":"Southbound King George Blvd @ 8100 Block","ACCESSIBLE":"Yes","OBJECTID_1":2142460,"GLOBALID":"{28A28063-C971-4A16-9E75-76A125E9C815}","TRANSIT_ROUTES":"321","PRESCRIBED_FREQUENT_BUS_STOPS":"Yes"}},{"type":"Feature","id":2142461,"geometry":{"type":"Point","coordinates":[-122.845901,49.147239]},"properties":{"FACILITYID":"1001208751","BUS_STOP_NO":55450,"STOP_STATUS":"Active","BUS_BENCHES":"YES","BUS_SHELTERS":"LRG","LOCATION":"Southbound King George Blvd @ 80 Ave","ACCESSIBLE":"Yes","OBJECTID_1":2142461,"GLOBALID":"{84ED8381-DC45-4554-AEA3-89B58D19E58E}","TRANSIT_ROUTES":"321, 394, R1","PRESCRIBED_FREQUENT_BUS_STOPS":"Yes"}},{"type":"Feature","id":2142462,"geometry":{"type":"Point","coordinates":[-122.845847,49.14321]},"properties":{"FACILITYID":"1001208564","BUS_STOP_NO":55451,"STOP_STATUS":"Active","BUS_BENCHES":"NO","BUS_SHELTERS":"STD AD","LOCATION":"Southbound King George Blvd @ 77 Ave","ACCESSIBLE":"Yes","OBJECTID_1":2142462,"GLOBALID":"{B8C2C3C7-BD29-47AD-AA08-42749AF89265}","TRANSIT_ROUTES":"321","PRESCRIBED_FREQUENT_BUS_STOPS":"Yes"}},{"type":"Feature","id":2142463,"geometry":{"type":"Point","coordinates":[-122.845817,49.140079]},"properties":{"FACILITYID":"1001208491","BUS_STOP_NO":55452,"STOP_STATUS":"Active","BUS_BENCHES":"YES","BUS_SHELTERS":"STD AD","LOCATION":"Southbound King George Blvd @ 76 Ave","ACCESSIBLE":"Yes","OBJECTID_1":2142463,"GLOBALID":"{02640BC3-E87D-4A99-9758-6746D6A935D0}","TRANSIT_ROUTES":"321, 394, R1","PRESCRIBED_FREQUENT_BUS_STOPS":"Yes"}},{"type":"Feature","id":2142464,"geometry":{"type":"Point","coordinates":[-122.844422,49.133436]},"properties":{"FACILITYID":"1001207567","BUS_STOP_NO":55454,"STOP_STATUS":"Active","BUS_BENCHES":"YES","BUS_SHELTERS":"YES","LOCATION":"Eastbound 72 Ave @ King George Blvd","ACCESSIBLE":"Yes","OBJECTID_1":2142464,"GLOBALID":"{DD67EC0E-35EE-4CC1-AD9B-EE2BF8D46074}","TRANSIT_ROUTES":"319, 321, 322, 393, 394","PRESCRIBED_FREQUENT_BUS_STOPS":"Yes"}},{"type":"Feature","id":2142465,"geometry":{"type":"Point","coordinates":[-122.842328,49.133426]},"properties":{"FACILITYID":"1001208207","BUS_STOP_NO":55456,"STOP_STATUS":"Active","BUS_BENCHES":"NO","BUS_SHELTERS":"NO","LOCATION":"Newton Exchange @ Bay 5","ACCESSIBLE":"Yes","OBJECTID_1":2142465,"GLOBALID":"{B18EA0D8-5722-4A7C-B4D4-E3524BC33523}","TRANSIT_ROUTES":"301, 319, 321, 393, R1, R6","PRESCRIBED_FREQUENT_BUS_STOPS":"Yes"}},{"type":"Feature","id":2142466,"geometry":{"type":"Point","coordinates":[-122.838766,49.133131]},"properties":{"FACILITYID":"1001207872","BUS_STOP_NO":55457,"STOP_STATUS":"Active","BUS_BENCHES":"YES","BUS_SHELTERS":"STD AD","LOCATION":"Southbound 138 St @ 72 Ave","ACCESSIBLE":"Yes","OBJECTID_1":2142466,"GLOBALID":"{B972DB95-2B88-4FA8-9AFA-57A917F6F2C9}","TRANSIT_ROUTES":"321, 324, 394","PRESCRIBED_FREQUENT_BUS_STOPS":"Yes"}},{"type":"Feature","id":2142467,"geometry":{"type":"Point","coordinates":[-122.838774,49.131503]},"properties":{"FACILITYID":"1001208223","BUS_STOP_NO":55458,"STOP_STATUS":"Active","BUS_BENCHES":"NO","BUS_SHELTERS":"STD AD","LOCATION":"Southbound 138 St @ 7100 Block","ACCESSIBLE":"Yes","OBJECTID_1":2142467,"GLOBALID":"{D5210F58-B996-401B-AE4D-36A8A85C5D6A}","TRANSIT_ROUTES":"321, 324","PRESCRIBED_FREQUENT_BUS_STOPS":"Yes"}},{"type":"Feature","id":2142468,"geometry":{"type":"Point","coordinates":[-122.838773,49.129624]},"properties":{"FACILITYID":"1001207807","BUS_STOP_NO":55459,"STOP_STATUS":"Active","BUS_BENCHES":"NO","BUS_SHELTERS":"NO","LOCATION":"Southbound 138 St @ 70 Ave","ACCESSIBLE":"Yes","OBJECTID_1":2142468,"GLOBALID":"{2857BB7A-D0A9-4D6B-9137-5BDA642F09F2}","TRANSIT_ROUTES":"321, 324","PRESCRIBED_FREQUENT_BUS_STOPS":"Yes"}},{"type":"Feature","id":2142469,"geometry":{"type":"Point","coordinates":[-122.840933,49.126964]},"properties":{"FACILITYID":"1001208187","BUS_STOP_NO":55460,"STOP_STATUS":"Active","BUS_BENCHES":"NO","BUS_SHELTERS":"YES","LOCATION":"Southbound 138 St @ 6800 Block","ACCESSIBLE":"Yes","OBJECTID_1":2142469,"GLOBALID":"{27E94B56-0CDB-4CEF-B8F7-1B120343B3B3}","TRANSIT_ROUTES":"321, 324","PRESCRIBED_FREQUENT_BUS_STOPS":"Yes"}},{"type":"Feature","id":2142470,"geometry":{"type":"Point","coordinates":[-122.845723,49.125328]},"properties":{"FACILITYID":"1001208033","BUS_STOP_NO":55461,"STOP_STATUS":"Active","BUS_BENCHES":"YES","BUS_SHELTERS":"STD AD","LOCATION":"Southbound King George Blvd @ 68 Ave","ACCESSIBLE":"Yes","OBJECTID_1":2142470,"GLOBALID":"{3FF62E11-7886-4462-81EF-BE24AAFB81EC}","TRANSIT_ROUTES":"321, 393, 394","PRESCRIBED_FREQUENT_BUS_STOPS":"Yes"}},{"type":"Feature","id":2142471,"geometry":{"type":"Point","coordinates":[-122.845702,49.122747]},"properties":{"FACILITYID":"1001208023","BUS_STOP_NO":55462,"STOP_STATUS":"Active","BUS_BENCHES":"NO","BUS_SHELTERS":"STD AD","LOCATION":"Southbound King George Blvd @ 6500 Block","ACCESSIBLE":"Yes","OBJECTID_1":2142471,"GLOBALID":"{1D3341DA-AC8D-4ADA-8C37-DC3112BE286C}","TRANSIT_ROUTES":"321, 393","PRESCRIBED_FREQUENT_BUS_STOPS":"Yes"}},{"type":"Feature","id":2142472,"geometry":{"type":"Point","coordinates":[-122.845637,49.117854]},"properties":{"FACILITYID":"1001208450","BUS_STOP_NO":55463,"STOP_STATUS":"Active","BUS_BENCHES":"YES","BUS_SHELTERS":"STD AD","LOCATION":"Southbound King George Blvd @ 64 Ave","ACCESSIBLE":"Yes","OBJECTID_1":2142472,"GLOBALID":"{ED8772BB-4443-4F41-873F-BC867D4F1B63}","TRANSIT_ROUTES":"321, 394","PRESCRIBED_FREQUENT_BUS_STOPS":"Yes"}},{"type":"Feature","id":2142473,"geometry":{"type":"Point","coordinates":[-122.843928,49.114684]},"properties":{"FACILITYID":"1001208729","BUS_STOP_NO":55464,"STOP_STATUS":"Active","BUS_BENCHES":"YES","BUS_SHELTERS":"NO","LOCATION":"Southbound King George Blvd @ 62 Ave","ACCESSIBLE":"Yes","OBJECTID_1":2142473,"GLOBALID":"{9CDC8090-7092-4F57-AD8A-E3F00BF688C0}","TRANSIT_ROUTES":"321","PRESCRIBED_FREQUENT_BUS_STOPS":"Yes"}},{"type":"Feature","id":2142474,"geometry":{"type":"Point","coordinates":[-122.840031,49.111472]},"properties":{"FACILITYID":"1001208530","BUS_STOP_NO":55465,"STOP_STATUS":"Active","BUS_BENCHES":"YES","BUS_SHELTERS":"STD AD","LOCATION":"Southbound King George Blvd @ 60 Ave","ACCESSIBLE":"Yes","OBJECTID_1":2142474,"GLOBALID":"{CE538653-15C7-43A1-86EA-471822FD75F3}","TRANSIT_ROUTES":"321, 394","PRESCRIBED_FREQUENT_BUS_STOPS":"Yes"}},{"type":"Feature","id":2142475,"geometry":{"type":"Point","coordinates":[-122.83566,49.107904]},"properties":{"FACILITYID":"1001208661","BUS_STOP_NO":55466,"STOP_STATUS":"Active","BUS_BENCHES":"YES","BUS_SHELTERS":"NO","LOCATION":"Southbound King George Blvd @ 58 Ave","ACCESSIBLE":"Yes","OBJECTID_1":2142475,"GLOBALID":"{D8917197-F9E4-410C-8F3B-2D42455A7E0F}","TRANSIT_ROUTES":"321","PRESCRIBED_FREQUENT_BUS_STOPS":"Yes"}},{"type":"Feature","id":2142476,"geometry":{"type":"Point","coordinates":[-122.832684,49.105362]},"properties":{"FACILITYID":"1001208624","BUS_STOP_NO":55467,"STOP_STATUS":"Active","BUS_BENCHES":"YES","BUS_SHELTERS":"STD AD","LOCATION":"Southbound King George Blvd @ Hwy 10","ACCESSIBLE":"Yes","OBJECTID_1":2142476,"GLOBALID":"{86D7FFBA-335A-4DDD-B2E9-BABB87786062}","TRANSIT_ROUTES":"321, 394","PRESCRIBED_FREQUENT_BUS_STOPS":"Yes"}},{"type":"Feature","id":2142477,"geometry":{"type":"Point","coordinates":[-122.817875,49.092767]},"properties":{"FACILITYID":"1001208740","BUS_STOP_NO":55468,"STOP_STATUS":"Active","BUS_BENCHES":"NO","BUS_SHELTERS":"NO","LOCATION":"Southbound King George Blvd @ 4900 Block","ACCESSIBLE":"No","OBJECTID_1":2142477,"GLOBALID":"{8B48D362-D7CC-4B13-A67F-A1EE5DC182BF}","TRANSIT_ROUTES":"321","PRESCRIBED_FREQUENT_BUS_STOPS":"Yes"}},{"type":"Feature","id":2142478,"geometry":{"type":"Point","coordinates":[-122.820801,49.081482]},"properties":{"FACILITYID":"1001207760","BUS_STOP_NO":55469,"STOP_STATUS":"Active","BUS_BENCHES":"YES","BUS_SHELTERS":"NO","LOCATION":"Southbound King George Blvd @ 44 Ave","ACCESSIBLE":"Yes","OBJECTID_1":2142478,"GLOBALID":"{FB2DD009-B922-43FF-9A17-3026E01AA06E}","TRANSIT_ROUTES":"321","PRESCRIBED_FREQUENT_BUS_STOPS":"Yes"}},{"type":"Feature","id":2142479,"geometry":{"type":"Point","coordinates":[-122.821752,49.078422]},"properties":{"FACILITYID":"1001208776","BUS_STOP_NO":55470,"STOP_STATUS":"Active","BUS_BENCHES":"YES","BUS_SHELTERS":"NO","LOCATION":"Southbound King George Blvd @ 40 Ave","ACCESSIBLE":"Yes","OBJECTID_1":2142479,"GLOBALID":"{759918F2-D72A-456E-AEA1-6265D2FE856E}","TRANSIT_ROUTES":"321","PRESCRIBED_FREQUENT_BUS_STOPS":"Yes"}},{"type":"Feature","id":2142480,"geometry":{"type":"Point","coordinates":[-122.820133,49.0669]},"properties":{"FACILITYID":"1001208534","BUS_STOP_NO":55471,"STOP_STATUS":"Active","BUS_BENCHES":"YES","BUS_SHELTERS":"STD AD","LOCATION":"Southbound King George Blvd @ Crescent Rd","ACCESSIBLE":"Yes","OBJECTID_1":2142480,"GLOBALID":"{DDC8CB1C-1B5D-4243-9D7C-A3E8BB921612}","TRANSIT_ROUTES":"321, 351, 354, 855","PRESCRIBED_FREQUENT_BUS_STOPS":"Yes"}},{"type":"Feature","id":2142481,"geometry":{"type":"Point","coordinates":[-122.816986,49.064327]},"properties":{"FACILITYID":"1001207755","BUS_STOP_NO":55472,"STOP_STATUS":"Active","BUS_BENCHES":"YES","BUS_SHELTERS":"STD AD","LOCATION":"Southbound King George Blvd @ 34 Ave","ACCESSIBLE":"Yes","OBJECTID_1":2142481,"GLOBALID":"{BF833683-336E-467D-8AB8-D16FA7EF6FF2}","TRANSIT_ROUTES":"321, 351, 354, 855","PRESCRIBED_FREQUENT_BUS_STOPS":"Yes"}},{"type":"Feature","id":2142482,"geometry":{"type":"Point","coordinates":[-122.808468,49.059454]},"properties":{"FACILITYID":"1001208504","BUS_STOP_NO":55473,"STOP_STATUS":"Active","BUS_BENCHES":"YES","BUS_SHELTERS":"NO","LOCATION":"Eastbound 32 Ave Diversion @ King George Blvd","ACCESSIBLE":"Yes","OBJECTID_1":2142482,"GLOBALID":"{F53A9C5A-AC5A-400E-BADE-499E4B411C0C}","TRANSIT_ROUTES":"354","PRESCRIBED_FREQUENT_BUS_STOPS":null}},{"type":"Feature","id":2142483,"geometry":{"type":"Point","coordinates":[-122.809349,49.058138]},"properties":{"FACILITYID":"1001208289","BUS_STOP_NO":55474,"STOP_STATUS":"Active","BUS_BENCHES":"YES","BUS_SHELTERS":"STD AD","LOCATION":"Southbound King George Blvd @ 32 Ave Diversion","ACCESSIBLE":"Yes","OBJECTID_1":2142483,"GLOBALID":"{E5D1F3C6-DD8E-4FF7-BC5D-0B2B23636B77}","TRANSIT_ROUTES":"321, 351, 363, 855","PRESCRIBED_FREQUENT_BUS_STOPS":"Yes"}},{"type":"Feature","id":2142484,"geometry":{"type":"Point","coordinates":[-122.806399,49.055845]},"properties":{"FACILITYID":"1001207709","BUS_STOP_NO":55475,"STOP_STATUS":"Active","BUS_BENCHES":"YES","BUS_SHELTERS":"STD AD","LOCATION":"Southbound King George Blvd @ 2900 Block","ACCESSIBLE":"Yes","OBJECTID_1":2142484,"GLOBALID":"{9D599CD9-FD0B-4A22-A422-CDEB42349897}","TRANSIT_ROUTES":"321, 351, 363, 855","PRESCRIBED_FREQUENT_BUS_STOPS":"Yes"}},{"type":"Feature","id":2142485,"geometry":{"type":"Point","coordinates":[-122.803395,49.05333]},"properties":{"FACILITYID":"1001208516","BUS_STOP_NO":55476,"STOP_STATUS":"Active","BUS_BENCHES":"YES","BUS_SHELTERS":"STD AD","LOCATION":"Southbound King George Blvd @ 28 Ave","ACCESSIBLE":"Yes","OBJECTID_1":2142485,"GLOBALID":"{7088A66F-C0A0-4A4D-BE3C-F4FA00F7EC82}","TRANSIT_ROUTES":"321, 351, 363, 855","PRESCRIBED_FREQUENT_BUS_STOPS":"Yes"}},{"type":"Feature","id":2142486,"geometry":{"type":"Point","coordinates":[-122.801331,49.055838]},"properties":{"FACILITYID":"1001208638","BUS_STOP_NO":55477,"STOP_STATUS":"Active","BUS_BENCHES":"YES","BUS_SHELTERS":"STD AD","LOCATION":"Southbound 152 St @ 29A Ave","ACCESSIBLE":"Yes","OBJECTID_1":2142486,"GLOBALID":"{20B360EC-FC0D-4C54-BAC1-2D5B285FF645}","TRANSIT_ROUTES":"345, 375, 394","PRESCRIBED_FREQUENT_BUS_STOPS":null}},{"type":"Feature","id":2142487,"geometry":{"type":"Point","coordinates":[-122.801373,49.052656]},"properties":{"FACILITYID":"1001207516","BUS_STOP_NO":55478,"STOP_STATUS":"Active","BUS_BENCHES":"YES","BUS_SHELTERS":"NO","LOCATION":"Southbound 152 St @ 28 Ave","ACCESSIBLE":"Yes","OBJECTID_1":2142487,"GLOBALID":"{A043B9F6-BC92-4FDD-95F4-B0850AAF7384}","TRANSIT_ROUTES":"345, 375","PRESCRIBED_FREQUENT_BUS_STOPS":null}},{"type":"Feature","id":2142488,"geometry":{"type":"Point","coordinates":[-122.801422,49.051291]},"properties":{"FACILITYID":"1001208311","BUS_STOP_NO":55479,"STOP_STATUS":"Active","BUS_BENCHES":"YES","BUS_SHELTERS":"STD AD","LOCATION":"Southbound 152 St @ King George Blvd","ACCESSIBLE":"Yes","OBJECTID_1":2142488,"GLOBALID":"{6D8935F3-5DD9-4475-9358-4366029B4B23}","TRANSIT_ROUTES":"321, 345, 351, 375, 855","PRESCRIBED_FREQUENT_BUS_STOPS":"Yes"}},{"type":"Feature","id":2142489,"geometry":{"type":"Point","coordinates":[-122.80135,49.048714]},"properties":{"FACILITYID":"1001208387","BUS_STOP_NO":55480,"STOP_STATUS":"Active","BUS_BENCHES":"YES","BUS_SHELTERS":"NO","LOCATION":"Southbound 152 St @ 26 Ave","ACCESSIBLE":"Yes","OBJECTID_1":2142489,"GLOBALID":"{48CDE8D7-8BDB-4C02-998A-790742BAABBB}","TRANSIT_ROUTES":"321, 345, 351, 375, 855","PRESCRIBED_FREQUENT_BUS_STOPS":"Yes"}},{"type":"Feature","id":2142490,"geometry":{"type":"Point","coordinates":[-122.801341,49.045126]},"properties":{"FACILITYID":"1001207645","BUS_STOP_NO":55481,"STOP_STATUS":"Active","BUS_BENCHES":"NO","BUS_SHELTERS":"LRG","LOCATION":"Southbound 152 St @ 24 Ave","ACCESSIBLE":"Yes","OBJECTID_1":2142490,"GLOBALID":"{10355B14-A306-4B9A-B83F-D2300B232222}","TRANSIT_ROUTES":"321, 345, 351, 375, 394, 531, 855","PRESCRIBED_FREQUENT_BUS_STOPS":"Yes"}},{"type":"Feature","id":2142491,"geometry":{"type":"Point","coordinates":[-122.801327,49.041716]},"properties":{"FACILITYID":"1001207604","BUS_STOP_NO":55482,"STOP_STATUS":"Active","BUS_BENCHES":"YES","BUS_SHELTERS":"NO","LOCATION":"Southbound 152 St @ 22 Ave","ACCESSIBLE":"Yes","OBJECTID_1":2142491,"GLOBALID":"{B63B1DD0-6902-4A12-BE62-D8623D692050}","TRANSIT_ROUTES":"321, 345, 351, 375, 531, 855","PRESCRIBED_FREQUENT_BUS_STOPS":"Yes"}},{"type":"Feature","id":2142492,"geometry":{"type":"Point","coordinates":[-122.801352,49.038079]},"properties":{"FACILITYID":"1001207929","BUS_STOP_NO":55483,"STOP_STATUS":"Active","BUS_BENCHES":"YES","BUS_SHELTERS":"NO","LOCATION":"Southbound 152 St @ 20 Ave","ACCESSIBLE":"Yes","OBJECTID_1":2142492,"GLOBALID":"{FD71848E-2D20-493D-9CD3-7ADEB841D57A}","TRANSIT_ROUTES":"321, 345, 351, 375, 394, 531, 855","PRESCRIBED_FREQUENT_BUS_STOPS":null}},{"type":"Feature","id":2142493,"geometry":{"type":"Point","coordinates":[-122.801323,49.036259]},"properties":{"FACILITYID":"1001208196","BUS_STOP_NO":55484,"STOP_STATUS":"Active","BUS_BENCHES":"YES","BUS_SHELTERS":"STD AD","LOCATION":"Southbound 152 St @ 19 Ave","ACCESSIBLE":"Yes","OBJECTID_1":2142493,"GLOBALID":"{A613573B-1838-4FE3-8BA3-6F16FE139CCC}","TRANSIT_ROUTES":"321, 345, 351, 375, 531, 855","PRESCRIBED_FREQUENT_BUS_STOPS":"Yes"}},{"type":"Feature","id":2142494,"geometry":{"type":"Point","coordinates":[-122.803621,49.034509]},"properties":{"FACILITYID":"1001208614","BUS_STOP_NO":55485,"STOP_STATUS":"Active","BUS_BENCHES":"YES","BUS_SHELTERS":"NO","LOCATION":"Southbound Martin Dr @ E Southmere Cres","ACCESSIBLE":"Yes","OBJECTID_1":2142494,"GLOBALID":"{3186E48D-C52B-401E-899C-85FF8DD588D7}","TRANSIT_ROUTES":"345, 361, 362, 394, 531","PRESCRIBED_FREQUENT_BUS_STOPS":null}},{"type":"Feature","id":2142495,"geometry":{"type":"Point","coordinates":[-122.805337,49.032454]},"properties":{"FACILITYID":"1001207809","BUS_STOP_NO":55486,"STOP_STATUS":"Active","BUS_BENCHES":"YES","BUS_SHELTERS":"NO","LOCATION":"Southbound Martin Dr @ W Southmere Cres","ACCESSIBLE":"Yes","OBJECTID_1":2142495,"GLOBALID":"{1BAED044-D71D-4E2E-8DFA-69BB2AADF20A}","TRANSIT_ROUTES":"345, 394, 531","PRESCRIBED_FREQUENT_BUS_STOPS":null}},{"type":"Feature","id":2142496,"geometry":{"type":"Point","coordinates":[-122.801329,49.034373]},"properties":{"FACILITYID":"1001208605","BUS_STOP_NO":55487,"STOP_STATUS":"Active","BUS_BENCHES":"YES","BUS_SHELTERS":"NO","LOCATION":"Southbound 152 St @ 18 Ave","ACCESSIBLE":"Yes","OBJECTID_1":2142496,"GLOBALID":"{437BC0AE-B2F8-4023-AAD2-EC1CF7DD9F0F}","TRANSIT_ROUTES":"321, 345, 351, 375, 531, 855","PRESCRIBED_FREQUENT_BUS_STOPS":"Yes"}},{"type":"Feature","id":2142497,"geometry":{"type":"Point","coordinates":[-122.801322,49.032567]},"properties":{"FACILITYID":"1001208789","BUS_STOP_NO":55488,"STOP_STATUS":"Active","BUS_BENCHES":"YES","BUS_SHELTERS":"STD AD","LOCATION":"White Rock Centre @ Bay 10","ACCESSIBLE":"Yes","OBJECTID_1":2142497,"GLOBALID":"{C3235BEF-E57B-4D53-83EE-60761CCA84FC}","TRANSIT_ROUTES":"321, 345, 351, 352, 354, 361, 362, 375, 531, 855","PRESCRIBED_FREQUENT_BUS_STOPS":"Yes"}},{"type":"Feature","id":2142498,"geometry":{"type":"Point","coordinates":[-122.778677,49.030973]},"properties":{"FACILITYID":"1001207650","BUS_STOP_NO":55493,"STOP_STATUS":"Active","BUS_BENCHES":"YES","BUS_SHELTERS":"NO","LOCATION":"Eastbound 16 Ave @ 160 St","ACCESSIBLE":"Yes","OBJECTID_1":2142498,"GLOBALID":"{2B18A49B-04AF-4038-9768-C48A5B571EE6}","TRANSIT_ROUTES":"321, 354, 363, 375","PRESCRIBED_FREQUENT_BUS_STOPS":null}},{"type":"Feature","id":2142499,"geometry":{"type":"Point","coordinates":[-122.775101,49.030589]},"properties":{"FACILITYID":"1001207956","BUS_STOP_NO":55494,"STOP_STATUS":"Active","BUS_BENCHES":"YES","BUS_SHELTERS":"NO","LOCATION":"Southbound King George Blvd @ 16 Ave","ACCESSIBLE":"Yes","OBJECTID_1":2142499,"GLOBALID":"{B357D550-F335-4FD7-89CC-0FD3F6ECF2B8}","TRANSIT_ROUTES":"321, 375","PRESCRIBED_FREQUENT_BUS_STOPS":null}},{"type":"Feature","id":2142500,"geometry":{"type":"Point","coordinates":[-122.770677,49.02694]},"properties":{"FACILITYID":"1001208705","BUS_STOP_NO":55495,"STOP_STATUS":"Active","BUS_BENCHES":"YES","BUS_SHELTERS":"NO","LOCATION":"Southbound King George Blvd @ 14 Ave","ACCESSIBLE":"Yes","OBJECTID_1":2142500,"GLOBALID":"{18B29C68-F9C9-4C3F-AF3C-B5E64A681B37}","TRANSIT_ROUTES":"321, 375","PRESCRIBED_FREQUENT_BUS_STOPS":null}},{"type":"Feature","id":2142501,"geometry":{"type":"Point","coordinates":[-122.767335,49.024323]},"properties":{"FACILITYID":"1001207602","BUS_STOP_NO":55496,"STOP_STATUS":"Active","BUS_BENCHES":"NO","BUS_SHELTERS":"NO","LOCATION":"Southbound King George Blvd @ 164 St","ACCESSIBLE":"Yes","OBJECTID_1":2142501,"GLOBALID":"{2C972BB8-8231-49EA-9FDC-5C000BE7B395}","TRANSIT_ROUTES":"321, 375","PRESCRIBED_FREQUENT_BUS_STOPS":null}},{"type":"Feature","id":2142502,"geometry":{"type":"Point","coordinates":[-122.762198,49.017402]},"properties":{"FACILITYID":"1001207585","BUS_STOP_NO":55497,"STOP_STATUS":"Active","BUS_BENCHES":"YES","BUS_SHELTERS":"NO","LOCATION":"Northbound King George Blvd @ 8th Ave","ACCESSIBLE":"Yes","OBJECTID_1":2142502,"GLOBALID":"{3EF75D47-4F4D-40A8-9827-462042C3FF2C}","TRANSIT_ROUTES":"321, 375","PRESCRIBED_FREQUENT_BUS_STOPS":null}},{"type":"Feature","id":2142503,"geometry":{"type":"Point","coordinates":[-122.887603,49.137771]},"properties":{"FACILITYID":"1001207533","BUS_STOP_NO":55499,"STOP_STATUS":"Active","BUS_BENCHES":"NO","BUS_SHELTERS":"EXCH","LOCATION":"Scottsdale Exchange @ Bay 5","ACCESSIBLE":"Yes","OBJECTID_1":2142503,"GLOBALID":"{A41951C8-9D29-4A0B-8C05-33A6B42183CA}","TRANSIT_ROUTES":"301","PRESCRIBED_FREQUENT_BUS_STOPS":null}},{"type":"Feature","id":2142504,"geometry":{"type":"Point","coordinates":[-122.884144,49.133911]},"properties":{"FACILITYID":"1001208481","BUS_STOP_NO":55500,"STOP_STATUS":"Active","BUS_BENCHES":"YES","BUS_SHELTERS":"STD AD","LOCATION":"Eastbound 72 Ave @ 122 St","ACCESSIBLE":"Yes","OBJECTID_1":2142504,"GLOBALID":"{17F07DB2-53B9-448A-9C68-B333004F2F6B}","TRANSIT_ROUTES":"301, 319, 322","PRESCRIBED_FREQUENT_BUS_STOPS":"Yes"}},{"type":"Feature","id":2142505,"geometry":{"type":"Point","coordinates":[-122.878625,49.133843]},"properties":{"FACILITYID":"1001208224","BUS_STOP_NO":55501,"STOP_STATUS":"Active","BUS_BENCHES":"YES","BUS_SHELTERS":"STD AD","LOCATION":"Eastbound 72 Ave @ 124 St","ACCESSIBLE":"Yes","OBJECTID_1":2142505,"GLOBALID":"{7C9A79DF-9D36-4293-96DA-950075B96809}","TRANSIT_ROUTES":"301, 319, 322, R6","PRESCRIBED_FREQUENT_BUS_STOPS":"Yes"}},{"type":"Feature","id":2142506,"geometry":{"type":"Point","coordinates":[-122.872472,49.133793]},"properties":{"FACILITYID":"1001208726","BUS_STOP_NO":55502,"STOP_STATUS":"Active","BUS_BENCHES":"YES","BUS_SHELTERS":"LRG","LOCATION":"Eastbound 72 Ave @ 126 St","ACCESSIBLE":"Yes","OBJECTID_1":2142506,"GLOBALID":"{31ACA3AD-9C72-4B9C-A55C-87E4B7E581C7}","TRANSIT_ROUTES":"319, 322","PRESCRIBED_FREQUENT_BUS_STOPS":"Yes"}},{"type":"Feature","id":2142507,"geometry":{"type":"Point","coordinates":[-122.867978,49.133392]},"properties":{"FACILITYID":"1001207950","BUS_STOP_NO":55503,"STOP_STATUS":"Active","BUS_BENCHES":"YES","BUS_SHELTERS":"NO","LOCATION":"Southbound 128 St @ 72 Ave","ACCESSIBLE":"Yes","OBJECTID_1":2142507,"GLOBALID":"{809A5842-E1D7-41A9-BC9D-F9FDD475A8F4}","TRANSIT_ROUTES":"322, 393","PRESCRIBED_FREQUENT_BUS_STOPS":null}},{"type":"Feature","id":2142508,"geometry":{"type":"Point","coordinates":[-122.867948,49.129199]},"properties":{"FACILITYID":"1001208216","BUS_STOP_NO":58658,"STOP_STATUS":"Active","BUS_BENCHES":"YES","BUS_SHELTERS":"NO","LOCATION":"Southbound 128 St @ 69A Ave","ACCESSIBLE":"Yes","OBJECTID_1":2142508,"GLOBALID":"{E0F21AA7-E86D-43AF-A14B-B1635224CF27}","TRANSIT_ROUTES":"322, 393","PRESCRIBED_FREQUENT_BUS_STOPS":null}},{"type":"Feature","id":2142509,"geometry":{"type":"Point","coordinates":[-122.86793,49.126271]},"properties":{"FACILITYID":"1001208675","BUS_STOP_NO":55505,"STOP_STATUS":"Active","BUS_BENCHES":"YES","BUS_SHELTERS":"NO","LOCATION":"Southbound 128 St @ 68 Ave","ACCESSIBLE":"Yes","OBJECTID_1":2142509,"GLOBALID":"{CFB7D2A7-6DFD-4B78-A691-FDD5087EFB32}","TRANSIT_ROUTES":"322, 393","PRESCRIBED_FREQUENT_BUS_STOPS":null}},{"type":"Feature","id":2142510,"geometry":{"type":"Point","coordinates":[-122.867929,49.122364]},"properties":{"FACILITYID":"1001208144","BUS_STOP_NO":55506,"STOP_STATUS":"Active","BUS_BENCHES":"YES","BUS_SHELTERS":"NO","LOCATION":"Southbound 128 St @ 66 Ave","ACCESSIBLE":"Yes","OBJECTID_1":2142510,"GLOBALID":"{FE9874B6-7C67-4B2F-8C38-1A85B8701D97}","TRANSIT_ROUTES":"322, 393","PRESCRIBED_FREQUENT_BUS_STOPS":null}},{"type":"Feature","id":2142511,"geometry":{"type":"Point","coordinates":[-122.867994,49.118538]},"properties":{"FACILITYID":"1001208482","BUS_STOP_NO":55507,"STOP_STATUS":"Active","BUS_BENCHES":"YES","BUS_SHELTERS":"NO","LOCATION":"Southbound 128 St @ 64 Ave","ACCESSIBLE":"Yes","OBJECTID_1":2142511,"GLOBALID":"{9B1DC5EC-C591-4364-A316-C443A2B42FC4}","TRANSIT_ROUTES":"322","PRESCRIBED_FREQUENT_BUS_STOPS":null}},{"type":"Feature","id":2142512,"geometry":{"type":"Point","coordinates":[-122.867982,49.115147]},"properties":{"FACILITYID":"1001207763","BUS_STOP_NO":55508,"STOP_STATUS":"Active","BUS_BENCHES":"YES","BUS_SHELTERS":"NO","LOCATION":"Southbound 128 St @ 62 Ave","ACCESSIBLE":"Yes","OBJECTID_1":2142512,"GLOBALID":"{CC0F2EB6-4BE0-47B4-9EC1-0D6398072A07}","TRANSIT_ROUTES":"322","PRESCRIBED_FREQUENT_BUS_STOPS":null}},{"type":"Feature","id":2142513,"geometry":{"type":"Point","coordinates":[-122.885247,49.103028]},"properties":{"FACILITYID":"1001207575","BUS_STOP_NO":55515,"STOP_STATUS":"Active","BUS_BENCHES":"NO","BUS_SHELTERS":"NO","LOCATION":"Eastbound New McLellan Rd @ Hillside Rd","ACCESSIBLE":"No","OBJECTID_1":2142513,"GLOBALID":"{B10CC851-9FC7-4FEA-B877-FE46A46AEA06}","TRANSIT_ROUTES":"322","PRESCRIBED_FREQUENT_BUS_STOPS":null}},{"type":"Feature","id":2142514,"geometry":{"type":"Point","coordinates":[-122.881563,49.10346]},"properties":{"FACILITYID":"1001208444","BUS_STOP_NO":55516,"STOP_STATUS":"Active","BUS_BENCHES":"NO","BUS_SHELTERS":"NO","LOCATION":"Eastbound New McLellan Rd @ 123 St","ACCESSIBLE":"No","OBJECTID_1":2142514,"GLOBALID":"{9B72EA6E-D623-4108-84BC-9750F5B7EC1C}","TRANSIT_ROUTES":"322","PRESCRIBED_FREQUENT_BUS_STOPS":null}},{"type":"Feature","id":2142515,"geometry":{"type":"Point","coordinates":[-122.878743,49.103985]},"properties":{"FACILITYID":"1001208373","BUS_STOP_NO":55517,"STOP_STATUS":"Active","BUS_BENCHES":"NO","BUS_SHELTERS":"NO","LOCATION":"Eastbound New McLellan Rd @ 124 St","ACCESSIBLE":"Yes","OBJECTID_1":2142515,"GLOBALID":"{BAE946CB-1E25-4122-8EF0-081C7FB45763}","TRANSIT_ROUTES":"322","PRESCRIBED_FREQUENT_BUS_STOPS":null}},{"type":"Feature","id":2142516,"geometry":{"type":"Point","coordinates":[-122.874129,49.104366]},"properties":{"FACILITYID":"1001207557","BUS_STOP_NO":55518,"STOP_STATUS":"Active","BUS_BENCHES":"NO","BUS_SHELTERS":"NO","LOCATION":"Eastbound 56 Ave @ 125A St","ACCESSIBLE":"No","OBJECTID_1":2142516,"GLOBALID":"{E97F4840-C919-47BB-BD4D-D8B1B5824D3E}","TRANSIT_ROUTES":"322","PRESCRIBED_FREQUENT_BUS_STOPS":null}},{"type":"Feature","id":2142517,"geometry":{"type":"Point","coordinates":[-122.862562,49.104626]},"properties":{"FACILITYID":"1001208642","BUS_STOP_NO":55520,"STOP_STATUS":"Active","BUS_BENCHES":"NO","BUS_SHELTERS":"NO","LOCATION":"Eastbound 56 Ave @ Coulthard Rd","ACCESSIBLE":"Yes","OBJECTID_1":2142517,"GLOBALID":"{F23C09A5-BE66-460F-A6E0-42CD42296061}","TRANSIT_ROUTES":"322","PRESCRIBED_FREQUENT_BUS_STOPS":null}},{"type":"Feature","id":2142518,"geometry":{"type":"Point","coordinates":[-122.850547,49.108105]},"properties":{"FACILITYID":"1001208308","BUS_STOP_NO":55521,"STOP_STATUS":"Active","BUS_BENCHES":"YES","BUS_SHELTERS":"NO","LOCATION":"Eastbound Hwy 10 @ 13400 Block","ACCESSIBLE":"Yes","OBJECTID_1":2142518,"GLOBALID":"{C90510BB-0BCC-4729-9A9A-29747E49E21E}","TRANSIT_ROUTES":"322","PRESCRIBED_FREQUENT_BUS_STOPS":null}},{"type":"Feature","id":2142519,"geometry":{"type":"Point","coordinates":[-122.845659,49.106948]},"properties":{"FACILITYID":"1001208048","BUS_STOP_NO":55522,"STOP_STATUS":"Active","BUS_BENCHES":"NO","BUS_SHELTERS":"NO","LOCATION":"Southbound 136 St @ 5700 Block","ACCESSIBLE":"No","OBJECTID_1":2142519,"GLOBALID":"{A9F40160-413B-4230-8B1B-2957E389752C}","TRANSIT_ROUTES":"322","PRESCRIBED_FREQUENT_BUS_STOPS":null}},{"type":"Feature","id":2142520,"geometry":{"type":"Point","coordinates":[-122.852736,49.104571]},"properties":{"FACILITYID":"1001208494","BUS_STOP_NO":55523,"STOP_STATUS":"Active","BUS_BENCHES":"NO","BUS_SHELTERS":"NO","LOCATION":"Westbound 56 Ave @ 13300 Block","ACCESSIBLE":"Yes","OBJECTID_1":2142520,"GLOBALID":"{5AEBA087-383D-444C-A745-6D053756EC10}","TRANSIT_ROUTES":"322","PRESCRIBED_FREQUENT_BUS_STOPS":null}},{"type":"Feature","id":2142521,"geometry":{"type":"Point","coordinates":[-122.856728,49.105096]},"properties":{"FACILITYID":"1001208715","BUS_STOP_NO":55524,"STOP_STATUS":"Active","BUS_BENCHES":"NO","BUS_SHELTERS":"NO","LOCATION":"Northbound 132 St @ 56 Ave","ACCESSIBLE":"Yes","OBJECTID_1":2142521,"GLOBALID":"{CF68355C-568C-4A66-9AA6-2D0BB1513DC3}","TRANSIT_ROUTES":"322","PRESCRIBED_FREQUENT_BUS_STOPS":null}},{"type":"Feature","id":2142522,"geometry":{"type":"Point","coordinates":[-122.856616,49.108745]},"properties":{"FACILITYID":"1001208370","BUS_STOP_NO":55525,"STOP_STATUS":"Active","BUS_BENCHES":"NO","BUS_SHELTERS":"NO","LOCATION":"Northbound 132 St @ Hwy 10","ACCESSIBLE":"No","OBJECTID_1":2142522,"GLOBALID":"{01708A0F-31D0-435E-9E47-8791B03C7290}","TRANSIT_ROUTES":"322","PRESCRIBED_FREQUENT_BUS_STOPS":null}},{"type":"Feature","id":2142523,"geometry":{"type":"Point","coordinates":[-122.856546,49.112314]},"properties":{"FACILITYID":"1001208183","BUS_STOP_NO":55526,"STOP_STATUS":"Active","BUS_BENCHES":"YES","BUS_SHELTERS":"NO","LOCATION":"Northbound 132 St @ 60 Ave","ACCESSIBLE":"Yes","OBJECTID_1":2142523,"GLOBALID":"{7CCFD257-BDFB-4A84-9A0A-177585FE7412}","TRANSIT_ROUTES":"322","PRESCRIBED_FREQUENT_BUS_STOPS":null}},{"type":"Feature","id":2142524,"geometry":{"type":"Point","coordinates":[-122.856433,49.115754]},"properties":{"FACILITYID":"1001208714","BUS_STOP_NO":55527,"STOP_STATUS":"Active","BUS_BENCHES":"YES","BUS_SHELTERS":"NO","LOCATION":"Northbound 132 St @ 62 Ave","ACCESSIBLE":"Yes","OBJECTID_1":2142524,"GLOBALID":"{1971C7BB-2A90-49D7-915A-F55EA7C1E02B}","TRANSIT_ROUTES":"322","PRESCRIBED_FREQUENT_BUS_STOPS":null}},{"type":"Feature","id":2142525,"geometry":{"type":"Point","coordinates":[-122.867319,49.119025]},"properties":{"FACILITYID":"1001208150","BUS_STOP_NO":55528,"STOP_STATUS":"Active","BUS_BENCHES":"YES","BUS_SHELTERS":"NO","LOCATION":"Eastbound 64 Ave @ 128 St","ACCESSIBLE":"Yes","OBJECTID_1":2142525,"GLOBALID":"{677F17C5-0C5B-4091-A2E0-93439213F6D5}","TRANSIT_ROUTES":"364, 393","PRESCRIBED_FREQUENT_BUS_STOPS":null}},{"type":"Feature","id":2142526,"geometry":{"type":"Point","coordinates":[-122.861795,49.118963]},"properties":{"FACILITYID":"1001208201","BUS_STOP_NO":55529,"STOP_STATUS":"Active","BUS_BENCHES":"YES","BUS_SHELTERS":"NO","LOCATION":"Eastbound 64 Ave @ 130 St","ACCESSIBLE":"Yes","OBJECTID_1":2142526,"GLOBALID":"{D0B3866F-3935-4925-91A3-DB68B4C88C72}","TRANSIT_ROUTES":"364, 393","PRESCRIBED_FREQUENT_BUS_STOPS":null}},{"type":"Feature","id":2142527,"geometry":{"type":"Point","coordinates":[-122.856392,49.119308]},"properties":{"FACILITYID":"1001207995","BUS_STOP_NO":55530,"STOP_STATUS":"Active","BUS_BENCHES":"YES","BUS_SHELTERS":"NO","LOCATION":"Northbound 132 St @ 64 Ave","ACCESSIBLE":"Yes","OBJECTID_1":2142527,"GLOBALID":"{09BA28E9-244A-476E-8C2F-666BFC56E06B}","TRANSIT_ROUTES":"322","PRESCRIBED_FREQUENT_BUS_STOPS":null}},{"type":"Feature","id":2142528,"geometry":{"type":"Point","coordinates":[-122.856439,49.123414]},"properties":{"FACILITYID":"1001207901","BUS_STOP_NO":55531,"STOP_STATUS":"Active","BUS_BENCHES":"YES","BUS_SHELTERS":"NO","LOCATION":"Northbound 132 St @ 66A Ave","ACCESSIBLE":"Yes","OBJECTID_1":2142528,"GLOBALID":"{88182F8D-C637-42B3-848A-BDA295C080A3}","TRANSIT_ROUTES":"322","PRESCRIBED_FREQUENT_BUS_STOPS":null}},{"type":"Feature","id":2142529,"geometry":{"type":"Point","coordinates":[-122.856489,49.126853]},"properties":{"FACILITYID":"1001208389","BUS_STOP_NO":55533,"STOP_STATUS":"Active","BUS_BENCHES":"YES","BUS_SHELTERS":"STD AD","LOCATION":"Northbound 132 St @ 68 Ave","ACCESSIBLE":"Yes","OBJECTID_1":2142529,"GLOBALID":"{42EFC9AA-DD56-4EB7-A691-CA183D5F291A}","TRANSIT_ROUTES":"322, 324","PRESCRIBED_FREQUENT_BUS_STOPS":null}},{"type":"Feature","id":2142530,"geometry":{"type":"Point","coordinates":[-122.856535,49.129678]},"properties":{"FACILITYID":"1001208460","BUS_STOP_NO":55534,"STOP_STATUS":"Active","BUS_BENCHES":"YES","BUS_SHELTERS":"NO","LOCATION":"Northbound 132 St @ 69A Ave","ACCESSIBLE":"Yes","OBJECTID_1":2142530,"GLOBALID":"{FE0E63C4-5951-40D3-933B-44BB68F3D433}","TRANSIT_ROUTES":"322, 324","PRESCRIBED_FREQUENT_BUS_STOPS":null}},{"type":"Feature","id":2142531,"geometry":{"type":"Point","coordinates":[-122.856561,49.131577]},"properties":{"FACILITYID":"1001208169","BUS_STOP_NO":55535,"STOP_STATUS":"Active","BUS_BENCHES":"YES","BUS_SHELTERS":"YES","LOCATION":"Northbound 132 St @ 70B Ave","ACCESSIBLE":"Yes","OBJECTID_1":2142531,"GLOBALID":"{7AE46B7D-8501-4FE2-8503-A75CE38B81B6}","TRANSIT_ROUTES":"322, 324","PRESCRIBED_FREQUENT_BUS_STOPS":null}},{"type":"Feature","id":2142532,"geometry":{"type":"Point","coordinates":[-122.85617,49.133614]},"properties":{"FACILITYID":"1001207874","BUS_STOP_NO":55536,"STOP_STATUS":"Active","BUS_BENCHES":"YES","BUS_SHELTERS":"STD AD","LOCATION":"Eastbound 72 Ave @ 132 St","ACCESSIBLE":"Yes","OBJECTID_1":2142532,"GLOBALID":"{E3FC1833-61D8-4428-A67E-93C15BBA6BFD}","TRANSIT_ROUTES":"301, 319, 322, R6","PRESCRIBED_FREQUENT_BUS_STOPS":"Yes"}},{"type":"Feature","id":2142533,"geometry":{"type":"Point","coordinates":[-122.851395,49.133538]},"properties":{"FACILITYID":"1001208437","BUS_STOP_NO":55537,"STOP_STATUS":"Active","BUS_BENCHES":"YES","BUS_SHELTERS":"STD AD","LOCATION":"Eastbound 72 Ave @ 134 St","ACCESSIBLE":"Yes","OBJECTID_1":2142533,"GLOBALID":"{57347D69-7757-43F9-9A7E-04C0CA9806F2}","TRANSIT_ROUTES":"319, 322","PRESCRIBED_FREQUENT_BUS_STOPS":"Yes"}},{"type":"Feature","id":2142534,"geometry":{"type":"Point","coordinates":[-122.841764,49.133306]},"properties":{"FACILITYID":"1001208116","BUS_STOP_NO":55538,"STOP_STATUS":"Active","BUS_BENCHES":"NO","BUS_SHELTERS":"EXCH","LOCATION":"Newton Exchange @ Bay 1","ACCESSIBLE":"Yes","OBJECTID_1":2142534,"GLOBALID":"{9D2994A5-6529-4F2D-9D37-DE2A6EDC9C7B}","TRANSIT_ROUTES":"319, 323, 324, 325, 335, 341, 342, 393, 864","PRESCRIBED_FREQUENT_BUS_STOPS":"Yes"}},{"type":"Feature","id":2142535,"geometry":{"type":"Point","coordinates":[-122.847036,49.13365]},"properties":{"FACILITYID":"1001207888","BUS_STOP_NO":55539,"STOP_STATUS":"Active","BUS_BENCHES":"YES","BUS_SHELTERS":"STD AD","LOCATION":"Westbound 72 Ave @ King George Blvd","ACCESSIBLE":"Yes","OBJECTID_1":2142535,"GLOBALID":"{6C1CD6F4-0ECD-4B70-B270-1A64E4EEBB6E}","TRANSIT_ROUTES":"319, 322","PRESCRIBED_FREQUENT_BUS_STOPS":"Yes"}},{"type":"Feature","id":2142536,"geometry":{"type":"Point","coordinates":[-122.851646,49.133727]},"properties":{"FACILITYID":"1001208694","BUS_STOP_NO":55540,"STOP_STATUS":"Active","BUS_BENCHES":"YES","BUS_SHELTERS":"NO","LOCATION":"Westbound 72 Ave @ Comber Way","ACCESSIBLE":"Yes","OBJECTID_1":2142536,"GLOBALID":"{1AB6EFE1-F595-486C-A45F-0309E89258A4}","TRANSIT_ROUTES":"319, 322","PRESCRIBED_FREQUENT_BUS_STOPS":"Yes"}},{"type":"Feature","id":2142537,"geometry":{"type":"Point","coordinates":[-122.856828,49.133345]},"properties":{"FACILITYID":"1001208157","BUS_STOP_NO":55541,"STOP_STATUS":"Active","BUS_BENCHES":"YES","BUS_SHELTERS":"NO","LOCATION":"Southbound 132 St @ 72 Ave","ACCESSIBLE":"Yes","OBJECTID_1":2142537,"GLOBALID":"{55F9CD0A-1EB8-4077-824A-8BBB88E6238F}","TRANSIT_ROUTES":"322, 324","PRESCRIBED_FREQUENT_BUS_STOPS":null}},{"type":"Feature","id":2142538,"geometry":{"type":"Point","coordinates":[-122.856806,49.130842]},"properties":{"FACILITYID":"1001208577","BUS_STOP_NO":55542,"STOP_STATUS":"Active","BUS_BENCHES":"YES","BUS_SHELTERS":"NO","LOCATION":"Southbound 132 St @ 70B Ave","ACCESSIBLE":"Yes","OBJECTID_1":2142538,"GLOBALID":"{6F3E3071-2026-48E3-B582-7EA703DF739E}","TRANSIT_ROUTES":"322, 324","PRESCRIBED_FREQUENT_BUS_STOPS":null}},{"type":"Feature","id":2142539,"geometry":{"type":"Point","coordinates":[-122.856787,49.128907]},"properties":{"FACILITYID":"1001208781","BUS_STOP_NO":55543,"STOP_STATUS":"Active","BUS_BENCHES":"YES","BUS_SHELTERS":"NO","LOCATION":"Southbound 132 St @ 69A Ave","ACCESSIBLE":"Yes","OBJECTID_1":2142539,"GLOBALID":"{7A503834-0829-4B4E-8616-4B5BCC2EE4BB}","TRANSIT_ROUTES":"322, 324","PRESCRIBED_FREQUENT_BUS_STOPS":null}},{"type":"Feature","id":2142540,"geometry":{"type":"Point","coordinates":[-122.856703,49.126083]},"properties":{"FACILITYID":"1001207886","BUS_STOP_NO":55544,"STOP_STATUS":"Active","BUS_BENCHES":"YES","BUS_SHELTERS":"NO","LOCATION":"Southbound 132 St @ 68 Ave","ACCESSIBLE":"Yes","OBJECTID_1":2142540,"GLOBALID":"{43DF06DF-EFAB-4749-ACBF-C596F0CB79E6}","TRANSIT_ROUTES":"322","PRESCRIBED_FREQUENT_BUS_STOPS":null}},{"type":"Feature","id":2142541,"geometry":{"type":"Point","coordinates":[-122.856674,49.12187]},"properties":{"FACILITYID":"1001208833","BUS_STOP_NO":55545,"STOP_STATUS":"Active","BUS_BENCHES":"YES","BUS_SHELTERS":"NO","LOCATION":"Southbound 132 St @ 65B Ave","ACCESSIBLE":"Yes","OBJECTID_1":2142541,"GLOBALID":"{9A03E65F-9A64-4229-AFD8-2CFEDBC6522E}","TRANSIT_ROUTES":"322","PRESCRIBED_FREQUENT_BUS_STOPS":null}},{"type":"Feature","id":2142542,"geometry":{"type":"Point","coordinates":[-122.856668,49.118373]},"properties":{"FACILITYID":"1001207866","BUS_STOP_NO":55546,"STOP_STATUS":"Active","BUS_BENCHES":"YES","BUS_SHELTERS":"NO","LOCATION":"Southbound 132 St @ 64 Ave","ACCESSIBLE":"Yes","OBJECTID_1":2142542,"GLOBALID":"{4E98E7E8-EEBE-41A9-ACF6-B81EA4C5AB7C}","TRANSIT_ROUTES":"322","PRESCRIBED_FREQUENT_BUS_STOPS":null}},{"type":"Feature","id":2142543,"geometry":{"type":"Point","coordinates":[-122.856667,49.115074]},"properties":{"FACILITYID":"1001208612","BUS_STOP_NO":55547,"STOP_STATUS":"Active","BUS_BENCHES":"YES","BUS_SHELTERS":"NO","LOCATION":"Southbound 132 St @ 62 Ave","ACCESSIBLE":"No","OBJECTID_1":2142543,"GLOBALID":"{E4538BF2-4B5E-415C-96C7-51146EFA8E9D}","TRANSIT_ROUTES":"322","PRESCRIBED_FREQUENT_BUS_STOPS":null}},{"type":"Feature","id":2142544,"geometry":{"type":"Point","coordinates":[-122.856745,49.111611]},"properties":{"FACILITYID":"1001208692","BUS_STOP_NO":55548,"STOP_STATUS":"Active","BUS_BENCHES":"NO","BUS_SHELTERS":"NO","LOCATION":"Southbound 132 St @ 60 Ave","ACCESSIBLE":"Yes","OBJECTID_1":2142544,"GLOBALID":"{4674AF7E-51B8-47AC-B197-E6554A967536}","TRANSIT_ROUTES":"322","PRESCRIBED_FREQUENT_BUS_STOPS":null}},{"type":"Feature","id":2142545,"geometry":{"type":"Point","coordinates":[-122.855763,49.108083]},"properties":{"FACILITYID":"1001208681","BUS_STOP_NO":55549,"STOP_STATUS":"Active","BUS_BENCHES":"YES","BUS_SHELTERS":"NO","LOCATION":"Eastbound Hwy 10 @ 132 St","ACCESSIBLE":"Yes","OBJECTID_1":2142545,"GLOBALID":"{5F9C2240-972E-4F50-919C-3C0DF029AEEF}","TRANSIT_ROUTES":"322","PRESCRIBED_FREQUENT_BUS_STOPS":null}},{"type":"Feature","id":2142546,"geometry":{"type":"Point","coordinates":[-122.846078,49.105198]},"properties":{"FACILITYID":"1001207594","BUS_STOP_NO":55550,"STOP_STATUS":"Active","BUS_BENCHES":"NO","BUS_SHELTERS":"NO","LOCATION":"Westbound 56 Ave @ 136 St","ACCESSIBLE":"Yes","OBJECTID_1":2142546,"GLOBALID":"{7E9ECF5E-C293-42F3-9B6B-C7FAFEEF28F9}","TRANSIT_ROUTES":"322","PRESCRIBED_FREQUENT_BUS_STOPS":null}},{"type":"Feature","id":2142547,"geometry":{"type":"Point","coordinates":[-122.857698,49.104605]},"properties":{"FACILITYID":"1001208735","BUS_STOP_NO":55551,"STOP_STATUS":"Active","BUS_BENCHES":"NO","BUS_SHELTERS":"NO","LOCATION":"Westbound 56 Ave @ 132 St","ACCESSIBLE":"No","OBJECTID_1":2142547,"GLOBALID":"{45E4BB76-AFB0-4581-A264-78418BFC78D0}","TRANSIT_ROUTES":"322","PRESCRIBED_FREQUENT_BUS_STOPS":null}},{"type":"Feature","id":2142548,"geometry":{"type":"Point","coordinates":[-122.863894,49.10451]},"properties":{"FACILITYID":"1001208353","BUS_STOP_NO":55552,"STOP_STATUS":"Active","BUS_BENCHES":"NO","BUS_SHELTERS":"NO","LOCATION":"Westbound 56 Ave @ Coulthard Rd","ACCESSIBLE":"Yes","OBJECTID_1":2142548,"GLOBALID":"{56249568-F6EE-4D42-A432-C55B289D2B8E}","TRANSIT_ROUTES":"322","PRESCRIBED_FREQUENT_BUS_STOPS":null}},{"type":"Feature","id":2142549,"geometry":{"type":"Point","coordinates":[-122.875726,49.10446]},"properties":{"FACILITYID":"1001208720","BUS_STOP_NO":55554,"STOP_STATUS":"Active","BUS_BENCHES":"NO","BUS_SHELTERS":"NO","LOCATION":"Westbound 56 Ave @ 125A St","ACCESSIBLE":"Yes","OBJECTID_1":2142549,"GLOBALID":"{D38B9F0C-8505-49AF-BD3A-89EBCF3E567D}","TRANSIT_ROUTES":"322","PRESCRIBED_FREQUENT_BUS_STOPS":null}},{"type":"Feature","id":2142550,"geometry":{"type":"Point","coordinates":[-122.879685,49.103874]},"properties":{"FACILITYID":"1001208286","BUS_STOP_NO":55555,"STOP_STATUS":"Active","BUS_BENCHES":"NO","BUS_SHELTERS":"NO","LOCATION":"Westbound New McLellan Rd @ 124 St","ACCESSIBLE":"Yes","OBJECTID_1":2142550,"GLOBALID":"{081A4791-E88B-4DB5-B80E-0D07E47635E0}","TRANSIT_ROUTES":"322","PRESCRIBED_FREQUENT_BUS_STOPS":null}},{"type":"Feature","id":2142551,"geometry":{"type":"Point","coordinates":[-122.882521,49.103437]},"properties":{"FACILITYID":"1001208089","BUS_STOP_NO":55556,"STOP_STATUS":"Active","BUS_BENCHES":"NO","BUS_SHELTERS":"NO","LOCATION":"Westbound New McLellan Rd @ 123 St","ACCESSIBLE":"No","OBJECTID_1":2142551,"GLOBALID":"{D4C7CD31-B30E-464B-B5BA-C4CF19C4BCE8}","TRANSIT_ROUTES":"322","PRESCRIBED_FREQUENT_BUS_STOPS":null}},{"type":"Feature","id":2142552,"geometry":{"type":"Point","coordinates":[-122.886411,49.102959]},"properties":{"FACILITYID":"1001207741","BUS_STOP_NO":55557,"STOP_STATUS":"Active","BUS_BENCHES":"NO","BUS_SHELTERS":"NO","LOCATION":"Westbound New McLellan Rd @ Hillside Rd","ACCESSIBLE":"No","OBJECTID_1":2142552,"GLOBALID":"{E9F6F77A-D69D-4965-AFFE-743FB270D640}","TRANSIT_ROUTES":"322","PRESCRIBED_FREQUENT_BUS_STOPS":null}},{"type":"Feature","id":2142553,"geometry":{"type":"Point","coordinates":[-122.890294,49.107529]},"properties":{"FACILITYID":"1001208407","BUS_STOP_NO":58396,"STOP_STATUS":"Active","BUS_BENCHES":"NO","BUS_SHELTERS":"NO","LOCATION":"Northbound Scott Rd @ Preddy Dr","ACCESSIBLE":"Yes","OBJECTID_1":2142553,"GLOBALID":"{C8E71884-17D9-4DC8-B1FF-BD97ADD25099}","TRANSIT_ROUTES":"322","PRESCRIBED_FREQUENT_BUS_STOPS":null}},{"type":"Feature","id":2142554,"geometry":{"type":"Point","coordinates":[-122.867704,49.112064]},"properties":{"FACILITYID":"1001208028","BUS_STOP_NO":55564,"STOP_STATUS":"Active","BUS_BENCHES":"YES","BUS_SHELTERS":"STD AD","LOCATION":"Northbound 128 St @ 60 Ave","ACCESSIBLE":"Yes","OBJECTID_1":2142554,"GLOBALID":"{52D1E109-E6AB-4DCE-8A77-E7D945B9046B}","TRANSIT_ROUTES":"322","PRESCRIBED_FREQUENT_BUS_STOPS":null}},{"type":"Feature","id":2142555,"geometry":{"type":"Point","coordinates":[-122.867704,49.116187]},"properties":{"FACILITYID":"1001207824","BUS_STOP_NO":55565,"STOP_STATUS":"Active","BUS_BENCHES":"YES","BUS_SHELTERS":"NO","LOCATION":"Northbound 128 St @ 62 Ave","ACCESSIBLE":"Yes","OBJECTID_1":2142555,"GLOBALID":"{65803AB5-63FA-467F-8C64-DB8632568AF9}","TRANSIT_ROUTES":"322","PRESCRIBED_FREQUENT_BUS_STOPS":null}},{"type":"Feature","id":2142556,"geometry":{"type":"Point","coordinates":[-122.85705,49.119089]},"properties":{"FACILITYID":"1001208588","BUS_STOP_NO":55566,"STOP_STATUS":"Active","BUS_BENCHES":"YES","BUS_SHELTERS":"NO","LOCATION":"Westbound 64 Ave @ 132 St","ACCESSIBLE":"Yes","OBJECTID_1":2142556,"GLOBALID":"{42D503BB-7A94-4800-8BDC-E185CEDC82DE}","TRANSIT_ROUTES":"364, 393","PRESCRIBED_FREQUENT_BUS_STOPS":null}},{"type":"Feature","id":2142557,"geometry":{"type":"Point","coordinates":[-122.862679,49.119151]},"properties":{"FACILITYID":"1001207761","BUS_STOP_NO":55567,"STOP_STATUS":"Active","BUS_BENCHES":"YES","BUS_SHELTERS":"NO","LOCATION":"Westbound 64 Ave @ 130 St","ACCESSIBLE":"Yes","OBJECTID_1":2142557,"GLOBALID":"{0E0A1CA4-D38D-4680-9D09-BA663229556F}","TRANSIT_ROUTES":"364, 393","PRESCRIBED_FREQUENT_BUS_STOPS":null}},{"type":"Feature","id":2142558,"geometry":{"type":"Point","coordinates":[-122.867702,49.119475]},"properties":{"FACILITYID":"1002311152","BUS_STOP_NO":55568,"STOP_STATUS":"Active","BUS_BENCHES":"YES","BUS_SHELTERS":"YES","LOCATION":"Northbound 128 St @ 64 Ave","ACCESSIBLE":"Yes","OBJECTID_1":2142558,"GLOBALID":null,"TRANSIT_ROUTES":"322, 393","PRESCRIBED_FREQUENT_BUS_STOPS":null}},{"type":"Feature","id":2142559,"geometry":{"type":"Point","coordinates":[-122.867677,49.123152]},"properties":{"FACILITYID":"1002311379","BUS_STOP_NO":55569,"STOP_STATUS":"Active","BUS_BENCHES":"YES","BUS_SHELTERS":"NO","LOCATION":"Northbound 128 St @ 66 Ave","ACCESSIBLE":"Yes","OBJECTID_1":2142559,"GLOBALID":null,"TRANSIT_ROUTES":"322, 393","PRESCRIBED_FREQUENT_BUS_STOPS":null}},{"type":"Feature","id":2142560,"geometry":{"type":"Point","coordinates":[-122.867653,49.126877]},"properties":{"FACILITYID":"1001207994","BUS_STOP_NO":55570,"STOP_STATUS":"Active","BUS_BENCHES":"YES","BUS_SHELTERS":"YES","LOCATION":"Northbound 128 St @ 68 Ave","ACCESSIBLE":"Yes","OBJECTID_1":2142560,"GLOBALID":"{5E2319B9-2624-4178-99D3-0430FE4F2C65}","TRANSIT_ROUTES":"322, 393","PRESCRIBED_FREQUENT_BUS_STOPS":null}},{"type":"Feature","id":2142561,"geometry":{"type":"Point","coordinates":[-122.867682,49.129721]},"properties":{"FACILITYID":"1001208356","BUS_STOP_NO":55571,"STOP_STATUS":"Active","BUS_BENCHES":"YES","BUS_SHELTERS":"NO","LOCATION":"Northbound 128 St @ 69A Ave","ACCESSIBLE":"Yes","OBJECTID_1":2142561,"GLOBALID":"{BD20FC71-6446-4589-B060-5264F1FFDA60}","TRANSIT_ROUTES":"322, 393","PRESCRIBED_FREQUENT_BUS_STOPS":null}},{"type":"Feature","id":2142562,"geometry":{"type":"Point","coordinates":[-122.867696,49.132255]},"properties":{"FACILITYID":"1001207660","BUS_STOP_NO":55572,"STOP_STATUS":"Active","BUS_BENCHES":"YES","BUS_SHELTERS":"NO","LOCATION":"Northbound 128 St @ 7100 Block","ACCESSIBLE":"Yes","OBJECTID_1":2142562,"GLOBALID":"{CED05E1F-A945-4AA0-B515-60CEA493E13A}","TRANSIT_ROUTES":"322, 393","PRESCRIBED_FREQUENT_BUS_STOPS":null}},{"type":"Feature","id":2142563,"geometry":{"type":"Point","coordinates":[-122.867711,49.134311]},"properties":{"FACILITYID":"1001207577","BUS_STOP_NO":55573,"STOP_STATUS":"Active","BUS_BENCHES":"YES","BUS_SHELTERS":"NO","LOCATION":"Northbound 128 St @ 72 Ave","ACCESSIBLE":"Yes","OBJECTID_1":2142563,"GLOBALID":"{D9181510-4389-46F0-B66C-A62F42B9AB17}","TRANSIT_ROUTES":"393","PRESCRIBED_FREQUENT_BUS_STOPS":null}},{"type":"Feature","id":2142564,"geometry":{"type":"Point","coordinates":[-122.868518,49.13399]},"properties":{"FACILITYID":"1001208004","BUS_STOP_NO":55574,"STOP_STATUS":"Active","BUS_BENCHES":"YES","BUS_SHELTERS":"LRG","LOCATION":"Westbound 72 Ave @ 128 St","ACCESSIBLE":"Yes","OBJECTID_1":2142564,"GLOBALID":"{12FE28EF-1697-45B4-97AE-B30761CA3B57}","TRANSIT_ROUTES":"301, 319, 322","PRESCRIBED_FREQUENT_BUS_STOPS":"Yes"}},{"type":"Feature","id":2142565,"geometry":{"type":"Point","coordinates":[-122.873867,49.134014]},"properties":{"FACILITYID":"1001208420","BUS_STOP_NO":55575,"STOP_STATUS":"Active","BUS_BENCHES":"YES","BUS_SHELTERS":"LRG","LOCATION":"Westbound 72 Ave @ 126 St","ACCESSIBLE":"Yes","OBJECTID_1":2142565,"GLOBALID":"{44871BAF-FB7E-4065-A68B-5F7CF4F5AD7D}","TRANSIT_ROUTES":"301, 319, 322","PRESCRIBED_FREQUENT_BUS_STOPS":"Yes"}},{"type":"Feature","id":2142566,"geometry":{"type":"Point","coordinates":[-122.879754,49.134034]},"properties":{"FACILITYID":"1001207849","BUS_STOP_NO":55576,"STOP_STATUS":"Active","BUS_BENCHES":"YES","BUS_SHELTERS":"LRG","LOCATION":"Westbound 72 Ave @ 124 St","ACCESSIBLE":"Yes","OBJECTID_1":2142566,"GLOBALID":"{2460932E-25BD-4C36-A756-522230DA4080}","TRANSIT_ROUTES":"301, 319, 322, R6","PRESCRIBED_FREQUENT_BUS_STOPS":"Yes"}},{"type":"Feature","id":2142567,"geometry":{"type":"Point","coordinates":[-122.883912,49.134092]},"properties":{"FACILITYID":"1001208262","BUS_STOP_NO":55577,"STOP_STATUS":"Active","BUS_BENCHES":"YES","BUS_SHELTERS":"YES","LOCATION":"Westbound 72 Ave @ 122A St","ACCESSIBLE":"Yes","OBJECTID_1":2142567,"GLOBALID":"{CE9BF8BD-A84B-43E9-9772-8FB1504C25DE}","TRANSIT_ROUTES":"301, 319, 322","PRESCRIBED_FREQUENT_BUS_STOPS":"Yes"}},{"type":"Feature","id":2142568,"geometry":{"type":"Point","coordinates":[-122.842059,49.133429]},"properties":{"FACILITYID":"1001208364","BUS_STOP_NO":55578,"STOP_STATUS":"Active","BUS_BENCHES":"NO","BUS_SHELTERS":"EXCH","LOCATION":"Newton Exchange @ Bay 6","ACCESSIBLE":"Yes","OBJECTID_1":2142568,"GLOBALID":"{49A75645-C623-4A44-BE1F-C17EDFE8106B}","TRANSIT_ROUTES":"321, 394","PRESCRIBED_FREQUENT_BUS_STOPS":"Yes"}},{"type":"Feature","id":2142569,"geometry":{"type":"Point","coordinates":[-122.838522,49.133993]},"properties":{"FACILITYID":"1001207529","BUS_STOP_NO":55579,"STOP_STATUS":"Active","BUS_BENCHES":"YES","BUS_SHELTERS":"NO","LOCATION":"Northbound 138 St @ 72 Ave","ACCESSIBLE":"Yes","OBJECTID_1":2142569,"GLOBALID":"{390330A2-E65A-40E8-82DA-5500CC956F51}","TRANSIT_ROUTES":"323","PRESCRIBED_FREQUENT_BUS_STOPS":"Yes"}},{"type":"Feature","id":2142570,"geometry":{"type":"Point","coordinates":[-122.838603,49.137534]},"properties":{"FACILITYID":"1001207621","BUS_STOP_NO":55580,"STOP_STATUS":"Active","BUS_BENCHES":"YES","BUS_SHELTERS":"NO","LOCATION":"Northbound 138 St @ 74 Ave","ACCESSIBLE":"Yes","OBJECTID_1":2142570,"GLOBALID":"{7CDC45EB-A6E9-4894-B95C-22CF65CDD7AE}","TRANSIT_ROUTES":"323","PRESCRIBED_FREQUENT_BUS_STOPS":"Yes"}},{"type":"Feature","id":2142571,"geometry":{"type":"Point","coordinates":[-122.840055,49.140218]},"properties":{"FACILITYID":"1001208799","BUS_STOP_NO":55581,"STOP_STATUS":"Active","BUS_BENCHES":"YES","BUS_SHELTERS":"NO","LOCATION":"Northbound 138 St @ 76 Ave","ACCESSIBLE":"Yes","OBJECTID_1":2142571,"GLOBALID":"{FF8C26E0-1ADD-4657-A65C-419BD207D113}","TRANSIT_ROUTES":"323","PRESCRIBED_FREQUENT_BUS_STOPS":"Yes"}},{"type":"Feature","id":2142572,"geometry":{"type":"Point","coordinates":[-122.843774,49.140942]},"properties":{"FACILITYID":"1001208374","BUS_STOP_NO":55582,"STOP_STATUS":"Active","BUS_BENCHES":"YES","BUS_SHELTERS":"NO","LOCATION":"Westbound 76 Ave @ King George Blvd","ACCESSIBLE":"Yes","OBJECTID_1":2142572,"GLOBALID":"{A6552D70-EA7C-4535-A01C-97805F50617E}","TRANSIT_ROUTES":"323","PRESCRIBED_FREQUENT_BUS_STOPS":"Yes"}},{"type":"Feature","id":2142573,"geometry":{"type":"Point","coordinates":[-122.846763,49.140927]},"properties":{"FACILITYID":"1001208656","BUS_STOP_NO":55583,"STOP_STATUS":"Active","BUS_BENCHES":"YES","BUS_SHELTERS":"NO","LOCATION":"Westbound 76 Ave @ King George Blvd","ACCESSIBLE":"Yes","OBJECTID_1":2142573,"GLOBALID":"{199EFA93-74EC-44AC-867C-57674E7A53E3}","TRANSIT_ROUTES":"323","PRESCRIBED_FREQUENT_BUS_STOPS":"Yes"}},{"type":"Feature","id":2142574,"geometry":{"type":"Point","coordinates":[-122.850542,49.140966]},"properties":{"FACILITYID":"1001208047","BUS_STOP_NO":55584,"STOP_STATUS":"Active","BUS_BENCHES":"NO","BUS_SHELTERS":"NO","LOCATION":"Westbound 76 Ave @ 134A St","ACCESSIBLE":"Yes","OBJECTID_1":2142574,"GLOBALID":"{86F85460-661E-4E5E-8D8E-8D5855202030}","TRANSIT_ROUTES":"323","PRESCRIBED_FREQUENT_BUS_STOPS":"Yes"}},{"type":"Feature","id":2142575,"geometry":{"type":"Point","coordinates":[-122.853505,49.140993]},"properties":{"FACILITYID":"1001208108","BUS_STOP_NO":55585,"STOP_STATUS":"Active","BUS_BENCHES":"NO","BUS_SHELTERS":"NO","LOCATION":"Westbound 76 Ave @ 13300 Block","ACCESSIBLE":"Yes","OBJECTID_1":2142575,"GLOBALID":"{58625B77-0681-44E4-BAA0-BF7B7018B322}","TRANSIT_ROUTES":"323","PRESCRIBED_FREQUENT_BUS_STOPS":"Yes"}},{"type":"Feature","id":2142576,"geometry":{"type":"Point","coordinates":[-122.857621,49.141026]},"properties":{"FACILITYID":"1001207938","BUS_STOP_NO":55586,"STOP_STATUS":"Active","BUS_BENCHES":"YES","BUS_SHELTERS":"NO","LOCATION":"Westbound 76 Ave @ 132 St","ACCESSIBLE":"Yes","OBJECTID_1":2142576,"GLOBALID":"{9BC84215-A7B1-4993-853B-18D76A41B1E9}","TRANSIT_ROUTES":"323","PRESCRIBED_FREQUENT_BUS_STOPS":"Yes"}},{"type":"Feature","id":2142577,"geometry":{"type":"Point","coordinates":[-122.860735,49.141027]},"properties":{"FACILITYID":"1001207861","BUS_STOP_NO":55587,"STOP_STATUS":"Active","BUS_BENCHES":"YES","BUS_SHELTERS":"NO","LOCATION":"Westbound 76 Ave @ 13000 Block","ACCESSIBLE":"Yes","OBJECTID_1":2142577,"GLOBALID":"{EE5E86F1-1F59-44A3-AE69-689E8D7CCEA0}","TRANSIT_ROUTES":"323","PRESCRIBED_FREQUENT_BUS_STOPS":"Yes"}},{"type":"Feature","id":2142578,"geometry":{"type":"Point","coordinates":[-122.86407,49.141055]},"properties":{"FACILITYID":"1001208074","BUS_STOP_NO":55588,"STOP_STATUS":"Active","BUS_BENCHES":"YES","BUS_SHELTERS":"NO","LOCATION":"Westbound 76 Ave @ 129A St","ACCESSIBLE":"Yes","OBJECTID_1":2142578,"GLOBALID":"{B68D61F4-FE57-4F72-95DC-A40628C94253}","TRANSIT_ROUTES":"323","PRESCRIBED_FREQUENT_BUS_STOPS":"Yes"}},{"type":"Feature","id":2142579,"geometry":{"type":"Point","coordinates":[-122.867769,49.141354]},"properties":{"FACILITYID":"1001207537","BUS_STOP_NO":55589,"STOP_STATUS":"Active","BUS_BENCHES":"YES","BUS_SHELTERS":"STD AD","LOCATION":"Northbound 128 St @ 76 Ave","ACCESSIBLE":"Yes","OBJECTID_1":2142579,"GLOBALID":"{A32D3617-516E-4D45-AE18-1C7C9276F31D}","TRANSIT_ROUTES":"323, 393","PRESCRIBED_FREQUENT_BUS_STOPS":"Yes"}},{"type":"Feature","id":2142580,"geometry":{"type":"Point","coordinates":[-122.867803,49.145064]},"properties":{"FACILITYID":"1001208084","BUS_STOP_NO":55590,"STOP_STATUS":"Active","BUS_BENCHES":"YES","BUS_SHELTERS":"NO","LOCATION":"Northbound 128 St @ 78 Ave","ACCESSIBLE":"Yes","OBJECTID_1":2142580,"GLOBALID":"{B41BA740-2D93-4397-80E6-7676CB62DBDE}","TRANSIT_ROUTES":"323, 393","PRESCRIBED_FREQUENT_BUS_STOPS":"Yes"}},{"type":"Feature","id":2142581,"geometry":{"type":"Point","coordinates":[-122.867845,49.151073]},"properties":{"FACILITYID":"1001207931","BUS_STOP_NO":55591,"STOP_STATUS":"Active","BUS_BENCHES":"YES","BUS_SHELTERS":"YES","LOCATION":"Northbound 128 St @ 82 Ave","ACCESSIBLE":"Yes","OBJECTID_1":2142581,"GLOBALID":"{E3D5898A-58E0-4F44-989C-47A533CEC367}","TRANSIT_ROUTES":"323, 393","PRESCRIBED_FREQUENT_BUS_STOPS":"Yes"}},{"type":"Feature","id":2142582,"geometry":{"type":"Point","coordinates":[-122.867854,49.152666]},"properties":{"FACILITYID":"1001208045","BUS_STOP_NO":55592,"STOP_STATUS":"Active","BUS_BENCHES":"YES","BUS_SHELTERS":"NO","LOCATION":"Northbound 128 St @ 8200 Block","ACCESSIBLE":"Yes","OBJECTID_1":2142582,"GLOBALID":"{B679E826-9F5D-4CE4-9E28-61C5F98A75C7}","TRANSIT_ROUTES":"323, 393","PRESCRIBED_FREQUENT_BUS_STOPS":"Yes"}},{"type":"Feature","id":2142583,"geometry":{"type":"Point","coordinates":[-122.867855,49.155697]},"properties":{"FACILITYID":"1001207816","BUS_STOP_NO":55593,"STOP_STATUS":"Active","BUS_BENCHES":"YES","BUS_SHELTERS":"STD AD","LOCATION":"Northbound 128 St @ 84 Ave","ACCESSIBLE":"Yes","OBJECTID_1":2142583,"GLOBALID":"{0ECFD0E7-E569-4F57-8941-71B56C4BABB0}","TRANSIT_ROUTES":"323, 393","PRESCRIBED_FREQUENT_BUS_STOPS":"Yes"}},{"type":"Feature","id":2142584,"geometry":{"type":"Point","coordinates":[-122.867886,49.162928]},"properties":{"FACILITYID":"1001208302","BUS_STOP_NO":55596,"STOP_STATUS":"Active","BUS_BENCHES":"YES","BUS_SHELTERS":"STD AD","LOCATION":"Northbound 128 St @ 88 Ave","ACCESSIBLE":"Yes","OBJECTID_1":2142584,"GLOBALID":"{F94815E8-D855-444F-886A-6709962CB808}","TRANSIT_ROUTES":"323, 393","PRESCRIBED_FREQUENT_BUS_STOPS":"Yes"}},{"type":"Feature","id":2142585,"geometry":{"type":"Point","coordinates":[-122.867914,49.166929]},"properties":{"FACILITYID":"1001208717","BUS_STOP_NO":55597,"STOP_STATUS":"Active","BUS_BENCHES":"YES","BUS_SHELTERS":"YES","LOCATION":"Northbound 128 St @ Prince Charles Blvd","ACCESSIBLE":"Yes","OBJECTID_1":2142585,"GLOBALID":"{575C2839-E970-4D5C-9C44-CCE85B0324E6}","TRANSIT_ROUTES":"323, 393","PRESCRIBED_FREQUENT_BUS_STOPS":"Yes"}},{"type":"Feature","id":2142586,"geometry":{"type":"Point","coordinates":[-122.867908,49.170073]},"properties":{"FACILITYID":"1001207830","BUS_STOP_NO":55598,"STOP_STATUS":"Active","BUS_BENCHES":"NO","BUS_SHELTERS":"STD AD","LOCATION":"Northbound 128 St @ 92 Ave","ACCESSIBLE":"Yes","OBJECTID_1":2142586,"GLOBALID":"{4F2E3468-0176-472A-9AD0-705CE756DC2A}","TRANSIT_ROUTES":"323, 393","PRESCRIBED_FREQUENT_BUS_STOPS":"Yes"}},{"type":"Feature","id":2142587,"geometry":{"type":"Point","coordinates":[-122.867916,49.171991]},"properties":{"FACILITYID":"1001207845","BUS_STOP_NO":55599,"STOP_STATUS":"Active","BUS_BENCHES":"NO","BUS_SHELTERS":"STD AD","LOCATION":"Northbound 128 St @ 93 Ave","ACCESSIBLE":"Yes","OBJECTID_1":2142587,"GLOBALID":"{4DC6DE33-23E5-4A2B-935E-424B1E1E3D2B}","TRANSIT_ROUTES":"323, 393","PRESCRIBED_FREQUENT_BUS_STOPS":"Yes"}},{"type":"Feature","id":2142588,"geometry":{"type":"Point","coordinates":[-122.867913,49.17483]},"properties":{"FACILITYID":"1001208517","BUS_STOP_NO":55600,"STOP_STATUS":"Active","BUS_BENCHES":"NO","BUS_SHELTERS":"STD AD","LOCATION":"Northbound 128 St @ 9400 Block","ACCESSIBLE":"Yes","OBJECTID_1":2142588,"GLOBALID":"{97FACE7B-D5E0-4E56-BC2E-01C62A591D3B}","TRANSIT_ROUTES":"323, 393","PRESCRIBED_FREQUENT_BUS_STOPS":"Yes"}},{"type":"Feature","id":2142589,"geometry":{"type":"Point","coordinates":[-122.867827,49.177471]},"properties":{"FACILITYID":"1001208762","BUS_STOP_NO":55601,"STOP_STATUS":"Active","BUS_BENCHES":"YES","BUS_SHELTERS":"STD AD","LOCATION":"Northbound 128 St @ 96 Ave","ACCESSIBLE":"Yes","OBJECTID_1":2142589,"GLOBALID":"{C763EFF7-C388-4F14-8307-FB4454C22410}","TRANSIT_ROUTES":"323, 393","PRESCRIBED_FREQUENT_BUS_STOPS":"Yes"}},{"type":"Feature","id":2142590,"geometry":{"type":"Point","coordinates":[-122.867702,49.18017]},"properties":{"FACILITYID":"1001207808","BUS_STOP_NO":55602,"STOP_STATUS":"Active","BUS_BENCHES":"YES","BUS_SHELTERS":"NO","LOCATION":"Northbound 128 St @ 98 Ave","ACCESSIBLE":"Yes","OBJECTID_1":2142590,"GLOBALID":"{06FB3724-10D7-4262-9356-36912F423730}","TRANSIT_ROUTES":"323, 393","PRESCRIBED_FREQUENT_BUS_STOPS":"Yes"}},{"type":"Feature","id":2142591,"geometry":{"type":"Point","coordinates":[-122.867615,49.182622]},"properties":{"FACILITYID":"1001207548","BUS_STOP_NO":55603,"STOP_STATUS":"Active","BUS_BENCHES":"NO","BUS_SHELTERS":"NO","LOCATION":"Northbound 128 St @ 99 Ave","ACCESSIBLE":"Yes","OBJECTID_1":2142591,"GLOBALID":"{54F73A98-650A-4113-B272-0C3DB30FA2DC}","TRANSIT_ROUTES":"323, 393","PRESCRIBED_FREQUENT_BUS_STOPS":"Yes"}},{"type":"Feature","id":2142592,"geometry":{"type":"Point","coordinates":[-122.867536,49.18472]},"properties":{"FACILITYID":"1001207916","BUS_STOP_NO":55604,"STOP_STATUS":"Active","BUS_BENCHES":"YES","BUS_SHELTERS":"NO","LOCATION":"Northbound 128 St @ 100 Ave","ACCESSIBLE":"Yes","OBJECTID_1":2142592,"GLOBALID":"{0CD7F732-B976-466D-B5BB-9F43C521B829}","TRANSIT_ROUTES":"323, 393","PRESCRIBED_FREQUENT_BUS_STOPS":"Yes"}},{"type":"Feature","id":2142593,"geometry":{"type":"Point","coordinates":[-122.867599,49.188409]},"properties":{"FACILITYID":"1001208601","BUS_STOP_NO":55605,"STOP_STATUS":"Active","BUS_BENCHES":"YES","BUS_SHELTERS":"STD AD","LOCATION":"Northbound 128 St @ 102 Ave","ACCESSIBLE":"Yes","OBJECTID_1":2142593,"GLOBALID":"{634E7963-0829-4E49-84F0-C9C03F25B733}","TRANSIT_ROUTES":"323, 393","PRESCRIBED_FREQUENT_BUS_STOPS":"Yes"}},{"type":"Feature","id":2142594,"geometry":{"type":"Point","coordinates":[-122.866588,49.191629]},"properties":{"FACILITYID":"1001208148","BUS_STOP_NO":55606,"STOP_STATUS":"Active","BUS_BENCHES":"YES","BUS_SHELTERS":"NO","LOCATION":"Eastbound 104 Ave @ 128 St","ACCESSIBLE":"Yes","OBJECTID_1":2142594,"GLOBALID":"{3EFE3E0D-1397-453E-AF53-A55BC24D2E6A}","TRANSIT_ROUTES":"323, 373, 393","PRESCRIBED_FREQUENT_BUS_STOPS":"Yes"}},{"type":"Feature","id":2142595,"geometry":{"type":"Point","coordinates":[-122.862642,49.191618]},"properties":{"FACILITYID":"1001208590","BUS_STOP_NO":55607,"STOP_STATUS":"Active","BUS_BENCHES":"NO","BUS_SHELTERS":"NO","LOCATION":"Eastbound 104 Ave @ Old Yale Rd","ACCESSIBLE":"Yes","OBJECTID_1":2142595,"GLOBALID":"{4B9F1911-1D86-4631-9C3E-7FF83AFD2708}","TRANSIT_ROUTES":"323, 373, 393","PRESCRIBED_FREQUENT_BUS_STOPS":"Yes"}},{"type":"Feature","id":2142596,"geometry":{"type":"Point","coordinates":[-122.858307,49.1916]},"properties":{"FACILITYID":"1001207928","BUS_STOP_NO":55608,"STOP_STATUS":"Active","BUS_BENCHES":"NO","BUS_SHELTERS":"NO","LOCATION":"Eastbound 104 Ave @ 13000 Block","ACCESSIBLE":"Yes","OBJECTID_1":2142596,"GLOBALID":"{D726507C-8BE3-4929-AE4A-499817885ED2}","TRANSIT_ROUTES":"323, 373, 393","PRESCRIBED_FREQUENT_BUS_STOPS":"Yes"}},{"type":"Feature","id":2142597,"geometry":{"type":"Point","coordinates":[-122.855768,49.191573]},"properties":{"FACILITYID":"1001208263","BUS_STOP_NO":55609,"STOP_STATUS":"Active","BUS_BENCHES":"YES","BUS_SHELTERS":"STD AD","LOCATION":"Eastbound 104 Ave @ 132 St","ACCESSIBLE":"Yes","OBJECTID_1":2142597,"GLOBALID":"{97BDE3BA-A403-4C28-ACFD-DFC590FABB5E}","TRANSIT_ROUTES":"323, 324, 373, 393","PRESCRIBED_FREQUENT_BUS_STOPS":"Yes"}},{"type":"Feature","id":2142598,"geometry":{"type":"Point","coordinates":[-122.848841,49.191534]},"properties":{"FACILITYID":"1001840928","BUS_STOP_NO":55610,"STOP_STATUS":"Active","BUS_BENCHES":"YES","BUS_SHELTERS":"NON AD","LOCATION":"Eastbound 104 Ave @ University Dr","ACCESSIBLE":"Yes","OBJECTID_1":2142598,"GLOBALID":"{EE7615C0-E5FF-4F4A-8370-87F24B6ADE68}","TRANSIT_ROUTES":"320, 323, 324, 393, N19","PRESCRIBED_FREQUENT_BUS_STOPS":"Yes"}},{"type":"Feature","id":2142599,"geometry":{"type":"Point","coordinates":[-122.850236,49.191043]},"properties":{"FACILITYID":"1001208360","BUS_STOP_NO":55611,"STOP_STATUS":"Active","BUS_BENCHES":"YES","BUS_SHELTERS":"NO","LOCATION":"Southbound University Dr @ 104 Ave","ACCESSIBLE":"Yes","OBJECTID_1":2142599,"GLOBALID":"{E8008BA2-161A-4353-B86F-76E85793DFFB}","TRANSIT_ROUTES":"335, 371, 373","PRESCRIBED_FREQUENT_BUS_STOPS":null}},{"type":"Feature","id":2142600,"geometry":{"type":"Point","coordinates":[-122.849361,49.18885]},"properties":{"FACILITYID":"1001208435","BUS_STOP_NO":55612,"STOP_STATUS":"Active","BUS_BENCHES":"NO","BUS_SHELTERS":"EXCH","LOCATION":"Surrey Central Station @ Bay 4","ACCESSIBLE":"Yes","OBJECTID_1":2142600,"GLOBALID":"{ECD9F94C-F27E-48D2-87C1-A243E603FE4B}","TRANSIT_ROUTES":"323, 393","PRESCRIBED_FREQUENT_BUS_STOPS":null}},{"type":"Feature","id":2142601,"geometry":{"type":"Point","coordinates":[-122.851717,49.191741]},"properties":{"FACILITYID":"1001208066","BUS_STOP_NO":55613,"STOP_STATUS":"Active","BUS_BENCHES":"YES","BUS_SHELTERS":"YES","LOCATION":"Westbound 104 Ave @ University Dr","ACCESSIBLE":"Yes","OBJECTID_1":2142601,"GLOBALID":"{40CA9DF7-5433-4783-ACB6-4B0F45A9779C}","TRANSIT_ROUTES":"323, 324, 373, 393","PRESCRIBED_FREQUENT_BUS_STOPS":"Yes"}},{"type":"Feature","id":2142602,"geometry":{"type":"Point","coordinates":[-122.854546,49.191751]},"properties":{"FACILITYID":"1001207810","BUS_STOP_NO":55614,"STOP_STATUS":"Active","BUS_BENCHES":"NO","BUS_SHELTERS":"NO","LOCATION":"Westbound 104 Ave @ 133 St","ACCESSIBLE":"Yes","OBJECTID_1":2142602,"GLOBALID":"{12F114C7-3922-4D2D-A2C1-236669247035}","TRANSIT_ROUTES":"323, 373, 393","PRESCRIBED_FREQUENT_BUS_STOPS":"Yes"}},{"type":"Feature","id":2142603,"geometry":{"type":"Point","coordinates":[-122.857157,49.191764]},"properties":{"FACILITYID":"1001207920","BUS_STOP_NO":55615,"STOP_STATUS":"Active","BUS_BENCHES":"YES","BUS_SHELTERS":"YES","LOCATION":"Westbound 104 Ave @ 132 St","ACCESSIBLE":"Yes","OBJECTID_1":2142603,"GLOBALID":"{98D6CA6E-C774-4B9E-964B-4DAEC3CD1FAC}","TRANSIT_ROUTES":"323, 373, 393","PRESCRIBED_FREQUENT_BUS_STOPS":"Yes"}},{"type":"Feature","id":2142604,"geometry":{"type":"Point","coordinates":[-122.86142,49.191747]},"properties":{"FACILITYID":"1001208817","BUS_STOP_NO":55616,"STOP_STATUS":"Active","BUS_BENCHES":"NO","BUS_SHELTERS":"NO","LOCATION":"Westbound 104 Ave @ 13000 Block","ACCESSIBLE":"Yes","OBJECTID_1":2142604,"GLOBALID":"{4066E7CF-ACB9-4940-88C7-5FD30B60AB7F}","TRANSIT_ROUTES":"323, 373, 393","PRESCRIBED_FREQUENT_BUS_STOPS":"Yes"}},{"type":"Feature","id":2142605,"geometry":{"type":"Point","coordinates":[-122.864097,49.191757]},"properties":{"FACILITYID":"1001207619","BUS_STOP_NO":55617,"STOP_STATUS":"Active","BUS_BENCHES":"NO","BUS_SHELTERS":"NO","LOCATION":"Westbound 104 Ave @ Old Yale Rd","ACCESSIBLE":"Yes","OBJECTID_1":2142605,"GLOBALID":"{1170852A-0BB1-49B5-B69B-414AEF1488DD}","TRANSIT_ROUTES":"323, 373, 393","PRESCRIBED_FREQUENT_BUS_STOPS":"Yes"}},{"type":"Feature","id":2142606,"geometry":{"type":"Point","coordinates":[-122.867873,49.191219]},"properties":{"FACILITYID":"1001208472","BUS_STOP_NO":55618,"STOP_STATUS":"Active","BUS_BENCHES":"NO","BUS_SHELTERS":"NO","LOCATION":"Southbound 128 St @ 104 Ave","ACCESSIBLE":"No","OBJECTID_1":2142606,"GLOBALID":"{AF9C4FA4-7E17-4E88-9B68-3698ECA1E578}","TRANSIT_ROUTES":"323, 393","PRESCRIBED_FREQUENT_BUS_STOPS":"Yes"}},{"type":"Feature","id":2142607,"geometry":{"type":"Point","coordinates":[-122.867792,49.187744]},"properties":{"FACILITYID":"1001207855","BUS_STOP_NO":55619,"STOP_STATUS":"Active","BUS_BENCHES":"YES","BUS_SHELTERS":"NO","LOCATION":"Southbound 128 St @ 102 Ave","ACCESSIBLE":"Yes","OBJECTID_1":2142607,"GLOBALID":"{804AD264-E431-496F-A6E7-95EE6D7DF667}","TRANSIT_ROUTES":"323, 393","PRESCRIBED_FREQUENT_BUS_STOPS":"Yes"}},{"type":"Feature","id":2142608,"geometry":{"type":"Point","coordinates":[-122.867789,49.184155]},"properties":{"FACILITYID":"1001207623","BUS_STOP_NO":55620,"STOP_STATUS":"Active","BUS_BENCHES":"YES","BUS_SHELTERS":"NO","LOCATION":"Southbound 128 St @ 100 Ave","ACCESSIBLE":"Yes","OBJECTID_1":2142608,"GLOBALID":"{CB8FBFD4-B098-4504-B24E-8A87568234D3}","TRANSIT_ROUTES":"323, 393","PRESCRIBED_FREQUENT_BUS_STOPS":"Yes"}},{"type":"Feature","id":2142609,"geometry":{"type":"Point","coordinates":[-122.867845,49.181905]},"properties":{"FACILITYID":"1001208549","BUS_STOP_NO":55621,"STOP_STATUS":"Active","BUS_BENCHES":"NO","BUS_SHELTERS":"YES","LOCATION":"Southbound 128 St @ 99 Ave","ACCESSIBLE":"Yes","OBJECTID_1":2142609,"GLOBALID":"{B98C25F8-CAEC-48B8-B7A5-A62BD9452AB7}","TRANSIT_ROUTES":"323, 393","PRESCRIBED_FREQUENT_BUS_STOPS":"Yes"}},{"type":"Feature","id":2142610,"geometry":{"type":"Point","coordinates":[-122.867941,49.179577]},"properties":{"FACILITYID":"1001208312","BUS_STOP_NO":55622,"STOP_STATUS":"Active","BUS_BENCHES":"YES","BUS_SHELTERS":"YES","LOCATION":"Southbound 128 St @ 97A Ave","ACCESSIBLE":"Yes","OBJECTID_1":2142610,"GLOBALID":"{FAC02B8F-8181-47C5-BF2B-AF980F4A8B78}","TRANSIT_ROUTES":"323, 393","PRESCRIBED_FREQUENT_BUS_STOPS":"Yes"}},{"type":"Feature","id":2142611,"geometry":{"type":"Point","coordinates":[-122.868135,49.176771]},"properties":{"FACILITYID":"1001208085","BUS_STOP_NO":55623,"STOP_STATUS":"Active","BUS_BENCHES":"YES","BUS_SHELTERS":"YES","LOCATION":"Southbound 128 St @ 96 Ave","ACCESSIBLE":"Yes","OBJECTID_1":2142611,"GLOBALID":"{8D32CC36-69AE-49D3-8104-B7BD7E8105F5}","TRANSIT_ROUTES":"323, 393","PRESCRIBED_FREQUENT_BUS_STOPS":"Yes"}},{"type":"Feature","id":2142612,"geometry":{"type":"Point","coordinates":[-122.86813,49.174322]},"properties":{"FACILITYID":"1001207852","BUS_STOP_NO":55624,"STOP_STATUS":"Active","BUS_BENCHES":"NO","BUS_SHELTERS":"NO","LOCATION":"Southbound 128 St @ 9400 Block","ACCESSIBLE":"Yes","OBJECTID_1":2142612,"GLOBALID":"{C3A49915-0A92-4D55-B18F-3D343628FBE4}","TRANSIT_ROUTES":"323, 393","PRESCRIBED_FREQUENT_BUS_STOPS":"Yes"}},{"type":"Feature","id":2142613,"geometry":{"type":"Point","coordinates":[-122.868144,49.171412]},"properties":{"FACILITYID":"1001207894","BUS_STOP_NO":55625,"STOP_STATUS":"Active","BUS_BENCHES":"YES","BUS_SHELTERS":"NO","LOCATION":"Southbound 128 St @ 93 Ave","ACCESSIBLE":"Yes","OBJECTID_1":2142613,"GLOBALID":"{EF57AD4C-6F81-4A59-9B40-571B4A757DA4}","TRANSIT_ROUTES":"323, 393","PRESCRIBED_FREQUENT_BUS_STOPS":"Yes"}},{"type":"Feature","id":2142614,"geometry":{"type":"Point","coordinates":[-122.868138,49.169459]},"properties":{"FACILITYID":"1001208815","BUS_STOP_NO":55626,"STOP_STATUS":"Active","BUS_BENCHES":"YES","BUS_SHELTERS":"YES","LOCATION":"Southbound 128 St @ 92 Ave","ACCESSIBLE":"Yes","OBJECTID_1":2142614,"GLOBALID":"{C03E33B6-DDA1-4250-83EE-FC99D26ED684}","TRANSIT_ROUTES":"323, 393","PRESCRIBED_FREQUENT_BUS_STOPS":"Yes"}},{"type":"Feature","id":2142615,"geometry":{"type":"Point","coordinates":[-122.868138,49.166344]},"properties":{"FACILITYID":"1001208241","BUS_STOP_NO":55627,"STOP_STATUS":"Active","BUS_BENCHES":"NO","BUS_SHELTERS":"STD AD","LOCATION":"Southbound 128 St @ 90 Ave","ACCESSIBLE":"Yes","OBJECTID_1":2142615,"GLOBALID":"{7C81EA1E-7F7E-44BB-B588-5D5F6C49D40B}","TRANSIT_ROUTES":"323, 393","PRESCRIBED_FREQUENT_BUS_STOPS":"Yes"}},{"type":"Feature","id":2142616,"geometry":{"type":"Point","coordinates":[-122.868166,49.16219]},"properties":{"FACILITYID":"1001207834","BUS_STOP_NO":55628,"STOP_STATUS":"Active","BUS_BENCHES":"YES","BUS_SHELTERS":"YES","LOCATION":"Southbound 128 St @ 88 Ave","ACCESSIBLE":"Yes","OBJECTID_1":2142616,"GLOBALID":"{9BA5E1FC-98B3-4D5F-BABF-F92B1D551BF6}","TRANSIT_ROUTES":"323, 393","PRESCRIBED_FREQUENT_BUS_STOPS":"Yes"}},{"type":"Feature","id":2142617,"geometry":{"type":"Point","coordinates":[-122.868141,49.154958]},"properties":{"FACILITYID":"1001208030","BUS_STOP_NO":55631,"STOP_STATUS":"Active","BUS_BENCHES":"YES","BUS_SHELTERS":"STD AD","LOCATION":"Southbound 128 St @ 84 Ave","ACCESSIBLE":"Yes","OBJECTID_1":2142617,"GLOBALID":"{DF2E362F-E941-4A4F-B21D-28B54379E743}","TRANSIT_ROUTES":"323, 393","PRESCRIBED_FREQUENT_BUS_STOPS":"Yes"}},{"type":"Feature","id":2142618,"geometry":{"type":"Point","coordinates":[-122.86813,49.15229]},"properties":{"FACILITYID":"1001208287","BUS_STOP_NO":55632,"STOP_STATUS":"Active","BUS_BENCHES":"YES","BUS_SHELTERS":"NO","LOCATION":"Southbound 128 St @ 8200 Block","ACCESSIBLE":"Yes","OBJECTID_1":2142618,"GLOBALID":"{88E1E67E-4639-4A22-9833-E28100CACB15}","TRANSIT_ROUTES":"323, 393","PRESCRIBED_FREQUENT_BUS_STOPS":"Yes"}},{"type":"Feature","id":2142619,"geometry":{"type":"Point","coordinates":[-122.868101,49.14761]},"properties":{"FACILITYID":"1001207665","BUS_STOP_NO":55633,"STOP_STATUS":"Active","BUS_BENCHES":"YES","BUS_SHELTERS":"YES","LOCATION":"Southbound 128 St @ 80 Ave","ACCESSIBLE":"Yes","OBJECTID_1":2142619,"GLOBALID":"{B64C6FEE-AB71-4A36-A724-FC9EB971EBD0}","TRANSIT_ROUTES":"323, 393","PRESCRIBED_FREQUENT_BUS_STOPS":"Yes"}},{"type":"Feature","id":2142620,"geometry":{"type":"Point","coordinates":[-122.868072,49.144361]},"properties":{"FACILITYID":"1001208546","BUS_STOP_NO":55634,"STOP_STATUS":"Active","BUS_BENCHES":"YES","BUS_SHELTERS":"NO","LOCATION":"Southbound 128 St @ 78 Ave","ACCESSIBLE":"Yes","OBJECTID_1":2142620,"GLOBALID":"{7BF4D417-2E56-4306-A15F-1D82088F904B}","TRANSIT_ROUTES":"323, 393","PRESCRIBED_FREQUENT_BUS_STOPS":null}},{"type":"Feature","id":2142621,"geometry":{"type":"Point","coordinates":[-122.866852,49.14096]},"properties":{"FACILITYID":"1001208602","BUS_STOP_NO":55635,"STOP_STATUS":"Active","BUS_BENCHES":"YES","BUS_SHELTERS":"NO","LOCATION":"Eastbound 76 Ave @ 128 St","ACCESSIBLE":"Yes","OBJECTID_1":2142621,"GLOBALID":"{D5AD666A-3E61-478F-8DD9-61F950A1B550}","TRANSIT_ROUTES":"323","PRESCRIBED_FREQUENT_BUS_STOPS":null}},{"type":"Feature","id":2142622,"geometry":{"type":"Point","coordinates":[-122.862588,49.14092]},"properties":{"FACILITYID":"1001207831","BUS_STOP_NO":55636,"STOP_STATUS":"Active","BUS_BENCHES":"YES","BUS_SHELTERS":"NO","LOCATION":"Eastbound 76 Ave @ 130 St","ACCESSIBLE":"Yes","OBJECTID_1":2142622,"GLOBALID":"{E5F58D4C-FE1F-4CDF-805D-92432EAAB4E4}","TRANSIT_ROUTES":"323","PRESCRIBED_FREQUENT_BUS_STOPS":null}},{"type":"Feature","id":2142623,"geometry":{"type":"Point","coordinates":[-122.860235,49.140903]},"properties":{"FACILITYID":"1001208336","BUS_STOP_NO":55637,"STOP_STATUS":"Active","BUS_BENCHES":"YES","BUS_SHELTERS":"NO","LOCATION":"Eastbound 76 Ave @ 13000 Block","ACCESSIBLE":"Yes","OBJECTID_1":2142623,"GLOBALID":"{1860259C-4D70-4F06-84AF-203963A03936}","TRANSIT_ROUTES":"323","PRESCRIBED_FREQUENT_BUS_STOPS":null}},{"type":"Feature","id":2142624,"geometry":{"type":"Point","coordinates":[-122.855683,49.140857]},"properties":{"FACILITYID":"1001208535","BUS_STOP_NO":55638,"STOP_STATUS":"Active","BUS_BENCHES":"YES","BUS_SHELTERS":"NO","LOCATION":"Eastbound 76 Ave @ 132 St","ACCESSIBLE":"Yes","OBJECTID_1":2142624,"GLOBALID":"{64C49F2B-FA28-4DC5-8584-5E11582BACFF}","TRANSIT_ROUTES":"323","PRESCRIBED_FREQUENT_BUS_STOPS":null}},{"type":"Feature","id":2142625,"geometry":{"type":"Point","coordinates":[-122.852834,49.140845]},"properties":{"FACILITYID":"1001207570","BUS_STOP_NO":55639,"STOP_STATUS":"Active","BUS_BENCHES":"YES","BUS_SHELTERS":"NO","LOCATION":"Eastbound 76 Ave @ 13300 Block","ACCESSIBLE":"Yes","OBJECTID_1":2142625,"GLOBALID":"{1B014398-117D-4836-97A0-41D3F99F18E8}","TRANSIT_ROUTES":"323","PRESCRIBED_FREQUENT_BUS_STOPS":null}},{"type":"Feature","id":2142626,"geometry":{"type":"Point","coordinates":[-122.856653,49.14306]},"properties":{"FACILITYID":"1001207724","BUS_STOP_NO":55640,"STOP_STATUS":"Active","BUS_BENCHES":"YES","BUS_SHELTERS":"YES","LOCATION":"Northbound 132 St @ 7700 Block","ACCESSIBLE":"Yes","OBJECTID_1":2142626,"GLOBALID":"{C151CF54-CB69-4B38-8D17-5A46321A211F}","TRANSIT_ROUTES":"323, 324","PRESCRIBED_FREQUENT_BUS_STOPS":null}},{"type":"Feature","id":2142627,"geometry":{"type":"Point","coordinates":[-122.849239,49.140812]},"properties":{"FACILITYID":"1001208369","BUS_STOP_NO":55641,"STOP_STATUS":"Active","BUS_BENCHES":"YES","BUS_SHELTERS":"NO","LOCATION":"Eastbound 76 Ave @ 134A St","ACCESSIBLE":"Yes","OBJECTID_1":2142627,"GLOBALID":"{AF644EFF-8AA5-4E35-87DC-3153B9BD6BF2}","TRANSIT_ROUTES":"323","PRESCRIBED_FREQUENT_BUS_STOPS":null}},{"type":"Feature","id":2142628,"geometry":{"type":"Point","coordinates":[-122.843538,49.140749]},"properties":{"FACILITYID":"1001208266","BUS_STOP_NO":55642,"STOP_STATUS":"Active","BUS_BENCHES":"YES","BUS_SHELTERS":"NO","LOCATION":"Eastbound 76 Ave @ King George Blvd","ACCESSIBLE":"Yes","OBJECTID_1":2142628,"GLOBALID":"{60445041-0A97-48AB-83AA-4A99B9F850CB}","TRANSIT_ROUTES":"323","PRESCRIBED_FREQUENT_BUS_STOPS":null}},{"type":"Feature","id":2142629,"geometry":{"type":"Point","coordinates":[-122.840162,49.139248]},"properties":{"FACILITYID":"1001208592","BUS_STOP_NO":55643,"STOP_STATUS":"Active","BUS_BENCHES":"YES","BUS_SHELTERS":"NO","LOCATION":"Southbound 138 St @ 75A Ave","ACCESSIBLE":"Yes","OBJECTID_1":2142629,"GLOBALID":"{31563AFC-B60A-4742-8FA0-FC61F37B70F8}","TRANSIT_ROUTES":"323","PRESCRIBED_FREQUENT_BUS_STOPS":null}},{"type":"Feature","id":2142630,"geometry":{"type":"Point","coordinates":[-122.838789,49.136935]},"properties":{"FACILITYID":"1001207716","BUS_STOP_NO":55644,"STOP_STATUS":"Active","BUS_BENCHES":"YES","BUS_SHELTERS":"NO","LOCATION":"Southbound 138 St @ 74 Ave","ACCESSIBLE":"Yes","OBJECTID_1":2142630,"GLOBALID":"{F0735BD6-E189-492A-8C8C-E9BF88E62791}","TRANSIT_ROUTES":"323","PRESCRIBED_FREQUENT_BUS_STOPS":null}},{"type":"Feature","id":2142631,"geometry":{"type":"Point","coordinates":[-122.842037,49.133299]},"properties":{"FACILITYID":"1001208842","BUS_STOP_NO":55645,"STOP_STATUS":"Active","BUS_BENCHES":"NO","BUS_SHELTERS":"EXCH","LOCATION":"Newton Exchange @ Bay 2","ACCESSIBLE":"Yes","OBJECTID_1":2142631,"GLOBALID":"{69604801-EA2A-4748-B45B-3239F4578FB8}","TRANSIT_ROUTES":"321, 394","PRESCRIBED_FREQUENT_BUS_STOPS":"Yes"}},{"type":"Feature","id":2142632,"geometry":{"type":"Point","coordinates":[-122.845809,49.133026]},"properties":{"FACILITYID":"1001208821","BUS_STOP_NO":55646,"STOP_STATUS":"Active","BUS_BENCHES":"YES","BUS_SHELTERS":"NO","LOCATION":"Southbound King George Blvd @ 72 Ave","ACCESSIBLE":"Yes","OBJECTID_1":2142632,"GLOBALID":"{064A3ED2-C2E0-4879-B111-9E6C34C28349}","TRANSIT_ROUTES":"393","PRESCRIBED_FREQUENT_BUS_STOPS":null}},{"type":"Feature","id":2142633,"geometry":{"type":"Point","coordinates":[-122.845748,49.129332]},"properties":{"FACILITYID":"1001208292","BUS_STOP_NO":55647,"STOP_STATUS":"Active","BUS_BENCHES":"YES","BUS_SHELTERS":"NO","LOCATION":"Southbound King George Blvd @ 6900 Block","ACCESSIBLE":"No","OBJECTID_1":2142633,"GLOBALID":"{34D6AD38-FE26-48A1-B35A-A2C67A4EDBAC}","TRANSIT_ROUTES":"393","PRESCRIBED_FREQUENT_BUS_STOPS":null}},{"type":"Feature","id":2142634,"geometry":{"type":"Point","coordinates":[-122.846714,49.126319]},"properties":{"FACILITYID":"1001208122","BUS_STOP_NO":55648,"STOP_STATUS":"Active","BUS_BENCHES":"YES","BUS_SHELTERS":"NO","LOCATION":"Westbound 68 Ave @ King George Blvd","ACCESSIBLE":"Yes","OBJECTID_1":2142634,"GLOBALID":"{AB694CCC-CDAF-469D-9C2C-DB688574D817}","TRANSIT_ROUTES":"324","PRESCRIBED_FREQUENT_BUS_STOPS":null}},{"type":"Feature","id":2142635,"geometry":{"type":"Point","coordinates":[-122.852446,49.126408]},"properties":{"FACILITYID":"1001208701","BUS_STOP_NO":55650,"STOP_STATUS":"Active","BUS_BENCHES":"NO","BUS_SHELTERS":"NO","LOCATION":"Westbound 68 Ave @ 134 St","ACCESSIBLE":"No","OBJECTID_1":2142635,"GLOBALID":"{85ADBEFC-8481-4483-A18B-5C173B254A9E}","TRANSIT_ROUTES":"324","PRESCRIBED_FREQUENT_BUS_STOPS":null}},{"type":"Feature","id":2142636,"geometry":{"type":"Point","coordinates":[-122.85658,49.134109]},"properties":{"FACILITYID":"1001208141","BUS_STOP_NO":55651,"STOP_STATUS":"Active","BUS_BENCHES":"YES","BUS_SHELTERS":"STD AD","LOCATION":"Northbound 132 St @ 72 Ave","ACCESSIBLE":"Yes","OBJECTID_1":2142636,"GLOBALID":"{A7838685-7584-4CFE-BA45-A008266AB255}","TRANSIT_ROUTES":"324","PRESCRIBED_FREQUENT_BUS_STOPS":null}},{"type":"Feature","id":2142637,"geometry":{"type":"Point","coordinates":[-122.856608,49.137084]},"properties":{"FACILITYID":"1001208723","BUS_STOP_NO":55652,"STOP_STATUS":"Active","BUS_BENCHES":"YES","BUS_SHELTERS":"NO","LOCATION":"Northbound 132 St @ Comber Way","ACCESSIBLE":"Yes","OBJECTID_1":2142637,"GLOBALID":"{4A372339-7282-4C0E-8FF0-DFAEC9348C36}","TRANSIT_ROUTES":"324","PRESCRIBED_FREQUENT_BUS_STOPS":null}},{"type":"Feature","id":2142638,"geometry":{"type":"Point","coordinates":[-122.856644,49.141376]},"properties":{"FACILITYID":"1001208134","BUS_STOP_NO":55653,"STOP_STATUS":"Active","BUS_BENCHES":"YES","BUS_SHELTERS":"NO","LOCATION":"Northbound 132 St @ 76 Ave","ACCESSIBLE":"Yes","OBJECTID_1":2142638,"GLOBALID":"{B05FD3E5-FE9E-4DD5-801C-A6FAE8090CE2}","TRANSIT_ROUTES":"323, 324","PRESCRIBED_FREQUENT_BUS_STOPS":null}},{"type":"Feature","id":2142639,"geometry":{"type":"Point","coordinates":[-122.856673,49.14559]},"properties":{"FACILITYID":"1001208275","BUS_STOP_NO":55654,"STOP_STATUS":"Active","BUS_BENCHES":"NO","BUS_SHELTERS":"NO","LOCATION":"Northbound 132 St @ 78A Ave","ACCESSIBLE":"Yes","OBJECTID_1":2142639,"GLOBALID":"{983842F7-919D-4F6B-A00E-57927E6E05EE}","TRANSIT_ROUTES":"324","PRESCRIBED_FREQUENT_BUS_STOPS":null}},{"type":"Feature","id":2142640,"geometry":{"type":"Point","coordinates":[-122.856704,49.148507]},"properties":{"FACILITYID":null,"BUS_STOP_NO":55655,"STOP_STATUS":"Active","BUS_BENCHES":"YES","BUS_SHELTERS":"NO","LOCATION":"Northbound 132 St @ 80 Ave","ACCESSIBLE":"Yes","OBJECTID_1":2142640,"GLOBALID":null,"TRANSIT_ROUTES":"324","PRESCRIBED_FREQUENT_BUS_STOPS":null}},{"type":"Feature","id":2142641,"geometry":{"type":"Point","coordinates":[-122.856702,49.151125]},"properties":{"FACILITYID":"1001208128","BUS_STOP_NO":55656,"STOP_STATUS":"Active","BUS_BENCHES":"YES","BUS_SHELTERS":"NO","LOCATION":"Northbound 132 St @ 81A Ave","ACCESSIBLE":"Yes","OBJECTID_1":2142641,"GLOBALID":"{D24A59B5-DDFA-4F5A-93DE-57DAD15CAA6C}","TRANSIT_ROUTES":"324","PRESCRIBED_FREQUENT_BUS_STOPS":null}},{"type":"Feature","id":2142642,"geometry":{"type":"Point","coordinates":[-122.856727,49.152928]},"properties":{"FACILITYID":"1001208003","BUS_STOP_NO":55657,"STOP_STATUS":"Active","BUS_BENCHES":"YES","BUS_SHELTERS":"NO","LOCATION":"Northbound 132 St @ 82A Ave","ACCESSIBLE":"Yes","OBJECTID_1":2142642,"GLOBALID":"{80602DB1-A029-4839-B4F5-035524DAC9E5}","TRANSIT_ROUTES":"324","PRESCRIBED_FREQUENT_BUS_STOPS":null}},{"type":"Feature","id":2142643,"geometry":{"type":"Point","coordinates":[-122.856726,49.155731]},"properties":{"FACILITYID":"1001207900","BUS_STOP_NO":55658,"STOP_STATUS":"Active","BUS_BENCHES":"YES","BUS_SHELTERS":"NO","LOCATION":"Northbound 132 St @ 84 Ave","ACCESSIBLE":"No","OBJECTID_1":2142643,"GLOBALID":"{964F0E03-8DB0-4802-8AF4-D94F5DDECBAF}","TRANSIT_ROUTES":"324","PRESCRIBED_FREQUENT_BUS_STOPS":null}},{"type":"Feature","id":2142644,"geometry":{"type":"Point","coordinates":[-122.856787,49.160706]},"properties":{"FACILITYID":"1001207953","BUS_STOP_NO":55659,"STOP_STATUS":"Active","BUS_BENCHES":"YES","BUS_SHELTERS":"NO","LOCATION":"Northbound 132 St @ Shakespeare Place","ACCESSIBLE":"Yes","OBJECTID_1":2142644,"GLOBALID":"{25B1C54A-F092-405D-A8CA-70C83236125C}","TRANSIT_ROUTES":"324","PRESCRIBED_FREQUENT_BUS_STOPS":null}},{"type":"Feature","id":2142645,"geometry":{"type":"Point","coordinates":[-122.856776,49.163009]},"properties":{"FACILITYID":"1001207989","BUS_STOP_NO":55660,"STOP_STATUS":"Active","BUS_BENCHES":"NO","BUS_SHELTERS":"STD AD","LOCATION":"Northbound 132 St @ 88 Ave","ACCESSIBLE":"Yes","OBJECTID_1":2142645,"GLOBALID":"{5493DDDA-AFE0-4239-931C-F58F15B87F01}","TRANSIT_ROUTES":"324","PRESCRIBED_FREQUENT_BUS_STOPS":null}},{"type":"Feature","id":2142646,"geometry":{"type":"Point","coordinates":[-122.856773,49.166579]},"properties":{"FACILITYID":"1001208317","BUS_STOP_NO":55661,"STOP_STATUS":"Active","BUS_BENCHES":"NO","BUS_SHELTERS":"STD AD","LOCATION":"Northbound 132 St @ 90 Ave","ACCESSIBLE":"Yes","OBJECTID_1":2142646,"GLOBALID":"{492F7DDD-3FA0-42C0-823F-C0C7ACFE65E3}","TRANSIT_ROUTES":"324","PRESCRIBED_FREQUENT_BUS_STOPS":null}},{"type":"Feature","id":2142647,"geometry":{"type":"Point","coordinates":[-122.85676,49.17017]},"properties":{"FACILITYID":"1001207655","BUS_STOP_NO":55662,"STOP_STATUS":"Active","BUS_BENCHES":"NO","BUS_SHELTERS":"STD AD","LOCATION":"Northbound 132 St @ 92 Ave","ACCESSIBLE":"Yes","OBJECTID_1":2142647,"GLOBALID":"{5D84CE47-A37F-40BF-AEC2-2C17E1DD3E55}","TRANSIT_ROUTES":"324","PRESCRIBED_FREQUENT_BUS_STOPS":null}},{"type":"Feature","id":2142648,"geometry":{"type":"Point","coordinates":[-122.856741,49.172883]},"properties":{"FACILITYID":"1001208260","BUS_STOP_NO":55663,"STOP_STATUS":"Active","BUS_BENCHES":"NO","BUS_SHELTERS":"NO","LOCATION":"Northbound 132 St @ Huntley Ave","ACCESSIBLE":"Yes","OBJECTID_1":2142648,"GLOBALID":"{21A4177F-5853-478C-B6FA-CA3115A44B5E}","TRANSIT_ROUTES":"324","PRESCRIBED_FREQUENT_BUS_STOPS":null}},{"type":"Feature","id":2142649,"geometry":{"type":"Point","coordinates":[-122.856698,49.177725]},"properties":{"FACILITYID":"1001207708","BUS_STOP_NO":55664,"STOP_STATUS":"Active","BUS_BENCHES":"NO","BUS_SHELTERS":"STD AD","LOCATION":"Northbound 132 St @ 96 Ave","ACCESSIBLE":"Yes","OBJECTID_1":2142649,"GLOBALID":"{6E572C1E-C47C-49B5-AC4D-70068832D5FD}","TRANSIT_ROUTES":"324","PRESCRIBED_FREQUENT_BUS_STOPS":null}},{"type":"Feature","id":2142650,"geometry":{"type":"Point","coordinates":[-122.856552,49.181077]},"properties":{"FACILITYID":"1001207628","BUS_STOP_NO":55665,"STOP_STATUS":"Active","BUS_BENCHES":"YES","BUS_SHELTERS":"NO","LOCATION":"Northbound 132 St @ 98 Ave","ACCESSIBLE":"Yes","OBJECTID_1":2142650,"GLOBALID":"{0F2045EE-1678-4606-850D-1E4E334B3B22}","TRANSIT_ROUTES":"324","PRESCRIBED_FREQUENT_BUS_STOPS":null}},{"type":"Feature","id":2142651,"geometry":{"type":"Point","coordinates":[-122.856377,49.187939]},"properties":{"FACILITYID":"1001207933","BUS_STOP_NO":55666,"STOP_STATUS":"Active","BUS_BENCHES":"NO","BUS_SHELTERS":"NO","LOCATION":"Northbound 132 St @ Old Yale Rd","ACCESSIBLE":"Yes","OBJECTID_1":2142651,"GLOBALID":"{604F7FEA-5FBD-4D53-927B-EC031D5E1DA0}","TRANSIT_ROUTES":"324","PRESCRIBED_FREQUENT_BUS_STOPS":null}},{"type":"Feature","id":2142652,"geometry":{"type":"Point","coordinates":[-122.85655,49.190929]},"properties":{"FACILITYID":"1001208127","BUS_STOP_NO":55667,"STOP_STATUS":"Active","BUS_BENCHES":"NO","BUS_SHELTERS":"NO","LOCATION":"Southbound 132 St @ 103A Ave","ACCESSIBLE":"Yes","OBJECTID_1":2142652,"GLOBALID":"{BB4C3FBD-BDB1-4DA2-B2D7-49316E2FBD0B}","TRANSIT_ROUTES":"324","PRESCRIBED_FREQUENT_BUS_STOPS":null}},{"type":"Feature","id":2142653,"geometry":{"type":"Point","coordinates":[-122.856633,49.18409]},"properties":{"FACILITYID":"1001207643","BUS_STOP_NO":55668,"STOP_STATUS":"Active","BUS_BENCHES":"YES","BUS_SHELTERS":"NO","LOCATION":"Southbound 132 St @ 100 Ave","ACCESSIBLE":"Yes","OBJECTID_1":2142653,"GLOBALID":"{D27E1F2E-5341-4518-8CD0-F6DD9B4651D1}","TRANSIT_ROUTES":"324","PRESCRIBED_FREQUENT_BUS_STOPS":null}},{"type":"Feature","id":2142654,"geometry":{"type":"Point","coordinates":[-122.856803,49.180401]},"properties":{"FACILITYID":"1001207692","BUS_STOP_NO":55669,"STOP_STATUS":"Active","BUS_BENCHES":"NO","BUS_SHELTERS":"NO","LOCATION":"Southbound 132 St @ 98 Ave","ACCESSIBLE":"No","OBJECTID_1":2142654,"GLOBALID":"{2BD988C7-C565-4642-8B03-107430BC0F5E}","TRANSIT_ROUTES":"324","PRESCRIBED_FREQUENT_BUS_STOPS":null}},{"type":"Feature","id":2142655,"geometry":{"type":"Point","coordinates":[-122.856956,49.17678]},"properties":{"FACILITYID":"1001207603","BUS_STOP_NO":55670,"STOP_STATUS":"Active","BUS_BENCHES":"NO","BUS_SHELTERS":"STD AD","LOCATION":"Southbound 132 St @ 96 Ave","ACCESSIBLE":"Yes","OBJECTID_1":2142655,"GLOBALID":"{B51379AB-6FB6-446A-98F9-B23073038CEE}","TRANSIT_ROUTES":"324","PRESCRIBED_FREQUENT_BUS_STOPS":null}},{"type":"Feature","id":2142656,"geometry":{"type":"Point","coordinates":[-122.856971,49.172048]},"properties":{"FACILITYID":"1001208151","BUS_STOP_NO":55671,"STOP_STATUS":"Active","BUS_BENCHES":"YES","BUS_SHELTERS":"NO","LOCATION":"Southbound 132 St @ Huntley Ave","ACCESSIBLE":"Yes","OBJECTID_1":2142656,"GLOBALID":"{5C730F4C-8B57-4CBE-B578-04CBFF844DD2}","TRANSIT_ROUTES":"324","PRESCRIBED_FREQUENT_BUS_STOPS":null}},{"type":"Feature","id":2142657,"geometry":{"type":"Point","coordinates":[-122.856982,49.169481]},"properties":{"FACILITYID":"1001208421","BUS_STOP_NO":55672,"STOP_STATUS":"Active","BUS_BENCHES":"YES","BUS_SHELTERS":"NO","LOCATION":"Southbound 132 St @ 92 Ave","ACCESSIBLE":"Yes","OBJECTID_1":2142657,"GLOBALID":"{E510207E-7469-4A28-B9EC-C5172F307FD9}","TRANSIT_ROUTES":"324","PRESCRIBED_FREQUENT_BUS_STOPS":null}},{"type":"Feature","id":2142658,"geometry":{"type":"Point","coordinates":[-122.857005,49.165971]},"properties":{"FACILITYID":"1001207917","BUS_STOP_NO":55673,"STOP_STATUS":"Active","BUS_BENCHES":"YES","BUS_SHELTERS":"NO","LOCATION":"Southbound 132 St @ Queen Mary Blvd","ACCESSIBLE":"Yes","OBJECTID_1":2142658,"GLOBALID":"{35EF16EF-31AE-4C34-A026-AEB4BE3839C0}","TRANSIT_ROUTES":"324","PRESCRIBED_FREQUENT_BUS_STOPS":null}},{"type":"Feature","id":2142659,"geometry":{"type":"Point","coordinates":[-122.857054,49.161948]},"properties":{"FACILITYID":"1001208320","BUS_STOP_NO":55674,"STOP_STATUS":"Active","BUS_BENCHES":"YES","BUS_SHELTERS":"STD AD","LOCATION":"Southbound 132 St @ 88 Ave","ACCESSIBLE":"Yes","OBJECTID_1":2142659,"GLOBALID":"{870FB558-C573-4490-9CE6-D94EFB71A529}","TRANSIT_ROUTES":"324","PRESCRIBED_FREQUENT_BUS_STOPS":null}},{"type":"Feature","id":2142660,"geometry":{"type":"Point","coordinates":[-122.857012,49.160025]},"properties":{"FACILITYID":"1001208190","BUS_STOP_NO":55675,"STOP_STATUS":"Active","BUS_BENCHES":"YES","BUS_SHELTERS":"NO","LOCATION":"Southbound 132 St @ 86 Ave","ACCESSIBLE":"Yes","OBJECTID_1":2142660,"GLOBALID":"{CF571A8B-96F4-416E-A814-866E4C4D51E8}","TRANSIT_ROUTES":"324","PRESCRIBED_FREQUENT_BUS_STOPS":null}},{"type":"Feature","id":2142661,"geometry":{"type":"Point","coordinates":[-122.856984,49.15515]},"properties":{"FACILITYID":"1001208561","BUS_STOP_NO":55676,"STOP_STATUS":"Active","BUS_BENCHES":"NO","BUS_SHELTERS":"NO","LOCATION":"Southbound 132 St @ 84 Ave","ACCESSIBLE":"No","OBJECTID_1":2142661,"GLOBALID":"{0BC37818-4B20-4840-BDD8-F1FA2BF5DE63}","TRANSIT_ROUTES":"324","PRESCRIBED_FREQUENT_BUS_STOPS":null}},{"type":"Feature","id":2142662,"geometry":{"type":"Point","coordinates":[-122.856941,49.152151]},"properties":{"FACILITYID":"1001208543","BUS_STOP_NO":55677,"STOP_STATUS":"Active","BUS_BENCHES":"YES","BUS_SHELTERS":"NO","LOCATION":"Southbound 132 St @ 82A Ave","ACCESSIBLE":"Yes","OBJECTID_1":2142662,"GLOBALID":"{47859261-E613-409E-A3AC-B31B22383B55}","TRANSIT_ROUTES":"324","PRESCRIBED_FREQUENT_BUS_STOPS":null}},{"type":"Feature","id":2142663,"geometry":{"type":"Point","coordinates":[-122.856931,49.149732]},"properties":{"FACILITYID":"1001208707","BUS_STOP_NO":55678,"STOP_STATUS":"Active","BUS_BENCHES":"NO","BUS_SHELTERS":"STD AD","LOCATION":"Southbound 132 St @ 81 Ave","ACCESSIBLE":"Yes","OBJECTID_1":2142663,"GLOBALID":"{84D40AAB-EFF9-49C8-A17B-392A73AC66CE}","TRANSIT_ROUTES":"324","PRESCRIBED_FREQUENT_BUS_STOPS":null}},{"type":"Feature","id":2142664,"geometry":{"type":"Point","coordinates":[-122.856927,49.147833]},"properties":{"FACILITYID":"1001208427","BUS_STOP_NO":55679,"STOP_STATUS":"Active","BUS_BENCHES":"YES","BUS_SHELTERS":"NO","LOCATION":"Southbound 132 St @ 80 Ave","ACCESSIBLE":"No","OBJECTID_1":2142664,"GLOBALID":"{8E7D874C-D7A3-4512-8217-EDACBEDCE2B2}","TRANSIT_ROUTES":"324","PRESCRIBED_FREQUENT_BUS_STOPS":null}},{"type":"Feature","id":2142665,"geometry":{"type":"Point","coordinates":[-122.85691,49.145231]},"properties":{"FACILITYID":"1001207777","BUS_STOP_NO":55680,"STOP_STATUS":"Active","BUS_BENCHES":"NO","BUS_SHELTERS":"NO","LOCATION":"Southbound 132 St @ 78A Ave","ACCESSIBLE":"No","OBJECTID_1":2142665,"GLOBALID":"{113B4442-C492-4F45-949C-AE002E373D6C}","TRANSIT_ROUTES":"324","PRESCRIBED_FREQUENT_BUS_STOPS":null}},{"type":"Feature","id":2142666,"geometry":{"type":"Point","coordinates":[-122.856898,49.143181]},"properties":{"FACILITYID":"1001208773","BUS_STOP_NO":55681,"STOP_STATUS":"Active","BUS_BENCHES":"YES","BUS_SHELTERS":"NO","LOCATION":"Southbound 132 St @ 7700 Block","ACCESSIBLE":"Yes","OBJECTID_1":2142666,"GLOBALID":"{D4D339A3-D197-4D70-BB6F-00CCA0BE6A67}","TRANSIT_ROUTES":"324","PRESCRIBED_FREQUENT_BUS_STOPS":null}},{"type":"Feature","id":2142667,"geometry":{"type":"Point","coordinates":[-122.856882,49.140441]},"properties":{"FACILITYID":"1001207571","BUS_STOP_NO":55682,"STOP_STATUS":"Active","BUS_BENCHES":"YES","BUS_SHELTERS":"NO","LOCATION":"Southbound 132 St @ 76 Ave","ACCESSIBLE":"Yes","OBJECTID_1":2142667,"GLOBALID":"{6D12924A-BEF3-46ED-896F-0B7148700BA7}","TRANSIT_ROUTES":"324","PRESCRIBED_FREQUENT_BUS_STOPS":null}},{"type":"Feature","id":2142668,"geometry":{"type":"Point","coordinates":[-122.85685,49.137086]},"properties":{"FACILITYID":"1001208764","BUS_STOP_NO":55683,"STOP_STATUS":"Active","BUS_BENCHES":"YES","BUS_SHELTERS":"NO","LOCATION":"Southbound 132 St @ 73A Ave","ACCESSIBLE":"Yes","OBJECTID_1":2142668,"GLOBALID":"{1FE34C02-45D8-4DC6-B3D8-AC6AEEFE58E5}","TRANSIT_ROUTES":"324","PRESCRIBED_FREQUENT_BUS_STOPS":null}},{"type":"Feature","id":2142669,"geometry":{"type":"Point","coordinates":[-122.855592,49.126318]},"properties":{"FACILITYID":"1001208054","BUS_STOP_NO":55684,"STOP_STATUS":"Active","BUS_BENCHES":"NO","BUS_SHELTERS":"NO","LOCATION":"Eastbound 68 Ave @ 132 St","ACCESSIBLE":"Yes","OBJECTID_1":2142669,"GLOBALID":"{3984FFC5-3A59-4E76-9A0C-DA69DAD04D5A}","TRANSIT_ROUTES":"324","PRESCRIBED_FREQUENT_BUS_STOPS":null}},{"type":"Feature","id":2142670,"geometry":{"type":"Point","coordinates":[-122.850313,49.126244]},"properties":{"FACILITYID":"1001208625","BUS_STOP_NO":55685,"STOP_STATUS":"Active","BUS_BENCHES":"NO","BUS_SHELTERS":"NO","LOCATION":"Eastbound 68 Ave @ 134 St","ACCESSIBLE":"Yes","OBJECTID_1":2142670,"GLOBALID":"{B06D8921-723F-470A-B91F-EF3CC924CD55}","TRANSIT_ROUTES":"324","PRESCRIBED_FREQUENT_BUS_STOPS":null}},{"type":"Feature","id":2142671,"geometry":{"type":"Point","coordinates":[-122.845364,49.126936]},"properties":{"FACILITYID":"1001207523","BUS_STOP_NO":55686,"STOP_STATUS":"Active","BUS_BENCHES":"YES","BUS_SHELTERS":"NO","LOCATION":"Northbound King George Blvd @ 68 Ave","ACCESSIBLE":"Yes","OBJECTID_1":2142671,"GLOBALID":"{33F38ECD-7E03-4C82-86B2-00F66255FBE6}","TRANSIT_ROUTES":"393","PRESCRIBED_FREQUENT_BUS_STOPS":null}},{"type":"Feature","id":2142672,"geometry":{"type":"Point","coordinates":[-122.845387,49.129482]},"properties":{"FACILITYID":"1001207738","BUS_STOP_NO":55687,"STOP_STATUS":"Active","BUS_BENCHES":"NO","BUS_SHELTERS":"NO","LOCATION":"Northbound King George Blvd @ 6900 Block","ACCESSIBLE":"Yes","OBJECTID_1":2142672,"GLOBALID":"{CDF5BCAB-2F4E-4003-B9DA-D8EA5BB8A708}","TRANSIT_ROUTES":"393","PRESCRIBED_FREQUENT_BUS_STOPS":null}},{"type":"Feature","id":2142673,"geometry":{"type":"Point","coordinates":[-122.841794,49.13343]},"properties":{"FACILITYID":"1001208556","BUS_STOP_NO":55688,"STOP_STATUS":"Active","BUS_BENCHES":"NO","BUS_SHELTERS":"EXCH","LOCATION":"Newton Exchange @ Bay 7","ACCESSIBLE":"Yes","OBJECTID_1":2142673,"GLOBALID":"{FCF40B89-4B2F-4D12-A6C2-322A260FAA9E}","TRANSIT_ROUTES":"335, 341","PRESCRIBED_FREQUENT_BUS_STOPS":null}},{"type":"Feature","id":2142674,"geometry":{"type":"Point","coordinates":[-122.838027,49.133508]},"properties":{"FACILITYID":"1001207793","BUS_STOP_NO":55689,"STOP_STATUS":"Active","BUS_BENCHES":"YES","BUS_SHELTERS":"STD AD","LOCATION":"Eastbound 72 Ave @ 138 St","ACCESSIBLE":"Yes","OBJECTID_1":2142674,"GLOBALID":"{D1466A3C-4DB1-4604-88A8-DBE5AA63EC06}","TRANSIT_ROUTES":"325, 335, 341, 342","PRESCRIBED_FREQUENT_BUS_STOPS":null}},{"type":"Feature","id":2142675,"geometry":{"type":"Point","coordinates":[-122.834352,49.134466]},"properties":{"FACILITYID":"1001208182","BUS_STOP_NO":55690,"STOP_STATUS":"Active","BUS_BENCHES":"YES","BUS_SHELTERS":"NO","LOCATION":"Northbound 140 St @ 72 Ave","ACCESSIBLE":"Yes","OBJECTID_1":2142675,"GLOBALID":"{59B7505E-1242-42FF-91EE-6A77A5A51B3C}","TRANSIT_ROUTES":"325","PRESCRIBED_FREQUENT_BUS_STOPS":null}},{"type":"Feature","id":2142676,"geometry":{"type":"Point","coordinates":[-122.834374,49.137512]},"properties":{"FACILITYID":"1001208069","BUS_STOP_NO":55691,"STOP_STATUS":"Active","BUS_BENCHES":"YES","BUS_SHELTERS":"NO","LOCATION":"Northbound 140 St @ 74 Ave","ACCESSIBLE":"Yes","OBJECTID_1":2142676,"GLOBALID":"{05C7410F-D65B-4D92-BBB1-6452AD555A63}","TRANSIT_ROUTES":"325","PRESCRIBED_FREQUENT_BUS_STOPS":null}},{"type":"Feature","id":2142677,"geometry":{"type":"Point","coordinates":[-122.834392,49.139685]},"properties":{"FACILITYID":"1001207718","BUS_STOP_NO":55692,"STOP_STATUS":"Active","BUS_BENCHES":"YES","BUS_SHELTERS":"STD AD","LOCATION":"Northbound 140 St @ 75 Ave","ACCESSIBLE":"Yes","OBJECTID_1":2142677,"GLOBALID":"{CF2CF5A5-F561-4373-A237-1C3A25EA07A8}","TRANSIT_ROUTES":"325","PRESCRIBED_FREQUENT_BUS_STOPS":null}},{"type":"Feature","id":2142678,"geometry":{"type":"Point","coordinates":[-122.834416,49.143377]},"properties":{"FACILITYID":"1001208725","BUS_STOP_NO":55693,"STOP_STATUS":"Active","BUS_BENCHES":"NO","BUS_SHELTERS":"NO","LOCATION":"Northbound 140 St @ 77A Ave","ACCESSIBLE":"Yes","OBJECTID_1":2142678,"GLOBALID":"{A9056CB1-9CA8-4F82-B848-693E9EC1C53B}","TRANSIT_ROUTES":"325","PRESCRIBED_FREQUENT_BUS_STOPS":null}},{"type":"Feature","id":2142679,"geometry":{"type":"Point","coordinates":[-122.834423,49.144987]},"properties":{"FACILITYID":"1001208055","BUS_STOP_NO":55694,"STOP_STATUS":"Active","BUS_BENCHES":"NO","BUS_SHELTERS":"YES","LOCATION":"Northbound 140 St @ 78 Ave","ACCESSIBLE":"Yes","OBJECTID_1":2142679,"GLOBALID":"{83A226CD-459A-4546-87FA-08A5C77AD652}","TRANSIT_ROUTES":"325","PRESCRIBED_FREQUENT_BUS_STOPS":null}},{"type":"Feature","id":2142680,"geometry":{"type":"Point","coordinates":[-122.834454,49.148441]},"properties":{"FACILITYID":"1001207614","BUS_STOP_NO":55695,"STOP_STATUS":"Active","BUS_BENCHES":"YES","BUS_SHELTERS":"STD AD","LOCATION":"Northbound 140 St @ 80 Ave","ACCESSIBLE":"Yes","OBJECTID_1":2142680,"GLOBALID":"{9A7F3B6A-175F-442C-ACD4-F6D0077ACDE0}","TRANSIT_ROUTES":"325","PRESCRIBED_FREQUENT_BUS_STOPS":null}},{"type":"Feature","id":2142681,"geometry":{"type":"Point","coordinates":[-122.834444,49.151302]},"properties":{"FACILITYID":"1001207522","BUS_STOP_NO":55696,"STOP_STATUS":"Active","BUS_BENCHES":"YES","BUS_SHELTERS":"NO","LOCATION":"Northbound 140 St @ Bear Creek Dr","ACCESSIBLE":"Yes","OBJECTID_1":2142681,"GLOBALID":"{529542BE-1245-4F58-A735-F6D70B8C5A29}","TRANSIT_ROUTES":"325","PRESCRIBED_FREQUENT_BUS_STOPS":null}},{"type":"Feature","id":2142682,"geometry":{"type":"Point","coordinates":[-122.834461,49.153059]},"properties":{"FACILITYID":"1001207729","BUS_STOP_NO":55697,"STOP_STATUS":"Active","BUS_BENCHES":"YES","BUS_SHELTERS":"NO","LOCATION":"Northbound 140 St @ 82 Ave","ACCESSIBLE":"Yes","OBJECTID_1":2142682,"GLOBALID":"{642167C5-37CD-468E-8734-6F649E7FD1AF}","TRANSIT_ROUTES":"325","PRESCRIBED_FREQUENT_BUS_STOPS":null}},{"type":"Feature","id":2142683,"geometry":{"type":"Point","coordinates":[-122.834487,49.155881]},"properties":{"FACILITYID":"1001208839","BUS_STOP_NO":55698,"STOP_STATUS":"Active","BUS_BENCHES":"YES","BUS_SHELTERS":"STD AD","LOCATION":"Northbound 140 St @ 84 Ave","ACCESSIBLE":"Yes","OBJECTID_1":2142683,"GLOBALID":"{98089715-C3CA-4B51-AE97-C7EB3439C808}","TRANSIT_ROUTES":"325","PRESCRIBED_FREQUENT_BUS_STOPS":null}},{"type":"Feature","id":2142684,"geometry":{"type":"Point","coordinates":[-122.834513,49.158801]},"properties":{"FACILITYID":"1001208372","BUS_STOP_NO":55699,"STOP_STATUS":"Active","BUS_BENCHES":"YES","BUS_SHELTERS":"LRG","LOCATION":"Northbound 140 St @ 85 Ave","ACCESSIBLE":"Yes","OBJECTID_1":2142684,"GLOBALID":"{8485D05C-A1C1-419E-A295-A0F5C110E30C}","TRANSIT_ROUTES":"325","PRESCRIBED_FREQUENT_BUS_STOPS":null}},{"type":"Feature","id":2142685,"geometry":{"type":"Point","coordinates":[-122.834515,49.160704]},"properties":{"FACILITYID":"1001207881","BUS_STOP_NO":55700,"STOP_STATUS":"Active","BUS_BENCHES":"YES","BUS_SHELTERS":"NO","LOCATION":"Northbound 140 St @ 86A Ave","ACCESSIBLE":"Yes","OBJECTID_1":2142685,"GLOBALID":"{F55C5280-2C6E-4E29-BB8D-CD31D432A598}","TRANSIT_ROUTES":"325","PRESCRIBED_FREQUENT_BUS_STOPS":null}},{"type":"Feature","id":2142686,"geometry":{"type":"Point","coordinates":[-122.834507,49.163216]},"properties":{"FACILITYID":null,"BUS_STOP_NO":55701,"STOP_STATUS":"Active","BUS_BENCHES":"YES","BUS_SHELTERS":"NO","LOCATION":"Northbound 140 St @ 88 Ave","ACCESSIBLE":"Yes","OBJECTID_1":2142686,"GLOBALID":null,"TRANSIT_ROUTES":"325, 326","PRESCRIBED_FREQUENT_BUS_STOPS":null}},{"type":"Feature","id":2142687,"geometry":{"type":"Point","coordinates":[-122.834481,49.1668]},"properties":{"FACILITYID":"1001207913","BUS_STOP_NO":55702,"STOP_STATUS":"Active","BUS_BENCHES":"YES","BUS_SHELTERS":"STD AD","LOCATION":"Northbound 140 St @ 90 Ave","ACCESSIBLE":"Yes","OBJECTID_1":2142687,"GLOBALID":"{0A8E5A41-2FE9-4B56-803A-0C15B8F6D9CF}","TRANSIT_ROUTES":"325, 326","PRESCRIBED_FREQUENT_BUS_STOPS":null}},{"type":"Feature","id":2142688,"geometry":{"type":"Point","coordinates":[-122.834478,49.170408]},"properties":{"FACILITYID":"1001207579","BUS_STOP_NO":55703,"STOP_STATUS":"Active","BUS_BENCHES":"NO","BUS_SHELTERS":"STD AD","LOCATION":"Northbound 140 St @ 92 Ave","ACCESSIBLE":"Yes","OBJECTID_1":2142688,"GLOBALID":"{F9621D14-C161-4E83-BFD0-13DA438B92B6}","TRANSIT_ROUTES":"325, 326","PRESCRIBED_FREQUENT_BUS_STOPS":null}},{"type":"Feature","id":2142689,"geometry":{"type":"Point","coordinates":[-122.834397,49.172817]},"properties":{"FACILITYID":"1001207580","BUS_STOP_NO":55704,"STOP_STATUS":"Active","BUS_BENCHES":"NO","BUS_SHELTERS":"NO","LOCATION":"Northbound 140 St @ 93A Ave","ACCESSIBLE":"Yes","OBJECTID_1":2142689,"GLOBALID":"{B4DADE49-45B6-48BE-8F4B-3FB655EF18AB}","TRANSIT_ROUTES":"325, 326","PRESCRIBED_FREQUENT_BUS_STOPS":null}},{"type":"Feature","id":2142690,"geometry":{"type":"Point","coordinates":[-122.83439,49.174994]},"properties":{"FACILITYID":"1001207850","BUS_STOP_NO":55705,"STOP_STATUS":"Active","BUS_BENCHES":"NO","BUS_SHELTERS":"NO","LOCATION":"Northbound 140 St @ 94A Ave","ACCESSIBLE":"Yes","OBJECTID_1":2142690,"GLOBALID":"{203B88B6-D9C0-4816-A54E-6AA7213CAFF2}","TRANSIT_ROUTES":"325, 326","PRESCRIBED_FREQUENT_BUS_STOPS":null}},{"type":"Feature","id":2142691,"geometry":{"type":"Point","coordinates":[-122.834395,49.177363]},"properties":{"FACILITYID":"1001208599","BUS_STOP_NO":55706,"STOP_STATUS":"Active","BUS_BENCHES":"YES","BUS_SHELTERS":"NO","LOCATION":"Northbound 140 St @ 96 Ave","ACCESSIBLE":"Yes","OBJECTID_1":2142691,"GLOBALID":"{F12042FE-DD06-43A5-A786-D108402A1833}","TRANSIT_ROUTES":"325","PRESCRIBED_FREQUENT_BUS_STOPS":null}},{"type":"Feature","id":2142692,"geometry":{"type":"Point","coordinates":[-122.834227,49.180425]},"properties":{"FACILITYID":"1001207926","BUS_STOP_NO":55707,"STOP_STATUS":"Active","BUS_BENCHES":"YES","BUS_SHELTERS":"STD AD","LOCATION":"Northbound 140 St @ Fraser Hwy","ACCESSIBLE":"Yes","OBJECTID_1":2142692,"GLOBALID":"{95E14EAE-91D3-4516-B8C5-BF2567B90488}","TRANSIT_ROUTES":"325","PRESCRIBED_FREQUENT_BUS_STOPS":null}},{"type":"Feature","id":2142693,"geometry":{"type":"Point","coordinates":[-122.834919,49.187803]},"properties":{"FACILITYID":"1001207762","BUS_STOP_NO":55710,"STOP_STATUS":"Active","BUS_BENCHES":"NO","BUS_SHELTERS":"NO","LOCATION":"Westbound 102 Ave @ 140 St","ACCESSIBLE":"No","OBJECTID_1":2142693,"GLOBALID":"{9D0287D8-AB51-41AC-9DBA-8D8D2D982AFE}","TRANSIT_ROUTES":"325","PRESCRIBED_FREQUENT_BUS_STOPS":null}},{"type":"Feature","id":2142694,"geometry":{"type":"Point","coordinates":[-122.837874,49.187832]},"properties":{"FACILITYID":"1001208137","BUS_STOP_NO":55711,"STOP_STATUS":"Active","BUS_BENCHES":"YES","BUS_SHELTERS":"NO","LOCATION":"Westbound 102 Ave @ 139 St","ACCESSIBLE":"Yes","OBJECTID_1":2142694,"GLOBALID":"{7626CC89-B261-4FDE-8F56-AA2E58CD4017}","TRANSIT_ROUTES":"325","PRESCRIBED_FREQUENT_BUS_STOPS":null}},{"type":"Feature","id":2142695,"geometry":{"type":"Point","coordinates":[-122.841707,49.187868]},"properties":{"FACILITYID":"1001207695","BUS_STOP_NO":55712,"STOP_STATUS":"Active","BUS_BENCHES":"NO","BUS_SHELTERS":"NO","LOCATION":"Westbound 102 Ave @ 137A St","ACCESSIBLE":"No","OBJECTID_1":2142695,"GLOBALID":"{8D4BCD77-2DEB-460D-BE17-769DD3B744E2}","TRANSIT_ROUTES":"325","PRESCRIBED_FREQUENT_BUS_STOPS":null}},{"type":"Feature","id":2142696,"geometry":{"type":"Point","coordinates":[-122.849625,49.188845]},"properties":{"FACILITYID":"1001208721","BUS_STOP_NO":55713,"STOP_STATUS":"Active","BUS_BENCHES":"NO","BUS_SHELTERS":"EXCH","LOCATION":"Surrey Central Station @ Bay 5","ACCESSIBLE":"Yes","OBJECTID_1":2142696,"GLOBALID":"{C97E9AEA-A391-4F21-A16C-304FDADDEC77}","TRANSIT_ROUTES":"320","PRESCRIBED_FREQUENT_BUS_STOPS":null}},{"type":"Feature","id":2142697,"geometry":{"type":"Point","coordinates":[-122.849377,49.188948]},"properties":{"FACILITYID":"1001208210","BUS_STOP_NO":55714,"STOP_STATUS":"Active","BUS_BENCHES":"NO","BUS_SHELTERS":"EXCH","LOCATION":"Surrey Central Station @ Bay 6","ACCESSIBLE":"Yes","OBJECTID_1":2142697,"GLOBALID":"{81BAFBA7-E211-4B8C-8351-394013C7ADC4}","TRANSIT_ROUTES":"335, 371, 373","PRESCRIBED_FREQUENT_BUS_STOPS":null}},{"type":"Feature","id":2142698,"geometry":{"type":"Point","coordinates":[-122.84284,49.187739]},"properties":{"FACILITYID":"1001207992","BUS_STOP_NO":55715,"STOP_STATUS":"Active","BUS_BENCHES":"NO","BUS_SHELTERS":"NO","LOCATION":"Eastbound 102 Ave @ Whalley Blvd","ACCESSIBLE":"Yes","OBJECTID_1":2142698,"GLOBALID":"{C7A7C06C-1DDE-42A8-91B7-D4BF7D1E78B2}","TRANSIT_ROUTES":"325","PRESCRIBED_FREQUENT_BUS_STOPS":null}},{"type":"Feature","id":2142699,"geometry":{"type":"Point","coordinates":[-122.840729,49.187724]},"properties":{"FACILITYID":"1001208126","BUS_STOP_NO":55716,"STOP_STATUS":"Active","BUS_BENCHES":"NO","BUS_SHELTERS":"NO","LOCATION":"Eastbound 102 Ave @ 137A St","ACCESSIBLE":"No","OBJECTID_1":2142699,"GLOBALID":"{0539E97B-7DAD-4977-8B9D-C0BA551ACAC0}","TRANSIT_ROUTES":"325","PRESCRIBED_FREQUENT_BUS_STOPS":null}},{"type":"Feature","id":2142700,"geometry":{"type":"Point","coordinates":[-122.83748,49.187694]},"properties":{"FACILITYID":"1001208107","BUS_STOP_NO":55717,"STOP_STATUS":"Active","BUS_BENCHES":"YES","BUS_SHELTERS":"NO","LOCATION":"Eastbound 102 Ave @ 139 St","ACCESSIBLE":"Yes","OBJECTID_1":2142700,"GLOBALID":"{0D97E172-5B48-4B6F-92A4-B566A1A0F2B5}","TRANSIT_ROUTES":"325","PRESCRIBED_FREQUENT_BUS_STOPS":null}},{"type":"Feature","id":2142701,"geometry":{"type":"Point","coordinates":[-122.834281,49.18574]},"properties":{"FACILITYID":"1001208653","BUS_STOP_NO":55718,"STOP_STATUS":"Active","BUS_BENCHES":"NO","BUS_SHELTERS":"NO","LOCATION":"Southbound 140 St @ 100A Ave","ACCESSIBLE":"No","OBJECTID_1":2142701,"GLOBALID":"{3712AE09-7444-4AFC-8EBF-ED79897A6F21}","TRANSIT_ROUTES":"325","PRESCRIBED_FREQUENT_BUS_STOPS":null}},{"type":"Feature","id":2142702,"geometry":{"type":"Point","coordinates":[-122.834339,49.183844]},"properties":{"FACILITYID":"1001208252","BUS_STOP_NO":55719,"STOP_STATUS":"Active","BUS_BENCHES":"NO","BUS_SHELTERS":"NO","LOCATION":"Southbound 140 St @ 100 Ave","ACCESSIBLE":"Yes","OBJECTID_1":2142702,"GLOBALID":"{452FA059-FF80-4287-892D-ECD49C5F6F24}","TRANSIT_ROUTES":"325","PRESCRIBED_FREQUENT_BUS_STOPS":null}},{"type":"Feature","id":2142703,"geometry":{"type":"Point","coordinates":[-122.834487,49.181282]},"properties":{"FACILITYID":"1001207706","BUS_STOP_NO":55720,"STOP_STATUS":"Active","BUS_BENCHES":"YES","BUS_SHELTERS":"NO","LOCATION":"Southbound 140 St @ Green Timbers Way","ACCESSIBLE":"Yes","OBJECTID_1":2142703,"GLOBALID":"{71BC669B-10A1-41FF-9FBA-4D6BFED0EA2E}","TRANSIT_ROUTES":"325","PRESCRIBED_FREQUENT_BUS_STOPS":null}},{"type":"Feature","id":2142704,"geometry":{"type":"Point","coordinates":[-122.834633,49.178386]},"properties":{"FACILITYID":"1001208304","BUS_STOP_NO":55721,"STOP_STATUS":"Active","BUS_BENCHES":"YES","BUS_SHELTERS":"STD AD","LOCATION":"Southbound 140 St @ Fraser Hwy","ACCESSIBLE":"Yes","OBJECTID_1":2142704,"GLOBALID":"{BAF36A36-B017-45BD-A52D-13A4D785019F}","TRANSIT_ROUTES":"325","PRESCRIBED_FREQUENT_BUS_STOPS":null}},{"type":"Feature","id":2142705,"geometry":{"type":"Point","coordinates":[-122.83468,49.176562]},"properties":{"FACILITYID":"1001207971","BUS_STOP_NO":55722,"STOP_STATUS":"Active","BUS_BENCHES":"YES","BUS_SHELTERS":"NO","LOCATION":"Southbound 140 St @ 96 Ave","ACCESSIBLE":"Yes","OBJECTID_1":2142705,"GLOBALID":"{1D36686E-9D4E-4EC6-BC86-BBD22A255173}","TRANSIT_ROUTES":"325, 326","PRESCRIBED_FREQUENT_BUS_STOPS":null}},{"type":"Feature","id":2142706,"geometry":{"type":"Point","coordinates":[-122.834676,49.174474]},"properties":{"FACILITYID":"1001208774","BUS_STOP_NO":55723,"STOP_STATUS":"Active","BUS_BENCHES":"NO","BUS_SHELTERS":"NO","LOCATION":"Southbound 140 St @ 94A Ave","ACCESSIBLE":"Yes","OBJECTID_1":2142706,"GLOBALID":"{959ACA52-B551-4721-B5F1-F7766A3DB5ED}","TRANSIT_ROUTES":"325, 326","PRESCRIBED_FREQUENT_BUS_STOPS":null}},{"type":"Feature","id":2142707,"geometry":{"type":"Point","coordinates":[-122.834759,49.1698]},"properties":{"FACILITYID":"1001207892","BUS_STOP_NO":55724,"STOP_STATUS":"Active","BUS_BENCHES":"YES","BUS_SHELTERS":"NO","LOCATION":"Southbound 140 St @ 92 Ave","ACCESSIBLE":"Yes","OBJECTID_1":2142707,"GLOBALID":"{9DD57A74-DFCA-48F9-8409-8374B84F57DF}","TRANSIT_ROUTES":"325, 326","PRESCRIBED_FREQUENT_BUS_STOPS":null}},{"type":"Feature","id":2142708,"geometry":{"type":"Point","coordinates":[-122.834774,49.166042]},"properties":{"FACILITYID":"1001208042","BUS_STOP_NO":55725,"STOP_STATUS":"Active","BUS_BENCHES":"NO","BUS_SHELTERS":"NO","LOCATION":"Southbound 140 St @ 90 Ave","ACCESSIBLE":"Yes","OBJECTID_1":2142708,"GLOBALID":"{98C4C652-DABC-469E-8B3F-1FB5F03A3703}","TRANSIT_ROUTES":"325, 326","PRESCRIBED_FREQUENT_BUS_STOPS":null}},{"type":"Feature","id":2142709,"geometry":{"type":"Point","coordinates":[-122.834765,49.162433]},"properties":{"FACILITYID":"1001208639","BUS_STOP_NO":55726,"STOP_STATUS":"Active","BUS_BENCHES":"NO","BUS_SHELTERS":"STD AD","LOCATION":"Southbound 140 St @ 88 Ave","ACCESSIBLE":"Yes","OBJECTID_1":2142709,"GLOBALID":"{81541587-8295-4CCB-97DD-260E05CD158B}","TRANSIT_ROUTES":"325","PRESCRIBED_FREQUENT_BUS_STOPS":null}},{"type":"Feature","id":2142710,"geometry":{"type":"Point","coordinates":[-122.834781,49.160191]},"properties":{"FACILITYID":"1001208680","BUS_STOP_NO":55727,"STOP_STATUS":"Active","BUS_BENCHES":"YES","BUS_SHELTERS":"NO","LOCATION":"Southbound 140 St @ 86A Ave","ACCESSIBLE":"Yes","OBJECTID_1":2142710,"GLOBALID":"{F28FC09B-E56E-43C9-8062-DEB345A2BD8D}","TRANSIT_ROUTES":"325","PRESCRIBED_FREQUENT_BUS_STOPS":null}},{"type":"Feature","id":2142711,"geometry":{"type":"Point","coordinates":[-122.834769,49.158306]},"properties":{"FACILITYID":"1001208102","BUS_STOP_NO":55728,"STOP_STATUS":"Active","BUS_BENCHES":"YES","BUS_SHELTERS":"NO","LOCATION":"Southbound 140 St @ 85 Ave","ACCESSIBLE":"Yes","OBJECTID_1":2142711,"GLOBALID":"{8E81BA72-5F67-4800-BFEF-A35D13A57AB4}","TRANSIT_ROUTES":"325","PRESCRIBED_FREQUENT_BUS_STOPS":null}},{"type":"Feature","id":2142712,"geometry":{"type":"Point","coordinates":[-122.834727,49.15521]},"properties":{"FACILITYID":"1001208456","BUS_STOP_NO":55729,"STOP_STATUS":"Active","BUS_BENCHES":"YES","BUS_SHELTERS":"STD AD","LOCATION":"Southbound 140 St @ 84 Ave","ACCESSIBLE":"Yes","OBJECTID_1":2142712,"GLOBALID":"{D61F4D51-C836-4898-96E7-8BC60D360BEC}","TRANSIT_ROUTES":"325","PRESCRIBED_FREQUENT_BUS_STOPS":null}},{"type":"Feature","id":2142713,"geometry":{"type":"Point","coordinates":[-122.834726,49.153486]},"properties":{"FACILITYID":"1001207527","BUS_STOP_NO":55730,"STOP_STATUS":"Active","BUS_BENCHES":"YES","BUS_SHELTERS":"NO","LOCATION":"Southbound 140 St @ 8300 Block","ACCESSIBLE":"Yes","OBJECTID_1":2142713,"GLOBALID":"{83A35837-3CF9-4FAC-8E72-D17CE268E1C8}","TRANSIT_ROUTES":"325","PRESCRIBED_FREQUENT_BUS_STOPS":null}},{"type":"Feature","id":2142714,"geometry":{"type":"Point","coordinates":[-122.834691,49.150585]},"properties":{"FACILITYID":"1001208065","BUS_STOP_NO":55731,"STOP_STATUS":"Active","BUS_BENCHES":"YES","BUS_SHELTERS":"NO","LOCATION":"Southbound 140 St @ Bear Creek Dr","ACCESSIBLE":"Yes","OBJECTID_1":2142714,"GLOBALID":"{9996404A-781F-463E-ABA0-BDF5A715C12F}","TRANSIT_ROUTES":"325","PRESCRIBED_FREQUENT_BUS_STOPS":null}},{"type":"Feature","id":2142715,"geometry":{"type":"Point","coordinates":[-122.834671,49.14777]},"properties":{"FACILITYID":"1001208013","BUS_STOP_NO":55732,"STOP_STATUS":"Active","BUS_BENCHES":"YES","BUS_SHELTERS":"NO","LOCATION":"Southbound 140 St @ 80 Ave","ACCESSIBLE":"Yes","OBJECTID_1":2142715,"GLOBALID":"{58555A28-751C-4B6D-9CD6-21607C6B5496}","TRANSIT_ROUTES":"325","PRESCRIBED_FREQUENT_BUS_STOPS":null}},{"type":"Feature","id":2142716,"geometry":{"type":"Point","coordinates":[-122.834645,49.144964]},"properties":{"FACILITYID":"1001208570","BUS_STOP_NO":55734,"STOP_STATUS":"Active","BUS_BENCHES":"NO","BUS_SHELTERS":"NO","LOCATION":"Southbound 140 St @ 78A Ave","ACCESSIBLE":"Yes","OBJECTID_1":2142716,"GLOBALID":"{ECF55A07-0CAA-4B8F-A229-9119EEA66527}","TRANSIT_ROUTES":"325","PRESCRIBED_FREQUENT_BUS_STOPS":null}},{"type":"Feature","id":2142717,"geometry":{"type":"Point","coordinates":[-122.83465,49.142373]},"properties":{"FACILITYID":"1001208539","BUS_STOP_NO":55735,"STOP_STATUS":"Active","BUS_BENCHES":"YES","BUS_SHELTERS":"YES","LOCATION":"Southbound 140 St @ 77 Ave","ACCESSIBLE":"Yes","OBJECTID_1":2142717,"GLOBALID":"{00B498F2-D2F0-4754-84CC-5CFD52378A43}","TRANSIT_ROUTES":"325","PRESCRIBED_FREQUENT_BUS_STOPS":null}},{"type":"Feature","id":2142718,"geometry":{"type":"Point","coordinates":[-122.834608,49.136912]},"properties":{"FACILITYID":"1001208569","BUS_STOP_NO":55736,"STOP_STATUS":"Active","BUS_BENCHES":"YES","BUS_SHELTERS":"NO","LOCATION":"Southbound 140 St @ 74 Ave","ACCESSIBLE":"Yes","OBJECTID_1":2142718,"GLOBALID":"{8CE35327-E80A-4C9B-B56E-82E2242F67D0}","TRANSIT_ROUTES":"325","PRESCRIBED_FREQUENT_BUS_STOPS":null}},{"type":"Feature","id":2142719,"geometry":{"type":"Point","coordinates":[-122.835233,49.133719]},"properties":{"FACILITYID":"1001208834","BUS_STOP_NO":55737,"STOP_STATUS":"Active","BUS_BENCHES":"YES","BUS_SHELTERS":"STD AD","LOCATION":"Westbound 72 Ave @ 140 St","ACCESSIBLE":"Yes","OBJECTID_1":2142719,"GLOBALID":"{9B4BD560-47F3-49D1-91B1-8DA14D3B130E}","TRANSIT_ROUTES":"325, 335, 341, 342, 864","PRESCRIBED_FREQUENT_BUS_STOPS":null}},{"type":"Feature","id":2142720,"geometry":{"type":"Point","coordinates":[-122.849103,49.188956]},"properties":{"FACILITYID":"1001208700","BUS_STOP_NO":55738,"STOP_STATUS":"Active","BUS_BENCHES":"NO","BUS_SHELTERS":"EXCH","LOCATION":"Surrey Central Station @ Bay 7","ACCESSIBLE":"Yes","OBJECTID_1":2142720,"GLOBALID":"{2E952BEB-D620-44A2-AA69-ED62B30A8E79}","TRANSIT_ROUTES":"316, 325","PRESCRIBED_FREQUENT_BUS_STOPS":null}},{"type":"Feature","id":2142721,"geometry":{"type":"Point","coordinates":[-122.842778,49.176914]},"properties":{"FACILITYID":"1001208640","BUS_STOP_NO":55739,"STOP_STATUS":"Active","BUS_BENCHES":"YES","BUS_SHELTERS":"STD AD","LOCATION":"Eastbound 96 Ave @ 137 St","ACCESSIBLE":"Yes","OBJECTID_1":2142721,"GLOBALID":"{66D63FF5-7794-4337-B840-5160C6E57808}","TRANSIT_ROUTES":"326","PRESCRIBED_FREQUENT_BUS_STOPS":null}},{"type":"Feature","id":2142722,"geometry":{"type":"Point","coordinates":[-122.840725,49.176907]},"properties":{"FACILITYID":"1001208763","BUS_STOP_NO":55740,"STOP_STATUS":"Active","BUS_BENCHES":"YES","BUS_SHELTERS":"NO","LOCATION":"Eastbound 96 Ave @ 138 St","ACCESSIBLE":"Yes","OBJECTID_1":2142722,"GLOBALID":"{67F87342-2433-4AB7-AD0A-491D156C4B7F}","TRANSIT_ROUTES":"326","PRESCRIBED_FREQUENT_BUS_STOPS":null}},{"type":"Feature","id":2142723,"geometry":{"type":"Point","coordinates":[-122.837183,49.176891]},"properties":{"FACILITYID":"1001207949","BUS_STOP_NO":55741,"STOP_STATUS":"Active","BUS_BENCHES":"NO","BUS_SHELTERS":"NO","LOCATION":"Eastbound 96 Ave @ 139 St","ACCESSIBLE":"Yes","OBJECTID_1":2142723,"GLOBALID":"{00E4610E-7120-4110-9A71-F88DA649F27C}","TRANSIT_ROUTES":"326","PRESCRIBED_FREQUENT_BUS_STOPS":null}},{"type":"Feature","id":2142724,"geometry":{"type":"Point","coordinates":[-122.83411,49.162696]},"properties":{"FACILITYID":"1001207723","BUS_STOP_NO":55742,"STOP_STATUS":"Active","BUS_BENCHES":"YES","BUS_SHELTERS":"NO","LOCATION":"Eastbound 88 Ave @ 140 St","ACCESSIBLE":"Yes","OBJECTID_1":2142724,"GLOBALID":"{C2430411-9B7A-4B05-9A92-978828FF8901}","TRANSIT_ROUTES":"326, 388","PRESCRIBED_FREQUENT_BUS_STOPS":null}},{"type":"Feature","id":2142725,"geometry":{"type":"Point","coordinates":[-122.82817,49.162736]},"properties":{"FACILITYID":"1001207622","BUS_STOP_NO":55743,"STOP_STATUS":"Active","BUS_BENCHES":"NO","BUS_SHELTERS":"NO","LOCATION":"Eastbound 88 Ave @ 142A St","ACCESSIBLE":"Yes","OBJECTID_1":2142725,"GLOBALID":"{643E1F5F-AE5C-48E6-81C1-80729AB1FF87}","TRANSIT_ROUTES":"326, 388","PRESCRIBED_FREQUENT_BUS_STOPS":null}},{"type":"Feature","id":2142726,"geometry":{"type":"Point","coordinates":[-122.822967,49.162768]},"properties":{"FACILITYID":"1001207586","BUS_STOP_NO":55744,"STOP_STATUS":"Active","BUS_BENCHES":"YES","BUS_SHELTERS":"NO","LOCATION":"Eastbound 88 Ave @ 144 St","ACCESSIBLE":"Yes","OBJECTID_1":2142726,"GLOBALID":"{DCD34AFD-F0E1-4018-95E5-39D12B1ECE8F}","TRANSIT_ROUTES":"326, 388","PRESCRIBED_FREQUENT_BUS_STOPS":null}},{"type":"Feature","id":2142727,"geometry":{"type":"Point","coordinates":[-122.817417,49.162748]},"properties":{"FACILITYID":"1001208594","BUS_STOP_NO":55745,"STOP_STATUS":"Active","BUS_BENCHES":"YES","BUS_SHELTERS":"NO","LOCATION":"Eastbound 88 Ave @ 146 St","ACCESSIBLE":"Yes","OBJECTID_1":2142727,"GLOBALID":"{4524646C-E6CB-42C4-A865-74A31F6ACCF5}","TRANSIT_ROUTES":"326, 388","PRESCRIBED_FREQUENT_BUS_STOPS":null}},{"type":"Feature","id":2142728,"geometry":{"type":"Point","coordinates":[-122.811775,49.162731]},"properties":{"FACILITYID":"1001208265","BUS_STOP_NO":55746,"STOP_STATUS":"Active","BUS_BENCHES":"YES","BUS_SHELTERS":"NO","LOCATION":"Eastbound 88 Ave @ 148 St","ACCESSIBLE":"Yes","OBJECTID_1":2142728,"GLOBALID":"{B104EC4F-F468-407B-86A7-875126E4ECE7}","TRANSIT_ROUTES":"326, 388","PRESCRIBED_FREQUENT_BUS_STOPS":null}},{"type":"Feature","id":2142729,"geometry":{"type":"Point","coordinates":[-122.806422,49.162741]},"properties":{"FACILITYID":"1001208828","BUS_STOP_NO":55747,"STOP_STATUS":"Active","BUS_BENCHES":"NO","BUS_SHELTERS":"NO","LOCATION":"Eastbound 88 Ave @ 150 St","ACCESSIBLE":"No","OBJECTID_1":2142729,"GLOBALID":"{1A8B4334-5402-4521-8D7A-41D8CE2835BF}","TRANSIT_ROUTES":"326, 388","PRESCRIBED_FREQUENT_BUS_STOPS":null}},{"type":"Feature","id":2142730,"geometry":{"type":"Point","coordinates":[-122.800824,49.162747]},"properties":{"FACILITYID":"1001208818","BUS_STOP_NO":55748,"STOP_STATUS":"Active","BUS_BENCHES":"YES","BUS_SHELTERS":"NO","LOCATION":"Eastbound 88 Ave @ 152 St","ACCESSIBLE":"Yes","OBJECTID_1":2142730,"GLOBALID":"{7754449C-5FA5-4045-BF34-6284B02478DB}","TRANSIT_ROUTES":"326, 388","PRESCRIBED_FREQUENT_BUS_STOPS":null}},{"type":"Feature","id":2142731,"geometry":{"type":"Point","coordinates":[-122.795783,49.162729]},"properties":{"FACILITYID":"1001208563","BUS_STOP_NO":55749,"STOP_STATUS":"Active","BUS_BENCHES":"YES","BUS_SHELTERS":"NO","LOCATION":"Eastbound 88 Ave @ 154 St","ACCESSIBLE":"Yes","OBJECTID_1":2142731,"GLOBALID":"{22CFA9FF-5651-4EC0-87F8-2B047A86FAB7}","TRANSIT_ROUTES":"326, 388","PRESCRIBED_FREQUENT_BUS_STOPS":null}},{"type":"Feature","id":2142732,"geometry":{"type":"Point","coordinates":[-122.790062,49.163147]},"properties":{"FACILITYID":"1001208616","BUS_STOP_NO":55750,"STOP_STATUS":"Active","BUS_BENCHES":"YES","BUS_SHELTERS":"NO","LOCATION":"Northbound 156 St @ 88 Ave","ACCESSIBLE":"No","OBJECTID_1":2142732,"GLOBALID":"{B9B31AC4-C071-4A40-BBA1-4C9E9DC13CA9}","TRANSIT_ROUTES":"326","PRESCRIBED_FREQUENT_BUS_STOPS":null}},{"type":"Feature","id":2142733,"geometry":{"type":"Point","coordinates":[-122.790027,49.166878]},"properties":{"FACILITYID":"1001207765","BUS_STOP_NO":55751,"STOP_STATUS":"Active","BUS_BENCHES":"YES","BUS_SHELTERS":"NO","LOCATION":"Northbound 156 St @ 90 Ave","ACCESSIBLE":"No","OBJECTID_1":2142733,"GLOBALID":"{36936CDC-D15E-4FDA-824D-2E77A8267C1B}","TRANSIT_ROUTES":"326","PRESCRIBED_FREQUENT_BUS_STOPS":null}},{"type":"Feature","id":2142734,"geometry":{"type":"Point","coordinates":[-122.78996,49.170597]},"properties":{"FACILITYID":"1001207524","BUS_STOP_NO":55752,"STOP_STATUS":"Active","BUS_BENCHES":"YES","BUS_SHELTERS":"NO","LOCATION":"Northbound 156 St @ 92 Ave","ACCESSIBLE":"Yes","OBJECTID_1":2142734,"GLOBALID":"{76789372-D2B2-4D52-AC9F-79DB9EC45A31}","TRANSIT_ROUTES":"326","PRESCRIBED_FREQUENT_BUS_STOPS":null}},{"type":"Feature","id":2142735,"geometry":{"type":"Point","coordinates":[-122.7899,49.173976]},"properties":{"FACILITYID":"1001207538","BUS_STOP_NO":55753,"STOP_STATUS":"Active","BUS_BENCHES":"YES","BUS_SHELTERS":"NO","LOCATION":"Northbound 156 St @ 94A Ave","ACCESSIBLE":"Yes","OBJECTID_1":2142735,"GLOBALID":"{82555B0A-40ED-4B61-A288-C37B26F8B197}","TRANSIT_ROUTES":"326","PRESCRIBED_FREQUENT_BUS_STOPS":null}},{"type":"Feature","id":2142736,"geometry":{"type":"Point","coordinates":[-122.789821,49.177214]},"properties":{"FACILITYID":"1001208618","BUS_STOP_NO":55754,"STOP_STATUS":"Active","BUS_BENCHES":"YES","BUS_SHELTERS":"NO","LOCATION":"Northbound 156 St @ 96 Ave","ACCESSIBLE":"Yes","OBJECTID_1":2142736,"GLOBALID":"{D42DC026-6872-4A59-8F8E-2FB4D0BF9AC5}","TRANSIT_ROUTES":"326","PRESCRIBED_FREQUENT_BUS_STOPS":null}},{"type":"Feature","id":2142737,"geometry":{"type":"Point","coordinates":[-122.789772,49.18104]},"properties":{"FACILITYID":"1001208746","BUS_STOP_NO":55755,"STOP_STATUS":"Active","BUS_BENCHES":"YES","BUS_SHELTERS":"NO","LOCATION":"Northbound 156 St @ 98 Ave","ACCESSIBLE":"Yes","OBJECTID_1":2142737,"GLOBALID":"{6820181A-CDB1-4880-93FF-ABDF115D9C4D}","TRANSIT_ROUTES":"326","PRESCRIBED_FREQUENT_BUS_STOPS":null}},{"type":"Feature","id":2142738,"geometry":{"type":"Point","coordinates":[-122.789654,49.184743]},"properties":{"FACILITYID":"1001207633","BUS_STOP_NO":55756,"STOP_STATUS":"Active","BUS_BENCHES":"YES","BUS_SHELTERS":"NO","LOCATION":"Northbound 156 St @ 100 Ave","ACCESSIBLE":"Yes","OBJECTID_1":2142738,"GLOBALID":"{06625443-F58C-4AE5-9E98-02A5957C0C69}","TRANSIT_ROUTES":"326, 335","PRESCRIBED_FREQUENT_BUS_STOPS":null}},{"type":"Feature","id":2142739,"geometry":{"type":"Point","coordinates":[-122.789681,49.188329]},"properties":{"FACILITYID":"1001208633","BUS_STOP_NO":55757,"STOP_STATUS":"Active","BUS_BENCHES":"YES","BUS_SHELTERS":"NO","LOCATION":"Northbound 156 St @ 102 Ave","ACCESSIBLE":"Yes","OBJECTID_1":2142739,"GLOBALID":"{B71F5C24-C720-4378-BD90-CBDA1DE92CAA}","TRANSIT_ROUTES":"326, 335","PRESCRIBED_FREQUENT_BUS_STOPS":null}},{"type":"Feature","id":2142740,"geometry":{"type":"Point","coordinates":[-122.790383,49.191662]},"properties":{"FACILITYID":"1001208487","BUS_STOP_NO":55758,"STOP_STATUS":"Active","BUS_BENCHES":"NO","BUS_SHELTERS":"STD AD","LOCATION":"Westbound 104 Ave @ 156 St","ACCESSIBLE":"Yes","OBJECTID_1":2142740,"GLOBALID":"{96CB52CC-7031-4512-BAAC-B0FAE65326AF}","TRANSIT_ROUTES":"326, 335, 337, 501, 509","PRESCRIBED_FREQUENT_BUS_STOPS":null}},{"type":"Feature","id":2142741,"geometry":{"type":"Point","coordinates":[-122.795924,49.191598]},"properties":{"FACILITYID":"1001207646","BUS_STOP_NO":55759,"STOP_STATUS":"Active","BUS_BENCHES":"YES","BUS_SHELTERS":"STD AD","LOCATION":"Westbound 104 Ave @ 154 St","ACCESSIBLE":"Yes","OBJECTID_1":2142741,"GLOBALID":"{40A09FE1-D71B-462F-BF08-E2D3DFCE0466}","TRANSIT_ROUTES":"326, 335, 337, 501, 509","PRESCRIBED_FREQUENT_BUS_STOPS":"Yes"}},{"type":"Feature","id":2142742,"geometry":{"type":"Point","coordinates":[-122.801592,49.191596]},"properties":{"FACILITYID":"1001208235","BUS_STOP_NO":55760,"STOP_STATUS":"Active","BUS_BENCHES":"YES","BUS_SHELTERS":"STD AD","LOCATION":"Westbound 104 Ave @ 152 St","ACCESSIBLE":"Yes","OBJECTID_1":2142742,"GLOBALID":"{727C658D-F48E-4EF7-BEA9-B5050348B83C}","TRANSIT_ROUTES":"320, 326, 335, 337, 341, 375, 501","PRESCRIBED_FREQUENT_BUS_STOPS":"Yes"}},{"type":"Feature","id":2142743,"geometry":{"type":"Point","coordinates":[-122.799852,49.191386]},"properties":{"FACILITYID":"1001208096","BUS_STOP_NO":55761,"STOP_STATUS":"Active","BUS_BENCHES":"YES","BUS_SHELTERS":"STD AD","LOCATION":"Eastbound 104 Ave @ 152 St","ACCESSIBLE":"Yes","OBJECTID_1":2142743,"GLOBALID":"{FBE5609E-B19D-494C-9F44-FA8E50F0FB58}","TRANSIT_ROUTES":"326, 335, 337, 501, 509","PRESCRIBED_FREQUENT_BUS_STOPS":"Yes"}},{"type":"Feature","id":2142744,"geometry":{"type":"Point","coordinates":[-122.79462,49.191447]},"properties":{"FACILITYID":"1001207860","BUS_STOP_NO":55762,"STOP_STATUS":"Active","BUS_BENCHES":"YES","BUS_SHELTERS":"STD AD","LOCATION":"Eastbound 104 Ave @ 154 St","ACCESSIBLE":"Yes","OBJECTID_1":2142744,"GLOBALID":"{BC7AD2D1-FD3F-4EE8-B247-53BE73D4C1D3}","TRANSIT_ROUTES":"326, 335, 337, 501, 509","PRESCRIBED_FREQUENT_BUS_STOPS":"Yes"}},{"type":"Feature","id":2142745,"geometry":{"type":"Point","coordinates":[-122.789872,49.190958]},"properties":{"FACILITYID":"1001208256","BUS_STOP_NO":55763,"STOP_STATUS":"Active","BUS_BENCHES":"YES","BUS_SHELTERS":"NO","LOCATION":"Southbound 156 St @ 104 Ave","ACCESSIBLE":"Yes","OBJECTID_1":2142745,"GLOBALID":"{C6A52051-17C1-433D-8F93-8B0970E14495}","TRANSIT_ROUTES":"326, 335","PRESCRIBED_FREQUENT_BUS_STOPS":null}},{"type":"Feature","id":2142746,"geometry":{"type":"Point","coordinates":[-122.789877,49.187702]},"properties":{"FACILITYID":"1001208352","BUS_STOP_NO":55764,"STOP_STATUS":"Active","BUS_BENCHES":"YES","BUS_SHELTERS":"NO","LOCATION":"Southbound 156 St @ 102 Ave","ACCESSIBLE":"Yes","OBJECTID_1":2142746,"GLOBALID":"{34FECFD8-2059-49DE-A8A8-C5220E8B1AF9}","TRANSIT_ROUTES":"326, 335","PRESCRIBED_FREQUENT_BUS_STOPS":null}},{"type":"Feature","id":2142747,"geometry":{"type":"Point","coordinates":[-122.789939,49.183966]},"properties":{"FACILITYID":"1001208382","BUS_STOP_NO":55765,"STOP_STATUS":"Active","BUS_BENCHES":"YES","BUS_SHELTERS":"NO","LOCATION":"Southbound 156 St @ 100 Ave","ACCESSIBLE":"Yes","OBJECTID_1":2142747,"GLOBALID":"{BF4A9500-23E8-4F10-90A4-FDDBDC78D27E}","TRANSIT_ROUTES":"326","PRESCRIBED_FREQUENT_BUS_STOPS":null}},{"type":"Feature","id":2142748,"geometry":{"type":"Point","coordinates":[-122.789991,49.180372]},"properties":{"FACILITYID":"1001208112","BUS_STOP_NO":55766,"STOP_STATUS":"Active","BUS_BENCHES":"YES","BUS_SHELTERS":"NO","LOCATION":"Southbound 156 St @ 98 Ave","ACCESSIBLE":"Yes","OBJECTID_1":2142748,"GLOBALID":"{59FA283E-988D-422E-BFDD-D4E9535B9D4B}","TRANSIT_ROUTES":"326","PRESCRIBED_FREQUENT_BUS_STOPS":null}},{"type":"Feature","id":2142749,"geometry":{"type":"Point","coordinates":[-122.790109,49.176516]},"properties":{"FACILITYID":"1001208620","BUS_STOP_NO":55767,"STOP_STATUS":"Active","BUS_BENCHES":"YES","BUS_SHELTERS":"NO","LOCATION":"Southbound 156 St @ 96 Ave","ACCESSIBLE":"Yes","OBJECTID_1":2142749,"GLOBALID":"{CFE40287-E90E-48F0-AA9C-D2FABD7C7ADC}","TRANSIT_ROUTES":"326","PRESCRIBED_FREQUENT_BUS_STOPS":null}},{"type":"Feature","id":2142750,"geometry":{"type":"Point","coordinates":[-122.790133,49.172902]},"properties":{"FACILITYID":"1001207771","BUS_STOP_NO":55768,"STOP_STATUS":"Active","BUS_BENCHES":"YES","BUS_SHELTERS":"NO","LOCATION":"Southbound 156 St @ 94 Ave","ACCESSIBLE":"Yes","OBJECTID_1":2142750,"GLOBALID":"{DF9C29E9-95BF-46D4-9F2B-95D54C509791}","TRANSIT_ROUTES":"326","PRESCRIBED_FREQUENT_BUS_STOPS":null}},{"type":"Feature","id":2142751,"geometry":{"type":"Point","coordinates":[-122.790193,49.169636]},"properties":{"FACILITYID":"1001208430","BUS_STOP_NO":55769,"STOP_STATUS":"Active","BUS_BENCHES":"YES","BUS_SHELTERS":"NO","LOCATION":"Southbound 156 St @ 92 Ave","ACCESSIBLE":"Yes","OBJECTID_1":2142751,"GLOBALID":"{C5355B47-5328-4886-89A8-EB04F5446990}","TRANSIT_ROUTES":"326","PRESCRIBED_FREQUENT_BUS_STOPS":null}},{"type":"Feature","id":2142752,"geometry":{"type":"Point","coordinates":[-122.790215,49.166273]},"properties":{"FACILITYID":"1001207947","BUS_STOP_NO":55770,"STOP_STATUS":"Active","BUS_BENCHES":"YES","BUS_SHELTERS":"NO","LOCATION":"Southbound 156 St @ 89B Ave","ACCESSIBLE":"No","OBJECTID_1":2142752,"GLOBALID":"{9EAF3E59-ADE3-456E-AB4A-3AE96F63F977}","TRANSIT_ROUTES":"326","PRESCRIBED_FREQUENT_BUS_STOPS":null}},{"type":"Feature","id":2142753,"geometry":{"type":"Point","coordinates":[-122.790903,49.162902]},"properties":{"FACILITYID":"1001208498","BUS_STOP_NO":55771,"STOP_STATUS":"Active","BUS_BENCHES":"YES","BUS_SHELTERS":"STD AD","LOCATION":"Westbound 88 Ave @ 156 St","ACCESSIBLE":"Yes","OBJECTID_1":2142753,"GLOBALID":"{36D3A66A-A3F4-4886-B180-ACA75C1F892C}","TRANSIT_ROUTES":"326, 388","PRESCRIBED_FREQUENT_BUS_STOPS":null}},{"type":"Feature","id":2142754,"geometry":{"type":"Point","coordinates":[-122.795379,49.162909]},"properties":{"FACILITYID":"1001207844","BUS_STOP_NO":55772,"STOP_STATUS":"Active","BUS_BENCHES":"YES","BUS_SHELTERS":"NO","LOCATION":"Westbound 88 Ave @ 154A St","ACCESSIBLE":"Yes","OBJECTID_1":2142754,"GLOBALID":"{AF676174-1A22-4CB4-978C-5931427DE81A}","TRANSIT_ROUTES":"326, 388","PRESCRIBED_FREQUENT_BUS_STOPS":null}},{"type":"Feature","id":2142755,"geometry":{"type":"Point","coordinates":[-122.802469,49.162941]},"properties":{"FACILITYID":"1001207818","BUS_STOP_NO":55773,"STOP_STATUS":"Active","BUS_BENCHES":"YES","BUS_SHELTERS":"NO","LOCATION":"Westbound 88 Ave @ 152 St","ACCESSIBLE":"Yes","OBJECTID_1":2142755,"GLOBALID":"{C322361D-BC4A-46A2-9475-B956E3B06476}","TRANSIT_ROUTES":"326, 335, 388","PRESCRIBED_FREQUENT_BUS_STOPS":null}},{"type":"Feature","id":2142756,"geometry":{"type":"Point","coordinates":[-122.807458,49.162923]},"properties":{"FACILITYID":"1001207806","BUS_STOP_NO":55774,"STOP_STATUS":"Active","BUS_BENCHES":"NO","BUS_SHELTERS":"NO","LOCATION":"Westbound 88 Ave @ 150 St","ACCESSIBLE":"No","OBJECTID_1":2142756,"GLOBALID":"{98856BE3-030F-4D7F-BC6C-3B7AD0DAE860}","TRANSIT_ROUTES":"326, 335, 388","PRESCRIBED_FREQUENT_BUS_STOPS":null}},{"type":"Feature","id":2142757,"geometry":{"type":"Point","coordinates":[-122.812845,49.162918]},"properties":{"FACILITYID":"1001207569","BUS_STOP_NO":55775,"STOP_STATUS":"Active","BUS_BENCHES":"YES","BUS_SHELTERS":"NO","LOCATION":"Westbound 88 Ave @ 148 St","ACCESSIBLE":"No","OBJECTID_1":2142757,"GLOBALID":"{6B8E03D8-47D8-45C9-B75C-263EBE9041E3}","TRANSIT_ROUTES":"326, 388","PRESCRIBED_FREQUENT_BUS_STOPS":null}},{"type":"Feature","id":2142758,"geometry":{"type":"Point","coordinates":[-122.818301,49.162933]},"properties":{"FACILITYID":"1001207863","BUS_STOP_NO":55776,"STOP_STATUS":"Active","BUS_BENCHES":"YES","BUS_SHELTERS":"STD AD","LOCATION":"Westbound 88 Ave @ 146 St","ACCESSIBLE":"Yes","OBJECTID_1":2142758,"GLOBALID":"{D98C9170-2BDD-47F6-AD3C-AC138D7C617C}","TRANSIT_ROUTES":"326, 388","PRESCRIBED_FREQUENT_BUS_STOPS":null}},{"type":"Feature","id":2142759,"geometry":{"type":"Point","coordinates":[-122.824908,49.162939]},"properties":{"FACILITYID":"1001208378","BUS_STOP_NO":55777,"STOP_STATUS":"Active","BUS_BENCHES":"NO","BUS_SHELTERS":"STD AD","LOCATION":"Westbound 88 Ave @ 144 St","ACCESSIBLE":"Yes","OBJECTID_1":2142759,"GLOBALID":"{291D894B-3F44-41D3-90E5-EA7B305CD2D3}","TRANSIT_ROUTES":"326, 388","PRESCRIBED_FREQUENT_BUS_STOPS":null}},{"type":"Feature","id":2142760,"geometry":{"type":"Point","coordinates":[-122.828208,49.162921]},"properties":{"FACILITYID":"1001207630","BUS_STOP_NO":55778,"STOP_STATUS":"Active","BUS_BENCHES":"YES","BUS_SHELTERS":"NO","LOCATION":"Westbound 88 Ave @ 142A St","ACCESSIBLE":"Yes","OBJECTID_1":2142760,"GLOBALID":"{28D8156B-410E-4978-A9A7-3E3DF93F1A78}","TRANSIT_ROUTES":"326, 388","PRESCRIBED_FREQUENT_BUS_STOPS":null}},{"type":"Feature","id":2142761,"geometry":{"type":"Point","coordinates":[-122.835258,49.177074]},"properties":{"FACILITYID":"1001208346","BUS_STOP_NO":55779,"STOP_STATUS":"Active","BUS_BENCHES":"YES","BUS_SHELTERS":"NO","LOCATION":"Westbound 96 Ave @ 140 St","ACCESSIBLE":"Yes","OBJECTID_1":2142761,"GLOBALID":"{A82C37A2-E650-4C80-A82B-156BBB2F5B80}","TRANSIT_ROUTES":"326","PRESCRIBED_FREQUENT_BUS_STOPS":null}},{"type":"Feature","id":2142762,"geometry":{"type":"Point","coordinates":[-122.838063,49.177074]},"properties":{"FACILITYID":"1001208403","BUS_STOP_NO":55780,"STOP_STATUS":"Active","BUS_BENCHES":"YES","BUS_SHELTERS":"NO","LOCATION":"Westbound 96 Ave @ 139 St","ACCESSIBLE":"Yes","OBJECTID_1":2142762,"GLOBALID":"{1C08AC94-7411-4D9E-BFB0-B5740B7E855A}","TRANSIT_ROUTES":"326","PRESCRIBED_FREQUENT_BUS_STOPS":null}},{"type":"Feature","id":2142763,"geometry":{"type":"Point","coordinates":[-122.840446,49.177088]},"properties":{"FACILITYID":"1001207638","BUS_STOP_NO":55781,"STOP_STATUS":"Active","BUS_BENCHES":"YES","BUS_SHELTERS":"NO","LOCATION":"Westbound 96 Ave @ 137B St","ACCESSIBLE":"Yes","OBJECTID_1":2142763,"GLOBALID":"{C0AB489F-1F2F-422E-993D-A2B43A16770F}","TRANSIT_ROUTES":"326","PRESCRIBED_FREQUENT_BUS_STOPS":null}},{"type":"Feature","id":2142764,"geometry":{"type":"Point","coordinates":[-122.867605,49.19227]},"properties":{"FACILITYID":"1001208462","BUS_STOP_NO":55782,"STOP_STATUS":"Active","BUS_BENCHES":"NO","BUS_SHELTERS":"NO","LOCATION":"Northbound 128 St @ 104 Ave","ACCESSIBLE":"Yes","OBJECTID_1":2142764,"GLOBALID":"{9A2EC3BD-A06D-4991-AC38-82620F32C7A4}","TRANSIT_ROUTES":"373","PRESCRIBED_FREQUENT_BUS_STOPS":null}},{"type":"Feature","id":2142765,"geometry":{"type":"Point","coordinates":[-122.867606,49.195627]},"properties":{"FACILITYID":"1001207978","BUS_STOP_NO":55783,"STOP_STATUS":"Active","BUS_BENCHES":"NO","BUS_SHELTERS":"NO","LOCATION":"Northbound 128 St @ 106 Ave","ACCESSIBLE":"Yes","OBJECTID_1":2142765,"GLOBALID":"{4F54EC7F-EB04-4A01-B2D2-2D348FC0BCD8}","TRANSIT_ROUTES":"373","PRESCRIBED_FREQUENT_BUS_STOPS":null}},{"type":"Feature","id":2142766,"geometry":{"type":"Point","coordinates":[-122.867526,49.198372]},"properties":{"FACILITYID":"1001208829","BUS_STOP_NO":55784,"STOP_STATUS":"Active","BUS_BENCHES":"NO","BUS_SHELTERS":"NO","LOCATION":"Northbound 128 St @ 107A Ave","ACCESSIBLE":"Yes","OBJECTID_1":2142766,"GLOBALID":"{469BC2EA-DC38-4FA3-850A-731C96EFB342}","TRANSIT_ROUTES":"373","PRESCRIBED_FREQUENT_BUS_STOPS":null}},{"type":"Feature","id":2142767,"geometry":{"type":"Point","coordinates":[-122.866944,49.199078]},"properties":{"FACILITYID":"1001207596","BUS_STOP_NO":55785,"STOP_STATUS":"Active","BUS_BENCHES":"NO","BUS_SHELTERS":"NO","LOCATION":"Eastbound 108 Ave @ 128 St","ACCESSIBLE":"Yes","OBJECTID_1":2142767,"GLOBALID":"{B0EAB5C8-B1ED-4202-92DF-B2A483DF1DF9}","TRANSIT_ROUTES":"373","PRESCRIBED_FREQUENT_BUS_STOPS":null}},{"type":"Feature","id":2142768,"geometry":{"type":"Point","coordinates":[-122.86201,49.198881]},"properties":{"FACILITYID":"1001208245","BUS_STOP_NO":55786,"STOP_STATUS":"Active","BUS_BENCHES":"NO","BUS_SHELTERS":"YES","LOCATION":"Eastbound 108 Ave @ 130 St","ACCESSIBLE":"Yes","OBJECTID_1":2142768,"GLOBALID":"{98E7444C-C935-4CD0-85C7-76A5782BCBB0}","TRANSIT_ROUTES":"373","PRESCRIBED_FREQUENT_BUS_STOPS":null}},{"type":"Feature","id":2142769,"geometry":{"type":"Point","coordinates":[-122.855891,49.198872]},"properties":{"FACILITYID":"1001208408","BUS_STOP_NO":55787,"STOP_STATUS":"Active","BUS_BENCHES":"NO","BUS_SHELTERS":"NO","LOCATION":"Eastbound 108 Ave @ 132 St","ACCESSIBLE":"Yes","OBJECTID_1":2142769,"GLOBALID":"{1586FC6A-810D-43CA-8EBD-A565F8068B7D}","TRANSIT_ROUTES":"373","PRESCRIBED_FREQUENT_BUS_STOPS":null}},{"type":"Feature","id":2142770,"geometry":{"type":"Point","coordinates":[-122.853317,49.198843]},"properties":{"FACILITYID":"1001208510","BUS_STOP_NO":55788,"STOP_STATUS":"Active","BUS_BENCHES":"NO","BUS_SHELTERS":"NO","LOCATION":"Eastbound 108 Ave @ 133 St","ACCESSIBLE":"No","OBJECTID_1":2142770,"GLOBALID":"{3B7A800A-142E-4DE9-A8A5-42234F778080}","TRANSIT_ROUTES":"373","PRESCRIBED_FREQUENT_BUS_STOPS":null}},{"type":"Feature","id":2142771,"geometry":{"type":"Point","coordinates":[-122.85022,49.198812]},"properties":{"FACILITYID":"1001208593","BUS_STOP_NO":55789,"STOP_STATUS":"Active","BUS_BENCHES":"YES","BUS_SHELTERS":"EXCH","LOCATION":"Gateway Station @ Bay 3","ACCESSIBLE":"Yes","OBJECTID_1":2142771,"GLOBALID":"{02BCEBDB-D703-465F-8797-E41CAEF19B66}","TRANSIT_ROUTES":"335, 371, 373","PRESCRIBED_FREQUENT_BUS_STOPS":null}},{"type":"Feature","id":2142772,"geometry":{"type":"Point","coordinates":[-122.844888,49.19876]},"properties":{"FACILITYID":"1001208604","BUS_STOP_NO":55790,"STOP_STATUS":"Active","BUS_BENCHES":"NO","BUS_SHELTERS":"YES","LOCATION":"Eastbound 108 Ave @ King George Blvd","ACCESSIBLE":"Yes","OBJECTID_1":2142772,"GLOBALID":"{7D485402-1EB1-4FE2-BC78-9975FEB0297C}","TRANSIT_ROUTES":"335, 371, 373","PRESCRIBED_FREQUENT_BUS_STOPS":"Yes"}},{"type":"Feature","id":2142773,"geometry":{"type":"Point","coordinates":[-122.843312,49.200054]},"properties":{"FACILITYID":"1001208803","BUS_STOP_NO":55791,"STOP_STATUS":"Active","BUS_BENCHES":"NO","BUS_SHELTERS":"NO","LOCATION":"Eastbound Grosvenor Rd @ Hilton Rd","ACCESSIBLE":"Yes","OBJECTID_1":2142773,"GLOBALID":"{10B6EEE4-115A-4DC5-89E0-9145F3A60C68}","TRANSIT_ROUTES":"373","PRESCRIBED_FREQUENT_BUS_STOPS":null}},{"type":"Feature","id":2142774,"geometry":{"type":"Point","coordinates":[-122.839806,49.201942]},"properties":{"FACILITYID":"1001208848","BUS_STOP_NO":55792,"STOP_STATUS":"Active","BUS_BENCHES":"NO","BUS_SHELTERS":"NO","LOCATION":"Eastbound Grosvenor Rd @ Berg Rd","ACCESSIBLE":"No","OBJECTID_1":2142774,"GLOBALID":"{9A82BBD2-DDAE-48EC-B635-CB00446C3084}","TRANSIT_ROUTES":"373","PRESCRIBED_FREQUENT_BUS_STOPS":null}},{"type":"Feature","id":2142775,"geometry":{"type":"Point","coordinates":[-122.838015,49.202914]},"properties":{"FACILITYID":"1001208283","BUS_STOP_NO":55793,"STOP_STATUS":"Active","BUS_BENCHES":"NO","BUS_SHELTERS":"NO","LOCATION":"Eastbound Grosvenor Rd @ Brentwood Cres","ACCESSIBLE":"Yes","OBJECTID_1":2142775,"GLOBALID":"{9F834C1F-E009-4676-B16B-B1E31626D2A9}","TRANSIT_ROUTES":"373","PRESCRIBED_FREQUENT_BUS_STOPS":null}},{"type":"Feature","id":2142776,"geometry":{"type":"Point","coordinates":[-122.82503,49.206441]},"properties":{"FACILITYID":"1001208812","BUS_STOP_NO":55797,"STOP_STATUS":"Active","BUS_BENCHES":"NO","BUS_SHELTERS":"NO","LOCATION":"Northbound 143A St @ Gladstone Dr","ACCESSIBLE":"Yes","OBJECTID_1":2142776,"GLOBALID":"{6E417EEF-48F4-4A46-B700-A199E9A5A87F}","TRANSIT_ROUTES":"373","PRESCRIBED_FREQUENT_BUS_STOPS":null}},{"type":"Feature","id":2142777,"geometry":{"type":"Point","coordinates":[-122.844101,49.206082]},"properties":{"FACILITYID":"1001207979","BUS_STOP_NO":55799,"STOP_STATUS":"Active","BUS_BENCHES":"NO","BUS_SHELTERS":"NO","LOCATION":"Eastbound 112 Ave @ 136 St","ACCESSIBLE":"Yes","OBJECTID_1":2142777,"GLOBALID":"{E3AEEA85-605E-4FF8-913B-A7BA160FE43D}","TRANSIT_ROUTES":"373","PRESCRIBED_FREQUENT_BUS_STOPS":null}},{"type":"Feature","id":2142778,"geometry":{"type":"Point","coordinates":[-122.83936,49.206078]},"properties":{"FACILITYID":"1001208744","BUS_STOP_NO":55800,"STOP_STATUS":"Active","BUS_BENCHES":"NO","BUS_SHELTERS":"NO","LOCATION":"Eastbound 112 Ave @ 138 St","ACCESSIBLE":"Yes","OBJECTID_1":2142778,"GLOBALID":"{AB2156E1-D24C-4584-8E4F-A7FDA0C6669D}","TRANSIT_ROUTES":"373","PRESCRIBED_FREQUENT_BUS_STOPS":null}},{"type":"Feature","id":2142779,"geometry":{"type":"Point","coordinates":[-122.836719,49.203794]},"properties":{"FACILITYID":"1001207642","BUS_STOP_NO":55801,"STOP_STATUS":"Active","BUS_BENCHES":"NO","BUS_SHELTERS":"NO","LOCATION":"Westbound Grosvenor Rd @ Hansen Rd","ACCESSIBLE":"Yes","OBJECTID_1":2142779,"GLOBALID":"{C3021A9F-6706-414E-9A48-7E3610EBD2F7}","TRANSIT_ROUTES":"373","PRESCRIBED_FREQUENT_BUS_STOPS":null}},{"type":"Feature","id":2142780,"geometry":{"type":"Point","coordinates":[-122.839539,49.202277]},"properties":{"FACILITYID":"1001208413","BUS_STOP_NO":55802,"STOP_STATUS":"Active","BUS_BENCHES":"NO","BUS_SHELTERS":"NO","LOCATION":"Westbound Grosvenor Rd @ Harper Rd","ACCESSIBLE":"No","OBJECTID_1":2142780,"GLOBALID":"{CE5D0125-017C-4F25-B891-3FDB750E079D}","TRANSIT_ROUTES":"373","PRESCRIBED_FREQUENT_BUS_STOPS":null}},{"type":"Feature","id":2142781,"geometry":{"type":"Point","coordinates":[-122.842036,49.200947]},"properties":{"FACILITYID":"1001208805","BUS_STOP_NO":55803,"STOP_STATUS":"Active","BUS_BENCHES":"NO","BUS_SHELTERS":"NO","LOCATION":"Westbound Grosvenor Rd @ Howey Rd","ACCESSIBLE":"No","OBJECTID_1":2142781,"GLOBALID":"{B9E86A55-FBC0-4E9D-9F2C-4C92417A0831}","TRANSIT_ROUTES":"373","PRESCRIBED_FREQUENT_BUS_STOPS":null}},{"type":"Feature","id":2142782,"geometry":{"type":"Point","coordinates":[-122.844336,49.198934]},"properties":{"FACILITYID":"1001207822","BUS_STOP_NO":55805,"STOP_STATUS":"Active","BUS_BENCHES":"NO","BUS_SHELTERS":"NO","LOCATION":"Westbound 108 Ave @ 13600 Block","ACCESSIBLE":"Yes","OBJECTID_1":2142782,"GLOBALID":"{28D74999-C3DA-45D9-B2AA-D6DFED518D16}","TRANSIT_ROUTES":"335, 371, 373","PRESCRIBED_FREQUENT_BUS_STOPS":null}},{"type":"Feature","id":2142783,"geometry":{"type":"Point","coordinates":[-122.847112,49.198964]},"properties":{"FACILITYID":"1001208600","BUS_STOP_NO":55806,"STOP_STATUS":"Active","BUS_BENCHES":"NO","BUS_SHELTERS":"NO","LOCATION":"Westbound 108 Ave @ King George Blvd","ACCESSIBLE":"Yes","OBJECTID_1":2142783,"GLOBALID":"{B1625480-6159-4FBE-9884-2CF2ADDD1D9A}","TRANSIT_ROUTES":"335, 371, 373","PRESCRIBED_FREQUENT_BUS_STOPS":null}},{"type":"Feature","id":2142784,"geometry":{"type":"Point","coordinates":[-122.851521,49.199009]},"properties":{"FACILITYID":"1001207990","BUS_STOP_NO":55807,"STOP_STATUS":"Active","BUS_BENCHES":"YES","BUS_SHELTERS":"YES","LOCATION":"Gateway Station @ Bay 1","ACCESSIBLE":"Yes","OBJECTID_1":2142784,"GLOBALID":"{AAD5E436-208B-42E2-BA6E-05CE9E157EC4}","TRANSIT_ROUTES":"373","PRESCRIBED_FREQUENT_BUS_STOPS":null}},{"type":"Feature","id":2142785,"geometry":{"type":"Point","coordinates":[-122.85358,49.199006]},"properties":{"FACILITYID":"1001208073","BUS_STOP_NO":55808,"STOP_STATUS":"Active","BUS_BENCHES":"NO","BUS_SHELTERS":"NO","LOCATION":"Westbound 108 Ave @ 133 St","ACCESSIBLE":"No","OBJECTID_1":2142785,"GLOBALID":"{B7FB8F02-B5E5-4709-95ED-B1EBA047BDD7}","TRANSIT_ROUTES":"373","PRESCRIBED_FREQUENT_BUS_STOPS":null}},{"type":"Feature","id":2142786,"geometry":{"type":"Point","coordinates":[-122.857194,49.199058]},"properties":{"FACILITYID":"1001207681","BUS_STOP_NO":55809,"STOP_STATUS":"Active","BUS_BENCHES":"YES","BUS_SHELTERS":"NO","LOCATION":"Westbound 108 Ave @ 132 St","ACCESSIBLE":"Yes","OBJECTID_1":2142786,"GLOBALID":"{69D2FFD8-391E-4C6B-BEE7-534E950B5035}","TRANSIT_ROUTES":"373","PRESCRIBED_FREQUENT_BUS_STOPS":null}},{"type":"Feature","id":2142787,"geometry":{"type":"Point","coordinates":[-122.86304,49.199047]},"properties":{"FACILITYID":"1001207937","BUS_STOP_NO":55810,"STOP_STATUS":"Active","BUS_BENCHES":"YES","BUS_SHELTERS":"NO","LOCATION":"Westbound 108 Ave @ 130 St","ACCESSIBLE":"Yes","OBJECTID_1":2142787,"GLOBALID":"{779C3EC0-8E2C-4E1C-8DBB-A78129DADD41}","TRANSIT_ROUTES":"373","PRESCRIBED_FREQUENT_BUS_STOPS":null}},{"type":"Feature","id":2142788,"geometry":{"type":"Point","coordinates":[-122.86597,49.19908]},"properties":{"FACILITYID":"1001207737","BUS_STOP_NO":55811,"STOP_STATUS":"Active","BUS_BENCHES":"NO","BUS_SHELTERS":"NO","LOCATION":"Westbound 108 Ave @ 12800 Block","ACCESSIBLE":"Yes","OBJECTID_1":2142788,"GLOBALID":"{32D1C1FB-D766-4DBF-9924-20964CE416A9}","TRANSIT_ROUTES":"373","PRESCRIBED_FREQUENT_BUS_STOPS":null}},{"type":"Feature","id":2142789,"geometry":{"type":"Point","coordinates":[-122.867744,49.197514]},"properties":{"FACILITYID":"1001208192","BUS_STOP_NO":55812,"STOP_STATUS":"Active","BUS_BENCHES":"NO","BUS_SHELTERS":"NO","LOCATION":"Southbound 128 St @ 107A Ave","ACCESSIBLE":"No","OBJECTID_1":2142789,"GLOBALID":"{F61BF05B-0E43-48C9-B642-087AF5901BB3}","TRANSIT_ROUTES":"373","PRESCRIBED_FREQUENT_BUS_STOPS":null}},{"type":"Feature","id":2142790,"geometry":{"type":"Point","coordinates":[-122.867795,49.195125]},"properties":{"FACILITYID":"1001207554","BUS_STOP_NO":55813,"STOP_STATUS":"Active","BUS_BENCHES":"NO","BUS_SHELTERS":"NO","LOCATION":"Southbound 128 St @ 106 Ave","ACCESSIBLE":"Yes","OBJECTID_1":2142790,"GLOBALID":"{9A35D45F-E565-4637-B9CF-F8DB9535B944}","TRANSIT_ROUTES":"373","PRESCRIBED_FREQUENT_BUS_STOPS":null}},{"type":"Feature","id":2142791,"geometry":{"type":"Point","coordinates":[-122.889712,49.155908]},"properties":{"FACILITYID":"1001207666","BUS_STOP_NO":55814,"STOP_STATUS":"Active","BUS_BENCHES":"NO","BUS_SHELTERS":"NO","LOCATION":"Eastbound 84 Ave @ Scott Rd","ACCESSIBLE":"No","OBJECTID_1":2142791,"GLOBALID":"{A36AA925-25C3-44FA-B511-21B10D55DD0E}","TRANSIT_ROUTES":"329","PRESCRIBED_FREQUENT_BUS_STOPS":null}},{"type":"Feature","id":2142792,"geometry":{"type":"Point","coordinates":[-122.885772,49.155807]},"properties":{"FACILITYID":"1001208759","BUS_STOP_NO":55815,"STOP_STATUS":"Active","BUS_BENCHES":"NO","BUS_SHELTERS":"NO","LOCATION":"Eastbound 84 Ave @ 121A St","ACCESSIBLE":"No","OBJECTID_1":2142792,"GLOBALID":"{B773417F-E508-4946-ADE1-D66DC41F293D}","TRANSIT_ROUTES":"329","PRESCRIBED_FREQUENT_BUS_STOPS":null}},{"type":"Feature","id":2142793,"geometry":{"type":"Point","coordinates":[-122.881945,49.155707]},"properties":{"FACILITYID":"1001208558","BUS_STOP_NO":55816,"STOP_STATUS":"Active","BUS_BENCHES":"NO","BUS_SHELTERS":"NO","LOCATION":"Eastbound 84 Ave @ 122A St","ACCESSIBLE":"No","OBJECTID_1":2142793,"GLOBALID":"{D2603850-D83D-4BB6-B1F0-1CE3BF47EAA3}","TRANSIT_ROUTES":"329","PRESCRIBED_FREQUENT_BUS_STOPS":null}},{"type":"Feature","id":2142794,"geometry":{"type":"Point","coordinates":[-122.879662,49.155646]},"properties":{"FACILITYID":"1001207758","BUS_STOP_NO":55817,"STOP_STATUS":"Active","BUS_BENCHES":"NO","BUS_SHELTERS":"NO","LOCATION":"Eastbound 84 Ave @ 124 St","ACCESSIBLE":"No","OBJECTID_1":2142794,"GLOBALID":"{5E7AE746-02FA-46E2-BD9F-05AC30F98AEA}","TRANSIT_ROUTES":"329","PRESCRIBED_FREQUENT_BUS_STOPS":null}},{"type":"Feature","id":2142795,"geometry":{"type":"Point","coordinates":[-122.879204,49.151693]},"properties":{"FACILITYID":"1001207632","BUS_STOP_NO":55818,"STOP_STATUS":"Active","BUS_BENCHES":"NO","BUS_SHELTERS":"NO","LOCATION":"Southbound 124 St @ 82 Ave","ACCESSIBLE":"Yes","OBJECTID_1":2142795,"GLOBALID":"{B32AC11F-B8B5-4EFF-AEC8-5EE9FEF59676}","TRANSIT_ROUTES":"329","PRESCRIBED_FREQUENT_BUS_STOPS":null}},{"type":"Feature","id":2142796,"geometry":{"type":"Point","coordinates":[-122.879214,49.148056]},"properties":{"FACILITYID":"1001208333","BUS_STOP_NO":55819,"STOP_STATUS":"Active","BUS_BENCHES":"YES","BUS_SHELTERS":"NO","LOCATION":"Southbound 124 St @ 80 Ave","ACCESSIBLE":"Yes","OBJECTID_1":2142796,"GLOBALID":"{744CCAAB-3698-47CA-B880-9E2011F5B08B}","TRANSIT_ROUTES":"329","PRESCRIBED_FREQUENT_BUS_STOPS":null}},{"type":"Feature","id":2142797,"geometry":{"type":"Point","coordinates":[-122.879175,49.144249]},"properties":{"FACILITYID":"1001208075","BUS_STOP_NO":55820,"STOP_STATUS":"Active","BUS_BENCHES":"NO","BUS_SHELTERS":"NO","LOCATION":"Southbound 124 St @ 78 Ave","ACCESSIBLE":"Yes","OBJECTID_1":2142797,"GLOBALID":"{3CE7FA85-7C7C-4B44-B492-0958E8D9E4B5}","TRANSIT_ROUTES":"329","PRESCRIBED_FREQUENT_BUS_STOPS":null}},{"type":"Feature","id":2142798,"geometry":{"type":"Point","coordinates":[-122.879133,49.141329]},"properties":{"FACILITYID":"1001208044","BUS_STOP_NO":55821,"STOP_STATUS":"Active","BUS_BENCHES":"YES","BUS_SHELTERS":"NO","LOCATION":"Southbound 124 St @ 76 Ave","ACCESSIBLE":"Yes","OBJECTID_1":2142798,"GLOBALID":"{0C5BA5B7-9A1F-43D7-9A9E-9AD73E532628}","TRANSIT_ROUTES":"329","PRESCRIBED_FREQUENT_BUS_STOPS":null}},{"type":"Feature","id":2142799,"geometry":{"type":"Point","coordinates":[-122.88075,49.139385]},"properties":{"FACILITYID":"1001207770","BUS_STOP_NO":55822,"STOP_STATUS":"Active","BUS_BENCHES":"NO","BUS_SHELTERS":"NO","LOCATION":"Westbound 75 Ave @ 123A St","ACCESSIBLE":"Yes","OBJECTID_1":2142799,"GLOBALID":"{C5B1D787-5B10-4007-B335-574E57C4350E}","TRANSIT_ROUTES":"329","PRESCRIBED_FREQUENT_BUS_STOPS":null}},{"type":"Feature","id":2142800,"geometry":{"type":"Point","coordinates":[-122.883472,49.13944]},"properties":{"FACILITYID":"1001208745","BUS_STOP_NO":55823,"STOP_STATUS":"Active","BUS_BENCHES":"NO","BUS_SHELTERS":"NO","LOCATION":"Westbound 75 Ave @ 122A St","ACCESSIBLE":"Yes","OBJECTID_1":2142800,"GLOBALID":"{584EC275-D7C2-4F31-B027-649F38A2398E}","TRANSIT_ROUTES":"329","PRESCRIBED_FREQUENT_BUS_STOPS":null}},{"type":"Feature","id":2142801,"geometry":{"type":"Point","coordinates":[-122.885812,49.139021]},"properties":{"FACILITYID":"1001208140","BUS_STOP_NO":55824,"STOP_STATUS":"Active","BUS_BENCHES":"NO","BUS_SHELTERS":"NO","LOCATION":"Southbound 121A St @ 75 Ave","ACCESSIBLE":"Yes","OBJECTID_1":2142801,"GLOBALID":"{C0195AA3-AF95-479B-A8E5-0EF6A02C768F}","TRANSIT_ROUTES":"329","PRESCRIBED_FREQUENT_BUS_STOPS":null}},{"type":"Feature","id":2142802,"geometry":{"type":"Point","coordinates":[-122.882514,49.139292]},"properties":{"FACILITYID":"1001208503","BUS_STOP_NO":55826,"STOP_STATUS":"Active","BUS_BENCHES":"NO","BUS_SHELTERS":"NO","LOCATION":"Eastbound 75 Ave @ 122A St","ACCESSIBLE":"Yes","OBJECTID_1":2142802,"GLOBALID":"{BDBD2EE9-30F3-43D3-885F-A381E3C350DE}","TRANSIT_ROUTES":"329","PRESCRIBED_FREQUENT_BUS_STOPS":null}},{"type":"Feature","id":2142803,"geometry":{"type":"Point","coordinates":[-122.878926,49.139771]},"properties":{"FACILITYID":"1001207691","BUS_STOP_NO":55827,"STOP_STATUS":"Active","BUS_BENCHES":"NO","BUS_SHELTERS":"NO","LOCATION":"Northbound 124 St @ 75 Ave","ACCESSIBLE":"No","OBJECTID_1":2142803,"GLOBALID":"{CE14E712-6250-4BA0-BE90-D007A9730405}","TRANSIT_ROUTES":"329","PRESCRIBED_FREQUENT_BUS_STOPS":null}},{"type":"Feature","id":2142804,"geometry":{"type":"Point","coordinates":[-122.878962,49.141345]},"properties":{"FACILITYID":"1001208309","BUS_STOP_NO":55828,"STOP_STATUS":"Active","BUS_BENCHES":"YES","BUS_SHELTERS":"NO","LOCATION":"Northbound 124 St @ 76 Ave","ACCESSIBLE":"Yes","OBJECTID_1":2142804,"GLOBALID":"{6B704980-12C0-4A20-97FD-11B49F8762F0}","TRANSIT_ROUTES":"329","PRESCRIBED_FREQUENT_BUS_STOPS":null}},{"type":"Feature","id":2142805,"geometry":{"type":"Point","coordinates":[-122.879015,49.144933]},"properties":{"FACILITYID":"1001208433","BUS_STOP_NO":55829,"STOP_STATUS":"Active","BUS_BENCHES":"NO","BUS_SHELTERS":"NO","LOCATION":"Northbound 124 St @ 78 Ave","ACCESSIBLE":"Yes","OBJECTID_1":2142805,"GLOBALID":"{BDE6D73D-B30B-4C97-957A-EE5C4346BE8A}","TRANSIT_ROUTES":"329","PRESCRIBED_FREQUENT_BUS_STOPS":null}},{"type":"Feature","id":2142806,"geometry":{"type":"Point","coordinates":[-122.878969,49.148701]},"properties":{"FACILITYID":"1001208104","BUS_STOP_NO":55830,"STOP_STATUS":"Active","BUS_BENCHES":"NO","BUS_SHELTERS":"NO","LOCATION":"Northbound 124 St @ 80 Ave","ACCESSIBLE":"Yes","OBJECTID_1":2142806,"GLOBALID":"{E47657FF-B8AE-4FC2-9C1F-A697CBF34058}","TRANSIT_ROUTES":"329","PRESCRIBED_FREQUENT_BUS_STOPS":null}},{"type":"Feature","id":2142807,"geometry":{"type":"Point","coordinates":[-122.87897,49.152415]},"properties":{"FACILITYID":"1001207975","BUS_STOP_NO":55831,"STOP_STATUS":"Active","BUS_BENCHES":"NO","BUS_SHELTERS":"NO","LOCATION":"Northbound 124 St @ 82 Ave","ACCESSIBLE":"Yes","OBJECTID_1":2142807,"GLOBALID":"{8B43181E-CAE8-4E3A-9841-7F64E9ECC117}","TRANSIT_ROUTES":"329","PRESCRIBED_FREQUENT_BUS_STOPS":null}},{"type":"Feature","id":2142808,"geometry":{"type":"Point","coordinates":[-122.879823,49.155806]},"properties":{"FACILITYID":"1001208019","BUS_STOP_NO":55832,"STOP_STATUS":"Active","BUS_BENCHES":"NO","BUS_SHELTERS":"NO","LOCATION":"Westbound 84 Ave @ 124 St","ACCESSIBLE":"No","OBJECTID_1":2142808,"GLOBALID":"{79A4925C-FD48-41EF-B20C-38E563A349A5}","TRANSIT_ROUTES":"329","PRESCRIBED_FREQUENT_BUS_STOPS":null}},{"type":"Feature","id":2142809,"geometry":{"type":"Point","coordinates":[-122.882978,49.1559]},"properties":{"FACILITYID":"1001207789","BUS_STOP_NO":55833,"STOP_STATUS":"Active","BUS_BENCHES":"NO","BUS_SHELTERS":"NO","LOCATION":"Westbound 84 Ave @ 123 St","ACCESSIBLE":"No","OBJECTID_1":2142809,"GLOBALID":"{0278AA8F-522B-44DD-AA56-2DFC73EF8C1D}","TRANSIT_ROUTES":"329","PRESCRIBED_FREQUENT_BUS_STOPS":null}},{"type":"Feature","id":2142810,"geometry":{"type":"Point","coordinates":[-122.88542,49.155919]},"properties":{"FACILITYID":"1001208795","BUS_STOP_NO":55834,"STOP_STATUS":"Active","BUS_BENCHES":"NO","BUS_SHELTERS":"NO","LOCATION":"Westbound 84 Ave @ 122 St","ACCESSIBLE":"Yes","OBJECTID_1":2142810,"GLOBALID":"{DB5CD481-571B-405E-9945-562947279DF4}","TRANSIT_ROUTES":"329","PRESCRIBED_FREQUENT_BUS_STOPS":null}},{"type":"Feature","id":2142811,"geometry":{"type":"Point","coordinates":[-122.875541,49.204125]},"properties":{"FACILITYID":"1001843403","BUS_STOP_NO":55835,"STOP_STATUS":"Active","BUS_BENCHES":"NO","BUS_SHELTERS":"EXCH","LOCATION":"Scott Road Station @ Bay 9","ACCESSIBLE":"Yes","OBJECTID_1":2142811,"GLOBALID":"{81B461D3-42FD-4A9A-AA0A-30C08BB453C6}","TRANSIT_ROUTES":"321","PRESCRIBED_FREQUENT_BUS_STOPS":null}},{"type":"Feature","id":2142812,"geometry":{"type":"Point","coordinates":[-122.848829,49.188847]},"properties":{"FACILITYID":"1001207873","BUS_STOP_NO":55836,"STOP_STATUS":"Active","BUS_BENCHES":"NO","BUS_SHELTERS":"EXCH","LOCATION":"Surrey Central Station @ Bay 3","ACCESSIBLE":"Yes","OBJECTID_1":2142812,"GLOBALID":"{E3890519-BCF0-49D2-836B-61C07988B9E9}","TRANSIT_ROUTES":"335","PRESCRIBED_FREQUENT_BUS_STOPS":null}},{"type":"Feature","id":2142813,"geometry":{"type":"Point","coordinates":[-122.850689,49.192053]},"properties":{"FACILITYID":null,"BUS_STOP_NO":55837,"STOP_STATUS":"Active","BUS_BENCHES":"YES","BUS_SHELTERS":"YES","LOCATION":"Northbound University Dr @ 104 Ave","ACCESSIBLE":"Yes","OBJECTID_1":2142813,"GLOBALID":null,"TRANSIT_ROUTES":"335, 371","PRESCRIBED_FREQUENT_BUS_STOPS":null}},{"type":"Feature","id":2142814,"geometry":{"type":"Point","coordinates":[-122.850734,49.1948]},"properties":{"FACILITYID":"1001207801","BUS_STOP_NO":55838,"STOP_STATUS":"Active","BUS_BENCHES":"NO","BUS_SHELTERS":"NO","LOCATION":"Northbound University Dr @ 105A Ave","ACCESSIBLE":"Yes","OBJECTID_1":2142814,"GLOBALID":"{25B7C943-9B6F-4770-B759-3BDC8664CB63}","TRANSIT_ROUTES":"335, 371","PRESCRIBED_FREQUENT_BUS_STOPS":null}},{"type":"Feature","id":2142815,"geometry":{"type":"Point","coordinates":[-122.839199,49.198785]},"properties":{"FACILITYID":null,"BUS_STOP_NO":55840,"STOP_STATUS":"Active","BUS_BENCHES":"YES","BUS_SHELTERS":"NO","LOCATION":"Eastbound 108 Ave @ 138 St","ACCESSIBLE":"Yes","OBJECTID_1":2142815,"GLOBALID":null,"TRANSIT_ROUTES":"335","PRESCRIBED_FREQUENT_BUS_STOPS":null}},{"type":"Feature","id":2142816,"geometry":{"type":"Point","coordinates":[-122.833479,49.198748]},"properties":{"FACILITYID":"1001208428","BUS_STOP_NO":55841,"STOP_STATUS":"Active","BUS_BENCHES":"NO","BUS_SHELTERS":"NO","LOCATION":"Eastbound 108 Ave @ 140 St","ACCESSIBLE":"Yes","OBJECTID_1":2142816,"GLOBALID":"{EEE75B08-D58D-4CD1-91E5-811FE6001453}","TRANSIT_ROUTES":"335","PRESCRIBED_FREQUENT_BUS_STOPS":null}},{"type":"Feature","id":2142817,"geometry":{"type":"Point","coordinates":[-122.828001,49.198742]},"properties":{"FACILITYID":"1001207914","BUS_STOP_NO":55842,"STOP_STATUS":"Active","BUS_BENCHES":"NO","BUS_SHELTERS":"YES","LOCATION":"Eastbound 108 Ave @ 142 St","ACCESSIBLE":"Yes","OBJECTID_1":2142817,"GLOBALID":"{616F5E62-29AB-4264-8211-6F647E452F06}","TRANSIT_ROUTES":"335","PRESCRIBED_FREQUENT_BUS_STOPS":null}},{"type":"Feature","id":2142818,"geometry":{"type":"Point","coordinates":[-122.822538,49.198713]},"properties":{"FACILITYID":"1001207649","BUS_STOP_NO":55843,"STOP_STATUS":"Active","BUS_BENCHES":"YES","BUS_SHELTERS":"NO","LOCATION":"Eastbound 108 Ave @ 144 St","ACCESSIBLE":"Yes","OBJECTID_1":2142818,"GLOBALID":"{86B5F219-8B9D-4A1E-B817-9BF32BB8CC6C}","TRANSIT_ROUTES":"335","PRESCRIBED_FREQUENT_BUS_STOPS":null}},{"type":"Feature","id":2142819,"geometry":{"type":"Point","coordinates":[-122.817035,49.198681]},"properties":{"FACILITYID":"1001207912","BUS_STOP_NO":55844,"STOP_STATUS":"Active","BUS_BENCHES":"NO","BUS_SHELTERS":"NO","LOCATION":"Eastbound 108 Ave @ 146 St","ACCESSIBLE":"Yes","OBJECTID_1":2142819,"GLOBALID":"{00F2D69E-B72C-4F95-9DCE-EDBC9BB3DD16}","TRANSIT_ROUTES":"335","PRESCRIBED_FREQUENT_BUS_STOPS":null}},{"type":"Feature","id":2142820,"geometry":{"type":"Point","coordinates":[-122.813087,49.198815]},"properties":{"FACILITYID":"1001208622","BUS_STOP_NO":55845,"STOP_STATUS":"Active","BUS_BENCHES":"NO","BUS_SHELTERS":"STD AD","LOCATION":"Westbound 108 Ave @ 148 St","ACCESSIBLE":"Yes","OBJECTID_1":2142820,"GLOBALID":"{EF1D2F09-BD1F-4610-9677-613C0605AB36}","TRANSIT_ROUTES":"335","PRESCRIBED_FREQUENT_BUS_STOPS":null}},{"type":"Feature","id":2142821,"geometry":{"type":"Point","coordinates":[-122.818029,49.198828]},"properties":{"FACILITYID":"1001207885","BUS_STOP_NO":55846,"STOP_STATUS":"Active","BUS_BENCHES":"YES","BUS_SHELTERS":"NO","LOCATION":"Westbound 108 Ave @ 146 St","ACCESSIBLE":"Yes","OBJECTID_1":2142821,"GLOBALID":"{E0ADE29C-7607-4E25-B304-BF021A053356}","TRANSIT_ROUTES":"335","PRESCRIBED_FREQUENT_BUS_STOPS":null}},{"type":"Feature","id":2142822,"geometry":{"type":"Point","coordinates":[-122.823492,49.19886]},"properties":{"FACILITYID":"1001208687","BUS_STOP_NO":55847,"STOP_STATUS":"Active","BUS_BENCHES":"NO","BUS_SHELTERS":"STD AD","LOCATION":"Westbound 108 Ave @ 144 St","ACCESSIBLE":"Yes","OBJECTID_1":2142822,"GLOBALID":"{EC519F62-F3B8-4E5D-97AE-A0C90CB51F2C}","TRANSIT_ROUTES":"335","PRESCRIBED_FREQUENT_BUS_STOPS":null}},{"type":"Feature","id":2142823,"geometry":{"type":"Point","coordinates":[-122.828847,49.19889]},"properties":{"FACILITYID":"1001208583","BUS_STOP_NO":55848,"STOP_STATUS":"Active","BUS_BENCHES":"NO","BUS_SHELTERS":"STD AD","LOCATION":"Westbound 108 Ave @ 142 St","ACCESSIBLE":"Yes","OBJECTID_1":2142823,"GLOBALID":"{12D58697-1EDF-441F-866D-6C1716CEAB7E}","TRANSIT_ROUTES":"335","PRESCRIBED_FREQUENT_BUS_STOPS":null}},{"type":"Feature","id":2142824,"geometry":{"type":"Point","coordinates":[-122.834564,49.19892]},"properties":{"FACILITYID":null,"BUS_STOP_NO":55849,"STOP_STATUS":"Active","BUS_BENCHES":null,"BUS_SHELTERS":"YES","LOCATION":"Westbound 108 Ave @ 140 St","ACCESSIBLE":"Yes","OBJECTID_1":2142824,"GLOBALID":null,"TRANSIT_ROUTES":"335","PRESCRIBED_FREQUENT_BUS_STOPS":null}},{"type":"Feature","id":2142825,"geometry":{"type":"Point","coordinates":[-122.840815,49.198936]},"properties":{"FACILITYID":"1001207717","BUS_STOP_NO":55850,"STOP_STATUS":"Active","BUS_BENCHES":"NO","BUS_SHELTERS":"NO","LOCATION":"Westbound 108 Ave @ Whalley Blvd","ACCESSIBLE":"Yes","OBJECTID_1":2142825,"GLOBALID":"{5671F90B-4539-4A5E-8685-6CA038141478}","TRANSIT_ROUTES":"335","PRESCRIBED_FREQUENT_BUS_STOPS":null}},{"type":"Feature","id":2142826,"geometry":{"type":"Point","coordinates":[-122.851025,49.193866]},"properties":{"FACILITYID":"1001207635","BUS_STOP_NO":55852,"STOP_STATUS":"Active","BUS_BENCHES":"NO","BUS_SHELTERS":"NO","LOCATION":"Southbound University Dr @ 105A Ave","ACCESSIBLE":"Yes","OBJECTID_1":2142826,"GLOBALID":"{A0EA3998-2ED7-48F1-A3AD-3E246504286C}","TRANSIT_ROUTES":"335, 371","PRESCRIBED_FREQUENT_BUS_STOPS":null}},{"type":"Feature","id":2142827,"geometry":{"type":"Point","coordinates":[-122.806503,49.192658]},"properties":{"FACILITYID":"1001207948","BUS_STOP_NO":55853,"STOP_STATUS":"Active","BUS_BENCHES":"YES","BUS_SHELTERS":"NO","LOCATION":"Southbound 150 St @ 105 Ave","ACCESSIBLE":"Yes","OBJECTID_1":2142827,"GLOBALID":"{0844C20A-C1E8-412B-85BE-5FDA96E97DF2}","TRANSIT_ROUTES":"326, 335, 337, 373, 375","PRESCRIBED_FREQUENT_BUS_STOPS":"Yes"}},{"type":"Feature","id":2142828,"geometry":{"type":"Point","coordinates":[-122.789033,49.191485]},"properties":{"FACILITYID":"1001208458","BUS_STOP_NO":55854,"STOP_STATUS":"Active","BUS_BENCHES":"YES","BUS_SHELTERS":"STD AD","LOCATION":"Eastbound 104 Ave @ 156 St","ACCESSIBLE":"Yes","OBJECTID_1":2142828,"GLOBALID":"{7E4FBC3C-B685-4D9E-8BF8-A6B0BE24EF03}","TRANSIT_ROUTES":"501","PRESCRIBED_FREQUENT_BUS_STOPS":null}},{"type":"Feature","id":2142829,"geometry":{"type":"Point","coordinates":[-122.778807,49.180319]},"properties":{"FACILITYID":"1001208147","BUS_STOP_NO":55858,"STOP_STATUS":"Active","BUS_BENCHES":"NO","BUS_SHELTERS":"NO","LOCATION":"Southbound 160 St @ 98 Ave","ACCESSIBLE":"Yes","OBJECTID_1":2142829,"GLOBALID":"{D2F84DF8-F686-40C7-A33C-3309C2237D8D}","TRANSIT_ROUTES":"335","PRESCRIBED_FREQUENT_BUS_STOPS":null}},{"type":"Feature","id":2142830,"geometry":{"type":"Point","coordinates":[-122.778999,49.176463]},"properties":{"FACILITYID":"1001208792","BUS_STOP_NO":55859,"STOP_STATUS":"Active","BUS_BENCHES":"YES","BUS_SHELTERS":"STD AD","LOCATION":"Southbound 160 St @ 96 Ave","ACCESSIBLE":"Yes","OBJECTID_1":2142830,"GLOBALID":"{DAA99F29-7ACC-4B95-9FE7-CC2CFDE21E3D}","TRANSIT_ROUTES":"335","PRESCRIBED_FREQUENT_BUS_STOPS":null}},{"type":"Feature","id":2142831,"geometry":{"type":"Point","coordinates":[-122.778962,49.172601]},"properties":{"FACILITYID":"1001207895","BUS_STOP_NO":55860,"STOP_STATUS":"Active","BUS_BENCHES":"YES","BUS_SHELTERS":"NO","LOCATION":"Southbound 160 St @ 93A Ave","ACCESSIBLE":"Yes","OBJECTID_1":2142831,"GLOBALID":"{37536D60-063A-4A6E-AEC1-CDC83E400A65}","TRANSIT_ROUTES":"335","PRESCRIBED_FREQUENT_BUS_STOPS":null}},{"type":"Feature","id":2142832,"geometry":{"type":"Point","coordinates":[-122.778977,49.169518]},"properties":{"FACILITYID":"1001208385","BUS_STOP_NO":55932,"STOP_STATUS":"Active","BUS_BENCHES":"YES","BUS_SHELTERS":"STD AD","LOCATION":"Southbound 160 St @ 92 Ave","ACCESSIBLE":"Yes","OBJECTID_1":2142832,"GLOBALID":"{827F081A-2944-44E5-89C2-0C349F3E94E0}","TRANSIT_ROUTES":"335","PRESCRIBED_FREQUENT_BUS_STOPS":null}},{"type":"Feature","id":2142833,"geometry":{"type":"Point","coordinates":[-122.778961,49.167923]},"properties":{"FACILITYID":"1001208619","BUS_STOP_NO":55861,"STOP_STATUS":"Active","BUS_BENCHES":"YES","BUS_SHELTERS":"NO","LOCATION":"Southbound 160 St @ 91 Ave","ACCESSIBLE":"Yes","OBJECTID_1":2142833,"GLOBALID":"{27D41F1D-AA1D-498C-8E8A-645227F12171}","TRANSIT_ROUTES":"335","PRESCRIBED_FREQUENT_BUS_STOPS":null}},{"type":"Feature","id":2142834,"geometry":{"type":"Point","coordinates":[-122.778991,49.16239]},"properties":{"FACILITYID":"1001207976","BUS_STOP_NO":55862,"STOP_STATUS":"Active","BUS_BENCHES":"NO","BUS_SHELTERS":"STD AD","LOCATION":"Southbound 160 St @ 88 Ave","ACCESSIBLE":"Yes","OBJECTID_1":2142834,"GLOBALID":"{426D824C-C195-4312-BDD2-968AC6E702CC}","TRANSIT_ROUTES":"335, 341","PRESCRIBED_FREQUENT_BUS_STOPS":null}},{"type":"Feature","id":2142835,"geometry":{"type":"Point","coordinates":[-122.778996,49.156682]},"properties":{"FACILITYID":"1001207960","BUS_STOP_NO":55863,"STOP_STATUS":"Active","BUS_BENCHES":"YES","BUS_SHELTERS":"NO","LOCATION":"Southbound 160 St @ Fraser Hwy","ACCESSIBLE":"Yes","OBJECTID_1":2142835,"GLOBALID":"{D886ACA3-1C67-4CED-8923-093E50D034A5}","TRANSIT_ROUTES":"335, 341","PRESCRIBED_FREQUENT_BUS_STOPS":null}},{"type":"Feature","id":2142836,"geometry":{"type":"Point","coordinates":[-122.779581,49.155556]},"properties":{"FACILITYID":"1001208447","BUS_STOP_NO":55864,"STOP_STATUS":"Active","BUS_BENCHES":"YES","BUS_SHELTERS":"NO","LOCATION":"Westbound 84 Ave @ 160 St","ACCESSIBLE":"Yes","OBJECTID_1":2142836,"GLOBALID":"{DBC8C02C-1FAE-42DB-B0EF-48B83DE2F70E}","TRANSIT_ROUTES":"335, 341","PRESCRIBED_FREQUENT_BUS_STOPS":null}},{"type":"Feature","id":2142837,"geometry":{"type":"Point","coordinates":[-122.789992,49.148622]},"properties":{"FACILITYID":null,"BUS_STOP_NO":55866,"STOP_STATUS":"Active","BUS_BENCHES":"YES","BUS_SHELTERS":"NO","LOCATION":"Northbound 156 St @ 80 Ave","ACCESSIBLE":"Yes","OBJECTID_1":2142837,"GLOBALID":null,"TRANSIT_ROUTES":"335","PRESCRIBED_FREQUENT_BUS_STOPS":null}},{"type":"Feature","id":2142838,"geometry":{"type":"Point","coordinates":[-122.790673,49.155582]},"properties":{"FACILITYID":"1001207943","BUS_STOP_NO":55867,"STOP_STATUS":"Active","BUS_BENCHES":"YES","BUS_SHELTERS":"STD AD","LOCATION":"Westbound 84 Ave @ 156 St","ACCESSIBLE":"Yes","OBJECTID_1":2142838,"GLOBALID":"{09CB3AFD-2ED0-4565-B271-84F7A4DDF722}","TRANSIT_ROUTES":"335, 341","PRESCRIBED_FREQUENT_BUS_STOPS":null}},{"type":"Feature","id":2142839,"geometry":{"type":"Point","coordinates":[-122.797117,49.155584]},"properties":{"FACILITYID":"1001208451","BUS_STOP_NO":55868,"STOP_STATUS":"Active","BUS_BENCHES":"YES","BUS_SHELTERS":"NO","LOCATION":"Westbound 84 Ave @ 154 St","ACCESSIBLE":"Yes","OBJECTID_1":2142839,"GLOBALID":"{6211C21E-7BE7-4E0A-8F8E-BD922A8CD9A4}","TRANSIT_ROUTES":"335, 341","PRESCRIBED_FREQUENT_BUS_STOPS":null}},{"type":"Feature","id":2142840,"geometry":{"type":"Point","coordinates":[-122.800457,49.15545]},"properties":{"FACILITYID":"1001208683","BUS_STOP_NO":55869,"STOP_STATUS":"Active","BUS_BENCHES":"NO","BUS_SHELTERS":"NO","LOCATION":"Eastbound 84 Ave @ 152 St","ACCESSIBLE":"No","OBJECTID_1":2142840,"GLOBALID":"{86265148-334B-4F16-90E1-CCDEFBE2F896}","TRANSIT_ROUTES":"335, 341","PRESCRIBED_FREQUENT_BUS_STOPS":null}},{"type":"Feature","id":2142841,"geometry":{"type":"Point","coordinates":[-122.807316,49.155589]},"properties":{"FACILITYID":null,"BUS_STOP_NO":55870,"STOP_STATUS":"Active","BUS_BENCHES":"YES","BUS_SHELTERS":"NO","LOCATION":"Westbound 84 Ave @ 150 St","ACCESSIBLE":"Yes","OBJECTID_1":2142841,"GLOBALID":null,"TRANSIT_ROUTES":"341","PRESCRIBED_FREQUENT_BUS_STOPS":null}},{"type":"Feature","id":2142842,"geometry":{"type":"Point","coordinates":[-122.812993,49.155608]},"properties":{"FACILITYID":"1001208181","BUS_STOP_NO":55871,"STOP_STATUS":"Active","BUS_BENCHES":"YES","BUS_SHELTERS":"NO","LOCATION":"Westbound 84 Ave @ 148 St","ACCESSIBLE":"Yes","OBJECTID_1":2142842,"GLOBALID":"{3FE6E6BD-3322-426C-96C3-50ACBE93D78B}","TRANSIT_ROUTES":"341","PRESCRIBED_FREQUENT_BUS_STOPS":null}},{"type":"Feature","id":2142843,"geometry":{"type":"Point","coordinates":[-122.818346,49.155621]},"properties":{"FACILITYID":"1001208849","BUS_STOP_NO":55872,"STOP_STATUS":"Active","BUS_BENCHES":"YES","BUS_SHELTERS":"YES","LOCATION":"Westbound 84 Ave @ 146 St","ACCESSIBLE":"Yes","OBJECTID_1":2142843,"GLOBALID":"{53AAAB1C-9A23-426F-9528-A770050F813D}","TRANSIT_ROUTES":"341","PRESCRIBED_FREQUENT_BUS_STOPS":null}},{"type":"Feature","id":2142844,"geometry":{"type":"Point","coordinates":[-122.8235,49.155035]},"properties":{"FACILITYID":"1001208439","BUS_STOP_NO":55873,"STOP_STATUS":"Active","BUS_BENCHES":"NO","BUS_SHELTERS":"NO","LOCATION":"Southbound 144 St @ 84 Ave","ACCESSIBLE":"Yes","OBJECTID_1":2142844,"GLOBALID":"{6E73420C-D25F-4E25-A490-CB241E8FE584}","TRANSIT_ROUTES":"341","PRESCRIBED_FREQUENT_BUS_STOPS":null}},{"type":"Feature","id":2142845,"geometry":{"type":"Point","coordinates":[-122.823501,49.152751]},"properties":{"FACILITYID":"1001208400","BUS_STOP_NO":55874,"STOP_STATUS":"Active","BUS_BENCHES":"YES","BUS_SHELTERS":"NO","LOCATION":"Southbound 144 St @ 82 Ave","ACCESSIBLE":"Yes","OBJECTID_1":2142845,"GLOBALID":"{572DF666-7D9A-44E6-8A06-AE05635C2FF4}","TRANSIT_ROUTES":"341","PRESCRIBED_FREQUENT_BUS_STOPS":null}},{"type":"Feature","id":2142846,"geometry":{"type":"Point","coordinates":[-122.82348,49.142924]},"properties":{"FACILITYID":"1001208703","BUS_STOP_NO":55875,"STOP_STATUS":"Active","BUS_BENCHES":"YES","BUS_SHELTERS":"NO","LOCATION":"Southbound 144 St @ 77A Ave","ACCESSIBLE":"Yes","OBJECTID_1":2142846,"GLOBALID":"{337F466C-D7E0-4C56-92DB-530D639D7EAD}","TRANSIT_ROUTES":"341","PRESCRIBED_FREQUENT_BUS_STOPS":null}},{"type":"Feature","id":2142847,"geometry":{"type":"Point","coordinates":[-122.823514,49.140557]},"properties":{"FACILITYID":"1001207606","BUS_STOP_NO":59084,"STOP_STATUS":"Active","BUS_BENCHES":"YES","BUS_SHELTERS":"LRG","LOCATION":"Southbound 144 St @ 76 Ave","ACCESSIBLE":"Yes","OBJECTID_1":2142847,"GLOBALID":"{2052BBFA-3C9F-4B33-8A70-B4A81DE349FD}","TRANSIT_ROUTES":"341","PRESCRIBED_FREQUENT_BUS_STOPS":null}},{"type":"Feature","id":2142848,"geometry":{"type":"Point","coordinates":[-122.823467,49.137874]},"properties":{"FACILITYID":"1001208359","BUS_STOP_NO":55877,"STOP_STATUS":"Active","BUS_BENCHES":"YES","BUS_SHELTERS":"NO","LOCATION":"Southbound 144 St @ 74A Ave","ACCESSIBLE":"Yes","OBJECTID_1":2142848,"GLOBALID":"{4C401C71-9CD4-466E-A223-F50F662FB7B3}","TRANSIT_ROUTES":"341","PRESCRIBED_FREQUENT_BUS_STOPS":null}},{"type":"Feature","id":2142849,"geometry":{"type":"Point","coordinates":[-122.8235,49.135249]},"properties":{"FACILITYID":"1001207891","BUS_STOP_NO":55878,"STOP_STATUS":"Active","BUS_BENCHES":"NO","BUS_SHELTERS":"NO","LOCATION":"Southbound 144 St @ 7300 Block","ACCESSIBLE":"Yes","OBJECTID_1":2142849,"GLOBALID":"{EA728E52-F362-4A1E-8AD1-0991924BA0F9}","TRANSIT_ROUTES":"341","PRESCRIBED_FREQUENT_BUS_STOPS":null}},{"type":"Feature","id":2142850,"geometry":{"type":"Point","coordinates":[-122.824051,49.13382]},"properties":{"FACILITYID":"1001207779","BUS_STOP_NO":55879,"STOP_STATUS":"Active","BUS_BENCHES":"YES","BUS_SHELTERS":"NO","LOCATION":"Westbound 72 Ave @ 144 St","ACCESSIBLE":"Yes","OBJECTID_1":2142850,"GLOBALID":"{10DD37AC-2C4E-4C4D-B701-70FB0B9359FD}","TRANSIT_ROUTES":"335, 341, 342, 864","PRESCRIBED_FREQUENT_BUS_STOPS":null}},{"type":"Feature","id":2142851,"geometry":{"type":"Point","coordinates":[-122.829433,49.133769]},"properties":{"FACILITYID":"1001208093","BUS_STOP_NO":55880,"STOP_STATUS":"Active","BUS_BENCHES":"YES","BUS_SHELTERS":"NO","LOCATION":"Westbound 72 Ave @ 142 St","ACCESSIBLE":"Yes","OBJECTID_1":2142851,"GLOBALID":"{79ABBAC3-C777-48DD-AE09-02E1F0405D8F}","TRANSIT_ROUTES":"335, 341, 342, 864","PRESCRIBED_FREQUENT_BUS_STOPS":null}},{"type":"Feature","id":2142852,"geometry":{"type":"Point","coordinates":[-122.833983,49.13356]},"properties":{"FACILITYID":"1001207694","BUS_STOP_NO":55881,"STOP_STATUS":"Active","BUS_BENCHES":"YES","BUS_SHELTERS":"NO","LOCATION":"Eastbound 72 Ave @ 140 St","ACCESSIBLE":"Yes","OBJECTID_1":2142852,"GLOBALID":"{2E287FD8-6386-485C-91D5-0DF115D98F93}","TRANSIT_ROUTES":"335, 341, 342","PRESCRIBED_FREQUENT_BUS_STOPS":null}},{"type":"Feature","id":2142853,"geometry":{"type":"Point","coordinates":[-122.823215,49.134162]},"properties":{"FACILITYID":"1001208259","BUS_STOP_NO":55882,"STOP_STATUS":"Active","BUS_BENCHES":"YES","BUS_SHELTERS":"NO","LOCATION":"Northbound 144 St @ 72 Ave","ACCESSIBLE":"Yes","OBJECTID_1":2142853,"GLOBALID":"{0900A8BE-A904-44B4-8891-CAF055566619}","TRANSIT_ROUTES":"341","PRESCRIBED_FREQUENT_BUS_STOPS":null}},{"type":"Feature","id":2142854,"geometry":{"type":"Point","coordinates":[-122.823288,49.138558]},"properties":{"FACILITYID":"1001208031","BUS_STOP_NO":55883,"STOP_STATUS":"Active","BUS_BENCHES":"YES","BUS_SHELTERS":"NO","LOCATION":"Northbound 144 St @ 74A Ave","ACCESSIBLE":"Yes","OBJECTID_1":2142854,"GLOBALID":"{C6DF952A-1317-4D84-AE09-4470B1499CA1}","TRANSIT_ROUTES":"341","PRESCRIBED_FREQUENT_BUS_STOPS":null}},{"type":"Feature","id":2142855,"geometry":{"type":"Point","coordinates":[-122.823279,49.141375]},"properties":{"FACILITYID":"1001207841","BUS_STOP_NO":55884,"STOP_STATUS":"Active","BUS_BENCHES":"NO","BUS_SHELTERS":"STD AD","LOCATION":"Northbound 144 St @ 76 Ave","ACCESSIBLE":"Yes","OBJECTID_1":2142855,"GLOBALID":"{7B106AD8-82EF-43F4-AD30-BA28954DF4C2}","TRANSIT_ROUTES":"341","PRESCRIBED_FREQUENT_BUS_STOPS":null}},{"type":"Feature","id":2142856,"geometry":{"type":"Point","coordinates":[-122.823331,49.143562]},"properties":{"FACILITYID":"1001208645","BUS_STOP_NO":55885,"STOP_STATUS":"Active","BUS_BENCHES":"YES","BUS_SHELTERS":"NO","LOCATION":"Northbound 144 St @ 77A Ave","ACCESSIBLE":"Yes","OBJECTID_1":2142856,"GLOBALID":"{A65233C7-5860-43E6-B607-5EF52C6F134B}","TRANSIT_ROUTES":"341","PRESCRIBED_FREQUENT_BUS_STOPS":null}},{"type":"Feature","id":2142857,"geometry":{"type":"Point","coordinates":[-122.82332,49.145773]},"properties":{"FACILITYID":"1001208468","BUS_STOP_NO":55886,"STOP_STATUS":"Active","BUS_BENCHES":"NO","BUS_SHELTERS":"NO","LOCATION":"Northbound 144 St @ 79 Ave","ACCESSIBLE":"No","OBJECTID_1":2142857,"GLOBALID":"{55F4D7D6-5A98-4094-AC81-BE3819D3A100}","TRANSIT_ROUTES":"341","PRESCRIBED_FREQUENT_BUS_STOPS":null}},{"type":"Feature","id":2142858,"geometry":{"type":"Point","coordinates":[-122.816872,49.155438]},"properties":{"FACILITYID":"1001207592","BUS_STOP_NO":55888,"STOP_STATUS":"Active","BUS_BENCHES":"YES","BUS_SHELTERS":"STD AD","LOCATION":"Eastbound 84 Ave @ 146 St","ACCESSIBLE":"Yes","OBJECTID_1":2142858,"GLOBALID":"{A9D3E2C1-7C8D-4228-9BCE-996BCFA017B4}","TRANSIT_ROUTES":"341","PRESCRIBED_FREQUENT_BUS_STOPS":null}},{"type":"Feature","id":2142859,"geometry":{"type":"Point","coordinates":[-122.811953,49.155446]},"properties":{"FACILITYID":null,"BUS_STOP_NO":55889,"STOP_STATUS":"Active","BUS_BENCHES":"YES","BUS_SHELTERS":"NO","LOCATION":"Eastbound 84 Ave @ 148 St","ACCESSIBLE":"Yes","OBJECTID_1":2142859,"GLOBALID":null,"TRANSIT_ROUTES":"335, 341","PRESCRIBED_FREQUENT_BUS_STOPS":null}},{"type":"Feature","id":2142860,"geometry":{"type":"Point","coordinates":[-122.806588,49.155465]},"properties":{"FACILITYID":null,"BUS_STOP_NO":55890,"STOP_STATUS":"Active","BUS_BENCHES":"YES","BUS_SHELTERS":"NO","LOCATION":"Eastbound 84 Ave @ 150 St","ACCESSIBLE":"Yes","OBJECTID_1":2142860,"GLOBALID":null,"TRANSIT_ROUTES":"335, 341","PRESCRIBED_FREQUENT_BUS_STOPS":null}},{"type":"Feature","id":2142861,"geometry":{"type":"Point","coordinates":[-122.802014,49.155603]},"properties":{"FACILITYID":null,"BUS_STOP_NO":55891,"STOP_STATUS":"Active","BUS_BENCHES":"NO","BUS_SHELTERS":"NO","LOCATION":"Westbound 84 Ave @ 152 St","ACCESSIBLE":"Yes","OBJECTID_1":2142861,"GLOBALID":null,"TRANSIT_ROUTES":"341","PRESCRIBED_FREQUENT_BUS_STOPS":null}},{"type":"Feature","id":2142862,"geometry":{"type":"Point","coordinates":[-122.796138,49.155458]},"properties":{"FACILITYID":"1001207800","BUS_STOP_NO":55892,"STOP_STATUS":"Active","BUS_BENCHES":"YES","BUS_SHELTERS":"NO","LOCATION":"Eastbound 84 Ave @ 154 St","ACCESSIBLE":"Yes","OBJECTID_1":2142862,"GLOBALID":"{C1DD149D-4B5D-4E39-8FDB-518659100001}","TRANSIT_ROUTES":"335, 341","PRESCRIBED_FREQUENT_BUS_STOPS":null}},{"type":"Feature","id":2142863,"geometry":{"type":"Point","coordinates":[-122.789571,49.155414]},"properties":{"FACILITYID":"1001208411","BUS_STOP_NO":55893,"STOP_STATUS":"Active","BUS_BENCHES":"YES","BUS_SHELTERS":"STD AD","LOCATION":"Eastbound 84 Ave @ 156 St","ACCESSIBLE":"Yes","OBJECTID_1":2142863,"GLOBALID":"{1184281A-6939-49B1-911C-6BD175AC00A9}","TRANSIT_ROUTES":"335, 341","PRESCRIBED_FREQUENT_BUS_STOPS":null}},{"type":"Feature","id":2142864,"geometry":{"type":"Point","coordinates":[-122.783883,49.155382]},"properties":{"FACILITYID":"1001208273","BUS_STOP_NO":60718,"STOP_STATUS":"Active","BUS_BENCHES":"YES","BUS_SHELTERS":"NO","LOCATION":"Eastbound 84 Ave @ 158 St","ACCESSIBLE":"Yes","OBJECTID_1":2142864,"GLOBALID":"{CE82E91B-0B8A-42AF-9392-71E9501E68D5}","TRANSIT_ROUTES":"335, 341","PRESCRIBED_FREQUENT_BUS_STOPS":null}},{"type":"Feature","id":2142865,"geometry":{"type":"Point","coordinates":[-122.812341,49.155988]},"properties":{"FACILITYID":"1001208175","BUS_STOP_NO":55895,"STOP_STATUS":"Active","BUS_BENCHES":"NO","BUS_SHELTERS":"NO","LOCATION":"Northbound 148 St @ 84 Ave","ACCESSIBLE":"Yes","OBJECTID_1":2142865,"GLOBALID":"{6A5D5C2D-E172-4499-8FBB-3E3BBF05AEAF}","TRANSIT_ROUTES":"341","PRESCRIBED_FREQUENT_BUS_STOPS":null}},{"type":"Feature","id":2142866,"geometry":{"type":"Point","coordinates":[-122.812332,49.158445]},"properties":{"FACILITYID":"1001208138","BUS_STOP_NO":55896,"STOP_STATUS":"Active","BUS_BENCHES":"NO","BUS_SHELTERS":"NO","LOCATION":"Northbound 148 St @ Spenser Dr","ACCESSIBLE":"Yes","OBJECTID_1":2142866,"GLOBALID":"{B5CA890F-888F-4372-9E8D-3513086623E6}","TRANSIT_ROUTES":"341","PRESCRIBED_FREQUENT_BUS_STOPS":null}},{"type":"Feature","id":2142867,"geometry":{"type":"Point","coordinates":[-122.812311,49.160752]},"properties":{"FACILITYID":"1001208783","BUS_STOP_NO":55897,"STOP_STATUS":"Active","BUS_BENCHES":"NO","BUS_SHELTERS":"NO","LOCATION":"Northbound 148 St @ 86B Ave","ACCESSIBLE":"Yes","OBJECTID_1":2142867,"GLOBALID":"{31EDC43A-B285-4A43-A3A3-5A6EEC755DED}","TRANSIT_ROUTES":"341","PRESCRIBED_FREQUENT_BUS_STOPS":null}},{"type":"Feature","id":2142868,"geometry":{"type":"Point","coordinates":[-122.801328,49.1632]},"properties":{"FACILITYID":"1001208743","BUS_STOP_NO":55898,"STOP_STATUS":"Active","BUS_BENCHES":"YES","BUS_SHELTERS":"NO","LOCATION":"Northbound 152 St @ 88 Ave","ACCESSIBLE":"Yes","OBJECTID_1":2142868,"GLOBALID":"{A5404440-1F69-4F07-8897-0545CA6005E7}","TRANSIT_ROUTES":"345, 375","PRESCRIBED_FREQUENT_BUS_STOPS":null}},{"type":"Feature","id":2142869,"geometry":{"type":"Point","coordinates":[-122.812468,49.162385]},"properties":{"FACILITYID":"1001208495","BUS_STOP_NO":55899,"STOP_STATUS":"Active","BUS_BENCHES":"NO","BUS_SHELTERS":"NO","LOCATION":"Southbound 148 St @ 88 Ave","ACCESSIBLE":"Yes","OBJECTID_1":2142869,"GLOBALID":"{D25E609B-C225-4EBB-9D9D-55FF6E1D1463}","TRANSIT_ROUTES":"335, 341","PRESCRIBED_FREQUENT_BUS_STOPS":null}},{"type":"Feature","id":2142870,"geometry":{"type":"Point","coordinates":[-122.812494,49.160165]},"properties":{"FACILITYID":"1001207727","BUS_STOP_NO":55900,"STOP_STATUS":"Active","BUS_BENCHES":"NO","BUS_SHELTERS":"NO","LOCATION":"Southbound 148 St @ 86B Ave","ACCESSIBLE":"Yes","OBJECTID_1":2142870,"GLOBALID":"{D6C3AB8A-B3C5-4BDB-B9D2-D1EA42D76878}","TRANSIT_ROUTES":"335, 341","PRESCRIBED_FREQUENT_BUS_STOPS":null}},{"type":"Feature","id":2142871,"geometry":{"type":"Point","coordinates":[-122.81252,49.15762]},"properties":{"FACILITYID":"1001207832","BUS_STOP_NO":55901,"STOP_STATUS":"Active","BUS_BENCHES":"YES","BUS_SHELTERS":"NO","LOCATION":"Southbound 148 St @ Spenser Dr","ACCESSIBLE":"Yes","OBJECTID_1":2142871,"GLOBALID":"{8A5E7B2F-D5A7-41F8-9C03-A3AFD7ECA93C}","TRANSIT_ROUTES":"335, 341","PRESCRIBED_FREQUENT_BUS_STOPS":null}},{"type":"Feature","id":2142872,"geometry":{"type":"Point","coordinates":[-122.789355,49.14819]},"properties":{"FACILITYID":null,"BUS_STOP_NO":55902,"STOP_STATUS":"Active","BUS_BENCHES":"NO","BUS_SHELTERS":"NO","LOCATION":"Eastbound 80 Ave @ 156 St","ACCESSIBLE":"No","OBJECTID_1":2142872,"GLOBALID":null,"TRANSIT_ROUTES":"335","PRESCRIBED_FREQUENT_BUS_STOPS":null}},{"type":"Feature","id":2142873,"geometry":{"type":"Point","coordinates":[-122.780315,49.155375]},"properties":{"FACILITYID":"1001208611","BUS_STOP_NO":58604,"STOP_STATUS":"Active","BUS_BENCHES":"YES","BUS_SHELTERS":"STD AD","LOCATION":"Eastbound 84 Ave @ 160 St","ACCESSIBLE":"Yes","OBJECTID_1":2142873,"GLOBALID":"{A701AF0F-96D9-4C70-9858-71DF0BBE33B5}","TRANSIT_ROUTES":"335, 341","PRESCRIBED_FREQUENT_BUS_STOPS":null}},{"type":"Feature","id":2142874,"geometry":{"type":"Point","coordinates":[-122.778746,49.158339]},"properties":{"FACILITYID":"1001208242","BUS_STOP_NO":55904,"STOP_STATUS":"Active","BUS_BENCHES":"YES","BUS_SHELTERS":"NO","LOCATION":"Northbound 160 St @ Fraser Hwy","ACCESSIBLE":"Yes","OBJECTID_1":2142874,"GLOBALID":"{678EB260-4304-4114-8F86-C730ECD13DB6}","TRANSIT_ROUTES":"335, 341","PRESCRIBED_FREQUENT_BUS_STOPS":null}},{"type":"Feature","id":2142875,"geometry":{"type":"Point","coordinates":[-122.778726,49.163211]},"properties":{"FACILITYID":"1001208575","BUS_STOP_NO":55905,"STOP_STATUS":"Active","BUS_BENCHES":"YES","BUS_SHELTERS":"STD AD","LOCATION":"Northbound 160 St @ 88 Ave","ACCESSIBLE":"Yes","OBJECTID_1":2142875,"GLOBALID":"{FE7C1B86-9061-4113-B2EB-FDC331B5EF40}","TRANSIT_ROUTES":"335","PRESCRIBED_FREQUENT_BUS_STOPS":null}},{"type":"Feature","id":2142876,"geometry":{"type":"Point","coordinates":[-122.778761,49.165423]},"properties":{"FACILITYID":"1001208106","BUS_STOP_NO":55906,"STOP_STATUS":"Active","BUS_BENCHES":"YES","BUS_SHELTERS":"NO","LOCATION":"Northbound 160 St @ 89A Ave","ACCESSIBLE":"Yes","OBJECTID_1":2142876,"GLOBALID":"{3360840E-F35C-43E2-9642-D30FB5AA8970}","TRANSIT_ROUTES":"335","PRESCRIBED_FREQUENT_BUS_STOPS":null}},{"type":"Feature","id":2142877,"geometry":{"type":"Point","coordinates":[-122.778759,49.168666]},"properties":{"FACILITYID":"1001207740","BUS_STOP_NO":55907,"STOP_STATUS":"Active","BUS_BENCHES":"YES","BUS_SHELTERS":"NO","LOCATION":"Northbound 160 St @ 91 Ave","ACCESSIBLE":"Yes","OBJECTID_1":2142877,"GLOBALID":"{692DF704-2783-4EA6-9B41-BFA86B5614FE}","TRANSIT_ROUTES":"335","PRESCRIBED_FREQUENT_BUS_STOPS":null}},{"type":"Feature","id":2142878,"geometry":{"type":"Point","coordinates":[-122.778744,49.170327]},"properties":{"FACILITYID":"1001208339","BUS_STOP_NO":55908,"STOP_STATUS":"Active","BUS_BENCHES":"YES","BUS_SHELTERS":"NO","LOCATION":"Northbound 160 St @ 92 Ave","ACCESSIBLE":"Yes","OBJECTID_1":2142878,"GLOBALID":"{66434F50-1B27-4527-BC48-A26660A73FF8}","TRANSIT_ROUTES":"335","PRESCRIBED_FREQUENT_BUS_STOPS":null}},{"type":"Feature","id":2142879,"geometry":{"type":"Point","coordinates":[-122.778769,49.173232]},"properties":{"FACILITYID":"1001207572","BUS_STOP_NO":55909,"STOP_STATUS":"Active","BUS_BENCHES":"YES","BUS_SHELTERS":"NO","LOCATION":"Northbound 160 St @ 93A Ave","ACCESSIBLE":"Yes","OBJECTID_1":2142879,"GLOBALID":"{A95530AA-8326-42C5-BF26-9039DF96051A}","TRANSIT_ROUTES":"335","PRESCRIBED_FREQUENT_BUS_STOPS":null}},{"type":"Feature","id":2142880,"geometry":{"type":"Point","coordinates":[-122.778615,49.181037]},"properties":{"FACILITYID":"1001207624","BUS_STOP_NO":55911,"STOP_STATUS":"Active","BUS_BENCHES":"YES","BUS_SHELTERS":"NO","LOCATION":"Northbound 160 St @ 98 Ave","ACCESSIBLE":"Yes","OBJECTID_1":2142880,"GLOBALID":"{8CE0639B-C02F-4936-815A-D82DE621D66F}","TRANSIT_ROUTES":"335","PRESCRIBED_FREQUENT_BUS_STOPS":null}},{"type":"Feature","id":2142881,"geometry":{"type":"Point","coordinates":[-122.779707,49.19131]},"properties":{"FACILITYID":null,"BUS_STOP_NO":55914,"STOP_STATUS":"Active","BUS_BENCHES":null,"BUS_SHELTERS":null,"LOCATION":"Westbound 104 Ave @ 160 St","ACCESSIBLE":"Yes","OBJECTID_1":2142881,"GLOBALID":null,"TRANSIT_ROUTES":"338","PRESCRIBED_FREQUENT_BUS_STOPS":null}},{"type":"Feature","id":2142882,"geometry":{"type":"Point","coordinates":[-122.771585,49.191464]},"properties":{"FACILITYID":"1001208463","BUS_STOP_NO":55916,"STOP_STATUS":"Active","BUS_BENCHES":"YES","BUS_SHELTERS":"NO","LOCATION":"Eastbound 104 Ave @ Fraserglen Dr","ACCESSIBLE":"Yes","OBJECTID_1":2142882,"GLOBALID":"{D5907589-3B4F-488C-A107-5A0407E3C9EA}","TRANSIT_ROUTES":"337","PRESCRIBED_FREQUENT_BUS_STOPS":"Yes"}},{"type":"Feature","id":2142883,"geometry":{"type":"Point","coordinates":[-122.766956,49.191468]},"properties":{"FACILITYID":"1001208123","BUS_STOP_NO":55917,"STOP_STATUS":"Active","BUS_BENCHES":"YES","BUS_SHELTERS":"NO","LOCATION":"Eastbound 104 Ave @ 164 St","ACCESSIBLE":"Yes","OBJECTID_1":2142883,"GLOBALID":"{1DF053C7-E6FF-4962-8934-54B6E68E27CE}","TRANSIT_ROUTES":"337","PRESCRIBED_FREQUENT_BUS_STOPS":"Yes"}},{"type":"Feature","id":2142884,"geometry":{"type":"Point","coordinates":[-122.760849,49.191528]},"properties":{"FACILITYID":"1001208195","BUS_STOP_NO":55918,"STOP_STATUS":"Active","BUS_BENCHES":"YES","BUS_SHELTERS":"NO","LOCATION":"Eastbound 104 Ave @ Oak Gate","ACCESSIBLE":"Yes","OBJECTID_1":2142884,"GLOBALID":"{3563AFA6-F821-4040-A8B1-675AE44BA31F}","TRANSIT_ROUTES":"337","PRESCRIBED_FREQUENT_BUS_STOPS":"Yes"}},{"type":"Feature","id":2142885,"geometry":{"type":"Point","coordinates":[-122.756353,49.191997]},"properties":{"FACILITYID":"1001208417","BUS_STOP_NO":55919,"STOP_STATUS":"Active","BUS_BENCHES":"YES","BUS_SHELTERS":"NON AD","LOCATION":"Northbound 168 St @ 104 Ave","ACCESSIBLE":"Yes","OBJECTID_1":2142885,"GLOBALID":"{CA0D4A16-09EC-4C96-A59E-E96AA5B3E89B}","TRANSIT_ROUTES":"337","PRESCRIBED_FREQUENT_BUS_STOPS":"Yes"}},{"type":"Feature","id":2142886,"geometry":{"type":"Point","coordinates":[-122.75642,49.195555]},"properties":{"FACILITYID":"1001208777","BUS_STOP_NO":55920,"STOP_STATUS":"Active","BUS_BENCHES":"YES","BUS_SHELTERS":"NO","LOCATION":"Northbound 168 St @ 106 Ave","ACCESSIBLE":"Yes","OBJECTID_1":2142886,"GLOBALID":"{6334DDB5-01DF-4C05-9B85-D5477458DE79}","TRANSIT_ROUTES":"337","PRESCRIBED_FREQUENT_BUS_STOPS":"Yes"}},{"type":"Feature","id":2142887,"geometry":{"type":"Point","coordinates":[-122.763399,49.198931]},"properties":{"FACILITYID":"1001208331","BUS_STOP_NO":55922,"STOP_STATUS":"Active","BUS_BENCHES":"YES","BUS_SHELTERS":"NO","LOCATION":"Westbound 108 Ave @ 165B St","ACCESSIBLE":"Yes","OBJECTID_1":2142887,"GLOBALID":"{A1F77229-AB83-4ED6-AA81-CD53FF2AD31D}","TRANSIT_ROUTES":"337","PRESCRIBED_FREQUENT_BUS_STOPS":"Yes"}},{"type":"Feature","id":2142888,"geometry":{"type":"Point","coordinates":[-122.768262,49.198899]},"properties":{"FACILITYID":"1001208676","BUS_STOP_NO":55924,"STOP_STATUS":"Active","BUS_BENCHES":"YES","BUS_SHELTERS":"NO","LOCATION":"Westbound 108 Ave @ 164 St","ACCESSIBLE":"No","OBJECTID_1":2142888,"GLOBALID":"{43AAEB13-B765-4B05-983A-A4E29F63B6E5}","TRANSIT_ROUTES":"337","PRESCRIBED_FREQUENT_BUS_STOPS":null}},{"type":"Feature","id":2142889,"geometry":{"type":"Point","coordinates":[-122.773703,49.19888]},"properties":{"FACILITYID":"1001207919","BUS_STOP_NO":55925,"STOP_STATUS":"Active","BUS_BENCHES":"YES","BUS_SHELTERS":"STD AD","LOCATION":"Westbound 108 Ave @ 162 St","ACCESSIBLE":"Yes","OBJECTID_1":2142889,"GLOBALID":"{9ADEC009-3FB9-4180-BE34-CA5B409FED10}","TRANSIT_ROUTES":"337","PRESCRIBED_FREQUENT_BUS_STOPS":null}},{"type":"Feature","id":2142890,"geometry":{"type":"Point","coordinates":[-122.779318,49.198895]},"properties":{"FACILITYID":"1001208269","BUS_STOP_NO":55926,"STOP_STATUS":"Active","BUS_BENCHES":"YES","BUS_SHELTERS":"STD AD","LOCATION":"Westbound 108 Ave @ 160 St","ACCESSIBLE":"Yes","OBJECTID_1":2142890,"GLOBALID":"{AE3B0E90-744B-434A-9CDA-F602213B0369}","TRANSIT_ROUTES":"337","PRESCRIBED_FREQUENT_BUS_STOPS":null}},{"type":"Feature","id":2142891,"geometry":{"type":"Point","coordinates":[-122.783259,49.198893]},"properties":{"FACILITYID":"1001208525","BUS_STOP_NO":59772,"STOP_STATUS":"Active","BUS_BENCHES":"YES","BUS_SHELTERS":"NO","LOCATION":"Westbound 108 Ave @ 158 St","ACCESSIBLE":"Yes","OBJECTID_1":2142891,"GLOBALID":"{DE98A775-4657-4D87-B3E2-2151C3913CD2}","TRANSIT_ROUTES":"337","PRESCRIBED_FREQUENT_BUS_STOPS":null}},{"type":"Feature","id":2142892,"geometry":{"type":"Point","coordinates":[-122.887834,49.137718]},"properties":{"FACILITYID":"1001208448","BUS_STOP_NO":55941,"STOP_STATUS":"Active","BUS_BENCHES":"NO","BUS_SHELTERS":"EXCH","LOCATION":"Scottsdale Exchange @ Bay 4","ACCESSIBLE":"Yes","OBJECTID_1":2142892,"GLOBALID":"{784AF319-CEA5-4227-AEEF-263FC91E6B37}","TRANSIT_ROUTES":"319","PRESCRIBED_FREQUENT_BUS_STOPS":"Yes"}},{"type":"Feature","id":2142893,"geometry":{"type":"Point","coordinates":[-122.861846,49.13371]},"properties":{"FACILITYID":"1001208330","BUS_STOP_NO":55943,"STOP_STATUS":"Active","BUS_BENCHES":"YES","BUS_SHELTERS":"STD AD","LOCATION":"Eastbound 72 Ave @ 130 St","ACCESSIBLE":"Yes","OBJECTID_1":2142893,"GLOBALID":"{11E829BD-723D-4ACC-9E2F-7B2187326626}","TRANSIT_ROUTES":"319","PRESCRIBED_FREQUENT_BUS_STOPS":"Yes"}},{"type":"Feature","id":2142894,"geometry":{"type":"Point","coordinates":[-122.841548,49.133438]},"properties":{"FACILITYID":"1001207909","BUS_STOP_NO":55944,"STOP_STATUS":"Active","BUS_BENCHES":"NO","BUS_SHELTERS":"EXCH","LOCATION":"Newton Exchange @ Bay 8","ACCESSIBLE":"Yes","OBJECTID_1":2142894,"GLOBALID":"{E39FFDB7-F8C8-4C3A-A4E0-B7ECC2E0EB8D}","TRANSIT_ROUTES":"R6","PRESCRIBED_FREQUENT_BUS_STOPS":"Yes"}},{"type":"Feature","id":2142895,"geometry":{"type":"Point","coordinates":[-122.828395,49.133595]},"properties":{"FACILITYID":"1001208682","BUS_STOP_NO":55945,"STOP_STATUS":"Active","BUS_BENCHES":"YES","BUS_SHELTERS":"NO","LOCATION":"Eastbound 72 Ave @ 142 St","ACCESSIBLE":"Yes","OBJECTID_1":2142895,"GLOBALID":"{585D27EC-994D-44AA-99DE-4488BACD28AD}","TRANSIT_ROUTES":"335, 341, 342","PRESCRIBED_FREQUENT_BUS_STOPS":null}},{"type":"Feature","id":2142896,"geometry":{"type":"Point","coordinates":[-122.823274,49.153359]},"properties":{"FACILITYID":"1001207728","BUS_STOP_NO":55947,"STOP_STATUS":"Active","BUS_BENCHES":"YES","BUS_SHELTERS":"YES","LOCATION":"Northbound 144 St @ 82A Ave","ACCESSIBLE":"Yes","OBJECTID_1":2142896,"GLOBALID":"{E553EAF6-C140-4301-9D2A-F8DF79C3AF75}","TRANSIT_ROUTES":"341","PRESCRIBED_FREQUENT_BUS_STOPS":null}},{"type":"Feature","id":2142897,"geometry":{"type":"Point","coordinates":[-122.812279,49.163443]},"properties":{"FACILITYID":"1001208368","BUS_STOP_NO":55948,"STOP_STATUS":"Active","BUS_BENCHES":"YES","BUS_SHELTERS":"NO","LOCATION":"Northbound 148 St @ 88 Ave","ACCESSIBLE":"Yes","OBJECTID_1":2142897,"GLOBALID":"{2BF5D227-0594-4227-B008-63BFFECDB390}","TRANSIT_ROUTES":"341","PRESCRIBED_FREQUENT_BUS_STOPS":null}},{"type":"Feature","id":2142898,"geometry":{"type":"Point","coordinates":[-122.812252,49.166755]},"properties":{"FACILITYID":"1001208217","BUS_STOP_NO":55949,"STOP_STATUS":"Active","BUS_BENCHES":"NO","BUS_SHELTERS":"NO","LOCATION":"Northbound 148 St @ 90 Ave","ACCESSIBLE":"Yes","OBJECTID_1":2142898,"GLOBALID":"{B9289BE9-A36E-43D0-B572-44B8FFD36A51}","TRANSIT_ROUTES":"341","PRESCRIBED_FREQUENT_BUS_STOPS":null}},{"type":"Feature","id":2142899,"geometry":{"type":"Point","coordinates":[-122.812183,49.170621]},"properties":{"FACILITYID":"1001208202","BUS_STOP_NO":55950,"STOP_STATUS":"Active","BUS_BENCHES":"YES","BUS_SHELTERS":"NO","LOCATION":"Northbound 148 St @ Fraser Hwy","ACCESSIBLE":"Yes","OBJECTID_1":2142899,"GLOBALID":"{F4466F75-539A-4E7F-BBC9-112120C5E81E}","TRANSIT_ROUTES":"341","PRESCRIBED_FREQUENT_BUS_STOPS":null}},{"type":"Feature","id":2142900,"geometry":{"type":"Point","coordinates":[-122.812177,49.173763]},"properties":{"FACILITYID":"1001208404","BUS_STOP_NO":55951,"STOP_STATUS":"Active","BUS_BENCHES":"NO","BUS_SHELTERS":"NO","LOCATION":"Northbound 148 St @ 94 Ave","ACCESSIBLE":"Yes","OBJECTID_1":2142900,"GLOBALID":"{ECB1C7E5-766D-4E79-9A85-291C6D002254}","TRANSIT_ROUTES":"341","PRESCRIBED_FREQUENT_BUS_STOPS":null}},{"type":"Feature","id":2142901,"geometry":{"type":"Point","coordinates":[-122.812115,49.177292]},"properties":{"FACILITYID":"1001208471","BUS_STOP_NO":55952,"STOP_STATUS":"Active","BUS_BENCHES":"YES","BUS_SHELTERS":"NO","LOCATION":"Northbound 148 St @ 96 Ave","ACCESSIBLE":"Yes","OBJECTID_1":2142901,"GLOBALID":"{46A022D7-FF1D-4769-887B-0A257EBE1BAD}","TRANSIT_ROUTES":"341","PRESCRIBED_FREQUENT_BUS_STOPS":null}},{"type":"Feature","id":2142902,"geometry":{"type":"Point","coordinates":[-122.812038,49.180874]},"properties":{"FACILITYID":"1001208343","BUS_STOP_NO":55953,"STOP_STATUS":"Active","BUS_BENCHES":"NO","BUS_SHELTERS":"NO","LOCATION":"Northbound 148 St @ 98 Ave","ACCESSIBLE":"Yes","OBJECTID_1":2142902,"GLOBALID":"{C1251F18-9BD6-466C-ADCF-D3CB8D26F797}","TRANSIT_ROUTES":"341","PRESCRIBED_FREQUENT_BUS_STOPS":null}},{"type":"Feature","id":2142903,"geometry":{"type":"Point","coordinates":[-122.811494,49.184067]},"properties":{"FACILITYID":"1001208542","BUS_STOP_NO":55954,"STOP_STATUS":"Active","BUS_BENCHES":"YES","BUS_SHELTERS":"NO","LOCATION":"Eastbound 100 Ave @ 148 St","ACCESSIBLE":"Yes","OBJECTID_1":2142903,"GLOBALID":"{A6F9D9CC-918A-409A-9A6D-F03787AFDC20}","TRANSIT_ROUTES":"341","PRESCRIBED_FREQUENT_BUS_STOPS":null}},{"type":"Feature","id":2142904,"geometry":{"type":"Point","coordinates":[-122.806344,49.184581]},"properties":{"FACILITYID":"1001208483","BUS_STOP_NO":55955,"STOP_STATUS":"Active","BUS_BENCHES":"YES","BUS_SHELTERS":"NO","LOCATION":"Northbound 150 St @ 100 Ave","ACCESSIBLE":"Yes","OBJECTID_1":2142904,"GLOBALID":"{98BFE33D-9967-4B3E-B63E-1E1D3C935D9F}","TRANSIT_ROUTES":"341","PRESCRIBED_FREQUENT_BUS_STOPS":null}},{"type":"Feature","id":2142905,"geometry":{"type":"Point","coordinates":[-122.806324,49.186426]},"properties":{"FACILITYID":"1001208282","BUS_STOP_NO":55956,"STOP_STATUS":"Active","BUS_BENCHES":"YES","BUS_SHELTERS":"NO","LOCATION":"Northbound 150 St @ 101 Ave","ACCESSIBLE":"Yes","OBJECTID_1":2142905,"GLOBALID":"{E830A089-DD58-4519-8F32-06945B9DE37B}","TRANSIT_ROUTES":"341","PRESCRIBED_FREQUENT_BUS_STOPS":null}},{"type":"Feature","id":2142906,"geometry":{"type":"Point","coordinates":[-122.806311,49.189261]},"properties":{"FACILITYID":"1001208824","BUS_STOP_NO":55957,"STOP_STATUS":"Active","BUS_BENCHES":"YES","BUS_SHELTERS":"NO","LOCATION":"Northbound 150 St @ 102A Ave","ACCESSIBLE":"Yes","OBJECTID_1":2142906,"GLOBALID":"{9E8A0E2A-E190-419B-9802-5A749911C366}","TRANSIT_ROUTES":"341","PRESCRIBED_FREQUENT_BUS_STOPS":null}},{"type":"Feature","id":2142907,"geometry":{"type":"Point","coordinates":[-122.823442,49.133308]},"properties":{"FACILITYID":"1001208689","BUS_STOP_NO":55958,"STOP_STATUS":"Active","BUS_BENCHES":"YES","BUS_SHELTERS":"YES","LOCATION":"Southbound 144 St @ 72 Ave","ACCESSIBLE":"Yes","OBJECTID_1":2142907,"GLOBALID":"{9DBB99E2-E49C-46E1-B20E-818DD23F7838}","TRANSIT_ROUTES":"342","PRESCRIBED_FREQUENT_BUS_STOPS":null}},{"type":"Feature","id":2142908,"geometry":{"type":"Point","coordinates":[-122.823422,49.130624]},"properties":{"FACILITYID":"1001208394","BUS_STOP_NO":55959,"STOP_STATUS":"Active","BUS_BENCHES":"YES","BUS_SHELTERS":"NO","LOCATION":"Southbound 144 St @ 70A Ave","ACCESSIBLE":"Yes","OBJECTID_1":2142908,"GLOBALID":"{09324ADC-89F3-474B-BCD7-95FD740CCD2B}","TRANSIT_ROUTES":"342","PRESCRIBED_FREQUENT_BUS_STOPS":null}},{"type":"Feature","id":2142909,"geometry":{"type":"Point","coordinates":[-122.823422,49.122403]},"properties":{"FACILITYID":"1001207677","BUS_STOP_NO":55961,"STOP_STATUS":"Active","BUS_BENCHES":"YES","BUS_SHELTERS":"NO","LOCATION":"Southbound 144 St @ 66 Ave","ACCESSIBLE":"Yes","OBJECTID_1":2142909,"GLOBALID":"{C8327318-A563-4A19-81CB-FB8805C9A0AD}","TRANSIT_ROUTES":"342","PRESCRIBED_FREQUENT_BUS_STOPS":null}},{"type":"Feature","id":2142910,"geometry":{"type":"Point","coordinates":[-122.823407,49.118506]},"properties":{"FACILITYID":"1001207654","BUS_STOP_NO":55962,"STOP_STATUS":"Active","BUS_BENCHES":"YES","BUS_SHELTERS":"YES","LOCATION":"Southbound 144 St @ 64 Ave","ACCESSIBLE":"Yes","OBJECTID_1":2142910,"GLOBALID":"{990E5107-11B0-4CFD-B65A-76BB55DB8B9E}","TRANSIT_ROUTES":"342","PRESCRIBED_FREQUENT_BUS_STOPS":null}},{"type":"Feature","id":2142911,"geometry":{"type":"Point","coordinates":[-122.823478,49.111368]},"properties":{"FACILITYID":null,"BUS_STOP_NO":55963,"STOP_STATUS":"Active","BUS_BENCHES":null,"BUS_SHELTERS":null,"LOCATION":"Southbound 144 St @ 60 Ave","ACCESSIBLE":null,"OBJECTID_1":2142911,"GLOBALID":null,"TRANSIT_ROUTES":"342","PRESCRIBED_FREQUENT_BUS_STOPS":null}},{"type":"Feature","id":2142912,"geometry":{"type":"Point","coordinates":[-122.823515,49.106697]},"properties":{"FACILITYID":"1001208046","BUS_STOP_NO":55964,"STOP_STATUS":"Active","BUS_BENCHES":"YES","BUS_SHELTERS":"NO","LOCATION":"Southbound 144 St @ 57 Ave","ACCESSIBLE":"Yes","OBJECTID_1":2142912,"GLOBALID":"{A2F5A464-B121-4EAA-99FD-3E1660696528}","TRANSIT_ROUTES":"342","PRESCRIBED_FREQUENT_BUS_STOPS":null}},{"type":"Feature","id":2142913,"geometry":{"type":"Point","coordinates":[-122.826966,49.106326]},"properties":{"FACILITYID":"1001207697","BUS_STOP_NO":55965,"STOP_STATUS":"Active","BUS_BENCHES":"NO","BUS_SHELTERS":"NO","LOCATION":"Westbound 57 Ave @ 142 St","ACCESSIBLE":"Yes","OBJECTID_1":2142913,"GLOBALID":"{7958095C-E741-491B-A19A-4B78F860EB3D}","TRANSIT_ROUTES":"342","PRESCRIBED_FREQUENT_BUS_STOPS":null}},{"type":"Feature","id":2142914,"geometry":{"type":"Point","coordinates":[-122.828776,49.111602]},"properties":{"FACILITYID":"1001208434","BUS_STOP_NO":55966,"STOP_STATUS":"Active","BUS_BENCHES":"YES","BUS_SHELTERS":"NO","LOCATION":"Northbound 142 St @ 60 Ave","ACCESSIBLE":"Yes","OBJECTID_1":2142914,"GLOBALID":"{EA859D55-BEDD-495E-8639-531AC85E7983}","TRANSIT_ROUTES":"342","PRESCRIBED_FREQUENT_BUS_STOPS":null}},{"type":"Feature","id":2142915,"geometry":{"type":"Point","coordinates":[-122.822579,49.111771]},"properties":{"FACILITYID":"1001208419","BUS_STOP_NO":55967,"STOP_STATUS":"Active","BUS_BENCHES":"YES","BUS_SHELTERS":"NO","LOCATION":"Eastbound 60 Ave @ 144 St","ACCESSIBLE":"No","OBJECTID_1":2142915,"GLOBALID":"{30F92615-4CE0-41FC-B9CF-DE7E51C1D862}","TRANSIT_ROUTES":"342","PRESCRIBED_FREQUENT_BUS_STOPS":null}},{"type":"Feature","id":2142916,"geometry":{"type":"Point","coordinates":[-122.817289,49.111758]},"properties":{"FACILITYID":"1001208380","BUS_STOP_NO":55968,"STOP_STATUS":"Active","BUS_BENCHES":"YES","BUS_SHELTERS":"NO","LOCATION":"Eastbound 60 Ave @ 146 St","ACCESSIBLE":"Yes","OBJECTID_1":2142916,"GLOBALID":"{7E768C1A-3472-4E1A-8E59-A6ED9528D506}","TRANSIT_ROUTES":"342","PRESCRIBED_FREQUENT_BUS_STOPS":null}},{"type":"Feature","id":2142917,"geometry":{"type":"Point","coordinates":[-122.81174,49.111724]},"properties":{"FACILITYID":null,"BUS_STOP_NO":55969,"STOP_STATUS":"Active","BUS_BENCHES":"YES","BUS_SHELTERS":"NO","LOCATION":"Eastbound 60 Ave @ 148 St","ACCESSIBLE":"Yes","OBJECTID_1":2142917,"GLOBALID":null,"TRANSIT_ROUTES":"342","PRESCRIBED_FREQUENT_BUS_STOPS":null}},{"type":"Feature","id":2142918,"geometry":{"type":"Point","coordinates":[-122.80605,49.111688]},"properties":{"FACILITYID":"1001207906","BUS_STOP_NO":55970,"STOP_STATUS":"Active","BUS_BENCHES":"NO","BUS_SHELTERS":"NO","LOCATION":"Eastbound 60 Ave @ 150 St","ACCESSIBLE":"Yes","OBJECTID_1":2142918,"GLOBALID":"{E2D8E058-82E5-49A4-8689-2227349FA3FC}","TRANSIT_ROUTES":"342","PRESCRIBED_FREQUENT_BUS_STOPS":null}},{"type":"Feature","id":2142919,"geometry":{"type":"Point","coordinates":[-122.800807,49.112198]},"properties":{"FACILITYID":"1001208679","BUS_STOP_NO":55971,"STOP_STATUS":"Active","BUS_BENCHES":"YES","BUS_SHELTERS":"STD AD","LOCATION":"Northbound 152 St @ 60 Ave","ACCESSIBLE":"Yes","OBJECTID_1":2142919,"GLOBALID":"{3A732293-895C-4054-9FE1-25ACFE88AFA8}","TRANSIT_ROUTES":"345, 375","PRESCRIBED_FREQUENT_BUS_STOPS":null}},{"type":"Feature","id":2142920,"geometry":{"type":"Point","coordinates":[-122.800863,49.115528]},"properties":{"FACILITYID":"1001208165","BUS_STOP_NO":55972,"STOP_STATUS":"Active","BUS_BENCHES":"YES","BUS_SHELTERS":"NO","LOCATION":"Northbound 152 St @ 6200 Block","ACCESSIBLE":"Yes","OBJECTID_1":2142920,"GLOBALID":"{3C8285EA-012B-4E63-8B33-CF2851385A5E}","TRANSIT_ROUTES":"345, 375","PRESCRIBED_FREQUENT_BUS_STOPS":null}},{"type":"Feature","id":2142921,"geometry":{"type":"Point","coordinates":[-122.756736,49.116176]},"properties":{"FACILITYID":"1001208129","BUS_STOP_NO":55974,"STOP_STATUS":"Active","BUS_BENCHES":"YES","BUS_SHELTERS":"NO","LOCATION":"Southbound 168 St @ 63 Ave","ACCESSIBLE":"Yes","OBJECTID_1":2142921,"GLOBALID":"{79D6E0CC-77BB-438F-89BA-8E9495134A39}","TRANSIT_ROUTES":"320","PRESCRIBED_FREQUENT_BUS_STOPS":null}},{"type":"Feature","id":2142922,"geometry":{"type":"Point","coordinates":[-122.75605,49.111464]},"properties":{"FACILITYID":"1001208632","BUS_STOP_NO":55975,"STOP_STATUS":"Active","BUS_BENCHES":"YES","BUS_SHELTERS":"NO","LOCATION":"Eastbound 60 Ave @ 168 St","ACCESSIBLE":"No","OBJECTID_1":2142922,"GLOBALID":"{23EBB96C-A91D-4CA1-9FDE-E62C41C63C11}","TRANSIT_ROUTES":"320","PRESCRIBED_FREQUENT_BUS_STOPS":null}},{"type":"Feature","id":2142923,"geometry":{"type":"Point","coordinates":[-122.750919,49.111471]},"properties":{"FACILITYID":"1001207747","BUS_STOP_NO":55976,"STOP_STATUS":"Active","BUS_BENCHES":"YES","BUS_SHELTERS":"NO","LOCATION":"Eastbound 60 Ave @ 170 St","ACCESSIBLE":"Yes","OBJECTID_1":2142923,"GLOBALID":"{0093675D-7A17-493E-BD44-AC862839F021}","TRANSIT_ROUTES":"320","PRESCRIBED_FREQUENT_BUS_STOPS":null}},{"type":"Feature","id":2142924,"geometry":{"type":"Point","coordinates":[-122.745318,49.111444]},"properties":{"FACILITYID":"1001208489","BUS_STOP_NO":55977,"STOP_STATUS":"Active","BUS_BENCHES":"YES","BUS_SHELTERS":"NO","LOCATION":"Eastbound 60 Ave @ 172 St","ACCESSIBLE":"Yes","OBJECTID_1":2142924,"GLOBALID":"{A7EAB97D-BD9D-4DA3-99FA-E5D6DB7CB869}","TRANSIT_ROUTES":"320","PRESCRIBED_FREQUENT_BUS_STOPS":null}},{"type":"Feature","id":2142925,"geometry":{"type":"Point","coordinates":[-122.740041,49.111433]},"properties":{"FACILITYID":"1001208732","BUS_STOP_NO":55978,"STOP_STATUS":"Active","BUS_BENCHES":"YES","BUS_SHELTERS":"NO","LOCATION":"Eastbound 60 Ave @ 174 St","ACCESSIBLE":"Yes","OBJECTID_1":2142925,"GLOBALID":"{CA8FE9C9-E0DE-4CB0-9534-F6439731B989}","TRANSIT_ROUTES":"320","PRESCRIBED_FREQUENT_BUS_STOPS":null}},{"type":"Feature","id":2142926,"geometry":{"type":"Point","coordinates":[-122.736565,49.111412]},"properties":{"FACILITYID":"1001208177","BUS_STOP_NO":55979,"STOP_STATUS":"Active","BUS_BENCHES":"NO","BUS_SHELTERS":"NO","LOCATION":"Eastbound 60 Ave @ 175A St","ACCESSIBLE":"Yes","OBJECTID_1":2142926,"GLOBALID":"{81384D94-5D79-4A01-B2A4-90688A0C9148}","TRANSIT_ROUTES":"320","PRESCRIBED_FREQUENT_BUS_STOPS":null}},{"type":"Feature","id":2142927,"geometry":{"type":"Point","coordinates":[-122.733805,49.11088]},"properties":{"FACILITYID":"1001207972","BUS_STOP_NO":55980,"STOP_STATUS":"Active","BUS_BENCHES":"YES","BUS_SHELTERS":"NO","LOCATION":"Southbound 176A St @ 60 Ave","ACCESSIBLE":"Yes","OBJECTID_1":2142927,"GLOBALID":"{76F049A1-49DF-449D-85B0-22E0CF88F702}","TRANSIT_ROUTES":"370","PRESCRIBED_FREQUENT_BUS_STOPS":null}},{"type":"Feature","id":2142928,"geometry":{"type":"Point","coordinates":[-122.733788,49.109059]},"properties":{"FACILITYID":"1001208423","BUS_STOP_NO":55981,"STOP_STATUS":"Active","BUS_BENCHES":"YES","BUS_SHELTERS":"NO","LOCATION":"Southbound 176A St @ 58A Ave","ACCESSIBLE":"Yes","OBJECTID_1":2142928,"GLOBALID":"{2E25D4D9-1740-412A-BB62-1C8C3412D8AF}","TRANSIT_ROUTES":"370","PRESCRIBED_FREQUENT_BUS_STOPS":null}},{"type":"Feature","id":2142929,"geometry":{"type":"Point","coordinates":[-122.732784,49.10772]},"properties":{"FACILITYID":"1001207946","BUS_STOP_NO":55982,"STOP_STATUS":"Active","BUS_BENCHES":"YES","BUS_SHELTERS":"NO","LOCATION":"Eastbound 58 Ave @ 176A St","ACCESSIBLE":"Yes","OBJECTID_1":2142929,"GLOBALID":"{BE5A5182-AF47-4B8B-B59F-89A10C31A507}","TRANSIT_ROUTES":"320, 342","PRESCRIBED_FREQUENT_BUS_STOPS":null}},{"type":"Feature","id":2142930,"geometry":{"type":"Point","coordinates":[-122.739311,49.111543]},"properties":{"FACILITYID":"1001207825","BUS_STOP_NO":55986,"STOP_STATUS":"Active","BUS_BENCHES":"YES","BUS_SHELTERS":"NO","LOCATION":"Westbound 60 Ave @ 174 St","ACCESSIBLE":"Yes","OBJECTID_1":2142930,"GLOBALID":"{55E129B9-A657-41FA-8FDE-45EEBB12CD38}","TRANSIT_ROUTES":"320, 864","PRESCRIBED_FREQUENT_BUS_STOPS":null}},{"type":"Feature","id":2142931,"geometry":{"type":"Point","coordinates":[-122.742199,49.111554]},"properties":{"FACILITYID":"1001208164","BUS_STOP_NO":55987,"STOP_STATUS":"Active","BUS_BENCHES":"YES","BUS_SHELTERS":"NO","LOCATION":"Westbound 60 Ave @ 173B St","ACCESSIBLE":"Yes","OBJECTID_1":2142931,"GLOBALID":"{BC46425E-B0A6-4B7C-AE22-10350BDD50FE}","TRANSIT_ROUTES":"320, 864","PRESCRIBED_FREQUENT_BUS_STOPS":null}},{"type":"Feature","id":2142932,"geometry":{"type":"Point","coordinates":[-122.745276,49.111567]},"properties":{"FACILITYID":"1001208135","BUS_STOP_NO":55988,"STOP_STATUS":"Active","BUS_BENCHES":"YES","BUS_SHELTERS":"NO","LOCATION":"Westbound 60 Ave @ 172 St","ACCESSIBLE":"Yes","OBJECTID_1":2142932,"GLOBALID":"{36A00551-144C-4C2F-BB05-51A39300CE8B}","TRANSIT_ROUTES":"320, 864","PRESCRIBED_FREQUENT_BUS_STOPS":null}},{"type":"Feature","id":2142933,"geometry":{"type":"Point","coordinates":[-122.751778,49.111584]},"properties":{"FACILITYID":"1001207959","BUS_STOP_NO":55989,"STOP_STATUS":"Active","BUS_BENCHES":"YES","BUS_SHELTERS":"NO","LOCATION":"Westbound 60 Ave @ 170 St","ACCESSIBLE":"Yes","OBJECTID_1":2142933,"GLOBALID":"{42FD83B7-737F-4045-94D8-39CEF2AD6A35}","TRANSIT_ROUTES":"320, 864","PRESCRIBED_FREQUENT_BUS_STOPS":null}},{"type":"Feature","id":2142934,"geometry":{"type":"Point","coordinates":[-122.756515,49.111876]},"properties":{"FACILITYID":"1001207675","BUS_STOP_NO":55991,"STOP_STATUS":"Active","BUS_BENCHES":"YES","BUS_SHELTERS":"NO","LOCATION":"Northbound 168 St @ 60 Ave","ACCESSIBLE":"Yes","OBJECTID_1":2142934,"GLOBALID":"{3785FE4A-630D-44E2-B23F-D447BE03A171}","TRANSIT_ROUTES":"320, 864","PRESCRIBED_FREQUENT_BUS_STOPS":null}},{"type":"Feature","id":2142935,"geometry":{"type":"Point","coordinates":[-122.756436,49.117143]},"properties":{"FACILITYID":"1001208012","BUS_STOP_NO":55992,"STOP_STATUS":"Active","BUS_BENCHES":"YES","BUS_SHELTERS":"YES","LOCATION":"Northbound 168 St @ 63 Ave","ACCESSIBLE":"Yes","OBJECTID_1":2142935,"GLOBALID":"{93B7FC8E-C73C-4327-AA8B-C778446E975C}","TRANSIT_ROUTES":"320, 864","PRESCRIBED_FREQUENT_BUS_STOPS":null}},{"type":"Feature","id":2142936,"geometry":{"type":"Point","coordinates":[-122.801178,49.118442]},"properties":{"FACILITYID":"1001208490","BUS_STOP_NO":55993,"STOP_STATUS":"Active","BUS_BENCHES":"YES","BUS_SHELTERS":"STD AD","LOCATION":"Southbound 152 St @ 64 Ave","ACCESSIBLE":"Yes","OBJECTID_1":2142936,"GLOBALID":"{B12FEA84-FCE8-4E2B-8FFB-5C2847E31080}","TRANSIT_ROUTES":"345, 375","PRESCRIBED_FREQUENT_BUS_STOPS":null}},{"type":"Feature","id":2142937,"geometry":{"type":"Point","coordinates":[-122.801182,49.116333]},"properties":{"FACILITYID":"1001207700","BUS_STOP_NO":55994,"STOP_STATUS":"Active","BUS_BENCHES":"YES","BUS_SHELTERS":"NO","LOCATION":"Southbound 152 St @ 62A Ave","ACCESSIBLE":"Yes","OBJECTID_1":2142937,"GLOBALID":"{41A9AF2C-C6B1-47F4-8E04-AA4ADCA89FE3}","TRANSIT_ROUTES":"345, 375","PRESCRIBED_FREQUENT_BUS_STOPS":null}},{"type":"Feature","id":2142938,"geometry":{"type":"Point","coordinates":[-122.801693,49.111791]},"properties":{"FACILITYID":"1001208574","BUS_STOP_NO":55995,"STOP_STATUS":"Active","BUS_BENCHES":"YES","BUS_SHELTERS":"NO","LOCATION":"Westbound 60 Ave @ 152 St","ACCESSIBLE":"Yes","OBJECTID_1":2142938,"GLOBALID":"{1FDCA47B-BCFC-4C94-8F5F-B81952AB5F08}","TRANSIT_ROUTES":"342","PRESCRIBED_FREQUENT_BUS_STOPS":null}},{"type":"Feature","id":2142939,"geometry":{"type":"Point","coordinates":[-122.807384,49.111815]},"properties":{"FACILITYID":"1001207542","BUS_STOP_NO":55996,"STOP_STATUS":"Active","BUS_BENCHES":"YES","BUS_SHELTERS":"NO","LOCATION":"Westbound 60 Ave @ 150 St","ACCESSIBLE":"Yes","OBJECTID_1":2142939,"GLOBALID":"{45009B03-FAD4-4E3A-99E0-8B42F0802F6B}","TRANSIT_ROUTES":"342","PRESCRIBED_FREQUENT_BUS_STOPS":null}},{"type":"Feature","id":2142940,"geometry":{"type":"Point","coordinates":[-122.812964,49.111845]},"properties":{"FACILITYID":null,"BUS_STOP_NO":55997,"STOP_STATUS":"Active","BUS_BENCHES":"YES","BUS_SHELTERS":"NO","LOCATION":"Westbound 60 Ave @ 148 St","ACCESSIBLE":"Yes","OBJECTID_1":2142940,"GLOBALID":null,"TRANSIT_ROUTES":"342","PRESCRIBED_FREQUENT_BUS_STOPS":null}},{"type":"Feature","id":2142941,"geometry":{"type":"Point","coordinates":[-122.81832,49.111881]},"properties":{"FACILITYID":"1001208318","BUS_STOP_NO":55998,"STOP_STATUS":"Active","BUS_BENCHES":"NO","BUS_SHELTERS":"NO","LOCATION":"Westbound 60 Ave @ 146 St","ACCESSIBLE":"Yes","OBJECTID_1":2142941,"GLOBALID":"{E6493C89-2DCC-432F-9109-18B1071B3B96}","TRANSIT_ROUTES":"342","PRESCRIBED_FREQUENT_BUS_STOPS":null}},{"type":"Feature","id":2142942,"geometry":{"type":"Point","coordinates":[-122.824111,49.111913]},"properties":{"FACILITYID":"1001208231","BUS_STOP_NO":55999,"STOP_STATUS":"Active","BUS_BENCHES":"YES","BUS_SHELTERS":"NO","LOCATION":"Westbound 60 Ave @ 144 St","ACCESSIBLE":"Yes","OBJECTID_1":2142942,"GLOBALID":"{BA063898-31D7-4748-B55C-270B62CD33E5}","TRANSIT_ROUTES":"342","PRESCRIBED_FREQUENT_BUS_STOPS":null}},{"type":"Feature","id":2142943,"geometry":{"type":"Point","coordinates":[-122.828904,49.111388]},"properties":{"FACILITYID":"1001208010","BUS_STOP_NO":56000,"STOP_STATUS":"Active","BUS_BENCHES":"NO","BUS_SHELTERS":"NO","LOCATION":"Southbound 142 St @ 60 Ave","ACCESSIBLE":"Yes","OBJECTID_1":2142943,"GLOBALID":"{3339CF88-9F74-4CB5-AF46-DE9E2238354B}","TRANSIT_ROUTES":"342","PRESCRIBED_FREQUENT_BUS_STOPS":null}},{"type":"Feature","id":2142944,"geometry":{"type":"Point","coordinates":[-122.826666,49.106135]},"properties":{"FACILITYID":"1001208508","BUS_STOP_NO":56001,"STOP_STATUS":"Active","BUS_BENCHES":"NO","BUS_SHELTERS":"STD AD","LOCATION":"Eastbound 57 Ave @ 142 St","ACCESSIBLE":"Yes","OBJECTID_1":2142944,"GLOBALID":"{E71442A7-E5B7-45DB-95D9-DE4191EC93E9}","TRANSIT_ROUTES":"342","PRESCRIBED_FREQUENT_BUS_STOPS":null}},{"type":"Feature","id":2142945,"geometry":{"type":"Point","coordinates":[-122.806568,49.190964]},"properties":{"FACILITYID":"1001208830","BUS_STOP_NO":56002,"STOP_STATUS":"Active","BUS_BENCHES":"YES","BUS_SHELTERS":"YES","LOCATION":"Southbound 150 St @ 104 Ave","ACCESSIBLE":"Yes","OBJECTID_1":2142945,"GLOBALID":"{7D8DB855-7FC6-4171-ADDC-93F3C3B592FB}","TRANSIT_ROUTES":"341","PRESCRIBED_FREQUENT_BUS_STOPS":null}},{"type":"Feature","id":2142946,"geometry":{"type":"Point","coordinates":[-122.80654,49.185885]},"properties":{"FACILITYID":"1001207668","BUS_STOP_NO":56004,"STOP_STATUS":"Active","BUS_BENCHES":"YES","BUS_SHELTERS":"YES","LOCATION":"Southbound 150 St @ 101 Ave","ACCESSIBLE":"Yes","OBJECTID_1":2142946,"GLOBALID":"{5B96697A-B72B-4F7A-BB9C-E7A98744B178}","TRANSIT_ROUTES":"341","PRESCRIBED_FREQUENT_BUS_STOPS":null}},{"type":"Feature","id":2142947,"geometry":{"type":"Point","coordinates":[-122.807046,49.184261]},"properties":{"FACILITYID":"1001207986","BUS_STOP_NO":56005,"STOP_STATUS":"Active","BUS_BENCHES":"YES","BUS_SHELTERS":"NO","LOCATION":"Westbound 100 Ave @ 150 St","ACCESSIBLE":"Yes","OBJECTID_1":2142947,"GLOBALID":"{235A8B11-32C7-43AC-875C-BD8D0B1E82A7}","TRANSIT_ROUTES":"341","PRESCRIBED_FREQUENT_BUS_STOPS":null}},{"type":"Feature","id":2142948,"geometry":{"type":"Point","coordinates":[-122.812191,49.183668]},"properties":{"FACILITYID":"1001208582","BUS_STOP_NO":56006,"STOP_STATUS":"Active","BUS_BENCHES":"YES","BUS_SHELTERS":"NO","LOCATION":"Southbound 148 St @ 100 Ave","ACCESSIBLE":"Yes","OBJECTID_1":2142948,"GLOBALID":"{2714783E-9CA4-480B-9ECE-196A38674FC0}","TRANSIT_ROUTES":"341","PRESCRIBED_FREQUENT_BUS_STOPS":null}},{"type":"Feature","id":2142949,"geometry":{"type":"Point","coordinates":[-122.81225,49.180174]},"properties":{"FACILITYID":"1001207820","BUS_STOP_NO":56007,"STOP_STATUS":"Active","BUS_BENCHES":"NO","BUS_SHELTERS":"NO","LOCATION":"Southbound 148 St @ 98 Ave","ACCESSIBLE":"Yes","OBJECTID_1":2142949,"GLOBALID":"{9546428C-C556-4397-8012-58361A625A50}","TRANSIT_ROUTES":"341","PRESCRIBED_FREQUENT_BUS_STOPS":null}},{"type":"Feature","id":2142950,"geometry":{"type":"Point","coordinates":[-122.812367,49.176413]},"properties":{"FACILITYID":"1001208532","BUS_STOP_NO":56008,"STOP_STATUS":"Active","BUS_BENCHES":"NO","BUS_SHELTERS":"NO","LOCATION":"Southbound 148 St @ 96 Ave","ACCESSIBLE":"Yes","OBJECTID_1":2142950,"GLOBALID":"{E10DA361-E9B9-4C8E-8848-39C572AFA512}","TRANSIT_ROUTES":"341","PRESCRIBED_FREQUENT_BUS_STOPS":null}},{"type":"Feature","id":2142951,"geometry":{"type":"Point","coordinates":[-122.812362,49.173155]},"properties":{"FACILITYID":"1001208804","BUS_STOP_NO":56009,"STOP_STATUS":"Active","BUS_BENCHES":"NO","BUS_SHELTERS":"NO","LOCATION":"Southbound 148 St @ 94 Ave","ACCESSIBLE":"No","OBJECTID_1":2142951,"GLOBALID":"{F42B8A1B-7186-4CD8-A3EC-3A999F206B43}","TRANSIT_ROUTES":"341","PRESCRIBED_FREQUENT_BUS_STOPS":null}},{"type":"Feature","id":2142952,"geometry":{"type":"Point","coordinates":[-122.812435,49.169991]},"properties":{"FACILITYID":"1001208791","BUS_STOP_NO":56010,"STOP_STATUS":"Active","BUS_BENCHES":"YES","BUS_SHELTERS":"NO","LOCATION":"Southbound 148 St @ Fraser Hwy","ACCESSIBLE":"Yes","OBJECTID_1":2142952,"GLOBALID":"{6DD0F029-9D8A-49AA-9FF2-B4CEF518EF91}","TRANSIT_ROUTES":"341","PRESCRIBED_FREQUENT_BUS_STOPS":null}},{"type":"Feature","id":2142953,"geometry":{"type":"Point","coordinates":[-122.812466,49.166192]},"properties":{"FACILITYID":"1001208623","BUS_STOP_NO":56011,"STOP_STATUS":"Active","BUS_BENCHES":"NO","BUS_SHELTERS":"NO","LOCATION":"Southbound 148 St @ 90 Ave","ACCESSIBLE":"Yes","OBJECTID_1":2142953,"GLOBALID":"{00CE1E0D-45CE-43E7-AD34-389AA132FD07}","TRANSIT_ROUTES":"341","PRESCRIBED_FREQUENT_BUS_STOPS":null}},{"type":"Feature","id":2142954,"geometry":{"type":"Point","coordinates":[-122.823215,49.106827]},"properties":{"FACILITYID":"1001208737","BUS_STOP_NO":56013,"STOP_STATUS":"Active","BUS_BENCHES":"YES","BUS_SHELTERS":"NO","LOCATION":"Northbound 144 St @ 57 Ave","ACCESSIBLE":"Yes","OBJECTID_1":2142954,"GLOBALID":"{4155E48B-5590-490F-A3E1-CDF76CD8648E}","TRANSIT_ROUTES":"342","PRESCRIBED_FREQUENT_BUS_STOPS":null}},{"type":"Feature","id":2142955,"geometry":{"type":"Point","coordinates":[-122.823271,49.11234]},"properties":{"FACILITYID":"1001208226","BUS_STOP_NO":56014,"STOP_STATUS":"Active","BUS_BENCHES":"YES","BUS_SHELTERS":"NO","LOCATION":"Northbound 144 St @ 60 Ave","ACCESSIBLE":"Yes","OBJECTID_1":2142955,"GLOBALID":"{6C8C9A36-57F5-4CAA-AC26-ED98A9994270}","TRANSIT_ROUTES":"342","PRESCRIBED_FREQUENT_BUS_STOPS":null}},{"type":"Feature","id":2142956,"geometry":{"type":"Point","coordinates":[-122.823154,49.119844]},"properties":{"FACILITYID":"1001207842","BUS_STOP_NO":56015,"STOP_STATUS":"Active","BUS_BENCHES":"YES","BUS_SHELTERS":"YES","LOCATION":"Northbound 144 St @ 64 Ave","ACCESSIBLE":"Yes","OBJECTID_1":2142956,"GLOBALID":"{745CC07B-25E2-47C3-B2BE-8A34352F7715}","TRANSIT_ROUTES":"342, 864","PRESCRIBED_FREQUENT_BUS_STOPS":null}},{"type":"Feature","id":2142957,"geometry":{"type":"Point","coordinates":[-122.823213,49.123116]},"properties":{"FACILITYID":"1001208225","BUS_STOP_NO":56016,"STOP_STATUS":"Active","BUS_BENCHES":"YES","BUS_SHELTERS":"NO","LOCATION":"Northbound 144 St @ 66 Ave","ACCESSIBLE":"Yes","OBJECTID_1":2142957,"GLOBALID":"{BA295912-45C6-4C73-AB93-5BFC4A8717DF}","TRANSIT_ROUTES":"342, 864","PRESCRIBED_FREQUENT_BUS_STOPS":null}},{"type":"Feature","id":2142958,"geometry":{"type":"Point","coordinates":[-122.823201,49.127371]},"properties":{"FACILITYID":"1001208261","BUS_STOP_NO":59901,"STOP_STATUS":"Active","BUS_BENCHES":"YES","BUS_SHELTERS":"NO","LOCATION":"Northbound 144 St @ 68A Ave","ACCESSIBLE":"Yes","OBJECTID_1":2142958,"GLOBALID":"{15585747-39CE-4519-BC30-BB22FF84CFC2}","TRANSIT_ROUTES":"342, 864","PRESCRIBED_FREQUENT_BUS_STOPS":null}},{"type":"Feature","id":2142959,"geometry":{"type":"Point","coordinates":[-122.823209,49.131222]},"properties":{"FACILITYID":"1001208230","BUS_STOP_NO":56018,"STOP_STATUS":"Active","BUS_BENCHES":"YES","BUS_SHELTERS":"YES","LOCATION":"Northbound 144 St @ 70A Ave","ACCESSIBLE":"Yes","OBJECTID_1":2142959,"GLOBALID":"{D0E5E011-E9EC-4908-8DFA-268B19E90D49}","TRANSIT_ROUTES":"342, 864","PRESCRIBED_FREQUENT_BUS_STOPS":null}},{"type":"Feature","id":2142960,"geometry":{"type":"Point","coordinates":[-122.842598,49.133304]},"properties":{"FACILITYID":"1001208766","BUS_STOP_NO":56019,"STOP_STATUS":"Active","BUS_BENCHES":"NO","BUS_SHELTERS":"EXCH","LOCATION":"Newton Exchange @ Bay 4","ACCESSIBLE":"Yes","OBJECTID_1":2142960,"GLOBALID":"{71DCC75C-F5D0-4921-AA83-547C5F8502E1}","TRANSIT_ROUTES":"342","PRESCRIBED_FREQUENT_BUS_STOPS":null}},{"type":"Feature","id":2142961,"geometry":{"type":"Point","coordinates":[-122.857236,49.133813]},"properties":{"FACILITYID":"1001208293","BUS_STOP_NO":56020,"STOP_STATUS":"Active","BUS_BENCHES":"NO","BUS_SHELTERS":"STD AD","LOCATION":"Westbound 72 Ave @ 132 St","ACCESSIBLE":"Yes","OBJECTID_1":2142961,"GLOBALID":"{815FA35E-C605-4BD7-94A3-D01F46BC3C54}","TRANSIT_ROUTES":"301, 319, R6","PRESCRIBED_FREQUENT_BUS_STOPS":"Yes"}},{"type":"Feature","id":2142962,"geometry":{"type":"Point","coordinates":[-122.862851,49.133907]},"properties":{"FACILITYID":"1001208160","BUS_STOP_NO":56021,"STOP_STATUS":"Active","BUS_BENCHES":"YES","BUS_SHELTERS":"NO","LOCATION":"Westbound 72 Ave @ 130 St","ACCESSIBLE":"Yes","OBJECTID_1":2142962,"GLOBALID":"{BC1652B3-5559-4B0C-A063-5754B1AF5A16}","TRANSIT_ROUTES":"319","PRESCRIBED_FREQUENT_BUS_STOPS":"Yes"}},{"type":"Feature","id":2142963,"geometry":{"type":"Point","coordinates":[-122.888253,49.137443]},"properties":{"FACILITYID":"1001208787","BUS_STOP_NO":56022,"STOP_STATUS":"Active","BUS_BENCHES":"NO","BUS_SHELTERS":"EXCH","LOCATION":"Scottsdale Exchange @ Bay 8","ACCESSIBLE":"Yes","OBJECTID_1":2142963,"GLOBALID":"{12164DD5-0E7A-4F9A-836F-BAD919E575F7}","TRANSIT_ROUTES":"301, 311","PRESCRIBED_FREQUENT_BUS_STOPS":null}},{"type":"Feature","id":2142964,"geometry":{"type":"Point","coordinates":[-122.776018,49.031554]},"properties":{"FACILITYID":"1001207882","BUS_STOP_NO":56031,"STOP_STATUS":"Active","BUS_BENCHES":"YES","BUS_SHELTERS":"NO","LOCATION":"Northbound King George Blvd @ 16 Ave","ACCESSIBLE":"Yes","OBJECTID_1":2142964,"GLOBALID":"{FE76EE08-1889-4B96-8AA3-7F38BF68C1EE}","TRANSIT_ROUTES":"354, 363","PRESCRIBED_FREQUENT_BUS_STOPS":null}},{"type":"Feature","id":2142965,"geometry":{"type":"Point","coordinates":[-122.801002,49.056655]},"properties":{"FACILITYID":"1001208708","BUS_STOP_NO":56036,"STOP_STATUS":"Active","BUS_BENCHES":"YES","BUS_SHELTERS":"STD AD","LOCATION":"Northbound 152 St @ 3000 Block","ACCESSIBLE":"Yes","OBJECTID_1":2142965,"GLOBALID":"{71C3B2AF-1BE5-4BED-859E-4162541143B9}","TRANSIT_ROUTES":"345, 363, 375, 394","PRESCRIBED_FREQUENT_BUS_STOPS":null}},{"type":"Feature","id":2142966,"geometry":{"type":"Point","coordinates":[-122.801011,49.062184]},"properties":{"FACILITYID":null,"BUS_STOP_NO":56037,"STOP_STATUS":"Active","BUS_BENCHES":"YES","BUS_SHELTERS":"YES","LOCATION":"Northbound 152 St @ 32 Ave","ACCESSIBLE":"Yes","OBJECTID_1":2142966,"GLOBALID":null,"TRANSIT_ROUTES":"345, 375","PRESCRIBED_FREQUENT_BUS_STOPS":null}},{"type":"Feature","id":2142967,"geometry":{"type":"Point","coordinates":[-122.801053,49.064178]},"properties":{"FACILITYID":"1001208328","BUS_STOP_NO":56038,"STOP_STATUS":"Active","BUS_BENCHES":"YES","BUS_SHELTERS":"NO","LOCATION":"Northbound 152 St @ 34 Ave","ACCESSIBLE":"Yes","OBJECTID_1":2142967,"GLOBALID":"{BC4EF085-73E1-440C-A649-D528217A8421}","TRANSIT_ROUTES":"345, 375","PRESCRIBED_FREQUENT_BUS_STOPS":null}},{"type":"Feature","id":2142968,"geometry":{"type":"Point","coordinates":[-122.801009,49.067757]},"properties":{"FACILITYID":"1001207719","BUS_STOP_NO":56039,"STOP_STATUS":"Active","BUS_BENCHES":"YES","BUS_SHELTERS":"STD AD","LOCATION":"Northbound 152 St @ 36 Ave","ACCESSIBLE":"Yes","OBJECTID_1":2142968,"GLOBALID":"{A3E030B4-CBB8-4A5C-8CE7-A2F1C977C897}","TRANSIT_ROUTES":"345, 375","PRESCRIBED_FREQUENT_BUS_STOPS":null}},{"type":"Feature","id":2142969,"geometry":{"type":"Point","coordinates":[-122.801038,49.083706]},"properties":{"FACILITYID":"1001208351","BUS_STOP_NO":56041,"STOP_STATUS":"Active","BUS_BENCHES":"NO","BUS_SHELTERS":"NO","LOCATION":"Northbound 152 St @ 4400 Block","ACCESSIBLE":"Yes","OBJECTID_1":2142969,"GLOBALID":"{ADE083C7-AC6F-46B0-9A3A-DBE728CC80DA}","TRANSIT_ROUTES":"345, 375","PRESCRIBED_FREQUENT_BUS_STOPS":null}},{"type":"Feature","id":2142970,"geometry":{"type":"Point","coordinates":[-122.80105,49.090169]},"properties":{"FACILITYID":"1001208001","BUS_STOP_NO":56042,"STOP_STATUS":"Active","BUS_BENCHES":"NO","BUS_SHELTERS":"YES","LOCATION":"Northbound 152 St @ 48 Ave","ACCESSIBLE":"Yes","OBJECTID_1":2142970,"GLOBALID":"{E2068E4A-938B-4485-9072-E8AF804EE77C}","TRANSIT_ROUTES":"345, 375","PRESCRIBED_FREQUENT_BUS_STOPS":null}},{"type":"Feature","id":2142971,"geometry":{"type":"Point","coordinates":[-122.800853,49.105265]},"properties":{"FACILITYID":"1001207707","BUS_STOP_NO":56045,"STOP_STATUS":"Active","BUS_BENCHES":"YES","BUS_SHELTERS":"STD AD","LOCATION":"Northbound 152 St @ Hwy 10","ACCESSIBLE":"Yes","OBJECTID_1":2142971,"GLOBALID":"{7E35ADDA-A447-4E55-B372-CA9B8CCCCCE2}","TRANSIT_ROUTES":"342, 345, 375","PRESCRIBED_FREQUENT_BUS_STOPS":null}},{"type":"Feature","id":2142972,"geometry":{"type":"Point","coordinates":[-122.800863,49.108775]},"properties":{"FACILITYID":"1001208097","BUS_STOP_NO":56046,"STOP_STATUS":"Active","BUS_BENCHES":"YES","BUS_SHELTERS":"STD AD","LOCATION":"Northbound 152 St @ 58A Ave","ACCESSIBLE":"Yes","OBJECTID_1":2142972,"GLOBALID":"{39AD1101-949A-4207-90BA-D6792178B1DA}","TRANSIT_ROUTES":"342, 345, 375","PRESCRIBED_FREQUENT_BUS_STOPS":null}},{"type":"Feature","id":2142973,"geometry":{"type":"Point","coordinates":[-122.800855,49.126598]},"properties":{"FACILITYID":"1001208243","BUS_STOP_NO":56048,"STOP_STATUS":"Active","BUS_BENCHES":"YES","BUS_SHELTERS":"STD AD","LOCATION":"Northbound 152 St @ 68 Ave","ACCESSIBLE":"Yes","OBJECTID_1":2142973,"GLOBALID":"{E381302F-9DD5-4445-AB0A-A1BC446B254A}","TRANSIT_ROUTES":"345, 375","PRESCRIBED_FREQUENT_BUS_STOPS":null}},{"type":"Feature","id":2142974,"geometry":{"type":"Point","coordinates":[-122.800899,49.134063]},"properties":{"FACILITYID":"1001208796","BUS_STOP_NO":56049,"STOP_STATUS":"Active","BUS_BENCHES":"YES","BUS_SHELTERS":"STD AD","LOCATION":"Northbound 152 St @ 72 Ave","ACCESSIBLE":"Yes","OBJECTID_1":2142974,"GLOBALID":"{97E864C5-8F5F-4C7B-8533-371CC611599E}","TRANSIT_ROUTES":"335, 345, 375","PRESCRIBED_FREQUENT_BUS_STOPS":null}},{"type":"Feature","id":2142975,"geometry":{"type":"Point","coordinates":[-122.800889,49.14156]},"properties":{"FACILITYID":"1001208844","BUS_STOP_NO":56050,"STOP_STATUS":"Active","BUS_BENCHES":"YES","BUS_SHELTERS":"STD AD","LOCATION":"Northbound 152 St @ 76 Ave","ACCESSIBLE":"Yes","OBJECTID_1":2142975,"GLOBALID":"{1DB07B4D-9004-4AAB-884F-337EAB185C49}","TRANSIT_ROUTES":"335, 345, 375","PRESCRIBED_FREQUENT_BUS_STOPS":null}},{"type":"Feature","id":2142976,"geometry":{"type":"Point","coordinates":[-122.801112,49.150356]},"properties":{"FACILITYID":"1001208018","BUS_STOP_NO":56051,"STOP_STATUS":"Active","BUS_BENCHES":"YES","BUS_SHELTERS":"NO","LOCATION":"Northbound 152 St @ 81 Ave","ACCESSIBLE":"Yes","OBJECTID_1":2142976,"GLOBALID":"{0483C3F6-DBAB-4E7E-9754-3B1216D03AB8}","TRANSIT_ROUTES":"335, 345, 375","PRESCRIBED_FREQUENT_BUS_STOPS":null}},{"type":"Feature","id":2142977,"geometry":{"type":"Point","coordinates":[-122.801185,49.15226]},"properties":{"FACILITYID":"1001207607","BUS_STOP_NO":56052,"STOP_STATUS":"Active","BUS_BENCHES":"NO","BUS_SHELTERS":"STD AD","LOCATION":"Northbound 152 St @ 82 Ave","ACCESSIBLE":"Yes","OBJECTID_1":2142977,"GLOBALID":"{05F84636-5A94-4E6B-B30E-97B6D411D46F}","TRANSIT_ROUTES":"335, 345, 375","PRESCRIBED_FREQUENT_BUS_STOPS":null}},{"type":"Feature","id":2142978,"geometry":{"type":"Point","coordinates":[-122.801294,49.156095]},"properties":{"FACILITYID":"1001207813","BUS_STOP_NO":56053,"STOP_STATUS":"Active","BUS_BENCHES":"NO","BUS_SHELTERS":"STD AD","LOCATION":"Northbound 152 St @ 84 Ave","ACCESSIBLE":"Yes","OBJECTID_1":2142978,"GLOBALID":"{CBDDE1D9-0986-46CA-8BF8-08EB34B47E83}","TRANSIT_ROUTES":"345, 375","PRESCRIBED_FREQUENT_BUS_STOPS":null}},{"type":"Feature","id":2142979,"geometry":{"type":"Point","coordinates":[-122.801339,49.159541]},"properties":{"FACILITYID":"1001208727","BUS_STOP_NO":56054,"STOP_STATUS":"Active","BUS_BENCHES":"NO","BUS_SHELTERS":"NSW","LOCATION":"Northbound 152 St @ 86 Ave","ACCESSIBLE":"Yes","OBJECTID_1":2142979,"GLOBALID":"{82EDB032-D169-4918-A1FF-9ED0F63AF1F7}","TRANSIT_ROUTES":"345, 375","PRESCRIBED_FREQUENT_BUS_STOPS":null}},{"type":"Feature","id":2142980,"geometry":{"type":"Point","coordinates":[-122.801553,49.165382]},"properties":{"FACILITYID":"1001208738","BUS_STOP_NO":56055,"STOP_STATUS":"Active","BUS_BENCHES":"YES","BUS_SHELTERS":"STD AD","LOCATION":"Southbound 152 St @ Fraser Hwy","ACCESSIBLE":"Yes","OBJECTID_1":2142980,"GLOBALID":"{E839ABF7-1D26-4B9D-A4F1-47929DFA32BD}","TRANSIT_ROUTES":"335, 345, 375","PRESCRIBED_FREQUENT_BUS_STOPS":null}},{"type":"Feature","id":2142981,"geometry":{"type":"Point","coordinates":[-122.801629,49.162511]},"properties":{"FACILITYID":"1001208467","BUS_STOP_NO":56056,"STOP_STATUS":"Active","BUS_BENCHES":"YES","BUS_SHELTERS":"STD AD","LOCATION":"Southbound 152 St @ 88 Ave","ACCESSIBLE":"Yes","OBJECTID_1":2142981,"GLOBALID":"{C17F8D2D-F2EE-4313-A669-83942C6DBB8C}","TRANSIT_ROUTES":"345, 375","PRESCRIBED_FREQUENT_BUS_STOPS":null}},{"type":"Feature","id":2142982,"geometry":{"type":"Point","coordinates":[-122.801593,49.158779]},"properties":{"FACILITYID":"1001207748","BUS_STOP_NO":56057,"STOP_STATUS":"Active","BUS_BENCHES":"YES","BUS_SHELTERS":"NO","LOCATION":"Southbound 152 St @ 86 Ave","ACCESSIBLE":"Yes","OBJECTID_1":2142982,"GLOBALID":"{C156F240-A2F1-4EEE-8F0A-DBFE93EFF531}","TRANSIT_ROUTES":"345, 375","PRESCRIBED_FREQUENT_BUS_STOPS":null}},{"type":"Feature","id":2142983,"geometry":{"type":"Point","coordinates":[-122.801542,49.155093]},"properties":{"FACILITYID":"1001207795","BUS_STOP_NO":56058,"STOP_STATUS":"Active","BUS_BENCHES":"YES","BUS_SHELTERS":"STD AD","LOCATION":"Southbound 152 St @ 84 Ave","ACCESSIBLE":"Yes","OBJECTID_1":2142983,"GLOBALID":"{2860DC99-5FC4-46D4-87C0-0166A58D11C1}","TRANSIT_ROUTES":"335, 345, 375","PRESCRIBED_FREQUENT_BUS_STOPS":null}},{"type":"Feature","id":2142984,"geometry":{"type":"Point","coordinates":[-122.80145,49.152643]},"properties":{"FACILITYID":"1001208324","BUS_STOP_NO":56059,"STOP_STATUS":"Active","BUS_BENCHES":"YES","BUS_SHELTERS":"NO","LOCATION":"Southbound 152 St @ 82 Ave","ACCESSIBLE":"Yes","OBJECTID_1":2142984,"GLOBALID":"{5A7D4653-5A1E-4A9C-B60A-E5714078EE0C}","TRANSIT_ROUTES":"335, 345, 375","PRESCRIBED_FREQUENT_BUS_STOPS":null}},{"type":"Feature","id":2142985,"geometry":{"type":"Point","coordinates":[-122.80134,49.147524]},"properties":{"FACILITYID":"1001208342","BUS_STOP_NO":56060,"STOP_STATUS":"Active","BUS_BENCHES":"YES","BUS_SHELTERS":"YES","LOCATION":"Southbound 152 St @ 7900 Block","ACCESSIBLE":"Yes","OBJECTID_1":2142985,"GLOBALID":"{3F238A43-040F-48EE-B256-9B6FB45873AD}","TRANSIT_ROUTES":"335, 345, 375","PRESCRIBED_FREQUENT_BUS_STOPS":null}},{"type":"Feature","id":2142986,"geometry":{"type":"Point","coordinates":[-122.801247,49.140428]},"properties":{"FACILITYID":"1001207734","BUS_STOP_NO":56061,"STOP_STATUS":"Active","BUS_BENCHES":"YES","BUS_SHELTERS":"YES","LOCATION":"Southbound 152 St @ 76 Ave","ACCESSIBLE":"Yes","OBJECTID_1":2142986,"GLOBALID":"{51A848E6-60F2-4398-8F1B-8D149ACCA09D}","TRANSIT_ROUTES":"335, 345, 375","PRESCRIBED_FREQUENT_BUS_STOPS":null}},{"type":"Feature","id":2142987,"geometry":{"type":"Point","coordinates":[-122.801259,49.132977]},"properties":{"FACILITYID":"1001208249","BUS_STOP_NO":56062,"STOP_STATUS":"Active","BUS_BENCHES":"YES","BUS_SHELTERS":"STD AD","LOCATION":"Southbound 152 St @ 72 Ave","ACCESSIBLE":"Yes","OBJECTID_1":2142987,"GLOBALID":"{28521F00-5530-4849-931C-04E6F95A43C2}","TRANSIT_ROUTES":"345, 375","PRESCRIBED_FREQUENT_BUS_STOPS":null}},{"type":"Feature","id":2142988,"geometry":{"type":"Point","coordinates":[-122.80122,49.125876]},"properties":{"FACILITYID":"1001208855","BUS_STOP_NO":56063,"STOP_STATUS":"Active","BUS_BENCHES":"YES","BUS_SHELTERS":"NO","LOCATION":"Southbound 152 St @ 68 Ave","ACCESSIBLE":"Yes","OBJECTID_1":2142988,"GLOBALID":"{15413042-E0AE-4B82-A42C-F1064D95D2A3}","TRANSIT_ROUTES":"345, 375","PRESCRIBED_FREQUENT_BUS_STOPS":null}},{"type":"Feature","id":2142989,"geometry":{"type":"Point","coordinates":[-122.801199,49.123026]},"properties":{"FACILITYID":"1001207921","BUS_STOP_NO":56064,"STOP_STATUS":"Active","BUS_BENCHES":"YES","BUS_SHELTERS":"NO","LOCATION":"Southbound 152 St @ 66A Ave","ACCESSIBLE":"Yes","OBJECTID_1":2142989,"GLOBALID":"{353CA572-042E-467E-8C90-71D366CBC8ED}","TRANSIT_ROUTES":"345, 375","PRESCRIBED_FREQUENT_BUS_STOPS":null}},{"type":"Feature","id":2142990,"geometry":{"type":"Point","coordinates":[-122.801165,49.111268]},"properties":{"FACILITYID":"1001207880","BUS_STOP_NO":56066,"STOP_STATUS":"Active","BUS_BENCHES":"YES","BUS_SHELTERS":"YES","LOCATION":"Southbound 152 St @ 60 Ave","ACCESSIBLE":"Yes","OBJECTID_1":2142990,"GLOBALID":"{407154FF-0945-4639-93A0-E73139165602}","TRANSIT_ROUTES":"342, 345, 375","PRESCRIBED_FREQUENT_BUS_STOPS":null}},{"type":"Feature","id":2142991,"geometry":{"type":"Point","coordinates":[-122.801175,49.107963]},"properties":{"FACILITYID":"1001208208","BUS_STOP_NO":56067,"STOP_STATUS":"Active","BUS_BENCHES":"YES","BUS_SHELTERS":"NO","LOCATION":"Southbound 152 St @ Panorama Dr","ACCESSIBLE":"Yes","OBJECTID_1":2142991,"GLOBALID":"{FB8F0575-A99B-406D-8E26-AEAE6729E9C1}","TRANSIT_ROUTES":"342, 345, 375","PRESCRIBED_FREQUENT_BUS_STOPS":null}},{"type":"Feature","id":2142992,"geometry":{"type":"Point","coordinates":[-122.801222,49.10358]},"properties":{"FACILITYID":"1001208113","BUS_STOP_NO":56068,"STOP_STATUS":"Active","BUS_BENCHES":"YES","BUS_SHELTERS":"NO","LOCATION":"Southbound 152 St @ Hwy 10","ACCESSIBLE":"Yes","OBJECTID_1":2142992,"GLOBALID":"{74354419-E297-4CBF-909B-A36A0CEC9D96}","TRANSIT_ROUTES":"345, 375","PRESCRIBED_FREQUENT_BUS_STOPS":null}},{"type":"Feature","id":2142993,"geometry":{"type":"Point","coordinates":[-122.801222,49.089425]},"properties":{"FACILITYID":"1001207764","BUS_STOP_NO":56070,"STOP_STATUS":"Active","BUS_BENCHES":"NO","BUS_SHELTERS":"NO","LOCATION":"Southbound 152 St @ 48 Ave","ACCESSIBLE":"Yes","OBJECTID_1":2142993,"GLOBALID":"{1260FBCD-14F1-4B35-857C-0682EF18B34C}","TRANSIT_ROUTES":"345, 375","PRESCRIBED_FREQUENT_BUS_STOPS":null}},{"type":"Feature","id":2142994,"geometry":{"type":"Point","coordinates":[-122.801246,49.083702]},"properties":{"FACILITYID":"1001208257","BUS_STOP_NO":56071,"STOP_STATUS":"Active","BUS_BENCHES":"NO","BUS_SHELTERS":"NO","LOCATION":"Southbound 152 St @ 4400 Block","ACCESSIBLE":"Yes","OBJECTID_1":2142994,"GLOBALID":"{F219BBE9-C750-4DCD-9D0B-836D6525FC88}","TRANSIT_ROUTES":"345, 375","PRESCRIBED_FREQUENT_BUS_STOPS":null}},{"type":"Feature","id":2142995,"geometry":{"type":"Point","coordinates":[-122.801288,49.074274]},"properties":{"FACILITYID":"1001207673","BUS_STOP_NO":56072,"STOP_STATUS":"Active","BUS_BENCHES":"YES","BUS_SHELTERS":"YES","LOCATION":"Southbound 152 St @ 40 Ave","ACCESSIBLE":"Yes","OBJECTID_1":2142995,"GLOBALID":"{B494C1EB-2333-42D4-AEC8-70816DC95B7A}","TRANSIT_ROUTES":"345, 375","PRESCRIBED_FREQUENT_BUS_STOPS":null}},{"type":"Feature","id":2142996,"geometry":{"type":"Point","coordinates":[-122.801322,49.066926]},"properties":{"FACILITYID":"1001207536","BUS_STOP_NO":59099,"STOP_STATUS":"Active","BUS_BENCHES":"YES","BUS_SHELTERS":"YES","LOCATION":"Southbound 152 St @ 36 Ave","ACCESSIBLE":"Yes","OBJECTID_1":2142996,"GLOBALID":"{21D710C3-606F-40F2-AAB3-0919ED1C11F3}","TRANSIT_ROUTES":"345, 375","PRESCRIBED_FREQUENT_BUS_STOPS":null}},{"type":"Feature","id":2142997,"geometry":{"type":"Point","coordinates":[-122.801332,49.063356]},"properties":{"FACILITYID":"1001208120","BUS_STOP_NO":56074,"STOP_STATUS":"Active","BUS_BENCHES":"YES","BUS_SHELTERS":"YES","LOCATION":"Southbound 152 St @ 34 Ave","ACCESSIBLE":"Yes","OBJECTID_1":2142997,"GLOBALID":"{DE0F14A5-6704-4EEB-ADFE-F714F6FF08BB}","TRANSIT_ROUTES":"345, 375","PRESCRIBED_FREQUENT_BUS_STOPS":null}},{"type":"Feature","id":2142998,"geometry":{"type":"Point","coordinates":[-122.801368,49.061127]},"properties":{"FACILITYID":null,"BUS_STOP_NO":56075,"STOP_STATUS":"Active","BUS_BENCHES":null,"BUS_SHELTERS":"YES","LOCATION":"Southbound 152 St @ 32 Ave","ACCESSIBLE":"Yes","OBJECTID_1":2142998,"GLOBALID":null,"TRANSIT_ROUTES":"345, 375, 394","PRESCRIBED_FREQUENT_BUS_STOPS":null}},{"type":"Feature","id":2142999,"geometry":{"type":"Point","coordinates":[-122.793333,49.045179]},"properties":{"FACILITYID":"1001208554","BUS_STOP_NO":56077,"STOP_STATUS":"Active","BUS_BENCHES":"YES","BUS_SHELTERS":"NO","LOCATION":"Southbound King George Blvd @ 24 Ave","ACCESSIBLE":"Yes","OBJECTID_1":2142999,"GLOBALID":"{E7A2A617-4195-4632-A90A-DC500CE30EE8}","TRANSIT_ROUTES":"354","PRESCRIBED_FREQUENT_BUS_STOPS":null}},{"type":"Feature","id":2143000,"geometry":{"type":"Point","coordinates":[-122.801091,49.031826]},"properties":{"FACILITYID":"1001208476","BUS_STOP_NO":56081,"STOP_STATUS":"Active","BUS_BENCHES":"YES","BUS_SHELTERS":"EXCH","LOCATION":"White Rock Centre @ Bay 5","ACCESSIBLE":"Yes","OBJECTID_1":2143000,"GLOBALID":"{6424213D-EDD3-494A-8D85-8AC56E7CF2FC}","TRANSIT_ROUTES":"351, 352","PRESCRIBED_FREQUENT_BUS_STOPS":"Yes"}},{"type":"Feature","id":2143001,"geometry":{"type":"Point","coordinates":[-122.884378,49.055547]},"properties":{"FACILITYID":null,"BUS_STOP_NO":56082,"STOP_STATUS":"Active","BUS_BENCHES":"YES","BUS_SHELTERS":"NO","LOCATION":"Westbound Sullivan St @ Kidd Rd","ACCESSIBLE":"Yes","OBJECTID_1":2143001,"GLOBALID":null,"TRANSIT_ROUTES":"350, 855","PRESCRIBED_FREQUENT_BUS_STOPS":null}},{"type":"Feature","id":2143002,"geometry":{"type":"Point","coordinates":[-122.885203,49.054948]},"properties":{"FACILITYID":null,"BUS_STOP_NO":56083,"STOP_STATUS":"Active","BUS_BENCHES":"YES","BUS_SHELTERS":"NO","LOCATION":"Southbound McBride Ave @ Alexandra St","ACCESSIBLE":"Yes","OBJECTID_1":2143002,"GLOBALID":null,"TRANSIT_ROUTES":"350, 855","PRESCRIBED_FREQUENT_BUS_STOPS":null}},{"type":"Feature","id":2143003,"geometry":{"type":"Point","coordinates":[-122.883058,49.052522]},"properties":{"FACILITYID":null,"BUS_STOP_NO":56084,"STOP_STATUS":"Active","BUS_BENCHES":"YES","BUS_SHELTERS":"NO","LOCATION":"Eastbound Beecher St @ Taylor Lane","ACCESSIBLE":"Yes","OBJECTID_1":2143003,"GLOBALID":null,"TRANSIT_ROUTES":"350, 855","PRESCRIBED_FREQUENT_BUS_STOPS":null}},{"type":"Feature","id":2143004,"geometry":{"type":"Point","coordinates":[-122.880364,49.05306]},"properties":{"FACILITYID":"1001207907","BUS_STOP_NO":56085,"STOP_STATUS":"Active","BUS_BENCHES":"NO","BUS_SHELTERS":"NO","LOCATION":"Eastbound Beecher St @ Sullivan St","ACCESSIBLE":"Yes","OBJECTID_1":2143004,"GLOBALID":"{85D45A4A-4B1F-40EC-8B7B-7647F796AB21}","TRANSIT_ROUTES":"350, 855","PRESCRIBED_FREQUENT_BUS_STOPS":null}},{"type":"Feature","id":2143005,"geometry":{"type":"Point","coordinates":[-122.876719,49.053914]},"properties":{"FACILITYID":"1001208008","BUS_STOP_NO":56086,"STOP_STATUS":"Active","BUS_BENCHES":"YES","BUS_SHELTERS":"NO","LOCATION":"Eastbound Bayview St @ Beecher St","ACCESSIBLE":"Yes","OBJECTID_1":2143005,"GLOBALID":"{F1BD2098-C3B3-4EF9-8521-40DE1FE75A90}","TRANSIT_ROUTES":"350, 855","PRESCRIBED_FREQUENT_BUS_STOPS":null}},{"type":"Feature","id":2143006,"geometry":{"type":"Point","coordinates":[-122.873773,49.053895]},"properties":{"FACILITYID":"1001208666","BUS_STOP_NO":56087,"STOP_STATUS":"Active","BUS_BENCHES":"NO","BUS_SHELTERS":"NO","LOCATION":"Eastbound Crescent Rd @ Tulloch Rd","ACCESSIBLE":"No","OBJECTID_1":2143006,"GLOBALID":"{FE946B7E-4103-40A0-8176-24BCD0047F24}","TRANSIT_ROUTES":"350, 855","PRESCRIBED_FREQUENT_BUS_STOPS":null}},{"type":"Feature","id":2143007,"geometry":{"type":"Point","coordinates":[-122.867474,49.052235]},"properties":{"FACILITYID":"1001207869","BUS_STOP_NO":56088,"STOP_STATUS":"Active","BUS_BENCHES":"YES","BUS_SHELTERS":"NO","LOCATION":"Southbound 128 St @ Crescent Rd","ACCESSIBLE":"Yes","OBJECTID_1":2143007,"GLOBALID":"{22AA76A6-7EB0-4C8B-9CA7-24E0103D9E83}","TRANSIT_ROUTES":"350, 352, 855","PRESCRIBED_FREQUENT_BUS_STOPS":null}},{"type":"Feature","id":2143008,"geometry":{"type":"Point","coordinates":[-122.867456,49.050021]},"properties":{"FACILITYID":"1001208205","BUS_STOP_NO":59566,"STOP_STATUS":"Active","BUS_BENCHES":"YES","BUS_SHELTERS":"NO","LOCATION":"Southbound 128 St @ 26 Ave","ACCESSIBLE":"Yes","OBJECTID_1":2143008,"GLOBALID":"{04EE6999-568B-4BF7-A454-17989B427997}","TRANSIT_ROUTES":"350, 352, 855","PRESCRIBED_FREQUENT_BUS_STOPS":null}},{"type":"Feature","id":2143009,"geometry":{"type":"Point","coordinates":[-122.867469,49.047325]},"properties":{"FACILITYID":"1001208788","BUS_STOP_NO":56090,"STOP_STATUS":"Active","BUS_BENCHES":"YES","BUS_SHELTERS":"NO","LOCATION":"Southbound 128 St @ 25 Ave","ACCESSIBLE":"Yes","OBJECTID_1":2143009,"GLOBALID":"{AE07F0B8-DA24-4895-9516-C85F0FDDA3A9}","TRANSIT_ROUTES":"350, 352, 360, 855","PRESCRIBED_FREQUENT_BUS_STOPS":null}},{"type":"Feature","id":2143010,"geometry":{"type":"Point","coordinates":[-122.867489,49.045389]},"properties":{"FACILITYID":"1001208802","BUS_STOP_NO":56091,"STOP_STATUS":"Active","BUS_BENCHES":"YES","BUS_SHELTERS":"STD AD","LOCATION":"Southbound 128 St @ 24 Ave","ACCESSIBLE":"Yes","OBJECTID_1":2143010,"GLOBALID":"{4F98C648-16DB-47E5-A6DD-17D596FD745E}","TRANSIT_ROUTES":"350, 352, 360","PRESCRIBED_FREQUENT_BUS_STOPS":null}},{"type":"Feature","id":2143011,"geometry":{"type":"Point","coordinates":[-122.867517,49.042238]},"properties":{"FACILITYID":"1001207555","BUS_STOP_NO":56092,"STOP_STATUS":"Active","BUS_BENCHES":"YES","BUS_SHELTERS":"NO","LOCATION":"Southbound 128 St @ 22 Ave","ACCESSIBLE":"Yes","OBJECTID_1":2143011,"GLOBALID":"{8D411E53-D547-4296-B69E-B9787E0BA85F}","TRANSIT_ROUTES":"350, 352, 360","PRESCRIBED_FREQUENT_BUS_STOPS":null}},{"type":"Feature","id":2143012,"geometry":{"type":"Point","coordinates":[-122.867604,49.038275]},"properties":{"FACILITYID":"1001207515","BUS_STOP_NO":56093,"STOP_STATUS":"Active","BUS_BENCHES":"YES","BUS_SHELTERS":"STD AD","LOCATION":"Southbound 128 St @ 20 Ave","ACCESSIBLE":"Yes","OBJECTID_1":2143012,"GLOBALID":"{C9C059F2-D9EE-476F-B862-0C26A880A59E}","TRANSIT_ROUTES":"350, 352","PRESCRIBED_FREQUENT_BUS_STOPS":null}},{"type":"Feature","id":2143013,"geometry":{"type":"Point","coordinates":[-122.867594,49.034479]},"properties":{"FACILITYID":"1001208109","BUS_STOP_NO":56094,"STOP_STATUS":"Active","BUS_BENCHES":"YES","BUS_SHELTERS":"NO","LOCATION":"Southbound 128 St @ 18 Ave","ACCESSIBLE":"Yes","OBJECTID_1":2143013,"GLOBALID":"{5031AD7C-5136-46EC-8A33-65B2D2E98CC3}","TRANSIT_ROUTES":"350, 352","PRESCRIBED_FREQUENT_BUS_STOPS":null}},{"type":"Feature","id":2143014,"geometry":{"type":"Point","coordinates":[-122.867012,49.031225]},"properties":{"FACILITYID":"1001208770","BUS_STOP_NO":56095,"STOP_STATUS":"Active","BUS_BENCHES":"YES","BUS_SHELTERS":"YES","LOCATION":"Eastbound 16 Ave @ 128 St","ACCESSIBLE":"Yes","OBJECTID_1":2143014,"GLOBALID":"{258E83F0-D98C-489D-988E-FAEED2BE1514}","TRANSIT_ROUTES":"350, 352, 855","PRESCRIBED_FREQUENT_BUS_STOPS":null}},{"type":"Feature","id":2143015,"geometry":{"type":"Point","coordinates":[-122.861605,49.031209]},"properties":{"FACILITYID":"1001208131","BUS_STOP_NO":56096,"STOP_STATUS":"Active","BUS_BENCHES":"YES","BUS_SHELTERS":"NO","LOCATION":"Eastbound 16 Ave @ 130 St","ACCESSIBLE":"Yes","OBJECTID_1":2143015,"GLOBALID":"{B0254113-5288-4362-A0F6-16DDB5B4E67B}","TRANSIT_ROUTES":"350, 352, 855","PRESCRIBED_FREQUENT_BUS_STOPS":null}},{"type":"Feature","id":2143016,"geometry":{"type":"Point","coordinates":[-122.856071,49.031182]},"properties":{"FACILITYID":"1001208053","BUS_STOP_NO":56097,"STOP_STATUS":"Active","BUS_BENCHES":"YES","BUS_SHELTERS":"STD AD","LOCATION":"Eastbound 16 Ave @ 132 St","ACCESSIBLE":"Yes","OBJECTID_1":2143016,"GLOBALID":"{CDA7AD1E-3130-4228-9D1F-883379DB1FE0}","TRANSIT_ROUTES":"350, 352, 855","PRESCRIBED_FREQUENT_BUS_STOPS":null}},{"type":"Feature","id":2143017,"geometry":{"type":"Point","coordinates":[-122.851497,49.031173]},"properties":{"FACILITYID":"1001208501","BUS_STOP_NO":56098,"STOP_STATUS":"Active","BUS_BENCHES":"YES","BUS_SHELTERS":"NO","LOCATION":"Eastbound 16 Ave @ 13300 Block","ACCESSIBLE":"Yes","OBJECTID_1":2143017,"GLOBALID":"{DF1965EA-4104-454B-8D11-0C87CD72C1CA}","TRANSIT_ROUTES":"350, 352, 855","PRESCRIBED_FREQUENT_BUS_STOPS":null}},{"type":"Feature","id":2143018,"geometry":{"type":"Point","coordinates":[-122.80105,49.032418]},"properties":{"FACILITYID":"1001208405","BUS_STOP_NO":56388,"STOP_STATUS":"Active","BUS_BENCHES":"NO","BUS_SHELTERS":"EXCH","LOCATION":"White Rock Centre @ Bay 7","ACCESSIBLE":"Yes","OBJECTID_1":2143018,"GLOBALID":"{B16BF7BD-3C1F-47A1-9119-11A7CF58B330}","TRANSIT_ROUTES":"321, 345, 375","PRESCRIBED_FREQUENT_BUS_STOPS":null}},{"type":"Feature","id":2143019,"geometry":{"type":"Point","coordinates":[-122.822248,49.071947]},"properties":{"FACILITYID":"1001207544","BUS_STOP_NO":59932,"STOP_STATUS":"Active","BUS_BENCHES":"NO","BUS_SHELTERS":"EXCH","LOCATION":"South Surrey Park & Ride @ Bay 1","ACCESSIBLE":"Yes","OBJECTID_1":2143019,"GLOBALID":"{8FC405A3-BB68-40AE-9571-71801FD49459}","TRANSIT_ROUTES":"351, 352, 354","PRESCRIBED_FREQUENT_BUS_STOPS":null}},{"type":"Feature","id":2143020,"geometry":{"type":"Point","coordinates":[-122.862562,49.054633]},"properties":{"FACILITYID":"1001208316","BUS_STOP_NO":56118,"STOP_STATUS":"Active","BUS_BENCHES":"NO","BUS_SHELTERS":"NO","LOCATION":"Eastbound Crescent Rd @ 130 St","ACCESSIBLE":"No","OBJECTID_1":2143020,"GLOBALID":"{A8E41BE7-9C29-4674-85BB-CFE848236602}","TRANSIT_ROUTES":"352","PRESCRIBED_FREQUENT_BUS_STOPS":null}},{"type":"Feature","id":2143021,"geometry":{"type":"Point","coordinates":[-122.856767,49.056867]},"properties":{"FACILITYID":"1001207559","BUS_STOP_NO":56119,"STOP_STATUS":"Active","BUS_BENCHES":"NO","BUS_SHELTERS":"NO","LOCATION":"Eastbound Crescent Rd @ 132 St","ACCESSIBLE":"No","OBJECTID_1":2143021,"GLOBALID":"{E7CBBCD2-281B-4D2F-BBA5-612A31E985B5}","TRANSIT_ROUTES":"352","PRESCRIBED_FREQUENT_BUS_STOPS":null}},{"type":"Feature","id":2143022,"geometry":{"type":"Point","coordinates":[-122.85059,49.060145]},"properties":{"FACILITYID":"1001207617","BUS_STOP_NO":56120,"STOP_STATUS":"Active","BUS_BENCHES":"NO","BUS_SHELTERS":"NO","LOCATION":"Eastbound Crescent Rd @ 32 Ave","ACCESSIBLE":"No","OBJECTID_1":2143022,"GLOBALID":"{E4F03502-2B4F-4DE9-9627-015EF1286909}","TRANSIT_ROUTES":"352","PRESCRIBED_FREQUENT_BUS_STOPS":null}},{"type":"Feature","id":2143023,"geometry":{"type":"Point","coordinates":[-122.844908,49.063488]},"properties":{"FACILITYID":"1001208785","BUS_STOP_NO":56121,"STOP_STATUS":"Active","BUS_BENCHES":"NO","BUS_SHELTERS":"NO","LOCATION":"Eastbound Crescent Rd @ 136 St","ACCESSIBLE":"No","OBJECTID_1":2143023,"GLOBALID":"{195109BE-FAF6-42B9-9CD7-3DA33E70B5E3}","TRANSIT_ROUTES":"352","PRESCRIBED_FREQUENT_BUS_STOPS":null}},{"type":"Feature","id":2143024,"geometry":{"type":"Point","coordinates":[-122.842449,49.06425]},"properties":{"FACILITYID":"1001207519","BUS_STOP_NO":56122,"STOP_STATUS":"Active","BUS_BENCHES":"NO","BUS_SHELTERS":"NO","LOCATION":"Eastbound Crescent Rd @ 13700 Block","ACCESSIBLE":"No","OBJECTID_1":2143024,"GLOBALID":"{D7F9D395-23E0-4D01-A418-F583403BEA7F}","TRANSIT_ROUTES":"352","PRESCRIBED_FREQUENT_BUS_STOPS":null}},{"type":"Feature","id":2143025,"geometry":{"type":"Point","coordinates":[-122.833971,49.067301]},"properties":{"FACILITYID":"1001207853","BUS_STOP_NO":56123,"STOP_STATUS":"Active","BUS_BENCHES":"NO","BUS_SHELTERS":"NO","LOCATION":"Eastbound Crescent Rd @ 140 St","ACCESSIBLE":"Yes","OBJECTID_1":2143025,"GLOBALID":"{2552EECC-7A3C-4708-B214-0E5283C70396}","TRANSIT_ROUTES":"352","PRESCRIBED_FREQUENT_BUS_STOPS":null}},{"type":"Feature","id":2143026,"geometry":{"type":"Point","coordinates":[-122.827218,49.067106]},"properties":{"FACILITYID":"1001207778","BUS_STOP_NO":56124,"STOP_STATUS":"Active","BUS_BENCHES":"NO","BUS_SHELTERS":"NO","LOCATION":"Eastbound Crescent Rd @ 142A St","ACCESSIBLE":"No","OBJECTID_1":2143026,"GLOBALID":"{C6016C45-9F54-4F31-A812-F24C2A5D4FD4}","TRANSIT_ROUTES":"352","PRESCRIBED_FREQUENT_BUS_STOPS":null}},{"type":"Feature","id":2143027,"geometry":{"type":"Point","coordinates":[-122.821933,49.066983]},"properties":{"FACILITYID":"1001207539","BUS_STOP_NO":56127,"STOP_STATUS":"Active","BUS_BENCHES":"NO","BUS_SHELTERS":"NO","LOCATION":"Westbound Crescent Rd @ King George Blvd","ACCESSIBLE":"Yes","OBJECTID_1":2143027,"GLOBALID":"{D86B9DC0-FFD6-40A5-9BD5-271C4D063EB1}","TRANSIT_ROUTES":"352","PRESCRIBED_FREQUENT_BUS_STOPS":null}},{"type":"Feature","id":2143028,"geometry":{"type":"Point","coordinates":[-122.82948,49.067484]},"properties":{"FACILITYID":"1001208652","BUS_STOP_NO":56128,"STOP_STATUS":"Active","BUS_BENCHES":"NO","BUS_SHELTERS":"NO","LOCATION":"Westbound Crescent Rd @ Nico Wynd Dr","ACCESSIBLE":"Yes","OBJECTID_1":2143028,"GLOBALID":"{8AE313AF-A23C-471D-9177-B52A38B71523}","TRANSIT_ROUTES":"352","PRESCRIBED_FREQUENT_BUS_STOPS":null}},{"type":"Feature","id":2143029,"geometry":{"type":"Point","coordinates":[-122.832903,49.06756]},"properties":{"FACILITYID":"1001208438","BUS_STOP_NO":56129,"STOP_STATUS":"Active","BUS_BENCHES":"NO","BUS_SHELTERS":"NO","LOCATION":"Westbound Crescent Rd @ 140 St","ACCESSIBLE":"No","OBJECTID_1":2143029,"GLOBALID":"{6D3F9667-D75A-4B0B-BB60-B8C5A263534F}","TRANSIT_ROUTES":"352","PRESCRIBED_FREQUENT_BUS_STOPS":null}},{"type":"Feature","id":2143030,"geometry":{"type":"Point","coordinates":[-122.841639,49.064522]},"properties":{"FACILITYID":"1001208386","BUS_STOP_NO":56130,"STOP_STATUS":"Active","BUS_BENCHES":"NO","BUS_SHELTERS":"NO","LOCATION":"Westbound Crescent Rd @ 13700 Block","ACCESSIBLE":"No","OBJECTID_1":2143030,"GLOBALID":"{4E400A3C-E3C6-4C84-B5ED-1475564C6241}","TRANSIT_ROUTES":"352","PRESCRIBED_FREQUENT_BUS_STOPS":null}},{"type":"Feature","id":2143031,"geometry":{"type":"Point","coordinates":[-122.846846,49.062993]},"properties":{"FACILITYID":"1001208323","BUS_STOP_NO":56131,"STOP_STATUS":"Active","BUS_BENCHES":"NO","BUS_SHELTERS":"NO","LOCATION":"Westbound Crescent Rd @ 136 St","ACCESSIBLE":"No","OBJECTID_1":2143031,"GLOBALID":"{681B2597-C2C1-4900-89C2-D794F68A40F1}","TRANSIT_ROUTES":"352","PRESCRIBED_FREQUENT_BUS_STOPS":null}},{"type":"Feature","id":2143032,"geometry":{"type":"Point","coordinates":[-122.850777,49.060179]},"properties":{"FACILITYID":"1001208780","BUS_STOP_NO":56132,"STOP_STATUS":"Active","BUS_BENCHES":"NO","BUS_SHELTERS":"NO","LOCATION":"Westbound Crescent Rd @ 32 Ave","ACCESSIBLE":"No","OBJECTID_1":2143032,"GLOBALID":"{E34B474C-4F97-4BB3-8964-7B8EE155607E}","TRANSIT_ROUTES":"352","PRESCRIBED_FREQUENT_BUS_STOPS":null}},{"type":"Feature","id":2143033,"geometry":{"type":"Point","coordinates":[-122.85698,49.05695]},"properties":{"FACILITYID":"1001207560","BUS_STOP_NO":56133,"STOP_STATUS":"Active","BUS_BENCHES":"NO","BUS_SHELTERS":"NO","LOCATION":"Westbound Crescent Rd @ 132 St","ACCESSIBLE":"No","OBJECTID_1":2143033,"GLOBALID":"{1DF5F1A7-A352-4F16-85DA-CCC45228BD3A}","TRANSIT_ROUTES":"352","PRESCRIBED_FREQUENT_BUS_STOPS":null}},{"type":"Feature","id":2143034,"geometry":{"type":"Point","coordinates":[-122.862911,49.054606]},"properties":{"FACILITYID":"1001208587","BUS_STOP_NO":56134,"STOP_STATUS":"Active","BUS_BENCHES":"NO","BUS_SHELTERS":"NO","LOCATION":"Westbound Crescent Rd @ 130 St","ACCESSIBLE":"No","OBJECTID_1":2143034,"GLOBALID":"{E57A0B6E-7797-4057-B7B8-7D9C7817FC35}","TRANSIT_ROUTES":"352","PRESCRIBED_FREQUENT_BUS_STOPS":null}},{"type":"Feature","id":2143035,"geometry":{"type":"Point","coordinates":[-122.82248,49.071909]},"properties":{"FACILITYID":"1001207904","BUS_STOP_NO":59933,"STOP_STATUS":"Active","BUS_BENCHES":"NO","BUS_SHELTERS":"EXCH","LOCATION":"South Surrey Park & Ride @ Bay 3","ACCESSIBLE":"Yes","OBJECTID_1":2143035,"GLOBALID":"{F6E6CEA6-9CB1-4175-B830-EC0265E7E99D}","TRANSIT_ROUTES":"351, 352, 354","PRESCRIBED_FREQUENT_BUS_STOPS":"Yes"}},{"type":"Feature","id":2143036,"geometry":{"type":"Point","coordinates":[-122.812805,49.031241]},"properties":{"FACILITYID":"1001207605","BUS_STOP_NO":56137,"STOP_STATUS":"Active","BUS_BENCHES":"YES","BUS_SHELTERS":"NO","LOCATION":"Westbound 16 Ave @ 148 St","ACCESSIBLE":"Yes","OBJECTID_1":2143036,"GLOBALID":"{8A9627F2-9995-4016-B34A-CB9CE0A09D0C}","TRANSIT_ROUTES":"350, 352, 855","PRESCRIBED_FREQUENT_BUS_STOPS":null}},{"type":"Feature","id":2143037,"geometry":{"type":"Point","coordinates":[-122.816025,49.031228]},"properties":{"FACILITYID":"1001207756","BUS_STOP_NO":56143,"STOP_STATUS":"Active","BUS_BENCHES":"YES","BUS_SHELTERS":"NO","LOCATION":"Westbound 16 Ave @ 146 St","ACCESSIBLE":"Yes","OBJECTID_1":2143037,"GLOBALID":"{8C7F3FC7-A155-4AC9-8ECB-291396BAEC53}","TRANSIT_ROUTES":"350, 352, 855","PRESCRIBED_FREQUENT_BUS_STOPS":null}},{"type":"Feature","id":2143038,"geometry":{"type":"Point","coordinates":[-122.819743,49.031233]},"properties":{"FACILITYID":"1001208083","BUS_STOP_NO":56144,"STOP_STATUS":"Active","BUS_BENCHES":"YES","BUS_SHELTERS":"NO","LOCATION":"Westbound 16 Ave @ 145 St","ACCESSIBLE":"Yes","OBJECTID_1":2143038,"GLOBALID":"{FF542E48-FF47-4C11-BEE3-8B04B9C4C849}","TRANSIT_ROUTES":"350, 352, 855","PRESCRIBED_FREQUENT_BUS_STOPS":null}},{"type":"Feature","id":2143039,"geometry":{"type":"Point","coordinates":[-122.823859,49.031264]},"properties":{"FACILITYID":"1001208173","BUS_STOP_NO":56145,"STOP_STATUS":"Active","BUS_BENCHES":"YES","BUS_SHELTERS":"STD AD","LOCATION":"Westbound 16 Ave @ 144 St","ACCESSIBLE":"Yes","OBJECTID_1":2143039,"GLOBALID":"{60BF5157-9A43-4610-8FD8-E217694762B5}","TRANSIT_ROUTES":"350, 352, 855","PRESCRIBED_FREQUENT_BUS_STOPS":null}},{"type":"Feature","id":2143040,"geometry":{"type":"Point","coordinates":[-122.826342,49.031254]},"properties":{"FACILITYID":"1001207552","BUS_STOP_NO":56146,"STOP_STATUS":"Active","BUS_BENCHES":"YES","BUS_SHELTERS":"NO","LOCATION":"Westbound 16 Ave @ Kerfoot Rd","ACCESSIBLE":"Yes","OBJECTID_1":2143040,"GLOBALID":"{A75B3F83-D4A7-4C2E-8117-71E2EDB0CA5A}","TRANSIT_ROUTES":"350, 352, 855","PRESCRIBED_FREQUENT_BUS_STOPS":null}},{"type":"Feature","id":2143041,"geometry":{"type":"Point","coordinates":[-122.828676,49.031256]},"properties":{"FACILITYID":"1001208475","BUS_STOP_NO":56147,"STOP_STATUS":"Active","BUS_BENCHES":"YES","BUS_SHELTERS":"NO","LOCATION":"Westbound 16 Ave @ 142 St","ACCESSIBLE":"Yes","OBJECTID_1":2143041,"GLOBALID":"{6108108C-21AA-4870-A764-CC609ADB280E}","TRANSIT_ROUTES":"350, 352, 855","PRESCRIBED_FREQUENT_BUS_STOPS":null}},{"type":"Feature","id":2143042,"geometry":{"type":"Point","coordinates":[-122.830685,49.031264]},"properties":{"FACILITYID":"1001208009","BUS_STOP_NO":56148,"STOP_STATUS":"Active","BUS_BENCHES":"YES","BUS_SHELTERS":"NO","LOCATION":"Westbound 16 Ave @ Bishop Rd","ACCESSIBLE":"Yes","OBJECTID_1":2143042,"GLOBALID":"{611AA815-F5D3-4F2D-B4B7-B15799641715}","TRANSIT_ROUTES":"350, 352, 855","PRESCRIBED_FREQUENT_BUS_STOPS":null}},{"type":"Feature","id":2143043,"geometry":{"type":"Point","coordinates":[-122.834728,49.031292]},"properties":{"FACILITYID":"1001208615","BUS_STOP_NO":56149,"STOP_STATUS":"Active","BUS_BENCHES":"YES","BUS_SHELTERS":"STD AD","LOCATION":"Westbound 16 Ave @ 140 St","ACCESSIBLE":"Yes","OBJECTID_1":2143043,"GLOBALID":"{6773FC4F-5D71-47FE-A24F-9B6A635860C3}","TRANSIT_ROUTES":"350, 352, 855","PRESCRIBED_FREQUENT_BUS_STOPS":null}},{"type":"Feature","id":2143044,"geometry":{"type":"Point","coordinates":[-122.837338,49.031279]},"properties":{"FACILITYID":"1001208118","BUS_STOP_NO":56150,"STOP_STATUS":"Active","BUS_BENCHES":"YES","BUS_SHELTERS":"NO","LOCATION":"Westbound 16 Ave @ Lancaster St","ACCESSIBLE":"Yes","OBJECTID_1":2143044,"GLOBALID":"{8045F2D4-93B2-4507-A580-BE0C4D481874}","TRANSIT_ROUTES":"350, 352, 855","PRESCRIBED_FREQUENT_BUS_STOPS":null}},{"type":"Feature","id":2143045,"geometry":{"type":"Point","coordinates":[-122.841621,49.031285]},"properties":{"FACILITYID":"1001208511","BUS_STOP_NO":56151,"STOP_STATUS":"Active","BUS_BENCHES":"YES","BUS_SHELTERS":"NO","LOCATION":"Westbound 16 Ave @ 13700 Block","ACCESSIBLE":"Yes","OBJECTID_1":2143045,"GLOBALID":"{9CC1BD91-35DA-4B60-BF1E-840A112D1D0A}","TRANSIT_ROUTES":"350, 352, 855","PRESCRIBED_FREQUENT_BUS_STOPS":null}},{"type":"Feature","id":2143046,"geometry":{"type":"Point","coordinates":[-122.846102,49.031297]},"properties":{"FACILITYID":"1001208636","BUS_STOP_NO":56152,"STOP_STATUS":"Active","BUS_BENCHES":"YES","BUS_SHELTERS":"STD AD","LOCATION":"Westbound 16 Ave @ 136 St","ACCESSIBLE":"Yes","OBJECTID_1":2143046,"GLOBALID":"{04D89983-62DA-40F9-934E-DFD00D5A1229}","TRANSIT_ROUTES":"350, 352, 855","PRESCRIBED_FREQUENT_BUS_STOPS":null}},{"type":"Feature","id":2143047,"geometry":{"type":"Point","coordinates":[-122.851244,49.031317]},"properties":{"FACILITYID":"1001208057","BUS_STOP_NO":56153,"STOP_STATUS":"Active","BUS_BENCHES":"YES","BUS_SHELTERS":"NO","LOCATION":"Westbound 16 Ave @ 13300 Block","ACCESSIBLE":"Yes","OBJECTID_1":2143047,"GLOBALID":"{0AA84F31-BD40-421F-8CE5-ABD17C9ACA86}","TRANSIT_ROUTES":"350, 352, 855","PRESCRIBED_FREQUENT_BUS_STOPS":null}},{"type":"Feature","id":2143048,"geometry":{"type":"Point","coordinates":[-122.856976,49.031337]},"properties":{"FACILITYID":"1001208080","BUS_STOP_NO":56154,"STOP_STATUS":"Active","BUS_BENCHES":"YES","BUS_SHELTERS":"STD AD","LOCATION":"Westbound 16 Ave @ Amble Greene Blvd","ACCESSIBLE":"Yes","OBJECTID_1":2143048,"GLOBALID":"{86841BA9-F3C5-4C84-8A11-92430B641E2F}","TRANSIT_ROUTES":"350, 352, 855","PRESCRIBED_FREQUENT_BUS_STOPS":null}},{"type":"Feature","id":2143049,"geometry":{"type":"Point","coordinates":[-122.862457,49.031344]},"properties":{"FACILITYID":"1001207792","BUS_STOP_NO":56219,"STOP_STATUS":"Active","BUS_BENCHES":"YES","BUS_SHELTERS":"STD AD","LOCATION":"Westbound 16 Ave @ 130 St","ACCESSIBLE":"Yes","OBJECTID_1":2143049,"GLOBALID":"{8243D7FF-47B9-48B6-BEE0-61D153DEEB8B}","TRANSIT_ROUTES":"350, 352, 360, 361, 855","PRESCRIBED_FREQUENT_BUS_STOPS":null}},{"type":"Feature","id":2143050,"geometry":{"type":"Point","coordinates":[-122.867382,49.032072]},"properties":{"FACILITYID":"1001208520","BUS_STOP_NO":56155,"STOP_STATUS":"Active","BUS_BENCHES":"YES","BUS_SHELTERS":"NSW","LOCATION":"Northbound 128 St @ 16 Ave","ACCESSIBLE":"Yes","OBJECTID_1":2143050,"GLOBALID":"{6983745A-8969-412D-BF8B-83963F8D8890}","TRANSIT_ROUTES":"350, 352, 361","PRESCRIBED_FREQUENT_BUS_STOPS":null}},{"type":"Feature","id":2143051,"geometry":{"type":"Point","coordinates":[-122.867401,49.034945]},"properties":{"FACILITYID":"1001207613","BUS_STOP_NO":56156,"STOP_STATUS":"Active","BUS_BENCHES":"YES","BUS_SHELTERS":"NO","LOCATION":"Northbound 128 St @ 18 Ave","ACCESSIBLE":"Yes","OBJECTID_1":2143051,"GLOBALID":"{9B0F83FF-A941-439B-86A0-5D1719DB532F}","TRANSIT_ROUTES":"350, 352","PRESCRIBED_FREQUENT_BUS_STOPS":null}},{"type":"Feature","id":2143052,"geometry":{"type":"Point","coordinates":[-122.867343,49.03884]},"properties":{"FACILITYID":"1001208580","BUS_STOP_NO":56157,"STOP_STATUS":"Active","BUS_BENCHES":"YES","BUS_SHELTERS":"STD AD","LOCATION":"Northbound 128 St @ 20 Ave","ACCESSIBLE":"Yes","OBJECTID_1":2143052,"GLOBALID":"{28DAE01E-5A74-4323-8107-8B9FB6BE1B76}","TRANSIT_ROUTES":"350, 352, 360","PRESCRIBED_FREQUENT_BUS_STOPS":null}},{"type":"Feature","id":2143053,"geometry":{"type":"Point","coordinates":[-122.867295,49.042794]},"properties":{"FACILITYID":"1001208784","BUS_STOP_NO":56158,"STOP_STATUS":"Active","BUS_BENCHES":"YES","BUS_SHELTERS":"NO","LOCATION":"Northbound 128 St @ 22 Ave","ACCESSIBLE":"Yes","OBJECTID_1":2143053,"GLOBALID":"{7BAC0372-85E2-401B-8985-90E13F9CC979}","TRANSIT_ROUTES":"350, 352, 360","PRESCRIBED_FREQUENT_BUS_STOPS":"Yes"}},{"type":"Feature","id":2143054,"geometry":{"type":"Point","coordinates":[-122.867274,49.046146]},"properties":{"FACILITYID":"1001208449","BUS_STOP_NO":56159,"STOP_STATUS":"Active","BUS_BENCHES":"YES","BUS_SHELTERS":"STD AD","LOCATION":"Northbound 128 St @ 24 Ave","ACCESSIBLE":"Yes","OBJECTID_1":2143054,"GLOBALID":"{E08FCE93-E54E-411A-B31A-44223D275C9E}","TRANSIT_ROUTES":"350, 352, 360, 855","PRESCRIBED_FREQUENT_BUS_STOPS":"Yes"}},{"type":"Feature","id":2143055,"geometry":{"type":"Point","coordinates":[-122.867241,49.048392]},"properties":{"FACILITYID":"1001208251","BUS_STOP_NO":56160,"STOP_STATUS":"Active","BUS_BENCHES":"YES","BUS_SHELTERS":"NO","LOCATION":"Northbound 128 St @ 25 Ave","ACCESSIBLE":"Yes","OBJECTID_1":2143055,"GLOBALID":"{F07AC535-9A10-4196-88CE-9C95ECD75070}","TRANSIT_ROUTES":"350, 352, 360, 855","PRESCRIBED_FREQUENT_BUS_STOPS":null}},{"type":"Feature","id":2143056,"geometry":{"type":"Point","coordinates":[-122.866665,49.053011]},"properties":{"FACILITYID":"1001208838","BUS_STOP_NO":56162,"STOP_STATUS":"Active","BUS_BENCHES":"NO","BUS_SHELTERS":"NO","LOCATION":"Eastbound Crescent Rd @ 128 St","ACCESSIBLE":"Yes","OBJECTID_1":2143056,"GLOBALID":"{913738AB-8E74-4012-84D8-9C96D778BB79}","TRANSIT_ROUTES":"352","PRESCRIBED_FREQUENT_BUS_STOPS":null}},{"type":"Feature","id":2143057,"geometry":{"type":"Point","coordinates":[-122.868165,49.053159]},"properties":{"FACILITYID":"1001208092","BUS_STOP_NO":56163,"STOP_STATUS":"Active","BUS_BENCHES":"NO","BUS_SHELTERS":"NO","LOCATION":"Westbound Crescent Rd @ 128 St","ACCESSIBLE":"Yes","OBJECTID_1":2143057,"GLOBALID":"{FC4AEC7A-960D-4CB9-9DCC-09931E6F0978}","TRANSIT_ROUTES":"350, 855","PRESCRIBED_FREQUENT_BUS_STOPS":null}},{"type":"Feature","id":2143058,"geometry":{"type":"Point","coordinates":[-122.873094,49.053889]},"properties":{"FACILITYID":"1001207658","BUS_STOP_NO":56164,"STOP_STATUS":"Active","BUS_BENCHES":"NO","BUS_SHELTERS":"NO","LOCATION":"Westbound Crescent Rd @ Beckett Rd","ACCESSIBLE":"No","OBJECTID_1":2143058,"GLOBALID":"{17221B6D-2CB8-439C-A18C-7E480BE3672A}","TRANSIT_ROUTES":"350, 855","PRESCRIBED_FREQUENT_BUS_STOPS":null}},{"type":"Feature","id":2143059,"geometry":{"type":"Point","coordinates":[-122.880091,49.053555]},"properties":{"FACILITYID":null,"BUS_STOP_NO":56166,"STOP_STATUS":"Active","BUS_BENCHES":"YES","BUS_SHELTERS":"NO","LOCATION":"Westbound Sullivan St @ Beecher St","ACCESSIBLE":"Yes","OBJECTID_1":2143059,"GLOBALID":null,"TRANSIT_ROUTES":"350, 855","PRESCRIBED_FREQUENT_BUS_STOPS":null}},{"type":"Feature","id":2143060,"geometry":{"type":"Point","coordinates":[-122.812794,49.038515]},"properties":{"FACILITYID":"1001207744","BUS_STOP_NO":56170,"STOP_STATUS":"Active","BUS_BENCHES":"YES","BUS_SHELTERS":"NO","LOCATION":"Westbound 20 Ave @ 148 St","ACCESSIBLE":"Yes","OBJECTID_1":2143060,"GLOBALID":"{8F802B09-A3A3-4C37-B6FE-B0DC9E893B93}","TRANSIT_ROUTES":"360","PRESCRIBED_FREQUENT_BUS_STOPS":null}},{"type":"Feature","id":2143061,"geometry":{"type":"Point","coordinates":[-122.816906,49.038347]},"properties":{"FACILITYID":"1001208541","BUS_STOP_NO":56176,"STOP_STATUS":"Active","BUS_BENCHES":"YES","BUS_SHELTERS":"NO","LOCATION":"Eastbound 20 Ave @ Rotary Way","ACCESSIBLE":"Yes","OBJECTID_1":2143061,"GLOBALID":"{0364322B-2C7E-41E4-9620-4E6C496EBFC8}","TRANSIT_ROUTES":"360","PRESCRIBED_FREQUENT_BUS_STOPS":null}},{"type":"Feature","id":2143062,"geometry":{"type":"Point","coordinates":[-122.848577,49.027116]},"properties":{"FACILITYID":"1001207620","BUS_STOP_NO":56210,"STOP_STATUS":"Active","BUS_BENCHES":"NO","BUS_SHELTERS":"NO","LOCATION":"Westbound Marine Dr @ 13400 Block","ACCESSIBLE":"No","OBJECTID_1":2143062,"GLOBALID":"{C9DA3C51-D452-4227-A2C2-360D1AEF4286}","TRANSIT_ROUTES":"361","PRESCRIBED_FREQUENT_BUS_STOPS":null}},{"type":"Feature","id":2143063,"geometry":{"type":"Point","coordinates":[-122.851725,49.027026]},"properties":{"FACILITYID":"1001208484","BUS_STOP_NO":56211,"STOP_STATUS":"Active","BUS_BENCHES":"NO","BUS_SHELTERS":"NO","LOCATION":"Westbound Marine Dr @ 133A St","ACCESSIBLE":"No","OBJECTID_1":2143063,"GLOBALID":"{13A4C171-3724-4291-9DFC-BD63D5C0C0A7}","TRANSIT_ROUTES":"361","PRESCRIBED_FREQUENT_BUS_STOPS":null}},{"type":"Feature","id":2143064,"geometry":{"type":"Point","coordinates":[-122.8549,49.026905]},"properties":{"FACILITYID":"1001208769","BUS_STOP_NO":56212,"STOP_STATUS":"Active","BUS_BENCHES":"NO","BUS_SHELTERS":"NO","LOCATION":"Westbound Marine Dr @ 132B St","ACCESSIBLE":"No","OBJECTID_1":2143064,"GLOBALID":"{41BD79C5-EC7F-4285-A333-1E0346C99D55}","TRANSIT_ROUTES":"361","PRESCRIBED_FREQUENT_BUS_STOPS":null}},{"type":"Feature","id":2143065,"geometry":{"type":"Point","coordinates":[-122.859627,49.026796]},"properties":{"FACILITYID":"1001207952","BUS_STOP_NO":56213,"STOP_STATUS":"Active","BUS_BENCHES":"NO","BUS_SHELTERS":"NO","LOCATION":"Westbound Marine Dr @ 131 St","ACCESSIBLE":"No","OBJECTID_1":2143065,"GLOBALID":"{4D014B2E-7AEA-490B-8562-6F19328A9E02}","TRANSIT_ROUTES":"361","PRESCRIBED_FREQUENT_BUS_STOPS":null}},{"type":"Feature","id":2143066,"geometry":{"type":"Point","coordinates":[-122.861938,49.028099]},"properties":{"FACILITYID":"1001208643","BUS_STOP_NO":56217,"STOP_STATUS":"Active","BUS_BENCHES":"NO","BUS_SHELTERS":"NO","LOCATION":"Northbound 130 St @ 14 Ave","ACCESSIBLE":"No","OBJECTID_1":2143066,"GLOBALID":"{03D39272-F374-4412-B0E2-411427F5B036}","TRANSIT_ROUTES":"361","PRESCRIBED_FREQUENT_BUS_STOPS":null}},{"type":"Feature","id":2143067,"geometry":{"type":"Point","coordinates":[-122.861923,49.029893]},"properties":{"FACILITYID":"1001208038","BUS_STOP_NO":56218,"STOP_STATUS":"Active","BUS_BENCHES":"NO","BUS_SHELTERS":"NO","LOCATION":"Northbound 130 St @ 15 Ave","ACCESSIBLE":"No","OBJECTID_1":2143067,"GLOBALID":"{104A6732-BEBD-485B-9D9A-7B83C297CE42}","TRANSIT_ROUTES":"361","PRESCRIBED_FREQUENT_BUS_STOPS":null}},{"type":"Feature","id":2143068,"geometry":{"type":"Point","coordinates":[-122.86764,49.03091]},"properties":{"FACILITYID":"1001208300","BUS_STOP_NO":56220,"STOP_STATUS":"Active","BUS_BENCHES":"YES","BUS_SHELTERS":"NO","LOCATION":"Southbound 128 St @ 16 Ave","ACCESSIBLE":"Yes","OBJECTID_1":2143068,"GLOBALID":"{002D7B20-25D9-44AB-8D08-68410B1A46D3}","TRANSIT_ROUTES":"360, 361","PRESCRIBED_FREQUENT_BUS_STOPS":null}},{"type":"Feature","id":2143069,"geometry":{"type":"Point","coordinates":[-122.86763,49.028467]},"properties":{"FACILITYID":"1001208607","BUS_STOP_NO":56221,"STOP_STATUS":"Active","BUS_BENCHES":"NO","BUS_SHELTERS":"NO","LOCATION":"Southbound 128 St @ 14B Ave","ACCESSIBLE":"Yes","OBJECTID_1":2143069,"GLOBALID":"{4B7F9D32-E7BE-4F35-A2CC-7AC8C2877A89}","TRANSIT_ROUTES":"361","PRESCRIBED_FREQUENT_BUS_STOPS":null}},{"type":"Feature","id":2143070,"geometry":{"type":"Point","coordinates":[-122.865876,49.027164]},"properties":{"FACILITYID":"1001208589","BUS_STOP_NO":56222,"STOP_STATUS":"Active","BUS_BENCHES":"NO","BUS_SHELTERS":"NO","LOCATION":"Eastbound Marine Dr @ 128A St","ACCESSIBLE":"No","OBJECTID_1":2143070,"GLOBALID":"{DB2690FF-CF76-4F7D-B841-E49DC362949B}","TRANSIT_ROUTES":"361","PRESCRIBED_FREQUENT_BUS_STOPS":null}},{"type":"Feature","id":2143071,"geometry":{"type":"Point","coordinates":[-122.863722,49.027146]},"properties":{"FACILITYID":"1001208741","BUS_STOP_NO":56223,"STOP_STATUS":"Active","BUS_BENCHES":"NO","BUS_SHELTERS":"NO","LOCATION":"Eastbound Marine Dr @ 129A St","ACCESSIBLE":"Yes","OBJECTID_1":2143071,"GLOBALID":"{4FAAD87F-6338-490E-94F5-C53484CD766D}","TRANSIT_ROUTES":"361","PRESCRIBED_FREQUENT_BUS_STOPS":null}},{"type":"Feature","id":2143072,"geometry":{"type":"Point","coordinates":[-122.858912,49.026682]},"properties":{"FACILITYID":"1001208361","BUS_STOP_NO":56224,"STOP_STATUS":"Active","BUS_BENCHES":"YES","BUS_SHELTERS":"NO","LOCATION":"Eastbound Marine Dr @ 131 St","ACCESSIBLE":"No","OBJECTID_1":2143072,"GLOBALID":"{65B2BAE0-6647-4BCE-BDA1-DAF6BA0E7158}","TRANSIT_ROUTES":"361","PRESCRIBED_FREQUENT_BUS_STOPS":null}},{"type":"Feature","id":2143073,"geometry":{"type":"Point","coordinates":[-122.853771,49.026842]},"properties":{"FACILITYID":"1001208704","BUS_STOP_NO":56225,"STOP_STATUS":"Active","BUS_BENCHES":"NO","BUS_SHELTERS":"NO","LOCATION":"Eastbound Marine Dr @ 132B St","ACCESSIBLE":"Yes","OBJECTID_1":2143073,"GLOBALID":"{D84F34AE-4E0E-48AC-8D8A-0E219021BECD}","TRANSIT_ROUTES":"361","PRESCRIBED_FREQUENT_BUS_STOPS":null}},{"type":"Feature","id":2143074,"geometry":{"type":"Point","coordinates":[-122.851296,49.026924]},"properties":{"FACILITYID":"1001207962","BUS_STOP_NO":56226,"STOP_STATUS":"Active","BUS_BENCHES":"YES","BUS_SHELTERS":"NO","LOCATION":"Eastbound Marine Dr @ 133A St","ACCESSIBLE":"No","OBJECTID_1":2143074,"GLOBALID":"{D1E1F38B-0423-49B2-8B2E-730B7EBD8746}","TRANSIT_ROUTES":"361","PRESCRIBED_FREQUENT_BUS_STOPS":null}},{"type":"Feature","id":2143075,"geometry":{"type":"Point","coordinates":[-122.848008,49.02702]},"properties":{"FACILITYID":"1001208043","BUS_STOP_NO":56227,"STOP_STATUS":"Active","BUS_BENCHES":"NO","BUS_SHELTERS":"NO","LOCATION":"Eastbound Marine Dr @ 13400 Block","ACCESSIBLE":"No","OBJECTID_1":2143075,"GLOBALID":"{1EB24045-4B36-4A14-ACF9-75EC26EC836E}","TRANSIT_ROUTES":"361","PRESCRIBED_FREQUENT_BUS_STOPS":null}},{"type":"Feature","id":2143076,"geometry":{"type":"Point","coordinates":[-122.845857,49.027101]},"properties":{"FACILITYID":"1001208436","BUS_STOP_NO":56228,"STOP_STATUS":"Active","BUS_BENCHES":"NO","BUS_SHELTERS":"NO","LOCATION":"Eastbound Marine Dr @ 136 St","ACCESSIBLE":"No","OBJECTID_1":2143076,"GLOBALID":"{3BEDA4CA-C898-4584-85BB-D11263964219}","TRANSIT_ROUTES":"361","PRESCRIBED_FREQUENT_BUS_STOPS":null}},{"type":"Feature","id":2143077,"geometry":{"type":"Point","coordinates":[-122.779183,49.018631]},"properties":{"FACILITYID":"1001208515","BUS_STOP_NO":56247,"STOP_STATUS":"Active","BUS_BENCHES":"YES","BUS_SHELTERS":"NO","LOCATION":"Northbound 160 St @ 9th Ave","ACCESSIBLE":"No","OBJECTID_1":2143077,"GLOBALID":"{E8D91464-CC67-483D-993E-9C3EF309F1DE}","TRANSIT_ROUTES":"354, 361","PRESCRIBED_FREQUENT_BUS_STOPS":null}},{"type":"Feature","id":2143078,"geometry":{"type":"Point","coordinates":[-122.779172,49.020517]},"properties":{"FACILITYID":"1001208349","BUS_STOP_NO":56248,"STOP_STATUS":"Active","BUS_BENCHES":"YES","BUS_SHELTERS":"NO","LOCATION":"Northbound 160 St @ 10 Ave","ACCESSIBLE":"No","OBJECTID_1":2143078,"GLOBALID":"{E197940C-BAA3-4347-8393-C59140A5766D}","TRANSIT_ROUTES":"354, 361","PRESCRIBED_FREQUENT_BUS_STOPS":null}},{"type":"Feature","id":2143079,"geometry":{"type":"Point","coordinates":[-122.779154,49.022218]},"properties":{"FACILITYID":"1001208124","BUS_STOP_NO":56249,"STOP_STATUS":"Active","BUS_BENCHES":"YES","BUS_SHELTERS":"NO","LOCATION":"Northbound 160 St @ Cliff Ave","ACCESSIBLE":"No","OBJECTID_1":2143079,"GLOBALID":"{23955888-B0A3-4678-808D-0C0B13BEC3D0}","TRANSIT_ROUTES":"354, 361","PRESCRIBED_FREQUENT_BUS_STOPS":null}},{"type":"Feature","id":2143080,"geometry":{"type":"Point","coordinates":[-122.779144,49.024203]},"properties":{"FACILITYID":"1001207942","BUS_STOP_NO":56250,"STOP_STATUS":"Active","BUS_BENCHES":"YES","BUS_SHELTERS":"NO","LOCATION":"Northbound 160 St @ 12 Ave","ACCESSIBLE":"Yes","OBJECTID_1":2143080,"GLOBALID":"{81780AAC-615E-4951-82B7-67A0A8F0213C}","TRANSIT_ROUTES":"354, 361, 363","PRESCRIBED_FREQUENT_BUS_STOPS":null}},{"type":"Feature","id":2143081,"geometry":{"type":"Point","coordinates":[-122.779142,49.025949]},"properties":{"FACILITYID":"1001208146","BUS_STOP_NO":56251,"STOP_STATUS":"Active","BUS_BENCHES":"YES","BUS_SHELTERS":"NO","LOCATION":"Northbound 160 St @ 13 Ave","ACCESSIBLE":"No","OBJECTID_1":2143081,"GLOBALID":"{81473116-B9FA-4321-9DE4-84627B19CF24}","TRANSIT_ROUTES":"354, 361, 363","PRESCRIBED_FREQUENT_BUS_STOPS":null}},{"type":"Feature","id":2143082,"geometry":{"type":"Point","coordinates":[-122.779111,49.027694]},"properties":{"FACILITYID":"1001208027","BUS_STOP_NO":56252,"STOP_STATUS":"Active","BUS_BENCHES":"YES","BUS_SHELTERS":"NO","LOCATION":"Northbound 160 St @ 14 Ave","ACCESSIBLE":"Yes","OBJECTID_1":2143082,"GLOBALID":"{FD30E8AE-62E2-4AF9-AC83-515C4C74FA58}","TRANSIT_ROUTES":"354, 361, 363","PRESCRIBED_FREQUENT_BUS_STOPS":null}},{"type":"Feature","id":2143083,"geometry":{"type":"Point","coordinates":[-122.802091,49.031208]},"properties":{"FACILITYID":"1001207812","BUS_STOP_NO":56280,"STOP_STATUS":"Active","BUS_BENCHES":"NO","BUS_SHELTERS":"STD AD","LOCATION":"White Rock Centre @ Bay 1","ACCESSIBLE":"Yes","OBJECTID_1":2143083,"GLOBALID":"{8E942CFE-5610-49A0-859A-CFE4F733E7BB}","TRANSIT_ROUTES":"350, 351, 360, 855","PRESCRIBED_FREQUENT_BUS_STOPS":null}},{"type":"Feature","id":2143084,"geometry":{"type":"Point","coordinates":[-122.806207,49.031219]},"properties":{"FACILITYID":"1001208568","BUS_STOP_NO":56281,"STOP_STATUS":"Active","BUS_BENCHES":"YES","BUS_SHELTERS":"STD AD","LOCATION":"Westbound 16 Ave @ Martin Dr","ACCESSIBLE":"Yes","OBJECTID_1":2143084,"GLOBALID":"{D83E0CC1-D6F7-44FB-B1A4-21DEA73C52FF}","TRANSIT_ROUTES":"350, 351, 352, 360, 855","PRESCRIBED_FREQUENT_BUS_STOPS":"Yes"}},{"type":"Feature","id":2143085,"geometry":{"type":"Point","coordinates":[-122.810347,49.031226]},"properties":{"FACILITYID":"1001208026","BUS_STOP_NO":56282,"STOP_STATUS":"Active","BUS_BENCHES":"YES","BUS_SHELTERS":"NO","LOCATION":"Westbound 16 Ave @ Everall St","ACCESSIBLE":"Yes","OBJECTID_1":2143085,"GLOBALID":"{E1EFCD26-0048-4836-9864-F6DB803BD96E}","TRANSIT_ROUTES":"350, 352, 360, 855","PRESCRIBED_FREQUENT_BUS_STOPS":"Yes"}},{"type":"Feature","id":2143086,"geometry":{"type":"Point","coordinates":[-122.812097,49.031583]},"properties":{"FACILITYID":"1001208025","BUS_STOP_NO":56283,"STOP_STATUS":"Active","BUS_BENCHES":"YES","BUS_SHELTERS":"NO","LOCATION":"Northbound 148 St @ 16 Ave","ACCESSIBLE":"Yes","OBJECTID_1":2143086,"GLOBALID":"{E7897589-F51D-42E2-B5EB-3FA2AE178F62}","TRANSIT_ROUTES":"360","PRESCRIBED_FREQUENT_BUS_STOPS":null}},{"type":"Feature","id":2143087,"geometry":{"type":"Point","coordinates":[-122.812097,49.033669]},"properties":{"FACILITYID":"1001208424","BUS_STOP_NO":58481,"STOP_STATUS":"Active","BUS_BENCHES":"YES","BUS_SHELTERS":"NO","LOCATION":"Northbound 148 St @ 17 Ave","ACCESSIBLE":"Yes","OBJECTID_1":2143087,"GLOBALID":"{EC3CC6AC-A06F-42A0-A1DF-F300C41C488C}","TRANSIT_ROUTES":"360","PRESCRIBED_FREQUENT_BUS_STOPS":null}},{"type":"Feature","id":2143088,"geometry":{"type":"Point","coordinates":[-122.812132,49.036241]},"properties":{"FACILITYID":"1001208149","BUS_STOP_NO":58483,"STOP_STATUS":"Active","BUS_BENCHES":"NO","BUS_SHELTERS":"NO","LOCATION":"Northbound 148 St @ 18A Ave","ACCESSIBLE":"Yes","OBJECTID_1":2143088,"GLOBALID":"{9EF0BED1-6B36-431F-A760-5615DF2B8007}","TRANSIT_ROUTES":"360","PRESCRIBED_FREQUENT_BUS_STOPS":null}},{"type":"Feature","id":2143089,"geometry":{"type":"Point","coordinates":[-122.812359,49.037945]},"properties":{"FACILITYID":"1001208522","BUS_STOP_NO":56291,"STOP_STATUS":"Active","BUS_BENCHES":"YES","BUS_SHELTERS":"NO","LOCATION":"Southbound 148 St @ 20 Ave","ACCESSIBLE":"Yes","OBJECTID_1":2143089,"GLOBALID":"{4BE93288-B553-4D89-B144-E1CA3448874D}","TRANSIT_ROUTES":"360","PRESCRIBED_FREQUENT_BUS_STOPS":null}},{"type":"Feature","id":2143090,"geometry":{"type":"Point","coordinates":[-122.812351,49.034916]},"properties":{"FACILITYID":"1001207898","BUS_STOP_NO":56292,"STOP_STATUS":"Active","BUS_BENCHES":"YES","BUS_SHELTERS":"NO","LOCATION":"Southbound 148 St @ 18A Ave","ACCESSIBLE":"Yes","OBJECTID_1":2143090,"GLOBALID":"{5EFB2C35-E9CD-4A6C-B6E0-BAB0F4B6207B}","TRANSIT_ROUTES":"360","PRESCRIBED_FREQUENT_BUS_STOPS":null}},{"type":"Feature","id":2143091,"geometry":{"type":"Point","coordinates":[-122.812296,49.032335]},"properties":{"FACILITYID":"1001207899","BUS_STOP_NO":58482,"STOP_STATUS":"Active","BUS_BENCHES":"NO","BUS_SHELTERS":"NO","LOCATION":"Southbound 148 St @ 17 Ave","ACCESSIBLE":"No","OBJECTID_1":2143091,"GLOBALID":"{7A199841-42EC-4B9B-B181-8A67EC012C26}","TRANSIT_ROUTES":"360","PRESCRIBED_FREQUENT_BUS_STOPS":null}},{"type":"Feature","id":2143092,"geometry":{"type":"Point","coordinates":[-122.868821,49.04583]},"properties":{"FACILITYID":null,"BUS_STOP_NO":56306,"STOP_STATUS":"Active","BUS_BENCHES":"NO","BUS_SHELTERS":"NO","LOCATION":"Westbound 24 Ave @ 128 St","ACCESSIBLE":"Yes","OBJECTID_1":2143092,"GLOBALID":null,"TRANSIT_ROUTES":"855","PRESCRIBED_FREQUENT_BUS_STOPS":null}},{"type":"Feature","id":2143093,"geometry":{"type":"Point","coordinates":[-122.87619,49.04584]},"properties":{"FACILITYID":null,"BUS_STOP_NO":56307,"STOP_STATUS":"Active","BUS_BENCHES":"NO","BUS_SHELTERS":"NO","LOCATION":"Westbound 24 Ave @ 124B St","ACCESSIBLE":"No","OBJECTID_1":2143093,"GLOBALID":null,"TRANSIT_ROUTES":"855","PRESCRIBED_FREQUENT_BUS_STOPS":null}},{"type":"Feature","id":2143094,"geometry":{"type":"Point","coordinates":[-122.878496,49.045527]},"properties":{"FACILITYID":"1001207590","BUS_STOP_NO":56308,"STOP_STATUS":"Active","BUS_BENCHES":"NO","BUS_SHELTERS":"NO","LOCATION":"Southbound 124 St @ 24 Ave","ACCESSIBLE":"Yes","OBJECTID_1":2143094,"GLOBALID":"{1AA1578C-47DC-4C12-A4F8-89DE87A0D416}","TRANSIT_ROUTES":"360, 855","PRESCRIBED_FREQUENT_BUS_STOPS":null}},{"type":"Feature","id":2143095,"geometry":{"type":"Point","coordinates":[-122.878498,49.044355]},"properties":{"FACILITYID":"1001208547","BUS_STOP_NO":56309,"STOP_STATUS":"Active","BUS_BENCHES":"NO","BUS_SHELTERS":"NO","LOCATION":"Southbound 124 St @ 23 Ave","ACCESSIBLE":"No","OBJECTID_1":2143095,"GLOBALID":"{B305480A-3587-44DA-8DD3-4B21957B9ABD}","TRANSIT_ROUTES":"360, 855","PRESCRIBED_FREQUENT_BUS_STOPS":null}},{"type":"Feature","id":2143096,"geometry":{"type":"Point","coordinates":[-122.878485,49.038863]},"properties":{"FACILITYID":"1001208221","BUS_STOP_NO":56310,"STOP_STATUS":"Active","BUS_BENCHES":"NO","BUS_SHELTERS":"NO","LOCATION":"Southbound 124 St @ Indian Fort Dr","ACCESSIBLE":"No","OBJECTID_1":2143096,"GLOBALID":"{F8871D84-5FD6-44D1-AC94-468F1E24491D}","TRANSIT_ROUTES":"360, 855","PRESCRIBED_FREQUENT_BUS_STOPS":null}},{"type":"Feature","id":2143097,"geometry":{"type":"Point","coordinates":[-122.875484,49.034897]},"properties":{"FACILITYID":"1001208733","BUS_STOP_NO":56311,"STOP_STATUS":"Active","BUS_BENCHES":"NO","BUS_SHELTERS":"NO","LOCATION":"Southbound Ocean Park Rd @ 18 Ave","ACCESSIBLE":"No","OBJECTID_1":2143097,"GLOBALID":"{94E7813D-95E0-41BB-83AE-F9C4EFB45B16}","TRANSIT_ROUTES":"360, 855","PRESCRIBED_FREQUENT_BUS_STOPS":null}},{"type":"Feature","id":2143098,"geometry":{"type":"Point","coordinates":[-122.871273,49.031259]},"properties":{"FACILITYID":"1001208845","BUS_STOP_NO":56312,"STOP_STATUS":"Active","BUS_BENCHES":"NO","BUS_SHELTERS":"NO","LOCATION":"Eastbound 16 Ave @ 126A St","ACCESSIBLE":"No","OBJECTID_1":2143098,"GLOBALID":"{3AB5F002-2D08-4473-AC66-B51ADE9ED8DE}","TRANSIT_ROUTES":"360, 855","PRESCRIBED_FREQUENT_BUS_STOPS":null}},{"type":"Feature","id":2143099,"geometry":{"type":"Point","coordinates":[-122.867001,49.038462]},"properties":{"FACILITYID":"1001207966","BUS_STOP_NO":56313,"STOP_STATUS":"Active","BUS_BENCHES":"NO","BUS_SHELTERS":"NO","LOCATION":"Eastbound 20 Ave @ 128 St","ACCESSIBLE":"Yes","OBJECTID_1":2143099,"GLOBALID":"{338F58ED-AB35-4F44-A4A9-9FA0C68D4116}","TRANSIT_ROUTES":"360","PRESCRIBED_FREQUENT_BUS_STOPS":null}},{"type":"Feature","id":2143100,"geometry":{"type":"Point","coordinates":[-122.863676,49.03847]},"properties":{"FACILITYID":"1001208505","BUS_STOP_NO":56314,"STOP_STATUS":"Active","BUS_BENCHES":"YES","BUS_SHELTERS":"NO","LOCATION":"Eastbound 20 Ave @ 129 St","ACCESSIBLE":"No","OBJECTID_1":2143100,"GLOBALID":"{22824243-ED17-472D-8865-AF891675A74F}","TRANSIT_ROUTES":"360","PRESCRIBED_FREQUENT_BUS_STOPS":null}},{"type":"Feature","id":2143101,"geometry":{"type":"Point","coordinates":[-122.859432,49.038461]},"properties":{"FACILITYID":"1001207908","BUS_STOP_NO":56315,"STOP_STATUS":"Active","BUS_BENCHES":"NO","BUS_SHELTERS":"NO","LOCATION":"Eastbound 20 Ave @ 131 St","ACCESSIBLE":"No","OBJECTID_1":2143101,"GLOBALID":"{3724679D-6584-4052-8A34-46C10F956333}","TRANSIT_ROUTES":"360","PRESCRIBED_FREQUENT_BUS_STOPS":null}},{"type":"Feature","id":2143102,"geometry":{"type":"Point","coordinates":[-122.855244,49.038458]},"properties":{"FACILITYID":"1001207652","BUS_STOP_NO":56316,"STOP_STATUS":"Active","BUS_BENCHES":"YES","BUS_SHELTERS":"NO","LOCATION":"Eastbound 20 Ave @ Amble Greene Dr","ACCESSIBLE":"Yes","OBJECTID_1":2143102,"GLOBALID":"{4B562CF0-1E89-4DF8-ABB1-72E94DD28AF8}","TRANSIT_ROUTES":"360","PRESCRIBED_FREQUENT_BUS_STOPS":null}},{"type":"Feature","id":2143103,"geometry":{"type":"Point","coordinates":[-122.850457,49.03845]},"properties":{"FACILITYID":"1001208755","BUS_STOP_NO":56317,"STOP_STATUS":"Active","BUS_BENCHES":"YES","BUS_SHELTERS":"NO","LOCATION":"Eastbound 20 Ave @ 134 St","ACCESSIBLE":"Yes","OBJECTID_1":2143103,"GLOBALID":"{4E8D8479-C1E6-4565-B0F8-D93BE4B8B29F}","TRANSIT_ROUTES":"360","PRESCRIBED_FREQUENT_BUS_STOPS":null}},{"type":"Feature","id":2143104,"geometry":{"type":"Point","coordinates":[-122.844911,49.038412]},"properties":{"FACILITYID":"1001207884","BUS_STOP_NO":56318,"STOP_STATUS":"Active","BUS_BENCHES":"YES","BUS_SHELTERS":"NO","LOCATION":"Eastbound 20 Ave @ 136 St","ACCESSIBLE":"Yes","OBJECTID_1":2143104,"GLOBALID":"{CD8D6751-0127-458E-9561-E883B98B2EE1}","TRANSIT_ROUTES":"360","PRESCRIBED_FREQUENT_BUS_STOPS":null}},{"type":"Feature","id":2143105,"geometry":{"type":"Point","coordinates":[-122.840107,49.038443]},"properties":{"FACILITYID":"1001208825","BUS_STOP_NO":56319,"STOP_STATUS":"Active","BUS_BENCHES":"YES","BUS_SHELTERS":"NO","LOCATION":"Eastbound 20 Ave @ 138 St","ACCESSIBLE":"Yes","OBJECTID_1":2143105,"GLOBALID":"{3BECB95C-A50C-4489-BF40-F5249200A6D7}","TRANSIT_ROUTES":"360","PRESCRIBED_FREQUENT_BUS_STOPS":null}},{"type":"Feature","id":2143106,"geometry":{"type":"Point","coordinates":[-122.8338,49.038399]},"properties":{"FACILITYID":"1001207581","BUS_STOP_NO":56320,"STOP_STATUS":"Active","BUS_BENCHES":"NO","BUS_SHELTERS":"NO","LOCATION":"Eastbound 20 Ave @ 140 St","ACCESSIBLE":"Yes","OBJECTID_1":2143106,"GLOBALID":"{ED9CC3A8-344E-4AEA-B595-E811304FB0F5}","TRANSIT_ROUTES":"360","PRESCRIBED_FREQUENT_BUS_STOPS":null}},{"type":"Feature","id":2143107,"geometry":{"type":"Point","coordinates":[-122.828877,49.038388]},"properties":{"FACILITYID":"1001208452","BUS_STOP_NO":56321,"STOP_STATUS":"Active","BUS_BENCHES":"NO","BUS_SHELTERS":"NO","LOCATION":"Eastbound 20 Ave @ 142 St","ACCESSIBLE":"Yes","OBJECTID_1":2143107,"GLOBALID":"{3EE7C285-EAAC-4E1D-B1C8-A5BCD257BC59}","TRANSIT_ROUTES":"360","PRESCRIBED_FREQUENT_BUS_STOPS":null}},{"type":"Feature","id":2143108,"geometry":{"type":"Point","coordinates":[-122.823795,49.038501]},"properties":{"FACILITYID":"1001208578","BUS_STOP_NO":56322,"STOP_STATUS":"Active","BUS_BENCHES":"YES","BUS_SHELTERS":"NO","LOCATION":"Westbound 20 Ave @ 144 St","ACCESSIBLE":"Yes","OBJECTID_1":2143108,"GLOBALID":"{CB012391-BDBB-4A2E-9FFD-4B68B576637A}","TRANSIT_ROUTES":"360","PRESCRIBED_FREQUENT_BUS_STOPS":null}},{"type":"Feature","id":2143109,"geometry":{"type":"Point","coordinates":[-122.829762,49.038518]},"properties":{"FACILITYID":"1001208167","BUS_STOP_NO":56323,"STOP_STATUS":"Active","BUS_BENCHES":"YES","BUS_SHELTERS":"NO","LOCATION":"Westbound 20 Ave @ 142 St","ACCESSIBLE":"Yes","OBJECTID_1":2143109,"GLOBALID":"{91623B8C-A80A-4CF5-8EC0-29F92C787B66}","TRANSIT_ROUTES":"360","PRESCRIBED_FREQUENT_BUS_STOPS":null}},{"type":"Feature","id":2143110,"geometry":{"type":"Point","coordinates":[-122.835104,49.038534]},"properties":{"FACILITYID":"1001208813","BUS_STOP_NO":56324,"STOP_STATUS":"Active","BUS_BENCHES":"YES","BUS_SHELTERS":"NO","LOCATION":"Westbound 20 Ave @ 140 St","ACCESSIBLE":"Yes","OBJECTID_1":2143110,"GLOBALID":"{65A0C8C9-85F7-4F43-A8A6-6D1521DC95D7}","TRANSIT_ROUTES":"360","PRESCRIBED_FREQUENT_BUS_STOPS":null}},{"type":"Feature","id":2143111,"geometry":{"type":"Point","coordinates":[-122.841028,49.038541]},"properties":{"FACILITYID":"1001208775","BUS_STOP_NO":56325,"STOP_STATUS":"Active","BUS_BENCHES":"NO","BUS_SHELTERS":"NO","LOCATION":"Westbound 20 Ave @ 138 St","ACCESSIBLE":"Yes","OBJECTID_1":2143111,"GLOBALID":"{4133AC5D-8BF1-4014-BFEF-562980AD1E44}","TRANSIT_ROUTES":"360","PRESCRIBED_FREQUENT_BUS_STOPS":null}},{"type":"Feature","id":2143112,"geometry":{"type":"Point","coordinates":[-122.846062,49.038544]},"properties":{"FACILITYID":"1001208393","BUS_STOP_NO":56326,"STOP_STATUS":"Active","BUS_BENCHES":"NO","BUS_SHELTERS":"NO","LOCATION":"Westbound 20 Ave @ 136 St","ACCESSIBLE":"Yes","OBJECTID_1":2143112,"GLOBALID":"{5116D45C-4A19-4BC4-94BD-0522EC823695}","TRANSIT_ROUTES":"360","PRESCRIBED_FREQUENT_BUS_STOPS":null}},{"type":"Feature","id":2143113,"geometry":{"type":"Point","coordinates":[-122.851531,49.038557]},"properties":{"FACILITYID":"1001207997","BUS_STOP_NO":56327,"STOP_STATUS":"Active","BUS_BENCHES":"YES","BUS_SHELTERS":"NO","LOCATION":"Westbound 20 Ave @ 134 St","ACCESSIBLE":"No","OBJECTID_1":2143113,"GLOBALID":"{E1D9C189-D2A8-49A4-9E06-14E473672166}","TRANSIT_ROUTES":"360","PRESCRIBED_FREQUENT_BUS_STOPS":null}},{"type":"Feature","id":2143114,"geometry":{"type":"Point","coordinates":[-122.856287,49.038556]},"properties":{"FACILITYID":"1001207726","BUS_STOP_NO":56328,"STOP_STATUS":"Active","BUS_BENCHES":"YES","BUS_SHELTERS":"NO","LOCATION":"Westbound 20 Ave @ 132A St","ACCESSIBLE":"Yes","OBJECTID_1":2143114,"GLOBALID":"{7DAFC182-6F1A-4456-AAA6-BD04EE6FC82F}","TRANSIT_ROUTES":"360","PRESCRIBED_FREQUENT_BUS_STOPS":null}},{"type":"Feature","id":2143115,"geometry":{"type":"Point","coordinates":[-122.860278,49.038564]},"properties":{"FACILITYID":"1001207637","BUS_STOP_NO":56329,"STOP_STATUS":"Active","BUS_BENCHES":"YES","BUS_SHELTERS":"NO","LOCATION":"Westbound 20 Ave @ 131 St","ACCESSIBLE":"Yes","OBJECTID_1":2143115,"GLOBALID":"{87AEE778-C723-4CB3-8A9C-AE1FE10E1F8D}","TRANSIT_ROUTES":"360","PRESCRIBED_FREQUENT_BUS_STOPS":null}},{"type":"Feature","id":2143116,"geometry":{"type":"Point","coordinates":[-122.863813,49.038566]},"properties":{"FACILITYID":"1001207651","BUS_STOP_NO":56330,"STOP_STATUS":"Active","BUS_BENCHES":"YES","BUS_SHELTERS":"NO","LOCATION":"Westbound 20 Ave @ 129 St","ACCESSIBLE":"No","OBJECTID_1":2143116,"GLOBALID":"{A8404051-BFD0-46FC-9C49-42315391A190}","TRANSIT_ROUTES":"360","PRESCRIBED_FREQUENT_BUS_STOPS":null}},{"type":"Feature","id":2143117,"geometry":{"type":"Point","coordinates":[-122.779111,49.035476]},"properties":{"FACILITYID":"1001208294","BUS_STOP_NO":56342,"STOP_STATUS":"Active","BUS_BENCHES":"YES","BUS_SHELTERS":"NO","LOCATION":"Northbound 160 St @ Park Dr","ACCESSIBLE":"Yes","OBJECTID_1":2143117,"GLOBALID":"{B1C9A0D5-5A13-46FF-B6B1-35F126838C6A}","TRANSIT_ROUTES":"363","PRESCRIBED_FREQUENT_BUS_STOPS":null}},{"type":"Feature","id":2143118,"geometry":{"type":"Point","coordinates":[-122.779113,49.037781]},"properties":{"FACILITYID":"1001207720","BUS_STOP_NO":56343,"STOP_STATUS":"Active","BUS_BENCHES":"NO","BUS_SHELTERS":"NO","LOCATION":"Northbound 160 St @ 20 Ave","ACCESSIBLE":"Yes","OBJECTID_1":2143118,"GLOBALID":"{35D9D143-BCFD-4C08-BCB2-19B37FB0DD15}","TRANSIT_ROUTES":"363","PRESCRIBED_FREQUENT_BUS_STOPS":null}},{"type":"Feature","id":2143119,"geometry":{"type":"Point","coordinates":[-122.851445,49.045844]},"properties":{"FACILITYID":null,"BUS_STOP_NO":56365,"STOP_STATUS":"Active","BUS_BENCHES":"YES","BUS_SHELTERS":"NO","LOCATION":"Westbound 24 Ave @ 134 St","ACCESSIBLE":"Yes","OBJECTID_1":2143119,"GLOBALID":null,"TRANSIT_ROUTES":"855","PRESCRIBED_FREQUENT_BUS_STOPS":null}},{"type":"Feature","id":2143120,"geometry":{"type":"Point","coordinates":[-122.856816,49.045834]},"properties":{"FACILITYID":null,"BUS_STOP_NO":56366,"STOP_STATUS":"Active","BUS_BENCHES":"NO","BUS_SHELTERS":"NO","LOCATION":"Westbound 24 Ave @ 132 St","ACCESSIBLE":"Yes","OBJECTID_1":2143120,"GLOBALID":null,"TRANSIT_ROUTES":"855","PRESCRIBED_FREQUENT_BUS_STOPS":null}},{"type":"Feature","id":2143121,"geometry":{"type":"Point","coordinates":[-122.861486,49.045834]},"properties":{"FACILITYID":null,"BUS_STOP_NO":56367,"STOP_STATUS":"Active","BUS_BENCHES":"YES","BUS_SHELTERS":"NO","LOCATION":"Westbound 24 Ave @ 130 St","ACCESSIBLE":"Yes","OBJECTID_1":2143121,"GLOBALID":null,"TRANSIT_ROUTES":"855","PRESCRIBED_FREQUENT_BUS_STOPS":null}},{"type":"Feature","id":2143122,"geometry":{"type":"Point","coordinates":[-122.866177,49.045703]},"properties":{"FACILITYID":null,"BUS_STOP_NO":56368,"STOP_STATUS":"Active","BUS_BENCHES":"YES","BUS_SHELTERS":"NO","LOCATION":"Eastbound 24 Ave @ 128 St","ACCESSIBLE":"Yes","OBJECTID_1":2143122,"GLOBALID":null,"TRANSIT_ROUTES":"855","PRESCRIBED_FREQUENT_BUS_STOPS":null}},{"type":"Feature","id":2143123,"geometry":{"type":"Point","coordinates":[-122.860782,49.045704]},"properties":{"FACILITYID":null,"BUS_STOP_NO":56369,"STOP_STATUS":"Active","BUS_BENCHES":"YES","BUS_SHELTERS":"NO","LOCATION":"Eastbound 24 Ave @ 130 St","ACCESSIBLE":"Yes","OBJECTID_1":2143123,"GLOBALID":null,"TRANSIT_ROUTES":"855","PRESCRIBED_FREQUENT_BUS_STOPS":null}},{"type":"Feature","id":2143124,"geometry":{"type":"Point","coordinates":[-122.855979,49.045706]},"properties":{"FACILITYID":null,"BUS_STOP_NO":56370,"STOP_STATUS":"Active","BUS_BENCHES":"YES","BUS_SHELTERS":"NO","LOCATION":"Eastbound 24 Ave @ 132 St","ACCESSIBLE":"Yes","OBJECTID_1":2143124,"GLOBALID":null,"TRANSIT_ROUTES":"855","PRESCRIBED_FREQUENT_BUS_STOPS":null}},{"type":"Feature","id":2143125,"geometry":{"type":"Point","coordinates":[-122.850534,49.045684]},"properties":{"FACILITYID":null,"BUS_STOP_NO":56371,"STOP_STATUS":"Active","BUS_BENCHES":"YES","BUS_SHELTERS":"NO","LOCATION":"Eastbound 24 Ave @ 134 St","ACCESSIBLE":"Yes","OBJECTID_1":2143125,"GLOBALID":null,"TRANSIT_ROUTES":"855","PRESCRIBED_FREQUENT_BUS_STOPS":null}},{"type":"Feature","id":2143126,"geometry":{"type":"Point","coordinates":[-122.88851,49.137407]},"properties":{"FACILITYID":"1001207847","BUS_STOP_NO":56394,"STOP_STATUS":"Active","BUS_BENCHES":"NO","BUS_SHELTERS":"EXCH","LOCATION":"Scottsdale Exchange @ Bay 1","ACCESSIBLE":"Yes","OBJECTID_1":2143126,"GLOBALID":"{DD24B27B-8CA5-4168-A83B-DFE37CB44A58}","TRANSIT_ROUTES":"310, 311, 312, 322, 340, 364, 391","PRESCRIBED_FREQUENT_BUS_STOPS":null}},{"type":"Feature","id":2143127,"geometry":{"type":"Point","coordinates":[-122.848203,49.188852]},"properties":{"FACILITYID":"1001207676","BUS_STOP_NO":56395,"STOP_STATUS":"Active","BUS_BENCHES":"NO","BUS_SHELTERS":"NO","LOCATION":"Surrey Central Station @ Bay 1 Unloading Only","ACCESSIBLE":"Yes","OBJECTID_1":2143127,"GLOBALID":"{B787F3EF-D411-41F7-800B-BF311C7EB9A6}","TRANSIT_ROUTES":"314, 316, 321, 324, 325, 326, 329, 503","PRESCRIBED_FREQUENT_BUS_STOPS":"Yes"}},{"type":"Feature","id":2143128,"geometry":{"type":"Point","coordinates":[-122.763123,49.020917]},"properties":{"FACILITYID":"1001207556","BUS_STOP_NO":56396,"STOP_STATUS":"Active","BUS_BENCHES":"NO","BUS_SHELTERS":"NO","LOCATION":"Southbound King George Blvd @ 10 Ave","ACCESSIBLE":"No","OBJECTID_1":2143128,"GLOBALID":"{9368FEC1-9C60-47C1-8CF3-40410BB655C9}","TRANSIT_ROUTES":"321, 375","PRESCRIBED_FREQUENT_BUS_STOPS":null}},{"type":"Feature","id":2143129,"geometry":{"type":"Point","coordinates":[-122.875132,49.204407]},"properties":{"FACILITYID":null,"BUS_STOP_NO":56397,"STOP_STATUS":"Active","BUS_BENCHES":"NO","BUS_SHELTERS":"EXCH","LOCATION":"Scott Rd Station @ Bay 2","ACCESSIBLE":"Yes","OBJECTID_1":2143129,"GLOBALID":null,"TRANSIT_ROUTES":"321, R6","PRESCRIBED_FREQUENT_BUS_STOPS":"Yes"}},{"type":"Feature","id":2143130,"geometry":{"type":"Point","coordinates":[-122.846971,49.119126]},"properties":{"FACILITYID":"1001208662","BUS_STOP_NO":56398,"STOP_STATUS":"Active","BUS_BENCHES":"YES","BUS_SHELTERS":"YES","LOCATION":"Westbound 64 Ave @ King George Blvd","ACCESSIBLE":"Yes","OBJECTID_1":2143130,"GLOBALID":"{8F7059B7-2CF3-49E4-A7FD-F02CA4AAB69E}","TRANSIT_ROUTES":"364, 393","PRESCRIBED_FREQUENT_BUS_STOPS":null}},{"type":"Feature","id":2143131,"geometry":{"type":"Point","coordinates":[-122.851463,49.119102]},"properties":{"FACILITYID":"1001208250","BUS_STOP_NO":56399,"STOP_STATUS":"Active","BUS_BENCHES":"YES","BUS_SHELTERS":"NO","LOCATION":"Westbound 64 Ave @ 134 St","ACCESSIBLE":"Yes","OBJECTID_1":2143131,"GLOBALID":"{1C6462D6-4C4C-4A3D-9B5B-02ABCD70C16B}","TRANSIT_ROUTES":"364, 393","PRESCRIBED_FREQUENT_BUS_STOPS":null}},{"type":"Feature","id":2143132,"geometry":{"type":"Point","coordinates":[-122.867757,49.137827]},"properties":{"FACILITYID":"1001208034","BUS_STOP_NO":56400,"STOP_STATUS":"Active","BUS_BENCHES":"YES","BUS_SHELTERS":"NO","LOCATION":"Northbound 128 St @ 74 Ave","ACCESSIBLE":"Yes","OBJECTID_1":2143132,"GLOBALID":"{0F1CA2DB-0816-4E9E-9C3F-356DF4B1C18B}","TRANSIT_ROUTES":"393","PRESCRIBED_FREQUENT_BUS_STOPS":null}},{"type":"Feature","id":2143133,"geometry":{"type":"Point","coordinates":[-122.868045,49.140618]},"properties":{"FACILITYID":"1001208051","BUS_STOP_NO":56401,"STOP_STATUS":"Active","BUS_BENCHES":"YES","BUS_SHELTERS":"NO","LOCATION":"Southbound 128 St @ 76 Ave","ACCESSIBLE":"Yes","OBJECTID_1":2143133,"GLOBALID":"{452EBE6C-6CA3-4857-9B49-E7963516CDC9}","TRANSIT_ROUTES":"393","PRESCRIBED_FREQUENT_BUS_STOPS":null}},{"type":"Feature","id":2143134,"geometry":{"type":"Point","coordinates":[-122.86803,49.137001]},"properties":{"FACILITYID":"1001208315","BUS_STOP_NO":58657,"STOP_STATUS":"Active","BUS_BENCHES":"YES","BUS_SHELTERS":"NO","LOCATION":"Southbound 128 St @ 74 Ave","ACCESSIBLE":"Yes","OBJECTID_1":2143134,"GLOBALID":"{C26BB42D-2935-448C-931A-FC5C8CE0CFB3}","TRANSIT_ROUTES":"393","PRESCRIBED_FREQUENT_BUS_STOPS":null}},{"type":"Feature","id":2143135,"geometry":{"type":"Point","coordinates":[-122.856041,49.118911]},"properties":{"FACILITYID":"1001208174","BUS_STOP_NO":56403,"STOP_STATUS":"Active","BUS_BENCHES":"YES","BUS_SHELTERS":"NO","LOCATION":"Eastbound 64 Ave @ 132 St","ACCESSIBLE":"Yes","OBJECTID_1":2143135,"GLOBALID":"{7D3743B1-1D7E-4BF0-A435-0235E3382A58}","TRANSIT_ROUTES":"364, 393","PRESCRIBED_FREQUENT_BUS_STOPS":null}},{"type":"Feature","id":2143136,"geometry":{"type":"Point","coordinates":[-122.850606,49.11893]},"properties":{"FACILITYID":"1001208272","BUS_STOP_NO":56404,"STOP_STATUS":"Active","BUS_BENCHES":"NO","BUS_SHELTERS":"NO","LOCATION":"Eastbound 64 Ave @ 134 St","ACCESSIBLE":"Yes","OBJECTID_1":2143136,"GLOBALID":"{3E97153A-363D-4A09-BFDE-A8E668BF276E}","TRANSIT_ROUTES":"364, 393","PRESCRIBED_FREQUENT_BUS_STOPS":null}},{"type":"Feature","id":2143137,"geometry":{"type":"Point","coordinates":[-122.822308,49.071748]},"properties":{"FACILITYID":"1001207981","BUS_STOP_NO":59810,"STOP_STATUS":"Active","BUS_BENCHES":"NO","BUS_SHELTERS":"NO","LOCATION":"South Surrey Park & Ride @ Bay 2","ACCESSIBLE":"Yes","OBJECTID_1":2143137,"GLOBALID":"{100DFC24-51AC-4E0C-BFAE-E1415C2C1621}","TRANSIT_ROUTES":"321, 394","PRESCRIBED_FREQUENT_BUS_STOPS":"Yes"}},{"type":"Feature","id":2143138,"geometry":{"type":"Point","coordinates":[-122.847763,49.189406]},"properties":{"FACILITYID":"1001208345","BUS_STOP_NO":56406,"STOP_STATUS":"Active","BUS_BENCHES":"NO","BUS_SHELTERS":"EXCH","LOCATION":"Surrey Central Station @ Bay 11","ACCESSIBLE":"Yes","OBJECTID_1":2143138,"GLOBALID":"{9AD246F5-02CD-42D4-A766-7D6B441F0C0E}","TRANSIT_ROUTES":"R1","PRESCRIBED_FREQUENT_BUS_STOPS":"Yes"}},{"type":"Feature","id":2143139,"geometry":{"type":"Point","coordinates":[-122.842052,49.181723]},"properties":{"FACILITYID":null,"BUS_STOP_NO":58164,"STOP_STATUS":"Active","BUS_BENCHES":null,"BUS_SHELTERS":null,"LOCATION":"King George Station @ Bay 3","ACCESSIBLE":"Yes","OBJECTID_1":2143139,"GLOBALID":null,"TRANSIT_ROUTES":"345, 394, 395","PRESCRIBED_FREQUENT_BUS_STOPS":null}},{"type":"Feature","id":2143140,"geometry":{"type":"Point","coordinates":[-122.811446,49.169833]},"properties":{"FACILITYID":"1001208690","BUS_STOP_NO":56409,"STOP_STATUS":"Active","BUS_BENCHES":"YES","BUS_SHELTERS":"STD AD","LOCATION":"Eastbound Fraser Hwy @ 148 St","ACCESSIBLE":"Yes","OBJECTID_1":2143140,"GLOBALID":"{D80DF659-4B0E-4A10-81D3-655F7D0150DF}","TRANSIT_ROUTES":"345, 502, 503, 395","PRESCRIBED_FREQUENT_BUS_STOPS":"Yes"}},{"type":"Feature","id":2143141,"geometry":{"type":"Point","coordinates":[-122.806304,49.167843]},"properties":{"FACILITYID":"1001208658","BUS_STOP_NO":56410,"STOP_STATUS":"Active","BUS_BENCHES":"YES","BUS_SHELTERS":"NO","LOCATION":"Eastbound Fraser Hwy @ 150 St","ACCESSIBLE":"Yes","OBJECTID_1":2143141,"GLOBALID":"{0A2B5EB9-E9FC-450C-9AD8-89C65D1EB076}","TRANSIT_ROUTES":"345, 502, 395","PRESCRIBED_FREQUENT_BUS_STOPS":"Yes"}},{"type":"Feature","id":2143142,"geometry":{"type":"Point","coordinates":[-122.798497,49.165047]},"properties":{"FACILITYID":"1001208081","BUS_STOP_NO":58627,"STOP_STATUS":"Active","BUS_BENCHES":"YES","BUS_SHELTERS":"STD AD","LOCATION":"Westbound Fraser Hwy @ Fleetwood Way","ACCESSIBLE":"Yes","OBJECTID_1":2143142,"GLOBALID":"{4FE7AF0E-9D11-4417-AAD8-A66A63596F88}","TRANSIT_ROUTES":"320, 502, 395","PRESCRIBED_FREQUENT_BUS_STOPS":"Yes"}},{"type":"Feature","id":2143143,"geometry":{"type":"Point","coordinates":[-122.813039,49.1707]},"properties":{"FACILITYID":"1001208674","BUS_STOP_NO":56418,"STOP_STATUS":"Active","BUS_BENCHES":"YES","BUS_SHELTERS":"LRG","LOCATION":"Westbound Fraser Hwy @ 148 St","ACCESSIBLE":"Yes","OBJECTID_1":2143143,"GLOBALID":"{D8D33939-8DC3-4DE9-86DA-A9DB11C8DCC9}","TRANSIT_ROUTES":"345, 502, 503, 395","PRESCRIBED_FREQUENT_BUS_STOPS":null}},{"type":"Feature","id":2143144,"geometry":{"type":"Point","coordinates":[-122.842303,49.180787]},"properties":{"FACILITYID":null,"BUS_STOP_NO":56420,"STOP_STATUS":"Active","BUS_BENCHES":null,"BUS_SHELTERS":null,"LOCATION":"Westbound Fraser Hwy @ Whalley Blvd","ACCESSIBLE":"Yes","OBJECTID_1":2143144,"GLOBALID":null,"TRANSIT_ROUTES":"345, 395, 502","PRESCRIBED_FREQUENT_BUS_STOPS":null}},{"type":"Feature","id":2143145,"geometry":{"type":"Point","coordinates":[-122.681671,49.177056]},"properties":{"FACILITYID":"1001947611","BUS_STOP_NO":57051,"STOP_STATUS":"Active","BUS_BENCHES":"NO","BUS_SHELTERS":"YES","LOCATION":"Westbound 96 Ave @ 195 St","ACCESSIBLE":"Yes","OBJECTID_1":2143145,"GLOBALID":null,"TRANSIT_ROUTES":"388, 501","PRESCRIBED_FREQUENT_BUS_STOPS":null}},{"type":"Feature","id":2143146,"geometry":{"type":"Point","coordinates":[-122.692207,49.177066]},"properties":{"FACILITYID":"1001208072","BUS_STOP_NO":57052,"STOP_STATUS":"Active","BUS_BENCHES":"NO","BUS_SHELTERS":"STD AD","LOCATION":"Westbound 96 Ave @ 192 St","ACCESSIBLE":"Yes","OBJECTID_1":2143146,"GLOBALID":"{39AAFDCB-08CF-40E2-83C9-CA3A2203635D}","TRANSIT_ROUTES":"388, 501","PRESCRIBED_FREQUENT_BUS_STOPS":null}},{"type":"Feature","id":2143147,"geometry":{"type":"Point","coordinates":[-122.696594,49.177072]},"properties":{"FACILITYID":"1001208198","BUS_STOP_NO":57053,"STOP_STATUS":"Active","BUS_BENCHES":"NO","BUS_SHELTERS":"YES","LOCATION":"Westbound 96 Ave @ 190 St","ACCESSIBLE":"Yes","OBJECTID_1":2143147,"GLOBALID":"{93565655-DB85-4842-A10E-D66C555DF8DC}","TRANSIT_ROUTES":"388, 501","PRESCRIBED_FREQUENT_BUS_STOPS":null}},{"type":"Feature","id":2143148,"geometry":{"type":"Point","coordinates":[-122.701839,49.177064]},"properties":{"FACILITYID":"1001208248","BUS_STOP_NO":57054,"STOP_STATUS":"Active","BUS_BENCHES":"NO","BUS_SHELTERS":"YES","LOCATION":"Westbound 96 Ave @ 188 St","ACCESSIBLE":"Yes","OBJECTID_1":2143148,"GLOBALID":"{BCB2D99F-CC57-4516-ACC0-3ECFD0D21EBE}","TRANSIT_ROUTES":"388, 501","PRESCRIBED_FREQUENT_BUS_STOPS":null}},{"type":"Feature","id":2143149,"geometry":{"type":"Point","coordinates":[-122.708263,49.177073]},"properties":{"FACILITYID":"1001207601","BUS_STOP_NO":57055,"STOP_STATUS":"Active","BUS_BENCHES":"NO","BUS_SHELTERS":"NO","LOCATION":"Westbound 96 Ave @ 186 St","ACCESSIBLE":"Yes","OBJECTID_1":2143149,"GLOBALID":"{E2B38903-576C-457A-983B-50BE32D6B91A}","TRANSIT_ROUTES":"388, 501","PRESCRIBED_FREQUENT_BUS_STOPS":null}},{"type":"Feature","id":2143150,"geometry":{"type":"Point","coordinates":[-122.706947,49.176936]},"properties":{"FACILITYID":"1001207786","BUS_STOP_NO":57057,"STOP_STATUS":"Active","BUS_BENCHES":"NO","BUS_SHELTERS":"NO","LOCATION":"Eastbound 96 Ave @ 186 St","ACCESSIBLE":"Yes","OBJECTID_1":2143150,"GLOBALID":"{8FB1F028-7F18-402A-8C84-7BFB32649EF6}","TRANSIT_ROUTES":"388, 501","PRESCRIBED_FREQUENT_BUS_STOPS":null}},{"type":"Feature","id":2143151,"geometry":{"type":"Point","coordinates":[-122.700367,49.176923]},"properties":{"FACILITYID":"1001208296","BUS_STOP_NO":57058,"STOP_STATUS":"Active","BUS_BENCHES":"NO","BUS_SHELTERS":"YES","LOCATION":"Eastbound 96 Ave @ 188 St","ACCESSIBLE":"Yes","OBJECTID_1":2143151,"GLOBALID":"{79DC00A1-FB44-4EEE-BE4E-5D454AD5C96B}","TRANSIT_ROUTES":"388, 501","PRESCRIBED_FREQUENT_BUS_STOPS":null}},{"type":"Feature","id":2143152,"geometry":{"type":"Point","coordinates":[-122.694776,49.176926]},"properties":{"FACILITYID":"1001208581","BUS_STOP_NO":57059,"STOP_STATUS":"Active","BUS_BENCHES":"NO","BUS_SHELTERS":"NO","LOCATION":"Eastbound 96 Ave @ 190 St","ACCESSIBLE":"Yes","OBJECTID_1":2143152,"GLOBALID":"{3FB41F8B-ADA5-4579-A39F-6CCFFA83EA84}","TRANSIT_ROUTES":"388, 501","PRESCRIBED_FREQUENT_BUS_STOPS":null}},{"type":"Feature","id":2143153,"geometry":{"type":"Point","coordinates":[-122.689214,49.176884]},"properties":{"FACILITYID":"1001208571","BUS_STOP_NO":57060,"STOP_STATUS":"Active","BUS_BENCHES":"YES","BUS_SHELTERS":"NO","LOCATION":"Eastbound 96 Ave @ 192 St","ACCESSIBLE":"Yes","OBJECTID_1":2143153,"GLOBALID":"{7DBDC99A-0104-4E58-9AC0-D4790A5E2371}","TRANSIT_ROUTES":"388, 501","PRESCRIBED_FREQUENT_BUS_STOPS":null}},{"type":"Feature","id":2143154,"geometry":{"type":"Point","coordinates":[-122.681788,49.176911]},"properties":{"FACILITYID":"1001207857","BUS_STOP_NO":57061,"STOP_STATUS":"Active","BUS_BENCHES":"NO","BUS_SHELTERS":"NO","LOCATION":"Eastbound 96 Ave @ 195 St","ACCESSIBLE":"Yes","OBJECTID_1":2143154,"GLOBALID":"{0AEF6F07-FD46-47D8-8C8F-D1276D45E90D}","TRANSIT_ROUTES":"388, 501","PRESCRIBED_FREQUENT_BUS_STOPS":null}},{"type":"Feature","id":2143155,"geometry":{"type":"Point","coordinates":[-122.684314,49.115794]},"properties":{"FACILITYID":"1001207746","BUS_STOP_NO":57093,"STOP_STATUS":"Active","BUS_BENCHES":"YES","BUS_SHELTERS":"NO","LOCATION":"Eastbound Fraser Hwy @ 194 St","ACCESSIBLE":"Yes","OBJECTID_1":2143155,"GLOBALID":"{ABC66F74-21B4-47BD-A831-CC6648A2E602}","TRANSIT_ROUTES":"502","PRESCRIBED_FREQUENT_BUS_STOPS":null}},{"type":"Feature","id":2143156,"geometry":{"type":"Point","coordinates":[-122.681102,49.11457]},"properties":{"FACILITYID":"1001207725","BUS_STOP_NO":57138,"STOP_STATUS":"Active","BUS_BENCHES":"NO","BUS_SHELTERS":"STD AD","LOCATION":"Westbound Fraser Hwy @ 195A St","ACCESSIBLE":"Yes","OBJECTID_1":2143156,"GLOBALID":"{B073ECB9-A3D4-450F-9883-978C3624F8FE}","TRANSIT_ROUTES":"502","PRESCRIBED_FREQUENT_BUS_STOPS":"Yes"}},{"type":"Feature","id":2143157,"geometry":{"type":"Point","coordinates":[-122.685541,49.116584]},"properties":{"FACILITYID":"1001207561","BUS_STOP_NO":57139,"STOP_STATUS":"Active","BUS_BENCHES":"YES","BUS_SHELTERS":"NO","LOCATION":"Westbound Fraser Hwy @ 194 St","ACCESSIBLE":"Yes","OBJECTID_1":2143157,"GLOBALID":"{0EACDCAE-91AF-46F4-815E-71CD58FADF3B}","TRANSIT_ROUTES":"502","PRESCRIBED_FREQUENT_BUS_STOPS":"Yes"}},{"type":"Feature","id":2143158,"geometry":{"type":"Point","coordinates":[-122.845209,49.18822]},"properties":{"FACILITYID":null,"BUS_STOP_NO":57142,"STOP_STATUS":"Active","BUS_BENCHES":"YES","BUS_SHELTERS":"NO","LOCATION":"Northbound King George Blvd @ 102 Ave","ACCESSIBLE":"Yes","OBJECTID_1":2143158,"GLOBALID":null,"TRANSIT_ROUTES":"502","PRESCRIBED_FREQUENT_BUS_STOPS":null}},{"type":"Feature","id":2143159,"geometry":{"type":"Point","coordinates":[-122.875283,49.204154]},"properties":{"FACILITYID":"1001843404","BUS_STOP_NO":57566,"STOP_STATUS":"Active","BUS_BENCHES":"NO","BUS_SHELTERS":"EXCH","LOCATION":"Scott Road Station @ Bay 8","ACCESSIBLE":"Yes","OBJECTID_1":2143159,"GLOBALID":"{09CF3AA4-48FB-4747-AA3A-FC9483B6B555}","TRANSIT_ROUTES":"312, 391, N19","PRESCRIBED_FREQUENT_BUS_STOPS":null}},{"type":"Feature","id":2143160,"geometry":{"type":"Point","coordinates":[-122.874171,49.204383]},"properties":{"FACILITYID":null,"BUS_STOP_NO":57980,"STOP_STATUS":"Active","BUS_BENCHES":"NO","BUS_SHELTERS":"EXCH","LOCATION":"Scott Road Station @ Platform 2","ACCESSIBLE":null,"OBJECTID_1":2143160,"GLOBALID":null,"TRANSIT_ROUTES":null,"PRESCRIBED_FREQUENT_BUS_STOPS":null}},{"type":"Feature","id":2143161,"geometry":{"type":"Point","coordinates":[-122.850673,49.198946]},"properties":{"FACILITYID":null,"BUS_STOP_NO":57981,"STOP_STATUS":"Active","BUS_BENCHES":"NO","BUS_SHELTERS":"EXCH","LOCATION":"Gateway Station @ Platform 2","ACCESSIBLE":null,"OBJECTID_1":2143161,"GLOBALID":null,"TRANSIT_ROUTES":null,"PRESCRIBED_FREQUENT_BUS_STOPS":null}},{"type":"Feature","id":2143162,"geometry":{"type":"Point","coordinates":[-122.847914,49.189549]},"properties":{"FACILITYID":null,"BUS_STOP_NO":57982,"STOP_STATUS":"Active","BUS_BENCHES":"NO","BUS_SHELTERS":"EXCH","LOCATION":"Surrey Central Station @ Platform 2","ACCESSIBLE":null,"OBJECTID_1":2143162,"GLOBALID":null,"TRANSIT_ROUTES":null,"PRESCRIBED_FREQUENT_BUS_STOPS":null}},{"type":"Feature","id":2143163,"geometry":{"type":"Point","coordinates":[-122.844744,49.182755]},"properties":{"FACILITYID":null,"BUS_STOP_NO":57983,"STOP_STATUS":"Active","BUS_BENCHES":"NO","BUS_SHELTERS":"EXCH","LOCATION":"King George Station @ Platform 2","ACCESSIBLE":null,"OBJECTID_1":2143163,"GLOBALID":null,"TRANSIT_ROUTES":null,"PRESCRIBED_FREQUENT_BUS_STOPS":null}},{"type":"Feature","id":2143164,"geometry":{"type":"Point","coordinates":[-122.844691,49.182812]},"properties":{"FACILITYID":null,"BUS_STOP_NO":57984,"STOP_STATUS":"Active","BUS_BENCHES":"NO","BUS_SHELTERS":"EXCH","LOCATION":"King George Station @ Platform 1","ACCESSIBLE":null,"OBJECTID_1":2143164,"GLOBALID":null,"TRANSIT_ROUTES":null,"PRESCRIBED_FREQUENT_BUS_STOPS":null}},{"type":"Feature","id":2143165,"geometry":{"type":"Point","coordinates":[-122.847796,49.189561]},"properties":{"FACILITYID":null,"BUS_STOP_NO":57985,"STOP_STATUS":"Active","BUS_BENCHES":"NO","BUS_SHELTERS":"EXCH","LOCATION":"Surrey Central Station @ Platform 1","ACCESSIBLE":null,"OBJECTID_1":2143165,"GLOBALID":null,"TRANSIT_ROUTES":null,"PRESCRIBED_FREQUENT_BUS_STOPS":null}},{"type":"Feature","id":2143166,"geometry":{"type":"Point","coordinates":[-122.850542,49.198955]},"properties":{"FACILITYID":null,"BUS_STOP_NO":57986,"STOP_STATUS":"Active","BUS_BENCHES":"NO","BUS_SHELTERS":"YES","LOCATION":"Gateway Station @ Platform 1","ACCESSIBLE":null,"OBJECTID_1":2143166,"GLOBALID":null,"TRANSIT_ROUTES":null,"PRESCRIBED_FREQUENT_BUS_STOPS":null}},{"type":"Feature","id":2143167,"geometry":{"type":"Point","coordinates":[-122.874185,49.204448]},"properties":{"FACILITYID":null,"BUS_STOP_NO":57987,"STOP_STATUS":"Active","BUS_BENCHES":"NO","BUS_SHELTERS":"EXCH","LOCATION":"Scott Road Station @ Platform 1","ACCESSIBLE":null,"OBJECTID_1":2143167,"GLOBALID":null,"TRANSIT_ROUTES":null,"PRESCRIBED_FREQUENT_BUS_STOPS":null}},{"type":"Feature","id":2143168,"geometry":{"type":"Point","coordinates":[-122.846025,49.17367]},"properties":{"FACILITYID":"1001208037","BUS_STOP_NO":58325,"STOP_STATUS":"Active","BUS_BENCHES":"NO","BUS_SHELTERS":"LRG","LOCATION":"Southbound King George Blvd @ 94A Ave","ACCESSIBLE":"Yes","OBJECTID_1":2143168,"GLOBALID":"{A6D16AC5-C84E-4FC0-A597-E2A7189C0269}","TRANSIT_ROUTES":"314, 321","PRESCRIBED_FREQUENT_BUS_STOPS":"Yes"}},{"type":"Feature","id":2143169,"geometry":{"type":"Point","coordinates":[-122.823181,49.116245]},"properties":{"FACILITYID":"1001208125","BUS_STOP_NO":58574,"STOP_STATUS":"Active","BUS_BENCHES":"YES","BUS_SHELTERS":"YES","LOCATION":"Northbound 144 St @ 6200 Block","ACCESSIBLE":"Yes","OBJECTID_1":2143169,"GLOBALID":"{C3F69291-B99A-40DC-B2C1-C918025AD65A}","TRANSIT_ROUTES":"342","PRESCRIBED_FREQUENT_BUS_STOPS":null}},{"type":"Feature","id":2143170,"geometry":{"type":"Point","coordinates":[-122.82343,49.115415]},"properties":{"FACILITYID":"1001208567","BUS_STOP_NO":58573,"STOP_STATUS":"Active","BUS_BENCHES":"YES","BUS_SHELTERS":"YES","LOCATION":"Southbound 144 St @ 6200 Block","ACCESSIBLE":"Yes","OBJECTID_1":2143170,"GLOBALID":"{DCA4206F-182A-499B-BC94-8454A507F735}","TRANSIT_ROUTES":"342","PRESCRIBED_FREQUENT_BUS_STOPS":null}},{"type":"Feature","id":2143171,"geometry":{"type":"Point","coordinates":[-122.779179,49.184425]},"properties":{"FACILITYID":"1001208442","BUS_STOP_NO":58156,"STOP_STATUS":"Active","BUS_BENCHES":"YES","BUS_SHELTERS":"NO","LOCATION":"Westbound 100 Ave @ 160 St","ACCESSIBLE":"Yes","OBJECTID_1":2143171,"GLOBALID":"{64442BC4-3FA4-4509-B2A8-D3CFF228A866}","TRANSIT_ROUTES":"335","PRESCRIBED_FREQUENT_BUS_STOPS":null}},{"type":"Feature","id":2143172,"geometry":{"type":"Point","coordinates":[-122.784642,49.184423]},"properties":{"FACILITYID":"1001207672","BUS_STOP_NO":58157,"STOP_STATUS":"Active","BUS_BENCHES":"YES","BUS_SHELTERS":"NO","LOCATION":"Westbound 100 Ave @ 158 St","ACCESSIBLE":"Yes","OBJECTID_1":2143172,"GLOBALID":"{3330C3C1-33F7-4C52-993F-7836111A8746}","TRANSIT_ROUTES":"335","PRESCRIBED_FREQUENT_BUS_STOPS":null}},{"type":"Feature","id":2143173,"geometry":{"type":"Point","coordinates":[-122.867263,49.051695]},"properties":{"FACILITYID":"1001207656","BUS_STOP_NO":58236,"STOP_STATUS":"Active","BUS_BENCHES":"YES","BUS_SHELTERS":"NO","LOCATION":"Northbound 128 St @ 26B Ave","ACCESSIBLE":"Yes","OBJECTID_1":2143173,"GLOBALID":"{42609A2C-BC41-4039-9F51-712A7BE2AE7B}","TRANSIT_ROUTES":"350, 352, 855","PRESCRIBED_FREQUENT_BUS_STOPS":null}},{"type":"Feature","id":2143174,"geometry":{"type":"Point","coordinates":[-122.801231,49.101358]},"properties":{"FACILITYID":"1001208388","BUS_STOP_NO":58237,"STOP_STATUS":"Active","BUS_BENCHES":"YES","BUS_SHELTERS":"NO","LOCATION":"Southbound 152 St @ 54A Ave","ACCESSIBLE":"Yes","OBJECTID_1":2143174,"GLOBALID":"{A74A98D0-35B0-4990-B1F6-3EBD80036145}","TRANSIT_ROUTES":"345, 375","PRESCRIBED_FREQUENT_BUS_STOPS":null}},{"type":"Feature","id":2143175,"geometry":{"type":"Point","coordinates":[-122.867817,49.18953]},"properties":{"FACILITYID":"1001207927","BUS_STOP_NO":58091,"STOP_STATUS":"Active","BUS_BENCHES":"NO","BUS_SHELTERS":"NO","LOCATION":"Southbound 128 St @ 103 Ave","ACCESSIBLE":"Yes","OBJECTID_1":2143175,"GLOBALID":"{E32DDA95-A1F9-4C20-8E97-50103662D4EA}","TRANSIT_ROUTES":"323, 393","PRESCRIBED_FREQUENT_BUS_STOPS":"Yes"}},{"type":"Feature","id":2143176,"geometry":{"type":"Point","coordinates":[-122.834605,49.13863]},"properties":{"FACILITYID":"1001208497","BUS_STOP_NO":58248,"STOP_STATUS":"Active","BUS_BENCHES":"NO","BUS_SHELTERS":"NO","LOCATION":"Southbound 140 St @ 75 Ave","ACCESSIBLE":"Yes","OBJECTID_1":2143176,"GLOBALID":"{609C6089-5279-42B2-B763-D4DD50012535}","TRANSIT_ROUTES":"325","PRESCRIBED_FREQUENT_BUS_STOPS":null}},{"type":"Feature","id":2143177,"geometry":{"type":"Point","coordinates":[-122.847504,49.184316]},"properties":{"FACILITYID":"1001207963","BUS_STOP_NO":58273,"STOP_STATUS":"Active","BUS_BENCHES":"NO","BUS_SHELTERS":"STD AD","LOCATION":"Eastbound Old Yale Rd @ 13500 Block","ACCESSIBLE":"Yes","OBJECTID_1":2143177,"GLOBALID":"{0D28EBE9-FDA0-4C19-8D04-90EACD576A19}","TRANSIT_ROUTES":"321, 326, 502, 894","PRESCRIBED_FREQUENT_BUS_STOPS":"Yes"}},{"type":"Feature","id":2143178,"geometry":{"type":"Point","coordinates":[-122.791163,49.162722]},"properties":{"FACILITYID":"1001208014","BUS_STOP_NO":58223,"STOP_STATUS":"Active","BUS_BENCHES":"YES","BUS_SHELTERS":"NO","LOCATION":"Eastbound 88 Ave @ 156 St","ACCESSIBLE":"No","OBJECTID_1":2143178,"GLOBALID":"{3FDC8E6B-7CBE-47F4-8B83-6C1BDB6E8D1D}","TRANSIT_ROUTES":"320","PRESCRIBED_FREQUENT_BUS_STOPS":null}},{"type":"Feature","id":2143179,"geometry":{"type":"Point","coordinates":[-122.872644,49.048065]},"properties":{"FACILITYID":"1001208211","BUS_STOP_NO":58466,"STOP_STATUS":"Active","BUS_BENCHES":"NO","BUS_SHELTERS":"NO","LOCATION":"Eastbound 25 Ave @ 126 St","ACCESSIBLE":"No","OBJECTID_1":2143179,"GLOBALID":"{FA56279C-AFA8-4AE7-9D09-A7C22CEA3A59}","TRANSIT_ROUTES":"360","PRESCRIBED_FREQUENT_BUS_STOPS":null}},{"type":"Feature","id":2143180,"geometry":{"type":"Point","coordinates":[-122.873976,49.048165]},"properties":{"FACILITYID":"1001207876","BUS_STOP_NO":58467,"STOP_STATUS":"Active","BUS_BENCHES":"NO","BUS_SHELTERS":"NO","LOCATION":"Westbound 25 Ave @ 126 St","ACCESSIBLE":"Yes","OBJECTID_1":2143180,"GLOBALID":"{5BC59A43-CA33-4491-BB7B-D69BAAAE06DF}","TRANSIT_ROUTES":"360","PRESCRIBED_FREQUENT_BUS_STOPS":null}},{"type":"Feature","id":2143181,"geometry":{"type":"Point","coordinates":[-122.872969,49.032425]},"properties":{"FACILITYID":"1001207827","BUS_STOP_NO":58472,"STOP_STATUS":"Active","BUS_BENCHES":"NO","BUS_SHELTERS":"NO","LOCATION":"Northbound Ocean Park Rd @ 16 Ave","ACCESSIBLE":"No","OBJECTID_1":2143181,"GLOBALID":"{804DFCF6-9760-4AE4-A2BE-78DDD91F16D4}","TRANSIT_ROUTES":"360, 855","PRESCRIBED_FREQUENT_BUS_STOPS":null}},{"type":"Feature","id":2143182,"geometry":{"type":"Point","coordinates":[-122.878291,49.039589]},"properties":{"FACILITYID":"1001208502","BUS_STOP_NO":58469,"STOP_STATUS":"Active","BUS_BENCHES":"NO","BUS_SHELTERS":"NO","LOCATION":"Northbound 124 St @ 20 Ave","ACCESSIBLE":"No","OBJECTID_1":2143182,"GLOBALID":"{086A010C-7209-4790-9B77-6C08A3AA2E16}","TRANSIT_ROUTES":"360, 855","PRESCRIBED_FREQUENT_BUS_STOPS":null}},{"type":"Feature","id":2143183,"geometry":{"type":"Point","coordinates":[-122.878309,49.042388]},"properties":{"FACILITYID":"1001208172","BUS_STOP_NO":58470,"STOP_STATUS":"Active","BUS_BENCHES":"NO","BUS_SHELTERS":"NO","LOCATION":"Northbound 124 St @ 22 Ave","ACCESSIBLE":"No","OBJECTID_1":2143183,"GLOBALID":"{8B3EDE5D-C5E3-41F0-A769-D81AA9E79D65}","TRANSIT_ROUTES":"360, 855","PRESCRIBED_FREQUENT_BUS_STOPS":null}},{"type":"Feature","id":2143184,"geometry":{"type":"Point","coordinates":[-122.878325,49.045467]},"properties":{"FACILITYID":"1001207776","BUS_STOP_NO":58471,"STOP_STATUS":"Active","BUS_BENCHES":"NO","BUS_SHELTERS":"NO","LOCATION":"Northbound 124 St @ 24 Ave","ACCESSIBLE":"No","OBJECTID_1":2143184,"GLOBALID":"{50F53520-1D25-42F3-B30D-23477F0622F4}","TRANSIT_ROUTES":"360, 855","PRESCRIBED_FREQUENT_BUS_STOPS":null}},{"type":"Feature","id":2143185,"geometry":{"type":"Point","coordinates":[-122.875499,49.035098]},"properties":{"FACILITYID":"1001207587","BUS_STOP_NO":58473,"STOP_STATUS":"Active","BUS_BENCHES":"NO","BUS_SHELTERS":"NO","LOCATION":"Northbound Ocean Park Rd @ 18 Ave","ACCESSIBLE":"No","OBJECTID_1":2143185,"GLOBALID":"{C796816F-F8EF-43F6-BDE2-63E15C67A5CF}","TRANSIT_ROUTES":"360, 855","PRESCRIBED_FREQUENT_BUS_STOPS":null}},{"type":"Feature","id":2143186,"geometry":{"type":"Point","coordinates":[-122.822797,49.038384]},"properties":{"FACILITYID":"1001207843","BUS_STOP_NO":58315,"STOP_STATUS":"Active","BUS_BENCHES":"NO","BUS_SHELTERS":"NO","LOCATION":"Eastbound 20 Ave @ 144 St","ACCESSIBLE":"No","OBJECTID_1":2143186,"GLOBALID":"{DF4F4F50-9D93-48D9-A425-89973345AB8E}","TRANSIT_ROUTES":"360","PRESCRIBED_FREQUENT_BUS_STOPS":null}},{"type":"Feature","id":2143187,"geometry":{"type":"Point","coordinates":[-122.801051,49.032156]},"properties":{"FACILITYID":"1002311454","BUS_STOP_NO":56116,"STOP_STATUS":"Active","BUS_BENCHES":"YES","BUS_SHELTERS":"EXCH","LOCATION":"White Rock Centre @ Bay 6","ACCESSIBLE":"Yes","OBJECTID_1":2143187,"GLOBALID":null,"TRANSIT_ROUTES":"394","PRESCRIBED_FREQUENT_BUS_STOPS":null}},{"type":"Feature","id":2143188,"geometry":{"type":"Point","coordinates":[-122.878486,49.04724]},"properties":{"FACILITYID":"1001208229","BUS_STOP_NO":58468,"STOP_STATUS":"Active","BUS_BENCHES":"NO","BUS_SHELTERS":"NO","LOCATION":"Southbound 124 St @ Seacrest Dr","ACCESSIBLE":"No","OBJECTID_1":2143188,"GLOBALID":"{E29D7936-7D02-4E1A-A970-46C8A21AFFFC}","TRANSIT_ROUTES":"360","PRESCRIBED_FREQUENT_BUS_STOPS":null}},{"type":"Feature","id":2143189,"geometry":{"type":"Point","coordinates":[-122.878512,49.041349]},"properties":{"FACILITYID":"1001207600","BUS_STOP_NO":58487,"STOP_STATUS":"Active","BUS_BENCHES":"NO","BUS_SHELTERS":"NO","LOCATION":"Southbound 124 St @ 21A Ave","ACCESSIBLE":"No","OBJECTID_1":2143189,"GLOBALID":"{86207B20-89EC-46D4-A26F-FA3581BB8B1B}","TRANSIT_ROUTES":"360, 855","PRESCRIBED_FREQUENT_BUS_STOPS":null}},{"type":"Feature","id":2143190,"geometry":{"type":"Point","coordinates":[-122.800512,49.168347]},"properties":{"FACILITYID":null,"BUS_STOP_NO":58515,"STOP_STATUS":"Active","BUS_BENCHES":"YES","BUS_SHELTERS":"NO","LOCATION":"Westbound 91 Ave @ 152 St","ACCESSIBLE":"Yes","OBJECTID_1":2143190,"GLOBALID":null,"TRANSIT_ROUTES":"335","PRESCRIBED_FREQUENT_BUS_STOPS":null}},{"type":"Feature","id":2143191,"geometry":{"type":"Point","coordinates":[-122.789124,49.184283]},"properties":{"FACILITYID":"1001207730","BUS_STOP_NO":58526,"STOP_STATUS":"Active","BUS_BENCHES":"YES","BUS_SHELTERS":"NO","LOCATION":"Eastbound 100 Ave @ 156 St","ACCESSIBLE":"Yes","OBJECTID_1":2143191,"GLOBALID":"{A5368545-FEDC-4E1B-B5D6-B063673DFBBA}","TRANSIT_ROUTES":"335","PRESCRIBED_FREQUENT_BUS_STOPS":null}},{"type":"Feature","id":2143192,"geometry":{"type":"Point","coordinates":[-122.783781,49.184293]},"properties":{"FACILITYID":"1001208000","BUS_STOP_NO":58527,"STOP_STATUS":"Active","BUS_BENCHES":"YES","BUS_SHELTERS":"NO","LOCATION":"Eastbound 100 Ave @ 158 St","ACCESSIBLE":"Yes","OBJECTID_1":2143192,"GLOBALID":"{C4C60579-0FF4-4EF8-8099-7044B1134644}","TRANSIT_ROUTES":"335","PRESCRIBED_FREQUENT_BUS_STOPS":null}},{"type":"Feature","id":2143193,"geometry":{"type":"Point","coordinates":[-122.866103,49.033024]},"properties":{"FACILITYID":"1001207574","BUS_STOP_NO":58579,"STOP_STATUS":"Active","BUS_BENCHES":"YES","BUS_SHELTERS":"NO","LOCATION":"Eastbound 17 Ave @ 128 St","ACCESSIBLE":"Yes","OBJECTID_1":2143193,"GLOBALID":"{F2080FEE-CDB2-4350-AB55-757E759FCEE6}","TRANSIT_ROUTES":"360, 361","PRESCRIBED_FREQUENT_BUS_STOPS":null}},{"type":"Feature","id":2143194,"geometry":{"type":"Point","coordinates":[-122.865091,49.049341]},"properties":{"FACILITYID":"1001208846","BUS_STOP_NO":58578,"STOP_STATUS":"Active","BUS_BENCHES":"NO","BUS_SHELTERS":"NON AD","LOCATION":"Eastbound 26 Ave @ 12800 Block","ACCESSIBLE":"Yes","OBJECTID_1":2143194,"GLOBALID":"{693C121C-A85D-44FB-8FC9-FA0B31E638F9}","TRANSIT_ROUTES":"360","PRESCRIBED_FREQUENT_BUS_STOPS":null}},{"type":"Feature","id":2143195,"geometry":{"type":"Point","coordinates":[-122.797527,49.164444]},"properties":{"FACILITYID":"1001208186","BUS_STOP_NO":58660,"STOP_STATUS":"Active","BUS_BENCHES":"YES","BUS_SHELTERS":"STD AD","LOCATION":"Eastbound Fraser Hwy @ Fleetwood Way","ACCESSIBLE":"Yes","OBJECTID_1":2143195,"GLOBALID":"{DD9CEDC5-0653-4B11-A114-C2F21CBCF5F5}","TRANSIT_ROUTES":"320, 502, 395","PRESCRIBED_FREQUENT_BUS_STOPS":"Yes"}},{"type":"Feature","id":2143196,"geometry":{"type":"Point","coordinates":[-122.801095,49.051035]},"properties":{"FACILITYID":"1001208130","BUS_STOP_NO":55390,"STOP_STATUS":"Active","BUS_BENCHES":"YES","BUS_SHELTERS":"NO","LOCATION":"Northbound 152 St @ King George Blvd","ACCESSIBLE":"Yes","OBJECTID_1":2143196,"GLOBALID":"{0A096332-4A08-425A-9620-9A644CC38D12}","TRANSIT_ROUTES":"345, 375","PRESCRIBED_FREQUENT_BUS_STOPS":null}},{"type":"Feature","id":2143197,"geometry":{"type":"Point","coordinates":[-122.800802,49.118315]},"properties":{"FACILITYID":"1001208111","BUS_STOP_NO":55973,"STOP_STATUS":"Active","BUS_BENCHES":"YES","BUS_SHELTERS":"STD AD","LOCATION":"Northbound 152 St @ 64 Ave","ACCESSIBLE":"Yes","OBJECTID_1":2143197,"GLOBALID":"{8CD65ABD-13B4-4559-9DF1-E4D5481D8359}","TRANSIT_ROUTES":"345, 375","PRESCRIBED_FREQUENT_BUS_STOPS":null}},{"type":"Feature","id":2143198,"geometry":{"type":"Point","coordinates":[-122.800812,49.119538]},"properties":{"FACILITYID":"1001208153","BUS_STOP_NO":58333,"STOP_STATUS":"Active","BUS_BENCHES":"YES","BUS_SHELTERS":"STD AD","LOCATION":"Northbound 152 St @ 64 Ave","ACCESSIBLE":"Yes","OBJECTID_1":2143198,"GLOBALID":"{15AD5175-1387-4018-9B8A-A7D1F4227F8B}","TRANSIT_ROUTES":"345, 375","PRESCRIBED_FREQUENT_BUS_STOPS":null}},{"type":"Feature","id":2143199,"geometry":{"type":"Point","coordinates":[-122.823533,49.145604]},"properties":{"FACILITYID":"1001207835","BUS_STOP_NO":58334,"STOP_STATUS":"Active","BUS_BENCHES":"NO","BUS_SHELTERS":"NO","LOCATION":"Southbound 144 St @ 78A Ave","ACCESSIBLE":"No","OBJECTID_1":2143199,"GLOBALID":"{4B356DF2-2B53-493A-A0D1-1AFABAED09B9}","TRANSIT_ROUTES":"341","PRESCRIBED_FREQUENT_BUS_STOPS":null}},{"type":"Feature","id":2143200,"geometry":{"type":"Point","coordinates":[-122.80191,49.061678]},"properties":{"FACILITYID":null,"BUS_STOP_NO":58600,"STOP_STATUS":"Active","BUS_BENCHES":"YES","BUS_SHELTERS":"YES","LOCATION":"Westbound 32 Ave @ 152 St","ACCESSIBLE":"Yes","OBJECTID_1":2143200,"GLOBALID":null,"TRANSIT_ROUTES":"354, 363, 394","PRESCRIBED_FREQUENT_BUS_STOPS":null}},{"type":"Feature","id":2143201,"geometry":{"type":"Point","coordinates":[-122.863485,49.032348]},"properties":{"FACILITYID":"1001208457","BUS_STOP_NO":58586,"STOP_STATUS":"Active","BUS_BENCHES":"NO","BUS_SHELTERS":"NO","LOCATION":"Eastbound 17 Ave @ 12900 Block","ACCESSIBLE":"No","OBJECTID_1":2143201,"GLOBALID":"{47EAB6F4-E1DA-4D4A-A144-BA0CC35E8474}","TRANSIT_ROUTES":"360","PRESCRIBED_FREQUENT_BUS_STOPS":null}},{"type":"Feature","id":2143202,"geometry":{"type":"Point","coordinates":[-122.806412,49.056058]},"properties":{"FACILITYID":"1001207757","BUS_STOP_NO":58274,"STOP_STATUS":"Active","BUS_BENCHES":"NO","BUS_SHELTERS":"STD AD","LOCATION":"Northbound King George Blvd @ 2900 Block","ACCESSIBLE":"Yes","OBJECTID_1":2143202,"GLOBALID":"{01211BB5-8831-4FD1-9F99-E95715DCE0AD}","TRANSIT_ROUTES":"321, 351, 855","PRESCRIBED_FREQUENT_BUS_STOPS":null}},{"type":"Feature","id":2143203,"geometry":{"type":"Point","coordinates":[-122.867346,49.209557]},"properties":{"FACILITYID":"1001207783","BUS_STOP_NO":58622,"STOP_STATUS":"Active","BUS_BENCHES":"NO","BUS_SHELTERS":"NO","LOCATION":"Northbound 128 St @ 114 Ave","ACCESSIBLE":"Yes","OBJECTID_1":2143203,"GLOBALID":"{19806CD3-859C-4027-8109-58FA8FC2D84B}","TRANSIT_ROUTES":"371","PRESCRIBED_FREQUENT_BUS_STOPS":null}},{"type":"Feature","id":2143204,"geometry":{"type":"Point","coordinates":[-122.84523,49.184619]},"properties":{"FACILITYID":"1001207804","BUS_STOP_NO":58623,"STOP_STATUS":"Active","BUS_BENCHES":"YES","BUS_SHELTERS":"NO","LOCATION":"Northbound King George Blvd @ 100 Ave","ACCESSIBLE":"Yes","OBJECTID_1":2143204,"GLOBALID":"{5A84FF00-2BD4-49AF-9B18-22F9373184FA}","TRANSIT_ROUTES":"502","PRESCRIBED_FREQUENT_BUS_STOPS":null}},{"type":"Feature","id":2143205,"geometry":{"type":"Point","coordinates":[-122.84726,49.045679]},"properties":{"FACILITYID":null,"BUS_STOP_NO":56372,"STOP_STATUS":"Active","BUS_BENCHES":"YES","BUS_SHELTERS":"NO","LOCATION":"Eastbound 24 Ave @ 136 St","ACCESSIBLE":"Yes","OBJECTID_1":2143205,"GLOBALID":null,"TRANSIT_ROUTES":"855","PRESCRIBED_FREQUENT_BUS_STOPS":null}},{"type":"Feature","id":2143206,"geometry":{"type":"Point","coordinates":[-122.822589,49.155437]},"properties":{"FACILITYID":"1001208537","BUS_STOP_NO":58638,"STOP_STATUS":"Active","BUS_BENCHES":"YES","BUS_SHELTERS":"NO","LOCATION":"Eastbound 84 Ave @ 144 St","ACCESSIBLE":"Yes","OBJECTID_1":2143206,"GLOBALID":"{DF24AB72-A1E8-4DBA-8F93-110E7A9242B2}","TRANSIT_ROUTES":"341","PRESCRIBED_FREQUENT_BUS_STOPS":null}},{"type":"Feature","id":2143207,"geometry":{"type":"Point","coordinates":[-122.779625,49.162829]},"properties":{"FACILITYID":"1001207678","BUS_STOP_NO":58261,"STOP_STATUS":"Active","BUS_BENCHES":"NO","BUS_SHELTERS":"NO","LOCATION":"Westbound 88 Ave @ 160 St","ACCESSIBLE":"No","OBJECTID_1":2143207,"GLOBALID":"{4CE502AD-451D-4B0A-9C96-F5BD79E7BC03}","TRANSIT_ROUTES":"341, 388","PRESCRIBED_FREQUENT_BUS_STOPS":null}},{"type":"Feature","id":2143208,"geometry":{"type":"Point","coordinates":[-122.783771,49.191461]},"properties":{"FACILITYID":"1001207595","BUS_STOP_NO":58950,"STOP_STATUS":"Active","BUS_BENCHES":"YES","BUS_SHELTERS":"NO","LOCATION":"Eastbound 104 Ave @ 158 St","ACCESSIBLE":"Yes","OBJECTID_1":2143208,"GLOBALID":"{9E587083-2367-4666-9671-670DAD891D73}","TRANSIT_ROUTES":"501","PRESCRIBED_FREQUENT_BUS_STOPS":null}},{"type":"Feature","id":2143209,"geometry":{"type":"Point","coordinates":[-122.783274,49.191631]},"properties":{"FACILITYID":"1001208550","BUS_STOP_NO":58949,"STOP_STATUS":"Active","BUS_BENCHES":"YES","BUS_SHELTERS":"NO","LOCATION":"Westbound 104 Ave @ 158 St","ACCESSIBLE":"Yes","OBJECTID_1":2143209,"GLOBALID":"{EEA7E9E5-9369-4863-88CA-102410F73BAF}","TRANSIT_ROUTES":"501","PRESCRIBED_FREQUENT_BUS_STOPS":null}},{"type":"Feature","id":2143210,"geometry":{"type":"Point","coordinates":[-122.756701,49.118374]},"properties":{"FACILITYID":"1001208168","BUS_STOP_NO":59047,"STOP_STATUS":"Active","BUS_BENCHES":"YES","BUS_SHELTERS":"STD AD","LOCATION":"Southbound 168 St @ 64 Ave","ACCESSIBLE":"Yes","OBJECTID_1":2143210,"GLOBALID":"{10FF6535-F9E8-4746-8E48-73DDF51E6872}","TRANSIT_ROUTES":"320","PRESCRIBED_FREQUENT_BUS_STOPS":null}},{"type":"Feature","id":2143211,"geometry":{"type":"Point","coordinates":[-122.761891,49.118832]},"properties":{"FACILITYID":"1001208399","BUS_STOP_NO":58463,"STOP_STATUS":"Active","BUS_BENCHES":"YES","BUS_SHELTERS":"STD AD","LOCATION":"Eastbound 64 Ave @ 166 St","ACCESSIBLE":"Yes","OBJECTID_1":2143211,"GLOBALID":"{45070909-686A-455A-A810-247B4F3D6E2B}","TRANSIT_ROUTES":"364","PRESCRIBED_FREQUENT_BUS_STOPS":null}},{"type":"Feature","id":2143212,"geometry":{"type":"Point","coordinates":[-122.762879,49.119015]},"properties":{"FACILITYID":"1001208706","BUS_STOP_NO":58462,"STOP_STATUS":"Active","BUS_BENCHES":"YES","BUS_SHELTERS":"STD AD","LOCATION":"Westbound 64 Ave @ 166 St","ACCESSIBLE":"Yes","OBJECTID_1":2143212,"GLOBALID":"{ED434D02-5D53-47B8-A00A-BAA6F502B2C6}","TRANSIT_ROUTES":"364, 864","PRESCRIBED_FREQUENT_BUS_STOPS":null}},{"type":"Feature","id":2143213,"geometry":{"type":"Point","coordinates":[-122.801068,49.172097]},"properties":{"FACILITYID":"1001208748","BUS_STOP_NO":59091,"STOP_STATUS":"Active","BUS_BENCHES":"YES","BUS_SHELTERS":"NO","LOCATION":"Northbound 152 St @ 93 Ave","ACCESSIBLE":"Yes","OBJECTID_1":2143213,"GLOBALID":"{88E31408-A512-4BAD-8770-7BF4E49005F4}","TRANSIT_ROUTES":"320, 375","PRESCRIBED_FREQUENT_BUS_STOPS":null}},{"type":"Feature","id":2143214,"geometry":{"type":"Point","coordinates":[-122.800887,49.102204]},"properties":{"FACILITYID":"1001208079","BUS_STOP_NO":56044,"STOP_STATUS":"Active","BUS_BENCHES":"YES","BUS_SHELTERS":"NO","LOCATION":"Northbound 152 St @ 54A Ave","ACCESSIBLE":"Yes","OBJECTID_1":2143214,"GLOBALID":"{C14BBBA8-C026-408F-9050-83601A9C44B7}","TRANSIT_ROUTES":"345, 375","PRESCRIBED_FREQUENT_BUS_STOPS":null}},{"type":"Feature","id":2143215,"geometry":{"type":"Point","coordinates":[-122.757191,49.118994]},"properties":{"FACILITYID":"1001208513","BUS_STOP_NO":59046,"STOP_STATUS":"Active","BUS_BENCHES":"YES","BUS_SHELTERS":"STD AD","LOCATION":"Westbound 64 Ave @ 168 St","ACCESSIBLE":"Yes","OBJECTID_1":2143215,"GLOBALID":"{21B5C67B-D89B-469F-A36B-E15A8E8EC666}","TRANSIT_ROUTES":"364, 864","PRESCRIBED_FREQUENT_BUS_STOPS":null}},{"type":"Feature","id":2143216,"geometry":{"type":"Point","coordinates":[-122.80321,49.193278]},"properties":{"FACILITYID":"1001208722","BUS_STOP_NO":59237,"STOP_STATUS":"Active","BUS_BENCHES":"NO","BUS_SHELTERS":"YES","LOCATION":"Westbound 105 Ave @ Lincoln Dr","ACCESSIBLE":"Yes","OBJECTID_1":2143216,"GLOBALID":"{0F09B2A3-F3BF-413C-9B31-CD6A4C9F98F1}","TRANSIT_ROUTES":"341","PRESCRIBED_FREQUENT_BUS_STOPS":null}},{"type":"Feature","id":2143217,"geometry":{"type":"Point","coordinates":[-122.845372,49.205751]},"properties":{"FACILITYID":"1001208531","BUS_STOP_NO":59242,"STOP_STATUS":"Active","BUS_BENCHES":"NO","BUS_SHELTERS":"NO","LOCATION":"Southbound 136 St @ 112 Ave","ACCESSIBLE":"Yes","OBJECTID_1":2143217,"GLOBALID":"{52B41E23-7709-4D1C-B6D2-56D3DF8D2ADF}","TRANSIT_ROUTES":"371","PRESCRIBED_FREQUENT_BUS_STOPS":null}},{"type":"Feature","id":2143218,"geometry":{"type":"Point","coordinates":[-122.845341,49.204041]},"properties":{"FACILITYID":"1001207669","BUS_STOP_NO":59241,"STOP_STATUS":"Active","BUS_BENCHES":"NO","BUS_SHELTERS":"NO","LOCATION":"Southbound 136 St @ 111 Ave","ACCESSIBLE":"No","OBJECTID_1":2143218,"GLOBALID":"{5084FF04-9ACD-4C31-BA9E-3AE4D71397B9}","TRANSIT_ROUTES":"371","PRESCRIBED_FREQUENT_BUS_STOPS":null}},{"type":"Feature","id":2143219,"geometry":{"type":"Point","coordinates":[-122.844983,49.201196]},"properties":{"FACILITYID":"1001208087","BUS_STOP_NO":59239,"STOP_STATUS":"Active","BUS_BENCHES":"NO","BUS_SHELTERS":"NO","LOCATION":"Southbound Hilton Rd @ Bentley Rd","ACCESSIBLE":"Yes","OBJECTID_1":2143219,"GLOBALID":"{3FAF4430-7745-4105-80BD-A33DE13C364A}","TRANSIT_ROUTES":"371","PRESCRIBED_FREQUENT_BUS_STOPS":null}},{"type":"Feature","id":2143220,"geometry":{"type":"Point","coordinates":[-122.843831,49.200402]},"properties":{"FACILITYID":"1001208016","BUS_STOP_NO":59257,"STOP_STATUS":"Active","BUS_BENCHES":"NO","BUS_SHELTERS":"NO","LOCATION":"Northbound Hilton Rd @ Grosvenor Rd","ACCESSIBLE":"No","OBJECTID_1":2143220,"GLOBALID":"{435AD8E2-174F-49B8-8E11-6DD7D6CC772A}","TRANSIT_ROUTES":"371","PRESCRIBED_FREQUENT_BUS_STOPS":null}},{"type":"Feature","id":2143221,"geometry":{"type":"Point","coordinates":[-122.845154,49.201981]},"properties":{"FACILITYID":"1001208117","BUS_STOP_NO":59238,"STOP_STATUS":"Active","BUS_BENCHES":"NO","BUS_SHELTERS":"NO","LOCATION":"Northbound 136 St @ Bentley Rd","ACCESSIBLE":"Yes","OBJECTID_1":2143221,"GLOBALID":"{2DDA824A-CCC0-497F-8946-CD29427AC90A}","TRANSIT_ROUTES":"371","PRESCRIBED_FREQUENT_BUS_STOPS":null}},{"type":"Feature","id":2143222,"geometry":{"type":"Point","coordinates":[-122.8452,49.204576]},"properties":{"FACILITYID":"1001208827","BUS_STOP_NO":59240,"STOP_STATUS":"Active","BUS_BENCHES":"NO","BUS_SHELTERS":"NO","LOCATION":"Northbound 136 St @ 111 Ave","ACCESSIBLE":"No","OBJECTID_1":2143222,"GLOBALID":"{51234DFD-45FF-4004-8B13-9EB3D1796074}","TRANSIT_ROUTES":"371","PRESCRIBED_FREQUENT_BUS_STOPS":null}},{"type":"Feature","id":2143223,"geometry":{"type":"Point","coordinates":[-122.829324,49.205526]},"properties":{"FACILITYID":"1001208850","BUS_STOP_NO":59231,"STOP_STATUS":"Active","BUS_BENCHES":"NO","BUS_SHELTERS":"NO","LOCATION":"Westbound Kindersley Dr @ Coventry Rd","ACCESSIBLE":"Yes","OBJECTID_1":2143223,"GLOBALID":"{76D27A35-2815-425B-B9E8-5E6276CCF08D}","TRANSIT_ROUTES":"373","PRESCRIBED_FREQUENT_BUS_STOPS":null}},{"type":"Feature","id":2143224,"geometry":{"type":"Point","coordinates":[-122.825643,49.204649]},"properties":{"FACILITYID":"1001208091","BUS_STOP_NO":59234,"STOP_STATUS":"Active","BUS_BENCHES":"NO","BUS_SHELTERS":"NO","LOCATION":"Eastbound Kindersley Dr @ 143A St","ACCESSIBLE":"No","OBJECTID_1":2143224,"GLOBALID":"{C038153B-BCF8-4743-BDFE-59D027BCAC33}","TRANSIT_ROUTES":"373","PRESCRIBED_FREQUENT_BUS_STOPS":null}},{"type":"Feature","id":2143225,"geometry":{"type":"Point","coordinates":[-122.828042,49.207348]},"properties":{"FACILITYID":"1001208355","BUS_STOP_NO":59236,"STOP_STATUS":"Active","BUS_BENCHES":"NO","BUS_SHELTERS":"NO","LOCATION":"Eastbound Gladstone Dr @ Grosvenor Rd","ACCESSIBLE":"No","OBJECTID_1":2143225,"GLOBALID":"{1F7627BA-67A1-4590-AA02-17998D6203E8}","TRANSIT_ROUTES":"373","PRESCRIBED_FREQUENT_BUS_STOPS":null}},{"type":"Feature","id":2143226,"geometry":{"type":"Point","coordinates":[-122.825607,49.206725]},"properties":{"FACILITYID":"1001207944","BUS_STOP_NO":59476,"STOP_STATUS":"Active","BUS_BENCHES":"NO","BUS_SHELTERS":"NO","LOCATION":"Eastbound Gladstone Dr @ 143A St","ACCESSIBLE":"No","OBJECTID_1":2143226,"GLOBALID":"{F28AFC9D-B466-4EDF-84FD-9E0C594294A5}","TRANSIT_ROUTES":"373","PRESCRIBED_FREQUENT_BUS_STOPS":null}},{"type":"Feature","id":2143227,"geometry":{"type":"Point","coordinates":[-122.825742,49.204717]},"properties":{"FACILITYID":"1001208329","BUS_STOP_NO":59233,"STOP_STATUS":"Active","BUS_BENCHES":"NO","BUS_SHELTERS":"NO","LOCATION":"Westbound Kindersley Dr @ 143A St","ACCESSIBLE":"No","OBJECTID_1":2143227,"GLOBALID":"{26381C27-EF78-44FE-9665-7B1A6CC778E7}","TRANSIT_ROUTES":"373","PRESCRIBED_FREQUENT_BUS_STOPS":null}},{"type":"Feature","id":2143228,"geometry":{"type":"Point","coordinates":[-122.829409,49.205432]},"properties":{"FACILITYID":"1001208239","BUS_STOP_NO":59232,"STOP_STATUS":"Active","BUS_BENCHES":"NO","BUS_SHELTERS":"NO","LOCATION":"Eastbound Kindersley Dr @ Coventry Rd","ACCESSIBLE":"Yes","OBJECTID_1":2143228,"GLOBALID":"{6D656187-B91F-42DE-B881-45557D177670}","TRANSIT_ROUTES":"373","PRESCRIBED_FREQUENT_BUS_STOPS":null}},{"type":"Feature","id":2143229,"geometry":{"type":"Point","coordinates":[-122.757007,49.198954]},"properties":{"FACILITYID":"1001207775","BUS_STOP_NO":59228,"STOP_STATUS":"Active","BUS_BENCHES":"NO","BUS_SHELTERS":"NO","LOCATION":"Westbound 108 Ave @ 168 St","ACCESSIBLE":"Yes","OBJECTID_1":2143229,"GLOBALID":"{7C783473-87AD-4060-9943-3E76FDF65FA7}","TRANSIT_ROUTES":"337","PRESCRIBED_FREQUENT_BUS_STOPS":"Yes"}},{"type":"Feature","id":2143230,"geometry":{"type":"Point","coordinates":[-122.868156,49.149868]},"properties":{"FACILITYID":"1001207780","BUS_STOP_NO":59215,"STOP_STATUS":"Active","BUS_BENCHES":"YES","BUS_SHELTERS":"NO","LOCATION":"Southbound 128 St @ 82 Ave","ACCESSIBLE":"Yes","OBJECTID_1":2143230,"GLOBALID":"{C6EBAF26-374C-4B8F-97CE-03F2E8DDDA54}","TRANSIT_ROUTES":"323, 393","PRESCRIBED_FREQUENT_BUS_STOPS":"Yes"}},{"type":"Feature","id":2143231,"geometry":{"type":"Point","coordinates":[-122.865763,49.206332]},"properties":{"FACILITYID":"1001208313","BUS_STOP_NO":55434,"STOP_STATUS":"Active","BUS_BENCHES":"NO","BUS_SHELTERS":"NO","LOCATION":"Eastbound King George Blvd @ 128 St","ACCESSIBLE":"Yes","OBJECTID_1":2143231,"GLOBALID":"{08C62EA9-2858-4FE0-B081-2B0C61D4D4E2}","TRANSIT_ROUTES":"321, N19","PRESCRIBED_FREQUENT_BUS_STOPS":null}},{"type":"Feature","id":2143232,"geometry":{"type":"Point","coordinates":[-122.853647,49.204242]},"properties":{"FACILITYID":"1001207611","BUS_STOP_NO":55435,"STOP_STATUS":"Active","BUS_BENCHES":"NO","BUS_SHELTERS":"NO","LOCATION":"Southbound King George Blvd @ 132 St","ACCESSIBLE":"Yes","OBJECTID_1":2143232,"GLOBALID":"{884E744C-268F-4424-9955-E9B04AF2B59D}","TRANSIT_ROUTES":"321, N19","PRESCRIBED_FREQUENT_BUS_STOPS":null}},{"type":"Feature","id":2143233,"geometry":{"type":"Point","coordinates":[-122.845929,49.198487]},"properties":{"FACILITYID":"1001208002","BUS_STOP_NO":55437,"STOP_STATUS":"Active","BUS_BENCHES":"NO","BUS_SHELTERS":"NO","LOCATION":"Southbound King George Blvd @ 108 Ave","ACCESSIBLE":"Yes","OBJECTID_1":2143233,"GLOBALID":"{4BA63A0E-0C6D-42A9-B048-E1B66E914D9A}","TRANSIT_ROUTES":"321, N19","PRESCRIBED_FREQUENT_BUS_STOPS":null}},{"type":"Feature","id":2143234,"geometry":{"type":"Point","coordinates":[-122.845515,49.194136]},"properties":{"FACILITYID":"1001207773","BUS_STOP_NO":55439,"STOP_STATUS":"Active","BUS_BENCHES":"NO","BUS_SHELTERS":"NO","LOCATION":"Southbound King George Blvd @ 105A Ave","ACCESSIBLE":"Yes","OBJECTID_1":2143234,"GLOBALID":"{397A8043-BDC6-4728-B88C-0E129F713B4F}","TRANSIT_ROUTES":"321, N19","PRESCRIBED_FREQUENT_BUS_STOPS":null}},{"type":"Feature","id":2143235,"geometry":{"type":"Point","coordinates":[-122.846433,49.199689]},"properties":{"FACILITYID":"1001208756","BUS_STOP_NO":55429,"STOP_STATUS":"Active","BUS_BENCHES":"YES","BUS_SHELTERS":"NO","LOCATION":"Northbound King George Blvd @ 108 Ave","ACCESSIBLE":"Yes","OBJECTID_1":2143235,"GLOBALID":"{0C80BD9F-9D6E-4D3C-A740-BCEB8021EEE0}","TRANSIT_ROUTES":"321, N19","PRESCRIBED_FREQUENT_BUS_STOPS":null}},{"type":"Feature","id":2143236,"geometry":{"type":"Point","coordinates":[-122.853592,49.204569]},"properties":{"FACILITYID":"1001208464","BUS_STOP_NO":55431,"STOP_STATUS":"Active","BUS_BENCHES":"NO","BUS_SHELTERS":"NO","LOCATION":"Northbound King George Blvd @ Bolivar Rd","ACCESSIBLE":"Yes","OBJECTID_1":2143236,"GLOBALID":"{5E1BD0E6-53C4-4470-9521-3BBE35CA2702}","TRANSIT_ROUTES":"321, N19","PRESCRIBED_FREQUENT_BUS_STOPS":null}},{"type":"Feature","id":2143237,"geometry":{"type":"Point","coordinates":[-122.865846,49.206598]},"properties":{"FACILITYID":"1001208418","BUS_STOP_NO":55433,"STOP_STATUS":"Active","BUS_BENCHES":"NO","BUS_SHELTERS":"NO","LOCATION":"Westbound King George Blvd @ 128 St","ACCESSIBLE":"Yes","OBJECTID_1":2143237,"GLOBALID":"{675050D0-BBDC-4E8B-9B59-0740D624D4DD}","TRANSIT_ROUTES":"321, N19","PRESCRIBED_FREQUENT_BUS_STOPS":null}},{"type":"Feature","id":2143238,"geometry":{"type":"Point","coordinates":[-122.831541,49.20675]},"properties":{"FACILITYID":"1001207618","BUS_STOP_NO":59286,"STOP_STATUS":"Active","BUS_BENCHES":"NO","BUS_SHELTERS":"NO","LOCATION":"Eastbound Kindersley Dr @ Grosvenor Rd","ACCESSIBLE":"Yes","OBJECTID_1":2143238,"GLOBALID":"{DAEBAE83-B12A-484E-A71F-10132A792ED4}","TRANSIT_ROUTES":"373","PRESCRIBED_FREQUENT_BUS_STOPS":null}},{"type":"Feature","id":2143239,"geometry":{"type":"Point","coordinates":[-122.840227,49.206182]},"properties":{"FACILITYID":"1001208163","BUS_STOP_NO":59377,"STOP_STATUS":"Active","BUS_BENCHES":"YES","BUS_SHELTERS":"NO","LOCATION":"Westbound 112 Ave @ 138 St","ACCESSIBLE":"Yes","OBJECTID_1":2143239,"GLOBALID":"{F461CA21-A2DC-4DC6-AD90-969100892982}","TRANSIT_ROUTES":"373","PRESCRIBED_FREQUENT_BUS_STOPS":null}},{"type":"Feature","id":2144457,"geometry":{"type":"Point","coordinates":[-122.789729,49.016529]},"properties":{"FACILITYID":"1001207578","BUS_STOP_NO":56243,"STOP_STATUS":"Active","BUS_BENCHES":"NO","BUS_SHELTERS":"NO","LOCATION":null,"ACCESSIBLE":"Yes","OBJECTID_1":2144457,"GLOBALID":"{B580A3AB-9AAC-4024-898F-C69FACAB9CE5}","TRANSIT_ROUTES":"361, 362","PRESCRIBED_FREQUENT_BUS_STOPS":null}},{"type":"Feature","id":2144458,"geometry":{"type":"Point","coordinates":[-122.787433,49.016532]},"properties":{"FACILITYID":"1001208101","BUS_STOP_NO":56244,"STOP_STATUS":"Active","BUS_BENCHES":"YES","BUS_SHELTERS":"NO","LOCATION":null,"ACCESSIBLE":"No","OBJECTID_1":2144458,"GLOBALID":"{E73C5CD3-638B-477D-9FFD-D76116F2E999}","TRANSIT_ROUTES":"354, 361","PRESCRIBED_FREQUENT_BUS_STOPS":null}},{"type":"Feature","id":2144459,"geometry":{"type":"Point","coordinates":[-122.784301,49.016527]},"properties":{"FACILITYID":"1001207996","BUS_STOP_NO":56245,"STOP_STATUS":"Active","BUS_BENCHES":"YES","BUS_SHELTERS":"NO","LOCATION":null,"ACCESSIBLE":"Yes","OBJECTID_1":2144459,"GLOBALID":"{ACE00C66-A67A-4D08-ACD9-710F68C96261}","TRANSIT_ROUTES":"354, 361","PRESCRIBED_FREQUENT_BUS_STOPS":null}},{"type":"Feature","id":2144460,"geometry":{"type":"Point","coordinates":[-122.780833,49.016521]},"properties":{"FACILITYID":"1001207550","BUS_STOP_NO":56246,"STOP_STATUS":"Active","BUS_BENCHES":"YES","BUS_SHELTERS":"NO","LOCATION":null,"ACCESSIBLE":"Yes","OBJECTID_1":2144460,"GLOBALID":"{9E71A2E2-90B0-4C1A-972C-7CBE0FEF1ADF}","TRANSIT_ROUTES":"354, 361","PRESCRIBED_FREQUENT_BUS_STOPS":null}}]}