{"type":"FeatureCollection","features":[{"type":"Feature","id":280,"geometry":{"type":"Polygon","coordinates":[[[-122.861968,49.19243],[-122.862086,49.192432],[-122.862099,49.192377],[-122.862099,49.192332],[-122.862099,49.192273],[-122.862008,49.19227],[-122.861903,49.19227],[-122.861707,49.19227],[-122.861685,49.192329],[-122.861656,49.192389],[-122.861649,49.192424],[-122.861703,49.192429],[-122.86179,49.192427],[-122.861863,49.192427],[-122.861928,49.192427],[-122.861968,49.19243]]]},"properties":{"OBJECTID":280,"OUTDOOR_REC_FAC_TYPE2":"Skate Park","FACILITYID":"1001439273","DESCRIPTION":"Skate Park; Royal Kwantlen Park, 13035 104 Ave","LOCATION":"south side of park, west of tennis courts","PARK":"Royal Kwantlen Park","REFERENCE_NO":"1","COURT_TYPE":"Skate Park","SURFACE_TYPE":"Asphalt","SURFACE_TREATMENT":null,"BOOKABLE":null,"LIGHTING_SYSTEM":null,"SERVICE_LEVEL":null,"COMMUNITY":"Whalley","PRIMARY_USE":"Skateboard","FIELD_TYPE":null,"COMMENTS":null,"STATUS":"OPERATING","STATUS_DATE":1031147160000,"PARK_OWNERSHIP":null,"MAINTENANCE_RESPONSIBILITY":"PARKS","OPERATIONAL_RESPONSIBILITY":"PARKS","WORK_ASSIGNMENT":null,"BARCODE":null}},{"type":"Feature","id":281,"geometry":{"type":"Polygon","coordinates":[[[-122.845143,49.156259],[-122.845124,49.156288],[-122.844973,49.156403],[-122.845053,49.156448],[-122.845053,49.156448],[-122.845054,49.156449],[-122.845073,49.156525],[-122.845148,49.1566],[-122.845192,49.156633],[-122.845259,49.156653],[-122.845296,49.156655],[-122.845353,49.156626],[-122.845421,49.156573],[-122.845444,49.156516],[-122.84543,49.156484],[-122.845412,49.156425],[-122.845411,49.156397],[-122.845406,49.156188],[-122.845252,49.156188],[-122.845241,49.156207],[-122.845141,49.156205],[-122.845143,49.156259]]]},"properties":{"OBJECTID":281,"OUTDOOR_REC_FAC_TYPE2":"Skate Park","FACILITYID":"1001439274","DESCRIPTION":"Skate Park; Bear Creek Youth Park, 8400 King George Blvd","LOCATION":"Youth park - SW corner of park","PARK":"Bear Creek Youth Park","REFERENCE_NO":"1","COURT_TYPE":"Skate Park","SURFACE_TYPE":"Asphalt","SURFACE_TREATMENT":null,"BOOKABLE":"N","LIGHTING_SYSTEM":null,"SERVICE_LEVEL":null,"COMMUNITY":"Whalley","PRIMARY_USE":"Skateboard","FIELD_TYPE":null,"COMMENTS":null,"STATUS":"OPERATING","STATUS_DATE":null,"PARK_OWNERSHIP":null,"MAINTENANCE_RESPONSIBILITY":"PARKS","OPERATIONAL_RESPONSIBILITY":"PARKS","WORK_ASSIGNMENT":null,"BARCODE":null}},{"type":"Feature","id":283,"geometry":{"type":"Polygon","coordinates":[[[-122.81845,49.039252],[-122.8185,49.039267],[-122.818542,49.039273],[-122.818597,49.039294],[-122.818663,49.039309],[-122.818714,49.039306],[-122.818716,49.039294],[-122.818769,49.039292],[-122.818825,49.039277],[-122.818865,49.039258],[-122.818917,49.039231],[-122.818932,49.039205],[-122.818928,49.039169],[-122.818928,49.039169],[-122.818854,49.039132],[-122.818776,49.039107],[-122.818701,49.039077],[-122.818701,49.039014],[-122.818694,49.038924],[-122.81868,49.038847],[-122.818676,49.038795],[-122.818539,49.03879],[-122.818539,49.038819],[-122.818499,49.038839],[-122.818477,49.038824],[-122.818462,49.038765],[-122.818446,49.038734],[-122.818412,49.038716],[-122.818367,49.038708],[-122.818356,49.038708],[-122.818259,49.03872],[-122.818184,49.038773],[-122.818171,49.038857],[-122.818181,49.038914],[-122.81825,49.038991],[-122.818289,49.039034],[-122.818281,49.039048],[-122.818207,49.039097],[-122.818254,49.039229],[-122.818339,49.03925],[-122.818413,49.039245],[-122.81845,49.039252]]]},"properties":{"OBJECTID":283,"OUTDOOR_REC_FAC_TYPE2":"Skate Park","FACILITYID":"1001439276","DESCRIPTION":"Skate Park; South Surrey Athletic Park, 1925 148 St","LOCATION":"N of 20 Ave at about 146 St","PARK":"South Surrey Athletic Park","REFERENCE_NO":"1","COURT_TYPE":"Skate Park","SURFACE_TYPE":"Asphalt","SURFACE_TREATMENT":null,"BOOKABLE":"N","LIGHTING_SYSTEM":null,"SERVICE_LEVEL":null,"COMMUNITY":"South Surrey","PRIMARY_USE":"Skateboard","FIELD_TYPE":null,"COMMENTS":null,"STATUS":"OPERATING","STATUS_DATE":null,"PARK_OWNERSHIP":null,"MAINTENANCE_RESPONSIBILITY":"PARKS","OPERATIONAL_RESPONSIBILITY":"PARKS","WORK_ASSIGNMENT":null,"BARCODE":null}},{"type":"Feature","id":284,"geometry":{"type":"Polygon","coordinates":[[[-122.764253,49.152076],[-122.764271,49.152071],[-122.764291,49.15206],[-122.764305,49.152048],[-122.764323,49.152029],[-122.764334,49.152009],[-122.764343,49.151981],[-122.764338,49.151968],[-122.764329,49.151953],[-122.764319,49.151937],[-122.764291,49.151927],[-122.76421,49.151918],[-122.764178,49.151915],[-122.764134,49.151905],[-122.764094,49.151897],[-122.76407,49.151893],[-122.764039,49.151894],[-122.764009,49.151892],[-122.763972,49.151888],[-122.763942,49.151876],[-122.76392,49.151874],[-122.763904,49.151873],[-122.763669,49.152034],[-122.763681,49.152055],[-122.763707,49.152046],[-122.763732,49.152045],[-122.763762,49.152055],[-122.763782,49.152055],[-122.763815,49.15205],[-122.763839,49.152042],[-122.763853,49.152034],[-122.763882,49.152034],[-122.763906,49.152034],[-122.763937,49.15204],[-122.763952,49.152042],[-122.763962,49.152049],[-122.763973,49.152055],[-122.763979,49.152055],[-122.763999,49.152056],[-122.76401,49.152051],[-122.764031,49.15205],[-122.764068,49.152055],[-122.764253,49.152076]]]},"properties":{"OBJECTID":284,"OUTDOOR_REC_FAC_TYPE2":"Skate Park","FACILITYID":"1001439277","DESCRIPTION":"Skate Park; Surrey Sport & Leisure Complex Grounds, 16555 Fraser Hwy","LOCATION":"Fraser Hwy side of site","PARK":"Surrey Sport & Leisure Complex Grounds","REFERENCE_NO":"1","COURT_TYPE":"Skate Park","SURFACE_TYPE":"Asphalt","SURFACE_TREATMENT":null,"BOOKABLE":"N","LIGHTING_SYSTEM":null,"SERVICE_LEVEL":null,"COMMUNITY":"Fleetwood","PRIMARY_USE":"Skateboard","FIELD_TYPE":null,"COMMENTS":null,"STATUS":"OPERATING","STATUS_DATE":1079684700000,"PARK_OWNERSHIP":null,"MAINTENANCE_RESPONSIBILITY":"PARKS","OPERATIONAL_RESPONSIBILITY":"PARKS","WORK_ASSIGNMENT":null,"BARCODE":null}},{"type":"Feature","id":285,"geometry":{"type":"Polygon","coordinates":[[[-122.777156,49.194739],[-122.777157,49.194619],[-122.777175,49.194607],[-122.777186,49.194597],[-122.777192,49.194581],[-122.777188,49.194561],[-122.777175,49.194546],[-122.777157,49.194537],[-122.777135,49.194531],[-122.777108,49.19453],[-122.777081,49.194537],[-122.776884,49.194536],[-122.776869,49.194516],[-122.776851,49.194503],[-122.776851,49.194429],[-122.77688,49.194425],[-122.776883,49.194368],[-122.776836,49.19434],[-122.776796,49.194337],[-122.776782,49.194353],[-122.776684,49.194354],[-122.77668,49.194779],[-122.776776,49.194781],[-122.776785,49.19479],[-122.776798,49.194793],[-122.776834,49.194794],[-122.776852,49.19479],[-122.776859,49.194782],[-122.777082,49.194781],[-122.777091,49.19479],[-122.777107,49.194795],[-122.777142,49.194795],[-122.77716,49.194789],[-122.777174,49.194777],[-122.777176,49.194766],[-122.777169,49.194751],[-122.777156,49.194739]],[[-122.777078,49.194746],[-122.776865,49.194746],[-122.776848,49.194739],[-122.776848,49.194646],[-122.776884,49.194613],[-122.777081,49.194614],[-122.777087,49.194622],[-122.777087,49.194739],[-122.777078,49.194746]]]},"properties":{"OBJECTID":285,"OUTDOOR_REC_FAC_TYPE2":"Skate Park","FACILITYID":"1001439278","DESCRIPTION":"Skate Park; Fraser Heights Park, 10588 160 St","LOCATION":null,"PARK":"Fraser Heights Park","REFERENCE_NO":"1","COURT_TYPE":"Skate Park","SURFACE_TYPE":"Asphalt","SURFACE_TREATMENT":null,"BOOKABLE":"N","LIGHTING_SYSTEM":null,"SERVICE_LEVEL":null,"COMMUNITY":"Guildford","PRIMARY_USE":"Skateboard","FIELD_TYPE":null,"COMMENTS":null,"STATUS":"OPERATING","STATUS_DATE":1079710920000,"PARK_OWNERSHIP":null,"MAINTENANCE_RESPONSIBILITY":"Parks","OPERATIONAL_RESPONSIBILITY":"Parks","WORK_ASSIGNMENT":null,"BARCODE":null}},{"type":"Feature","id":300,"geometry":{"type":"Polygon","coordinates":[[[-122.753698,49.118271],[-122.752735,49.118273],[-122.752732,49.118331],[-122.752716,49.118442],[-122.75272,49.118543],[-122.752742,49.118628],[-122.752781,49.118651],[-122.752858,49.11866],[-122.753041,49.118681],[-122.75319,49.118667],[-122.753265,49.118649],[-122.753306,49.118646],[-122.753326,49.118601],[-122.753358,49.118548],[-122.753375,49.118516],[-122.753376,49.118485],[-122.753359,49.118445],[-122.753413,49.118441],[-122.753467,49.118439],[-122.753494,49.118432],[-122.753527,49.118416],[-122.753548,49.118389],[-122.753637,49.118381],[-122.753698,49.118271]]]},"properties":{"OBJECTID":300,"OUTDOOR_REC_FAC_TYPE2":"Bike Park","FACILITYID":"1001439280","DESCRIPTION":"Bike Park; Cloverdale Athletic Park, 6330 168 St","LOCATION":"at 64 Ave entrance to site","PARK":"Cloverdale Athletic Park","REFERENCE_NO":"2","COURT_TYPE":"Bike Park","SURFACE_TYPE":"Dirt","SURFACE_TREATMENT":null,"BOOKABLE":"N","LIGHTING_SYSTEM":"N","SERVICE_LEVEL":null,"COMMUNITY":"Cloverdale","PRIMARY_USE":"Bicycle - Dirt Jumps","FIELD_TYPE":null,"COMMENTS":"Two parts to this Bike Park: 1 - Trials area (west) 2 - Dirt jump area (east)","STATUS":"OPERATING","STATUS_DATE":1264521480000,"PARK_OWNERSHIP":null,"MAINTENANCE_RESPONSIBILITY":"Parks","OPERATIONAL_RESPONSIBILITY":"Parks","WORK_ASSIGNMENT":null,"BARCODE":null}},{"type":"Feature","id":303,"geometry":{"type":"Polygon","coordinates":[[[-122.820244,49.044846],[-122.820538,49.044867],[-122.820705,49.044814],[-122.821022,49.044788],[-122.821298,49.044798],[-122.821022,49.04462],[-122.82093,49.044467],[-122.820864,49.044164],[-122.820826,49.043788],[-122.820789,49.043556],[-122.820713,49.043455],[-122.820641,49.043288],[-122.82061,49.042803],[-122.820638,49.042636],[-122.820584,49.04251],[-122.820532,49.042324],[-122.820573,49.042133],[-122.82057,49.041886],[-122.820527,49.041755],[-122.820569,49.041603],[-122.820657,49.04139],[-122.820794,49.041184],[-122.820747,49.041002],[-122.820701,49.040836],[-122.820618,49.040699],[-122.820704,49.04035],[-122.820756,49.040135],[-122.820818,49.039915],[-122.820795,49.039862],[-122.820712,49.039725],[-122.820656,49.039598],[-122.820557,49.039555],[-122.820429,49.03944],[-122.820328,49.039287],[-122.820269,49.039168],[-122.82013,49.038956],[-122.82004,49.038841],[-122.819964,49.038753],[-122.819892,49.038712],[-122.819717,49.038678],[-122.819612,49.038686],[-122.81943,49.038718],[-122.819133,49.038765],[-122.819032,49.03881],[-122.818914,49.03886],[-122.818905,49.0389],[-122.818955,49.038951],[-122.819066,49.038999],[-122.819118,49.039065],[-122.819159,49.039174],[-122.819303,49.03928],[-122.819385,49.039339],[-122.819415,49.039426],[-122.819418,49.039539],[-122.819385,49.039654],[-122.81943,49.039702],[-122.819505,49.039732],[-122.819548,49.039834],[-122.81944,49.039938],[-122.81925,49.040023],[-122.819118,49.04011],[-122.81905,49.04022],[-122.819012,49.040305],[-122.819043,49.040361],[-122.819071,49.040503],[-122.819108,49.040644],[-122.81909,49.040753],[-122.819153,49.040876],[-122.819281,49.04099],[-122.81938,49.041044],[-122.819377,49.041088],[-122.81936,49.041155],[-122.8193,49.041213],[-122.819231,49.041256],[-122.819122,49.041312],[-122.819067,49.041356],[-122.819056,49.041405],[-122.819075,49.041446],[-122.819127,49.041556],[-122.819149,49.041617],[-122.819127,49.041661],[-122.819088,49.041706],[-122.819037,49.041786],[-122.818937,49.041933],[-122.818863,49.042023],[-122.818769,49.042109],[-122.818694,49.042137],[-122.81865,49.042157],[-122.818609,49.042172],[-122.818575,49.042176],[-122.818473,49.042173],[-122.818395,49.042163],[-122.818325,49.042131],[-122.818251,49.042111],[-122.818195,49.042083],[-122.818111,49.042078],[-122.818045,49.042114],[-122.818067,49.042296],[-122.818071,49.042439],[-122.818035,49.042554],[-122.818154,49.042772],[-122.818273,49.04293],[-122.81829,49.042954],[-122.818392,49.043098],[-122.8185,49.043251],[-122.818536,49.043374],[-122.818586,49.043513],[-122.818412,49.043603],[-122.818281,49.043693],[-122.818194,49.043784],[-122.818114,49.04386],[-122.818041,49.043945],[-122.817998,49.043978],[-122.817836,49.043988],[-122.817826,49.043989],[-122.817806,49.043991],[-122.817796,49.044374],[-122.818014,49.044503],[-122.818226,49.044533],[-122.818385,49.044575],[-122.81852,49.044582],[-122.818656,49.044564],[-122.818909,49.044627],[-122.819194,49.044648],[-122.819661,49.044649],[-122.819842,49.044664],[-122.82,49.044753],[-122.820244,49.044846]]]},"properties":{"OBJECTID":303,"OUTDOOR_REC_FAC_TYPE2":"Bike Park","FACILITYID":"1001439283","DESCRIPTION":"Bike Park; South Surrey Athletic Park, 1925 148 St","LOCATION":"along west side of park","PARK":"South Surrey Athletic Park","REFERENCE_NO":"3","COURT_TYPE":"Bike Park","SURFACE_TYPE":"Dirt","SURFACE_TREATMENT":null,"BOOKABLE":"N","LIGHTING_SYSTEM":"N","SERVICE_LEVEL":null,"COMMUNITY":"South Surrey","PRIMARY_USE":"Bicycle - Trials","FIELD_TYPE":null,"COMMENTS":"Three parts to this Bike Park: 1 - Trials area (north) 2 - Trials area (south) 3 - Dirt jump area (south)","STATUS":"OPERATING","STATUS_DATE":1282215120000,"PARK_OWNERSHIP":null,"MAINTENANCE_RESPONSIBILITY":"Parks","OPERATIONAL_RESPONSIBILITY":"Parks","WORK_ASSIGNMENT":null,"BARCODE":null}},{"type":"Feature","id":304,"geometry":{"type":"Polygon","coordinates":[[[-122.753637,49.118381],[-122.753647,49.118446],[-122.75368,49.118535],[-122.753707,49.118588],[-122.753737,49.118622],[-122.75374,49.118738],[-122.75418,49.11874],[-122.754243,49.11874],[-122.754269,49.11874],[-122.754288,49.118734],[-122.754308,49.118728],[-122.75432,49.118719],[-122.754332,49.118709],[-122.754341,49.118698],[-122.754346,49.118686],[-122.754348,49.118672],[-122.754345,49.118656],[-122.754339,49.118638],[-122.754335,49.118622],[-122.754321,49.11859],[-122.754305,49.118566],[-122.754281,49.11854],[-122.754253,49.11852],[-122.754221,49.118497],[-122.754187,49.118479],[-122.754161,49.11846],[-122.754145,49.118447],[-122.754126,49.11843],[-122.7541,49.118414],[-122.754073,49.118394],[-122.75406,49.11838],[-122.754045,49.118359],[-122.754034,49.118338],[-122.75403,49.118313],[-122.754026,49.118286],[-122.754023,49.11826],[-122.754021,49.11823],[-122.753953,49.118224],[-122.753942,49.118223],[-122.753883,49.118223],[-122.753826,49.118232],[-122.753744,49.118258],[-122.753698,49.118271],[-122.753637,49.118381]]]},"properties":{"OBJECTID":304,"OUTDOOR_REC_FAC_TYPE2":"Bike Park","FACILITYID":"1001439284","DESCRIPTION":"Bike Park; Cloverdale Athletic Park, 6330 168 St","LOCATION":"at 64 Ave entrance to site","PARK":"Cloverdale Athletic Park","REFERENCE_NO":"2","COURT_TYPE":"Bike Park","SURFACE_TYPE":"Dirt","SURFACE_TREATMENT":null,"BOOKABLE":"N","LIGHTING_SYSTEM":"N","SERVICE_LEVEL":null,"COMMUNITY":"Cloverdale","PRIMARY_USE":"Bicycle - Trials","FIELD_TYPE":null,"COMMENTS":"Two parts to this Bike Park: 1 - Trials area (west) 2 - Dirt jump area (east)","STATUS":"OPERATING","STATUS_DATE":1264521480000,"PARK_OWNERSHIP":null,"MAINTENANCE_RESPONSIBILITY":"Parks","OPERATIONAL_RESPONSIBILITY":"Parks","WORK_ASSIGNMENT":null,"BARCODE":null}},{"type":"Feature","id":436,"geometry":{"type":"Polygon","coordinates":[[[-122.871834,49.210468],[-122.871675,49.210468],[-122.871675,49.210684],[-122.871833,49.210684],[-122.871834,49.210468]]]},"properties":{"OBJECTID":436,"OUTDOOR_REC_FAC_TYPE2":"Courts","FACILITYID":"1001439286","DESCRIPTION":"1 Tennis Court; Bridgeview Park, 11475 126A St","LOCATION":"South of Community Hall, east of basketball court","PARK":"Bridgeview Park","REFERENCE_NO":"1","COURT_TYPE":"Tennis","SURFACE_TYPE":"Asphalt","SURFACE_TREATMENT":null,"BOOKABLE":"N","LIGHTING_SYSTEM":null,"SERVICE_LEVEL":null,"COMMUNITY":"Whalley","PRIMARY_USE":"Tennis","FIELD_TYPE":null,"COMMENTS":"Pickleball","STATUS":"OPERATING","STATUS_DATE":null,"PARK_OWNERSHIP":null,"MAINTENANCE_RESPONSIBILITY":"PARKS","OPERATIONAL_RESPONSIBILITY":"PARKS","WORK_ASSIGNMENT":null,"BARCODE":null}},{"type":"Feature","id":437,"geometry":{"type":"Polygon","coordinates":[[[-122.87208,49.210416],[-122.871888,49.210416],[-122.871887,49.210713],[-122.872079,49.210714],[-122.87208,49.210416]]]},"properties":{"OBJECTID":437,"OUTDOOR_REC_FAC_TYPE2":"Courts","FACILITYID":"1001439287","DESCRIPTION":"Basketball Court; Bridgeview Park, 11475 126A St","LOCATION":"South of Community Hall, west of tennis court","PARK":"Bridgeview Park","REFERENCE_NO":"1","COURT_TYPE":"Games","SURFACE_TYPE":"Asphalt","SURFACE_TREATMENT":null,"BOOKABLE":null,"LIGHTING_SYSTEM":null,"SERVICE_LEVEL":null,"COMMUNITY":"Whalley","PRIMARY_USE":"Basketball","FIELD_TYPE":null,"COMMENTS":"Two basketball hoops with 10 foot high fences surrounding the court","STATUS":"OPERATING","STATUS_DATE":1057911060000,"PARK_OWNERSHIP":null,"MAINTENANCE_RESPONSIBILITY":"PARKS","OPERATIONAL_RESPONSIBILITY":"PARKS","WORK_ASSIGNMENT":null,"BARCODE":null}},{"type":"Feature","id":438,"geometry":{"type":"Polygon","coordinates":[[[-122.849896,49.19608],[-122.84952,49.196079],[-122.849519,49.1962],[-122.849896,49.1962],[-122.849896,49.19608]]]},"properties":{"OBJECTID":438,"OUTDOOR_REC_FAC_TYPE2":"Courts","FACILITYID":"1001439288","DESCRIPTION":"Basketball Court; Tom Binnie Park, 10665 City Parkway","LOCATION":"near Youth Centre","PARK":"Tom Binnie Park","REFERENCE_NO":"1","COURT_TYPE":"Games","SURFACE_TYPE":"Asphalt","SURFACE_TREATMENT":null,"BOOKABLE":"N","LIGHTING_SYSTEM":null,"SERVICE_LEVEL":null,"COMMUNITY":"Whalley","PRIMARY_USE":"Basketball","FIELD_TYPE":null,"COMMENTS":null,"STATUS":"OPERATING","STATUS_DATE":null,"PARK_OWNERSHIP":null,"MAINTENANCE_RESPONSIBILITY":"PARKS","OPERATIONAL_RESPONSIBILITY":"PARKS","WORK_ASSIGNMENT":null,"BARCODE":null}},{"type":"Feature","id":439,"geometry":{"type":"Polygon","coordinates":[[[-122.862874,49.192458],[-122.862882,49.191998],[-122.862867,49.191973],[-122.862842,49.191966],[-122.862605,49.191963],[-122.862576,49.191966],[-122.86256,49.191974],[-122.862553,49.191985],[-122.862553,49.192003],[-122.862552,49.192461],[-122.862557,49.192471],[-122.862578,49.192486],[-122.862598,49.192488],[-122.862829,49.192488],[-122.862838,49.192488],[-122.862853,49.192483],[-122.862863,49.192476],[-122.862874,49.192467],[-122.862874,49.192458]]]},"properties":{"OBJECTID":439,"OUTDOOR_REC_FAC_TYPE2":"Courts","FACILITYID":"1001439289","DESCRIPTION":"Lacrosse Box; Royal Kwantlen Park, 13035 104 Ave","LOCATION":"S.W. Corner of Park -104th Ave.","PARK":"Royal Kwantlen Park","REFERENCE_NO":"1","COURT_TYPE":"Lacrosse Box","SURFACE_TYPE":"Other","SURFACE_TREATMENT":null,"BOOKABLE":"Y","LIGHTING_SYSTEM":null,"SERVICE_LEVEL":null,"COMMUNITY":"Whalley","PRIMARY_USE":"Lacrosse","FIELD_TYPE":null,"COMMENTS":null,"STATUS":"OPERATING","STATUS_DATE":null,"PARK_OWNERSHIP":null,"MAINTENANCE_RESPONSIBILITY":"PARKS","OPERATIONAL_RESPONSIBILITY":"PARKS","WORK_ASSIGNMENT":null,"BARCODE":null}},{"type":"Feature","id":440,"geometry":{"type":"Polygon","coordinates":[[[-122.861515,49.192098],[-122.861178,49.192098],[-122.861177,49.192201],[-122.861515,49.192201],[-122.861515,49.192098]]]},"properties":{"OBJECTID":440,"OUTDOOR_REC_FAC_TYPE2":"Courts","FACILITYID":"1001439290","DESCRIPTION":"2 Tennis Courts; Royal Kwantlen Park, 13035 104 Ave","LOCATION":"S.E. Corner of Park-Old Yale Road","PARK":"Royal Kwantlen Park","REFERENCE_NO":"1-1","COURT_TYPE":"Tennis","SURFACE_TYPE":"Asphalt","SURFACE_TREATMENT":null,"BOOKABLE":"N","LIGHTING_SYSTEM":null,"SERVICE_LEVEL":null,"COMMUNITY":"Whalley","PRIMARY_USE":"Tennis","FIELD_TYPE":null,"COMMENTS":null,"STATUS":"OPERATING","STATUS_DATE":null,"PARK_OWNERSHIP":null,"MAINTENANCE_RESPONSIBILITY":"PARKS","OPERATIONAL_RESPONSIBILITY":"PARKS","WORK_ASSIGNMENT":null,"BARCODE":null}},{"type":"Feature","id":441,"geometry":{"type":"Polygon","coordinates":[[[-122.861514,49.19194],[-122.86118,49.19194],[-122.86118,49.192046],[-122.861514,49.192046],[-122.861514,49.19194]]]},"properties":{"OBJECTID":441,"OUTDOOR_REC_FAC_TYPE2":"Courts","FACILITYID":"1001439291","DESCRIPTION":"2 Tennis Courts; Royal Kwantlen Park, 13035 104 Ave","LOCATION":"S.E. Corner of Park-Old Yale Road","PARK":"Royal Kwantlen Park","REFERENCE_NO":"1-2","COURT_TYPE":"Tennis","SURFACE_TYPE":"Asphalt","SURFACE_TREATMENT":null,"BOOKABLE":"N","LIGHTING_SYSTEM":null,"SERVICE_LEVEL":null,"COMMUNITY":"Whalley","PRIMARY_USE":"Tennis","FIELD_TYPE":null,"COMMENTS":null,"STATUS":"OPERATING","STATUS_DATE":null,"PARK_OWNERSHIP":null,"MAINTENANCE_RESPONSIBILITY":"PARKS","OPERATIONAL_RESPONSIBILITY":"PARKS","WORK_ASSIGNMENT":null,"BARCODE":null}},{"type":"Feature","id":442,"geometry":{"type":"Polygon","coordinates":[[[-122.861571,49.192247],[-122.861187,49.192247],[-122.861187,49.192369],[-122.861571,49.192369],[-122.861571,49.192247]]]},"properties":{"OBJECTID":442,"OUTDOOR_REC_FAC_TYPE2":"Courts","FACILITYID":"1001439292","DESCRIPTION":"Basketball Court; Royal Kwantlen Park, 13035 104 Ave","LOCATION":"Adjacent to tennis courts off 104 Ave","PARK":"Royal Kwantlen Park","REFERENCE_NO":"1","COURT_TYPE":"Games","SURFACE_TYPE":"ASPHALT","SURFACE_TREATMENT":null,"BOOKABLE":null,"LIGHTING_SYSTEM":null,"SERVICE_LEVEL":null,"COMMUNITY":"Whalley","PRIMARY_USE":"Basketball","FIELD_TYPE":null,"COMMENTS":null,"STATUS":"OPERATING","STATUS_DATE":970062120000,"PARK_OWNERSHIP":null,"MAINTENANCE_RESPONSIBILITY":"PARKS","OPERATIONAL_RESPONSIBILITY":"PARKS","WORK_ASSIGNMENT":null,"BARCODE":null}},{"type":"Feature","id":443,"geometry":{"type":"Polygon","coordinates":[[[-122.873047,49.184318],[-122.873047,49.184217],[-122.872709,49.184216],[-122.872708,49.184317],[-122.873047,49.184318]]]},"properties":{"OBJECTID":443,"OUTDOOR_REC_FAC_TYPE2":"Courts","FACILITYID":"1001439293","DESCRIPTION":"2 Tennis Courts; Robson Park, 12576 100 Ave","LOCATION":"Adjacent to 100th Ave. Parking Lot","PARK":"Robson Park","REFERENCE_NO":"1-1","COURT_TYPE":"Tennis","SURFACE_TYPE":"Asphalt","SURFACE_TREATMENT":null,"BOOKABLE":"N","LIGHTING_SYSTEM":null,"SERVICE_LEVEL":null,"COMMUNITY":"Whalley","PRIMARY_USE":"Tennis","FIELD_TYPE":null,"COMMENTS":null,"STATUS":"OPERATING","STATUS_DATE":null,"PARK_OWNERSHIP":null,"MAINTENANCE_RESPONSIBILITY":"PARKS","OPERATIONAL_RESPONSIBILITY":"PARKS","WORK_ASSIGNMENT":null,"BARCODE":null}},{"type":"Feature","id":444,"geometry":{"type":"Polygon","coordinates":[[[-122.873053,49.184192],[-122.873053,49.184089],[-122.872722,49.184088],[-122.872721,49.184191],[-122.873053,49.184192]]]},"properties":{"OBJECTID":444,"OUTDOOR_REC_FAC_TYPE2":"Courts","FACILITYID":"1001439294","DESCRIPTION":"2 Tennis Courts; Robson Park, 12576 100 Ave","LOCATION":"Adjacent to 100th Ave. Parking Lot","PARK":"Robson Park","REFERENCE_NO":"1-2","COURT_TYPE":"Tennis","SURFACE_TYPE":"Asphalt","SURFACE_TREATMENT":null,"BOOKABLE":"N","LIGHTING_SYSTEM":null,"SERVICE_LEVEL":null,"COMMUNITY":"Whalley","PRIMARY_USE":"Tennis","FIELD_TYPE":null,"COMMENTS":null,"STATUS":"OPERATING","STATUS_DATE":null,"PARK_OWNERSHIP":null,"MAINTENANCE_RESPONSIBILITY":"PARKS","OPERATIONAL_RESPONSIBILITY":"PARKS","WORK_ASSIGNMENT":null,"BARCODE":null}},{"type":"Feature","id":445,"geometry":{"type":"Polygon","coordinates":[[[-122.886354,49.167652],[-122.88619,49.167652],[-122.88619,49.16787],[-122.886353,49.16787],[-122.886354,49.167652]]]},"properties":{"OBJECTID":445,"OUTDOOR_REC_FAC_TYPE2":"Courts","FACILITYID":"1001439295","DESCRIPTION":"6 Tennis Courts #1; Kennedy Park, 9058 Holt Rd","LOCATION":"E Side Of Park","PARK":"Kennedy Park","REFERENCE_NO":"1-1 - lit","COURT_TYPE":"Tennis","SURFACE_TYPE":"Asphalt","SURFACE_TREATMENT":null,"BOOKABLE":"N","LIGHTING_SYSTEM":"Y","SERVICE_LEVEL":null,"COMMUNITY":"Whalley","PRIMARY_USE":"Tennis","FIELD_TYPE":null,"COMMENTS":null,"STATUS":"OPERATING","STATUS_DATE":null,"PARK_OWNERSHIP":null,"MAINTENANCE_RESPONSIBILITY":"PARKS","OPERATIONAL_RESPONSIBILITY":"PARKS","WORK_ASSIGNMENT":null,"BARCODE":null}},{"type":"Feature","id":446,"geometry":{"type":"Polygon","coordinates":[[[-122.886168,49.167928],[-122.886004,49.167928],[-122.886004,49.168037],[-122.886168,49.168037],[-122.886168,49.167928]]]},"properties":{"OBJECTID":446,"OUTDOOR_REC_FAC_TYPE2":"Courts","FACILITYID":"1001439296","DESCRIPTION":"1 Practice Tennis Half Court & Wall #2; Kennedy Park, 9058 Holt Rd","LOCATION":"North of existing courts","PARK":"Kennedy Park","REFERENCE_NO":"2","COURT_TYPE":"Tennis","SURFACE_TYPE":"Asphalt","SURFACE_TREATMENT":null,"BOOKABLE":"N","LIGHTING_SYSTEM":null,"SERVICE_LEVEL":null,"COMMUNITY":"Whalley","PRIMARY_USE":"Tennis - Half","FIELD_TYPE":null,"COMMENTS":null,"STATUS":"OPERATING","STATUS_DATE":null,"PARK_OWNERSHIP":null,"MAINTENANCE_RESPONSIBILITY":"PARKS","OPERATIONAL_RESPONSIBILITY":"PARKS","WORK_ASSIGNMENT":null,"BARCODE":null}},{"type":"Feature","id":447,"geometry":{"type":"Polygon","coordinates":[[[-122.886166,49.167652],[-122.886002,49.167652],[-122.886002,49.16787],[-122.886165,49.16787],[-122.886166,49.167652]]]},"properties":{"OBJECTID":447,"OUTDOOR_REC_FAC_TYPE2":"Courts","FACILITYID":"1001439297","DESCRIPTION":"6 Tennis Courts #1; Kennedy Park, 9058 Holt Rd","LOCATION":"E Side Of Park","PARK":"Kennedy Park","REFERENCE_NO":"1-2 - lit","COURT_TYPE":"Tennis","SURFACE_TYPE":"Asphalt","SURFACE_TREATMENT":null,"BOOKABLE":"N","LIGHTING_SYSTEM":"Y","SERVICE_LEVEL":null,"COMMUNITY":"Whalley","PRIMARY_USE":"Tennis","FIELD_TYPE":null,"COMMENTS":null,"STATUS":"OPERATING","STATUS_DATE":null,"PARK_OWNERSHIP":null,"MAINTENANCE_RESPONSIBILITY":"PARKS","OPERATIONAL_RESPONSIBILITY":"PARKS","WORK_ASSIGNMENT":null,"BARCODE":null}},{"type":"Feature","id":448,"geometry":{"type":"Polygon","coordinates":[[[-122.885969,49.16765],[-122.885805,49.16765],[-122.885805,49.167868],[-122.885968,49.167868],[-122.885969,49.16765]]]},"properties":{"OBJECTID":448,"OUTDOOR_REC_FAC_TYPE2":"Courts","FACILITYID":"1001439298","DESCRIPTION":"6 Tennis Courts #1; Kennedy Park, 9058 Holt Rd","LOCATION":"E Side Of Park","PARK":"Kennedy Park","REFERENCE_NO":"1-3 - lit","COURT_TYPE":"Tennis","SURFACE_TYPE":"Asphalt","SURFACE_TREATMENT":null,"BOOKABLE":"N","LIGHTING_SYSTEM":"Y","SERVICE_LEVEL":null,"COMMUNITY":"Whalley","PRIMARY_USE":"Tennis","FIELD_TYPE":null,"COMMENTS":null,"STATUS":"OPERATING","STATUS_DATE":null,"PARK_OWNERSHIP":null,"MAINTENANCE_RESPONSIBILITY":"PARKS","OPERATIONAL_RESPONSIBILITY":"PARKS","WORK_ASSIGNMENT":null,"BARCODE":null}},{"type":"Feature","id":449,"geometry":{"type":"Polygon","coordinates":[[[-122.886357,49.167331],[-122.886194,49.16733],[-122.886194,49.167548],[-122.886357,49.167549],[-122.886357,49.167331]]]},"properties":{"OBJECTID":449,"OUTDOOR_REC_FAC_TYPE2":"Courts","FACILITYID":"1001439299","DESCRIPTION":"6 Tennis Courts #1; Kennedy Park, 9058 Holt Rd","LOCATION":"E Side Of Park","PARK":"Kennedy Park","REFERENCE_NO":"1-4 - lit","COURT_TYPE":"Tennis","SURFACE_TYPE":"Asphalt","SURFACE_TREATMENT":null,"BOOKABLE":"N","LIGHTING_SYSTEM":"Y","SERVICE_LEVEL":null,"COMMUNITY":"Whalley","PRIMARY_USE":"Tennis","FIELD_TYPE":null,"COMMENTS":null,"STATUS":"OPERATING","STATUS_DATE":null,"PARK_OWNERSHIP":null,"MAINTENANCE_RESPONSIBILITY":"PARKS","OPERATIONAL_RESPONSIBILITY":"PARKS","WORK_ASSIGNMENT":null,"BARCODE":null}},{"type":"Feature","id":450,"geometry":{"type":"Polygon","coordinates":[[[-122.886172,49.16733],[-122.886008,49.16733],[-122.886008,49.167548],[-122.886171,49.167548],[-122.886172,49.16733]]]},"properties":{"OBJECTID":450,"OUTDOOR_REC_FAC_TYPE2":"Courts","FACILITYID":"1001439300","DESCRIPTION":"6 Tennis Courts #1; Kennedy Park, 9058 Holt Rd","LOCATION":"E Side Of Park","PARK":"Kennedy Park","REFERENCE_NO":"1-5 - lit","COURT_TYPE":"Tennis","SURFACE_TYPE":"Asphalt","SURFACE_TREATMENT":null,"BOOKABLE":"N","LIGHTING_SYSTEM":"Y","SERVICE_LEVEL":null,"COMMUNITY":"Whalley","PRIMARY_USE":"Tennis","FIELD_TYPE":null,"COMMENTS":null,"STATUS":"OPERATING","STATUS_DATE":null,"PARK_OWNERSHIP":null,"MAINTENANCE_RESPONSIBILITY":"PARKS","OPERATIONAL_RESPONSIBILITY":"PARKS","WORK_ASSIGNMENT":null,"BARCODE":null}},{"type":"Feature","id":451,"geometry":{"type":"Polygon","coordinates":[[[-122.885984,49.167328],[-122.88582,49.167328],[-122.88582,49.167546],[-122.885983,49.167546],[-122.885984,49.167328]]]},"properties":{"OBJECTID":451,"OUTDOOR_REC_FAC_TYPE2":"Courts","FACILITYID":"1001439301","DESCRIPTION":"6 Tennis Courts #1; Kennedy Park, 9058 Holt Rd","LOCATION":"E Side Of Park","PARK":"Kennedy Park","REFERENCE_NO":"1-6 - lit","COURT_TYPE":"Tennis","SURFACE_TYPE":"Asphalt","SURFACE_TREATMENT":null,"BOOKABLE":"N","LIGHTING_SYSTEM":"Y","SERVICE_LEVEL":null,"COMMUNITY":"Whalley","PRIMARY_USE":"Tennis","FIELD_TYPE":null,"COMMENTS":null,"STATUS":"OPERATING","STATUS_DATE":null,"PARK_OWNERSHIP":null,"MAINTENANCE_RESPONSIBILITY":"PARKS","OPERATIONAL_RESPONSIBILITY":"PARKS","WORK_ASSIGNMENT":null,"BARCODE":null}},{"type":"Feature","id":452,"geometry":{"type":"Polygon","coordinates":[[[-122.870667,49.168962],[-122.870383,49.168833],[-122.87028,49.168932],[-122.870561,49.169063],[-122.870667,49.168962]]]},"properties":{"OBJECTID":452,"OUTDOOR_REC_FAC_TYPE2":"Courts","FACILITYID":"1001439302","DESCRIPTION":"Basketball Court; Robertson Drive Park, 12730 92 Ave","LOCATION":"North of Playground","PARK":"Robertson Drive Park","REFERENCE_NO":"1","COURT_TYPE":"Games","SURFACE_TYPE":"Other","SURFACE_TREATMENT":null,"BOOKABLE":"N","LIGHTING_SYSTEM":null,"SERVICE_LEVEL":null,"COMMUNITY":"Whalley","PRIMARY_USE":"Basketball","FIELD_TYPE":null,"COMMENTS":null,"STATUS":"OPERATING","STATUS_DATE":null,"PARK_OWNERSHIP":null,"MAINTENANCE_RESPONSIBILITY":"PARKS","OPERATIONAL_RESPONSIBILITY":"PARKS","WORK_ASSIGNMENT":null,"BARCODE":null}},{"type":"Feature","id":457,"geometry":{"type":"Polygon","coordinates":[[[-122.810485,49.197115],[-122.810367,49.197115],[-122.810366,49.197189],[-122.810485,49.197189],[-122.810485,49.197115]]]},"properties":{"OBJECTID":457,"OUTDOOR_REC_FAC_TYPE2":"Courts","FACILITYID":"1001439307","DESCRIPTION":"Basketball Half Court; Holly Park, 10706 148 St","LOCATION":"half-court, immediately West of Lacrosse Box","PARK":"Holly Park","REFERENCE_NO":"1","COURT_TYPE":"Games","SURFACE_TYPE":"ASPHALT","SURFACE_TREATMENT":null,"BOOKABLE":null,"LIGHTING_SYSTEM":null,"SERVICE_LEVEL":null,"COMMUNITY":"Guildford","PRIMARY_USE":"Basketball - Half","FIELD_TYPE":null,"COMMENTS":null,"STATUS":"OPERATING","STATUS_DATE":1017820620000,"PARK_OWNERSHIP":null,"MAINTENANCE_RESPONSIBILITY":"Parks","OPERATIONAL_RESPONSIBILITY":"Parks","WORK_ASSIGNMENT":null,"BARCODE":null}},{"type":"Feature","id":458,"geometry":{"type":"Polygon","coordinates":[[[-122.810296,49.197267],[-122.810327,49.197264],[-122.810348,49.197257],[-122.810358,49.19724],[-122.810364,49.19722],[-122.810364,49.197069],[-122.810345,49.197051],[-122.810318,49.197045],[-122.809624,49.197047],[-122.809598,49.197047],[-122.809568,49.197064],[-122.809557,49.197084],[-122.809567,49.197232],[-122.809583,49.19726],[-122.809615,49.19727],[-122.810296,49.197267]]]},"properties":{"OBJECTID":458,"OUTDOOR_REC_FAC_TYPE2":"Courts","FACILITYID":"1001439308","DESCRIPTION":"Lacrosse Box; Holly Park, 10706 148 St","LOCATION":"East of Caretakers Residence","PARK":"Holly Park","REFERENCE_NO":"1","COURT_TYPE":"Lacrosse Box","SURFACE_TYPE":"Other","SURFACE_TREATMENT":null,"BOOKABLE":"Y","LIGHTING_SYSTEM":null,"SERVICE_LEVEL":null,"COMMUNITY":"Guildford","PRIMARY_USE":"Lacrosse","FIELD_TYPE":null,"COMMENTS":null,"STATUS":"OPERATING","STATUS_DATE":null,"PARK_OWNERSHIP":null,"MAINTENANCE_RESPONSIBILITY":"PARKS","OPERATIONAL_RESPONSIBILITY":"PARKS","WORK_ASSIGNMENT":null,"BARCODE":null}},{"type":"Feature","id":459,"geometry":{"type":"Polygon","coordinates":[[[-122.810296,49.201275],[-122.809998,49.201274],[-122.809998,49.201401],[-122.810295,49.201401],[-122.810296,49.201275]]]},"properties":{"OBJECTID":459,"OUTDOOR_REC_FAC_TYPE2":"Courts","FACILITYID":"1001439309","DESCRIPTION":"Basketball Court; Riverside Park, 14875 108A Ave","LOCATION":"N.W. Corner Of Park","PARK":"Riverside Park","REFERENCE_NO":"1","COURT_TYPE":"Games","SURFACE_TYPE":"Other","SURFACE_TREATMENT":null,"BOOKABLE":"N","LIGHTING_SYSTEM":null,"SERVICE_LEVEL":null,"COMMUNITY":"Guildford","PRIMARY_USE":"Basketball","FIELD_TYPE":null,"COMMENTS":null,"STATUS":"OPERATING","STATUS_DATE":null,"PARK_OWNERSHIP":null,"MAINTENANCE_RESPONSIBILITY":"PARKS","OPERATIONAL_RESPONSIBILITY":"PARKS","WORK_ASSIGNMENT":null,"BARCODE":null}},{"type":"Feature","id":460,"geometry":{"type":"Polygon","coordinates":[[[-122.804383,49.203353],[-122.80406,49.203352],[-122.804059,49.203455],[-122.804383,49.203455],[-122.804383,49.203353]]]},"properties":{"OBJECTID":460,"OUTDOOR_REC_FAC_TYPE2":"Courts","FACILITYID":"1001439310","DESCRIPTION":"2 Tennis Courts; Hummingbird Park, 11083 Swan Cres","LOCATION":"N.W. Corner of Park","PARK":"Hummingbird Park","REFERENCE_NO":"1-1","COURT_TYPE":"Tennis","SURFACE_TYPE":"Asphalt","SURFACE_TREATMENT":null,"BOOKABLE":"N","LIGHTING_SYSTEM":null,"SERVICE_LEVEL":null,"COMMUNITY":"Guildford","PRIMARY_USE":"Tennis","FIELD_TYPE":null,"COMMENTS":null,"STATUS":"OPERATING","STATUS_DATE":null,"PARK_OWNERSHIP":null,"MAINTENANCE_RESPONSIBILITY":"PARKS","OPERATIONAL_RESPONSIBILITY":"PARKS","WORK_ASSIGNMENT":null,"BARCODE":null}},{"type":"Feature","id":461,"geometry":{"type":"Polygon","coordinates":[[[-122.804389,49.203196],[-122.804063,49.203196],[-122.804063,49.203298],[-122.804389,49.203299],[-122.804389,49.203196]]]},"properties":{"OBJECTID":461,"OUTDOOR_REC_FAC_TYPE2":"Courts","FACILITYID":"1001439311","DESCRIPTION":"2 Tennis Courts; Hummingbird Park, 11083 Swan Cres","LOCATION":"N.W. Corner of Park","PARK":"Hummingbird Park","REFERENCE_NO":"1-2","COURT_TYPE":"Tennis","SURFACE_TYPE":"Asphalt","SURFACE_TREATMENT":null,"BOOKABLE":"N","LIGHTING_SYSTEM":null,"SERVICE_LEVEL":null,"COMMUNITY":"Guildford","PRIMARY_USE":"Tennis","FIELD_TYPE":null,"COMMENTS":null,"STATUS":"OPERATING","STATUS_DATE":null,"PARK_OWNERSHIP":null,"MAINTENANCE_RESPONSIBILITY":"PARKS","OPERATIONAL_RESPONSIBILITY":"PARKS","WORK_ASSIGNMENT":null,"BARCODE":null}},{"type":"Feature","id":462,"geometry":{"type":"Polygon","coordinates":[[[-122.775049,49.198399],[-122.774892,49.198399],[-122.774891,49.198618],[-122.775048,49.198618],[-122.775049,49.198399]]]},"properties":{"OBJECTID":462,"OUTDOOR_REC_FAC_TYPE2":"Courts","FACILITYID":"1001439312","DESCRIPTION":"2 Tennis Courts #1; Fraser Heights Park, 10588 160 St","LOCATION":"NW Corner of park on 108 Ave","PARK":"Fraser Heights Park","REFERENCE_NO":"1-1","COURT_TYPE":"Tennis","SURFACE_TYPE":"Asphalt","SURFACE_TREATMENT":null,"BOOKABLE":"N","LIGHTING_SYSTEM":null,"SERVICE_LEVEL":null,"COMMUNITY":"Guildford","PRIMARY_USE":"Tennis","FIELD_TYPE":null,"COMMENTS":null,"STATUS":"OPERATING","STATUS_DATE":null,"PARK_OWNERSHIP":null,"MAINTENANCE_RESPONSIBILITY":"PARKS","OPERATIONAL_RESPONSIBILITY":"PARKS","WORK_ASSIGNMENT":null,"BARCODE":null}},{"type":"Feature","id":463,"geometry":{"type":"Polygon","coordinates":[[[-122.774849,49.198401],[-122.774692,49.198401],[-122.774691,49.198619],[-122.774848,49.198619],[-122.774849,49.198401]]]},"properties":{"OBJECTID":463,"OUTDOOR_REC_FAC_TYPE2":"Courts","FACILITYID":"1001439313","DESCRIPTION":"2 Tennis Courts #1; Fraser Heights Park, 10588 160 St","LOCATION":"NW Corner of park on 108 Ave","PARK":"Fraser Heights Park","REFERENCE_NO":"1-2","COURT_TYPE":"Tennis","SURFACE_TYPE":"Asphalt","SURFACE_TREATMENT":null,"BOOKABLE":"N","LIGHTING_SYSTEM":null,"SERVICE_LEVEL":null,"COMMUNITY":"Guildford","PRIMARY_USE":"Tennis","FIELD_TYPE":null,"COMMENTS":null,"STATUS":"OPERATING","STATUS_DATE":null,"PARK_OWNERSHIP":null,"MAINTENANCE_RESPONSIBILITY":"PARKS","OPERATIONAL_RESPONSIBILITY":"PARKS","WORK_ASSIGNMENT":null,"BARCODE":null}},{"type":"Feature","id":464,"geometry":{"type":"Polygon","coordinates":[[[-122.795104,49.188216],[-122.794851,49.188216],[-122.79485,49.188479],[-122.795103,49.188479],[-122.795104,49.188216]]]},"properties":{"OBJECTID":464,"OUTDOOR_REC_FAC_TYPE2":"Courts","FACILITYID":"1001439314","DESCRIPTION":"Basketball Court; Guildford Heights Park, 10310 154 St","LOCATION":"South of parking lot","PARK":"Guildford Heights Park","REFERENCE_NO":"1","COURT_TYPE":"Games","SURFACE_TYPE":"Asphalt","SURFACE_TREATMENT":null,"BOOKABLE":null,"LIGHTING_SYSTEM":null,"SERVICE_LEVEL":null,"COMMUNITY":"Guildford","PRIMARY_USE":"Basketball","FIELD_TYPE":null,"COMMENTS":"Two basketball hoops with 10 foot high fences surrounding the court","STATUS":"OPERATING","STATUS_DATE":1047381240000,"PARK_OWNERSHIP":null,"MAINTENANCE_RESPONSIBILITY":"PARKS","OPERATIONAL_RESPONSIBILITY":"PARKS","WORK_ASSIGNMENT":null,"BARCODE":null}},{"type":"Feature","id":465,"geometry":{"type":"Polygon","coordinates":[[[-122.804579,49.181616],[-122.80425,49.181615],[-122.804249,49.181717],[-122.804579,49.181717],[-122.804579,49.181616]]]},"properties":{"OBJECTID":465,"OUTDOOR_REC_FAC_TYPE2":"Courts","FACILITYID":"1001439315","DESCRIPTION":"1 Tennis Court; Douglas Park, 15044 99A Ave","LOCATION":"SE. Section Of Park Near 151 St","PARK":"Douglas Park","REFERENCE_NO":"1","COURT_TYPE":"Tennis","SURFACE_TYPE":"Asphalt","SURFACE_TREATMENT":null,"BOOKABLE":"N","LIGHTING_SYSTEM":null,"SERVICE_LEVEL":null,"COMMUNITY":"Guildford","PRIMARY_USE":"Tennis","FIELD_TYPE":null,"COMMENTS":null,"STATUS":"OPERATING","STATUS_DATE":null,"PARK_OWNERSHIP":null,"MAINTENANCE_RESPONSIBILITY":"PARKS","OPERATIONAL_RESPONSIBILITY":"PARKS","WORK_ASSIGNMENT":null,"BARCODE":null}},{"type":"Feature","id":466,"geometry":{"type":"Polygon","coordinates":[[[-122.808235,49.180119],[-122.808117,49.180119],[-122.808116,49.180193],[-122.808235,49.180193],[-122.808235,49.180119]]]},"properties":{"OBJECTID":466,"OUTDOOR_REC_FAC_TYPE2":"Courts","FACILITYID":"1001439316","DESCRIPTION":"Basketball Half Court; Bonaccord Park, 14962 98 Ave","LOCATION":"North Side of Field","PARK":"Bonaccord Park","REFERENCE_NO":"1","COURT_TYPE":"Games","SURFACE_TYPE":"Other","SURFACE_TREATMENT":null,"BOOKABLE":"N","LIGHTING_SYSTEM":null,"SERVICE_LEVEL":null,"COMMUNITY":"Guildford","PRIMARY_USE":"Basketball - Half","FIELD_TYPE":null,"COMMENTS":null,"STATUS":"OPERATING","STATUS_DATE":null,"PARK_OWNERSHIP":null,"MAINTENANCE_RESPONSIBILITY":"PARKS","OPERATIONAL_RESPONSIBILITY":"PARKS","WORK_ASSIGNMENT":null,"BARCODE":null}},{"type":"Feature","id":468,"geometry":{"type":"Polygon","coordinates":[[[-122.80818,49.164389],[-122.808026,49.164388],[-122.808026,49.164484],[-122.808179,49.164484],[-122.80818,49.164389]]]},"properties":{"OBJECTID":468,"OUTDOOR_REC_FAC_TYPE2":"Courts","FACILITYID":"1001439318","DESCRIPTION":"2 Practice Tennis Half Courts & Wall #2; Maple Green Park, 8959 150 St","LOCATION":"2 half tennis courts, west of full courts","PARK":"Maple Green Park","REFERENCE_NO":"2-2","COURT_TYPE":"Tennis","SURFACE_TYPE":"ASPHALT","SURFACE_TREATMENT":null,"BOOKABLE":null,"LIGHTING_SYSTEM":null,"SERVICE_LEVEL":null,"COMMUNITY":"Fleetwood","PRIMARY_USE":"Tennis - Half","FIELD_TYPE":null,"COMMENTS":"Colored & Painted  - Pickleball","STATUS":"OPERATING","STATUS_DATE":1023962160000,"PARK_OWNERSHIP":null,"MAINTENANCE_RESPONSIBILITY":"Parks","OPERATIONAL_RESPONSIBILITY":"Parks","WORK_ASSIGNMENT":null,"BARCODE":null}},{"type":"Feature","id":469,"geometry":{"type":"Polygon","coordinates":[[[-122.808179,49.16451],[-122.808026,49.16451],[-122.808025,49.164605],[-122.808179,49.164605],[-122.808179,49.16451]]]},"properties":{"OBJECTID":469,"OUTDOOR_REC_FAC_TYPE2":"Courts","FACILITYID":"1001439319","DESCRIPTION":"2 Practice Tennis Half Courts & Wall #2; Maple Green Park, 8959 150 St","LOCATION":"2 half tennis courts, west of full courts","PARK":"Maple Green Park","REFERENCE_NO":"2-1","COURT_TYPE":"Tennis","SURFACE_TYPE":"ASPHALT","SURFACE_TREATMENT":null,"BOOKABLE":null,"LIGHTING_SYSTEM":null,"SERVICE_LEVEL":null,"COMMUNITY":"Fleetwood","PRIMARY_USE":"Tennis - Half","FIELD_TYPE":null,"COMMENTS":null,"STATUS":"OPERATING","STATUS_DATE":1023962160000,"PARK_OWNERSHIP":null,"MAINTENANCE_RESPONSIBILITY":"Parks","OPERATIONAL_RESPONSIBILITY":"Parks","WORK_ASSIGNMENT":null,"BARCODE":null}},{"type":"Feature","id":470,"geometry":{"type":"Polygon","coordinates":[[[-122.808205,49.164568],[-122.808,49.164567],[-122.808,49.164653],[-122.808204,49.164653],[-122.808205,49.164568]]]},"properties":{"OBJECTID":470,"OUTDOOR_REC_FAC_TYPE2":"Courts","FACILITYID":"1001439320","DESCRIPTION":"Basketball Half Court #2; Maple Green Park, 8959 150 St","LOCATION":"North side of west tennis court","PARK":"Maple Green Park","REFERENCE_NO":"2","COURT_TYPE":"Games","SURFACE_TYPE":"Other","SURFACE_TREATMENT":null,"BOOKABLE":"N","LIGHTING_SYSTEM":null,"SERVICE_LEVEL":null,"COMMUNITY":"Fleetwood","PRIMARY_USE":"Basketball - Half","FIELD_TYPE":null,"COMMENTS":null,"STATUS":"OPERATING","STATUS_DATE":null,"PARK_OWNERSHIP":null,"MAINTENANCE_RESPONSIBILITY":"PARKS","OPERATIONAL_RESPONSIBILITY":"PARKS","WORK_ASSIGNMENT":null,"BARCODE":null}},{"type":"Feature","id":471,"geometry":{"type":"Polygon","coordinates":[[[-122.807969,49.164388],[-122.807813,49.164388],[-122.807812,49.164601],[-122.807969,49.164601],[-122.807969,49.164388]]]},"properties":{"OBJECTID":471,"OUTDOOR_REC_FAC_TYPE2":"Courts","FACILITYID":"1001439321","DESCRIPTION":"Hockey Court #1; Maple Green Park, 8959 150 St","LOCATION":"beside practice court","PARK":"Maple Green Park","REFERENCE_NO":"1","COURT_TYPE":"Games","SURFACE_TYPE":"Asphalt","SURFACE_TREATMENT":null,"BOOKABLE":"N","LIGHTING_SYSTEM":null,"SERVICE_LEVEL":null,"COMMUNITY":"Fleetwood","PRIMARY_USE":"Hockey","FIELD_TYPE":null,"COMMENTS":"used to be a tennis court","STATUS":"OPERATING","STATUS_DATE":1100246400000,"PARK_OWNERSHIP":null,"MAINTENANCE_RESPONSIBILITY":"Parks","OPERATIONAL_RESPONSIBILITY":"Parks","WORK_ASSIGNMENT":null,"BARCODE":null}},{"type":"Feature","id":472,"geometry":{"type":"Polygon","coordinates":[[[-122.807626,49.164378],[-122.807469,49.164378],[-122.807468,49.164598],[-122.807625,49.164598],[-122.807626,49.164378]]]},"properties":{"OBJECTID":472,"OUTDOOR_REC_FAC_TYPE2":"Courts","FACILITYID":"1001439322","DESCRIPTION":"2 Tennis Courts #1; Maple Green Park, 8959 150 St","LOCATION":"S.E. Corner 150th Street","PARK":"Maple Green Park","REFERENCE_NO":"1-1","COURT_TYPE":"Tennis","SURFACE_TYPE":"Asphalt","SURFACE_TREATMENT":null,"BOOKABLE":"N","LIGHTING_SYSTEM":null,"SERVICE_LEVEL":null,"COMMUNITY":"Fleetwood","PRIMARY_USE":"Tennis","FIELD_TYPE":null,"COMMENTS":"Colored & Painted  - Pickleball","STATUS":"OPERATING","STATUS_DATE":null,"PARK_OWNERSHIP":null,"MAINTENANCE_RESPONSIBILITY":"PARKS","OPERATIONAL_RESPONSIBILITY":"PARKS","WORK_ASSIGNMENT":null,"BARCODE":null}},{"type":"Feature","id":473,"geometry":{"type":"Polygon","coordinates":[[[-122.807387,49.16438],[-122.807233,49.16438],[-122.807232,49.164594],[-122.807386,49.164594],[-122.807387,49.16438]]]},"properties":{"OBJECTID":473,"OUTDOOR_REC_FAC_TYPE2":"Courts","FACILITYID":"1001439323","DESCRIPTION":"2 Tennis Courts #1; Maple Green Park, 8959 150 St","LOCATION":"S.E. Corner 150th Street","PARK":"Maple Green Park","REFERENCE_NO":"1-2","COURT_TYPE":"Tennis","SURFACE_TYPE":"Asphalt","SURFACE_TREATMENT":null,"BOOKABLE":"N","LIGHTING_SYSTEM":null,"SERVICE_LEVEL":null,"COMMUNITY":"Fleetwood","PRIMARY_USE":"Tennis","FIELD_TYPE":null,"COMMENTS":"Colored & Painted  - Pickleball","STATUS":"OPERATING","STATUS_DATE":null,"PARK_OWNERSHIP":null,"MAINTENANCE_RESPONSIBILITY":"PARKS","OPERATIONAL_RESPONSIBILITY":"PARKS","WORK_ASSIGNMENT":null,"BARCODE":null}},{"type":"Feature","id":474,"geometry":{"type":"Polygon","coordinates":[[[-122.844584,49.156509],[-122.844884,49.156683],[-122.84505,49.156559],[-122.844752,49.156384],[-122.844584,49.156509]]]},"properties":{"OBJECTID":474,"OUTDOOR_REC_FAC_TYPE2":"Courts","FACILITYID":"1001439324","DESCRIPTION":"Basketball Court; Bear Creek Youth Park, 8400 King George Blvd","LOCATION":"NE corner of youth park","PARK":"Bear Creek Youth Park","REFERENCE_NO":"1","COURT_TYPE":"Games","SURFACE_TYPE":"Asphalt","SURFACE_TREATMENT":null,"BOOKABLE":"N","LIGHTING_SYSTEM":null,"SERVICE_LEVEL":null,"COMMUNITY":"Whalley","PRIMARY_USE":"Basketball","FIELD_TYPE":null,"COMMENTS":null,"STATUS":"OPERATING","STATUS_DATE":null,"PARK_OWNERSHIP":null,"MAINTENANCE_RESPONSIBILITY":"PARKS","OPERATIONAL_RESPONSIBILITY":"PARKS","WORK_ASSIGNMENT":null,"BARCODE":null}},{"type":"Feature","id":475,"geometry":{"type":"Polygon","coordinates":[[[-122.780882,49.146644],[-122.780635,49.146643],[-122.780635,49.146797],[-122.780882,49.146797],[-122.780882,49.146644]]]},"properties":{"OBJECTID":475,"OUTDOOR_REC_FAC_TYPE2":"Courts","FACILITYID":"1001439325","DESCRIPTION":"1 Practice Tennis Half Court & Wall #2; Fleetwood Park, 15802 80 Ave","LOCATION":"1 half tennis court, immediately west of full courts","PARK":"Fleetwood Park","REFERENCE_NO":"2 - lit","COURT_TYPE":"Tennis","SURFACE_TYPE":"ASPHALT","SURFACE_TREATMENT":null,"BOOKABLE":null,"LIGHTING_SYSTEM":null,"SERVICE_LEVEL":null,"COMMUNITY":"Fleetwood","PRIMARY_USE":"Tennis - Half","FIELD_TYPE":null,"COMMENTS":null,"STATUS":"OPERATING","STATUS_DATE":1023962580000,"PARK_OWNERSHIP":null,"MAINTENANCE_RESPONSIBILITY":"Parks","OPERATIONAL_RESPONSIBILITY":"Parks","WORK_ASSIGNMENT":null,"BARCODE":null}},{"type":"Feature","id":476,"geometry":{"type":"Polygon","coordinates":[[[-122.780556,49.146529],[-122.780402,49.146529],[-122.780401,49.146748],[-122.780555,49.146748],[-122.780556,49.146529]]]},"properties":{"OBJECTID":476,"OUTDOOR_REC_FAC_TYPE2":"Courts","FACILITYID":"1001439326","DESCRIPTION":"2 Tennis Courts #1; Fleetwood Park, 15802 80 Ave","LOCATION":"S.E. Corner of Park","PARK":"Fleetwood Park","REFERENCE_NO":"1-1 - lit","COURT_TYPE":"Tennis","SURFACE_TYPE":"Asphalt","SURFACE_TREATMENT":null,"BOOKABLE":"N","LIGHTING_SYSTEM":"Y","SERVICE_LEVEL":null,"COMMUNITY":"Fleetwood","PRIMARY_USE":"Tennis","FIELD_TYPE":null,"COMMENTS":"Color Coated ","STATUS":"OPERATING","STATUS_DATE":null,"PARK_OWNERSHIP":null,"MAINTENANCE_RESPONSIBILITY":"PARKS","OPERATIONAL_RESPONSIBILITY":"PARKS","WORK_ASSIGNMENT":null,"BARCODE":null}},{"type":"Feature","id":477,"geometry":{"type":"Polygon","coordinates":[[[-122.780355,49.146529],[-122.780202,49.146529],[-122.780201,49.146748],[-122.780355,49.146748],[-122.780355,49.146529]]]},"properties":{"OBJECTID":477,"OUTDOOR_REC_FAC_TYPE2":"Courts","FACILITYID":"1001439327","DESCRIPTION":"2 Tennis Courts #1; Fleetwood Park, 15802 80 Ave","LOCATION":"S.E. Corner of Park","PARK":"Fleetwood Park","REFERENCE_NO":"1-2 - lit","COURT_TYPE":"Tennis","SURFACE_TYPE":"Asphalt","SURFACE_TREATMENT":null,"BOOKABLE":"N","LIGHTING_SYSTEM":"Y","SERVICE_LEVEL":null,"COMMUNITY":"Fleetwood","PRIMARY_USE":"Tennis","FIELD_TYPE":null,"COMMENTS":"Color Coated ","STATUS":"OPERATING","STATUS_DATE":null,"PARK_OWNERSHIP":null,"MAINTENANCE_RESPONSIBILITY":"PARKS","OPERATIONAL_RESPONSIBILITY":"PARKS","WORK_ASSIGNMENT":null,"BARCODE":null}},{"type":"Feature","id":479,"geometry":{"type":"Polygon","coordinates":[[[-122.868953,49.138339],[-122.868795,49.138339],[-122.868795,49.138558],[-122.868953,49.138559],[-122.868953,49.138339]]]},"properties":{"OBJECTID":479,"OUTDOOR_REC_FAC_TYPE2":"Courts","FACILITYID":"1001439329","DESCRIPTION":"8 Tennis Courts; Newton Athletic Park, 7395 128 St","LOCATION":"128th Str.","PARK":"Newton Athletic Park","REFERENCE_NO":"1-1-1 - lit","COURT_TYPE":"Tennis","SURFACE_TYPE":"Asphalt","SURFACE_TREATMENT":null,"BOOKABLE":"N","LIGHTING_SYSTEM":"Y","SERVICE_LEVEL":null,"COMMUNITY":"Newton","PRIMARY_USE":"Tennis","FIELD_TYPE":null,"COMMENTS":"Color Coated","STATUS":"OPERATING","STATUS_DATE":null,"PARK_OWNERSHIP":null,"MAINTENANCE_RESPONSIBILITY":"PARKS","OPERATIONAL_RESPONSIBILITY":"PARKS","WORK_ASSIGNMENT":null,"BARCODE":null}},{"type":"Feature","id":480,"geometry":{"type":"Polygon","coordinates":[[[-122.86875,49.138341],[-122.868592,49.13834],[-122.868591,49.138558],[-122.868749,49.138558],[-122.86875,49.138341]]]},"properties":{"OBJECTID":480,"OUTDOOR_REC_FAC_TYPE2":"Courts","FACILITYID":"1001439330","DESCRIPTION":"8 Tennis Courts; Newton Athletic Park, 7395 128 St","LOCATION":"128th Str.","PARK":"Newton Athletic Park","REFERENCE_NO":"1-1-2 - lit","COURT_TYPE":"Tennis","SURFACE_TYPE":"Asphalt","SURFACE_TREATMENT":null,"BOOKABLE":"N","LIGHTING_SYSTEM":"Y","SERVICE_LEVEL":null,"COMMUNITY":"Newton","PRIMARY_USE":"Tennis","FIELD_TYPE":null,"COMMENTS":"Color Coated","STATUS":"OPERATING","STATUS_DATE":null,"PARK_OWNERSHIP":null,"MAINTENANCE_RESPONSIBILITY":"PARKS","OPERATIONAL_RESPONSIBILITY":"PARKS","WORK_ASSIGNMENT":null,"BARCODE":null}},{"type":"Feature","id":481,"geometry":{"type":"Polygon","coordinates":[[[-122.868546,49.138342],[-122.868381,49.138342],[-122.86838,49.13856],[-122.868546,49.13856],[-122.868546,49.138342]]]},"properties":{"OBJECTID":481,"OUTDOOR_REC_FAC_TYPE2":"Courts","FACILITYID":"1001439331","DESCRIPTION":"8 Tennis Courts; Newton Athletic Park, 7395 128 St","LOCATION":"128th Str.","PARK":"Newton Athletic Park","REFERENCE_NO":"1-1-3 - lit","COURT_TYPE":"Tennis","SURFACE_TYPE":"Asphalt","SURFACE_TREATMENT":null,"BOOKABLE":"N","LIGHTING_SYSTEM":"Y","SERVICE_LEVEL":null,"COMMUNITY":"Newton","PRIMARY_USE":"Tennis","FIELD_TYPE":null,"COMMENTS":"Color Coated","STATUS":"OPERATING","STATUS_DATE":null,"PARK_OWNERSHIP":null,"MAINTENANCE_RESPONSIBILITY":"PARKS","OPERATIONAL_RESPONSIBILITY":"PARKS","WORK_ASSIGNMENT":null,"BARCODE":null}},{"type":"Feature","id":482,"geometry":{"type":"Polygon","coordinates":[[[-122.868338,49.138342],[-122.868185,49.138342],[-122.868185,49.138559],[-122.868337,49.13856],[-122.868338,49.138342]]]},"properties":{"OBJECTID":482,"OUTDOOR_REC_FAC_TYPE2":"Courts","FACILITYID":"1001439332","DESCRIPTION":"8 Tennis Courts; Newton Athletic Park, 7395 128 St","LOCATION":"128th Str.","PARK":"Newton Athletic Park","REFERENCE_NO":"1-1-4 - lit","COURT_TYPE":"Tennis","SURFACE_TYPE":"Asphalt","SURFACE_TREATMENT":null,"BOOKABLE":"N","LIGHTING_SYSTEM":"Y","SERVICE_LEVEL":null,"COMMUNITY":"Newton","PRIMARY_USE":"Tennis","FIELD_TYPE":null,"COMMENTS":"Color Coated","STATUS":"OPERATING","STATUS_DATE":null,"PARK_OWNERSHIP":null,"MAINTENANCE_RESPONSIBILITY":"PARKS","OPERATIONAL_RESPONSIBILITY":"PARKS","WORK_ASSIGNMENT":null,"BARCODE":null}},{"type":"Feature","id":483,"geometry":{"type":"Polygon","coordinates":[[[-122.868952,49.138019],[-122.868794,49.138019],[-122.868793,49.138233],[-122.868951,49.138234],[-122.868952,49.138019]]]},"properties":{"OBJECTID":483,"OUTDOOR_REC_FAC_TYPE2":"Courts","FACILITYID":"1001439333","DESCRIPTION":"8 Tennis Courts; Newton Athletic Park, 7395 128 St","LOCATION":"128th Str.","PARK":"Newton Athletic Park","REFERENCE_NO":"1-1-5 - lit","COURT_TYPE":"Tennis","SURFACE_TYPE":"Asphalt","SURFACE_TREATMENT":null,"BOOKABLE":"N","LIGHTING_SYSTEM":"Y","SERVICE_LEVEL":null,"COMMUNITY":"Newton","PRIMARY_USE":"Tennis","FIELD_TYPE":null,"COMMENTS":"Color Coated","STATUS":"OPERATING","STATUS_DATE":null,"PARK_OWNERSHIP":null,"MAINTENANCE_RESPONSIBILITY":"PARKS","OPERATIONAL_RESPONSIBILITY":"PARKS","WORK_ASSIGNMENT":null,"BARCODE":null}},{"type":"Feature","id":484,"geometry":{"type":"Polygon","coordinates":[[[-122.868745,49.138019],[-122.86859,49.138019],[-122.86859,49.138235],[-122.868745,49.138235],[-122.868745,49.138019]]]},"properties":{"OBJECTID":484,"OUTDOOR_REC_FAC_TYPE2":"Courts","FACILITYID":"1001439334","DESCRIPTION":"8 Tennis Courts; Newton Athletic Park, 7395 128 St","LOCATION":"128th Str.","PARK":"Newton Athletic Park","REFERENCE_NO":"1-1-6 - lit","COURT_TYPE":"Tennis","SURFACE_TYPE":"Asphalt","SURFACE_TREATMENT":null,"BOOKABLE":"N","LIGHTING_SYSTEM":"Y","SERVICE_LEVEL":null,"COMMUNITY":"Newton","PRIMARY_USE":"Tennis","FIELD_TYPE":null,"COMMENTS":"Color Coated","STATUS":"OPERATING","STATUS_DATE":null,"PARK_OWNERSHIP":null,"MAINTENANCE_RESPONSIBILITY":"PARKS","OPERATIONAL_RESPONSIBILITY":"PARKS","WORK_ASSIGNMENT":null,"BARCODE":null}},{"type":"Feature","id":485,"geometry":{"type":"Polygon","coordinates":[[[-122.868539,49.138019],[-122.868384,49.138019],[-122.868383,49.138236],[-122.868539,49.138237],[-122.868539,49.138019]]]},"properties":{"OBJECTID":485,"OUTDOOR_REC_FAC_TYPE2":"Courts","FACILITYID":"1001439335","DESCRIPTION":"8 Tennis Courts; Newton Athletic Park, 7395 128 St","LOCATION":"128th Str.","PARK":"Newton Athletic Park","REFERENCE_NO":"1-1-7 - lit","COURT_TYPE":"Tennis","SURFACE_TYPE":"Asphalt","SURFACE_TREATMENT":null,"BOOKABLE":"N","LIGHTING_SYSTEM":"Y","SERVICE_LEVEL":null,"COMMUNITY":"Newton","PRIMARY_USE":"Tennis","FIELD_TYPE":null,"COMMENTS":"Color Coated","STATUS":"OPERATING","STATUS_DATE":null,"PARK_OWNERSHIP":null,"MAINTENANCE_RESPONSIBILITY":"PARKS","OPERATIONAL_RESPONSIBILITY":"PARKS","WORK_ASSIGNMENT":null,"BARCODE":null}},{"type":"Feature","id":486,"geometry":{"type":"Polygon","coordinates":[[[-122.868333,49.138019],[-122.868178,49.138018],[-122.868177,49.138238],[-122.868333,49.138238],[-122.868333,49.138019]]]},"properties":{"OBJECTID":486,"OUTDOOR_REC_FAC_TYPE2":"Courts","FACILITYID":"1001439336","DESCRIPTION":"8 Tennis Courts; Newton Athletic Park, 7395 128 St","LOCATION":"128th Str.","PARK":"Newton Athletic Park","REFERENCE_NO":"1-1-8 - lit","COURT_TYPE":"Tennis","SURFACE_TYPE":"Asphalt","SURFACE_TREATMENT":null,"BOOKABLE":"N","LIGHTING_SYSTEM":"Y","SERVICE_LEVEL":null,"COMMUNITY":"Newton","PRIMARY_USE":"Tennis","FIELD_TYPE":null,"COMMENTS":"Color Coated","STATUS":"OPERATING","STATUS_DATE":null,"PARK_OWNERSHIP":null,"MAINTENANCE_RESPONSIBILITY":"PARKS","OPERATIONAL_RESPONSIBILITY":"PARKS","WORK_ASSIGNMENT":null,"BARCODE":null}},{"type":"Feature","id":488,"geometry":{"type":"Polygon","coordinates":[[[-122.870455,49.129212],[-122.87028,49.129212],[-122.870279,49.129526],[-122.870454,49.129526],[-122.870455,49.129212]]]},"properties":{"OBJECTID":488,"OUTDOOR_REC_FAC_TYPE2":"Courts","FACILITYID":"1001439338","DESCRIPTION":"Basketball/Hockey Court; Evershine Park, 12688 70 Ave","LOCATION":"NE section of park","PARK":"Evershine Park","REFERENCE_NO":"1","COURT_TYPE":"Games","SURFACE_TYPE":"Other","SURFACE_TREATMENT":null,"BOOKABLE":"N","LIGHTING_SYSTEM":null,"SERVICE_LEVEL":null,"COMMUNITY":"Newton","PRIMARY_USE":"Basketball/Hockey","FIELD_TYPE":null,"COMMENTS":null,"STATUS":"OPERATING","STATUS_DATE":null,"PARK_OWNERSHIP":null,"MAINTENANCE_RESPONSIBILITY":"PARKS","OPERATIONAL_RESPONSIBILITY":"PARKS","WORK_ASSIGNMENT":null,"BARCODE":null}},{"type":"Feature","id":489,"geometry":{"type":"Polygon","coordinates":[[[-122.874104,49.119517],[-122.873704,49.119515],[-122.873703,49.119672],[-122.874104,49.119672],[-122.874104,49.119517]]]},"properties":{"OBJECTID":489,"OUTDOOR_REC_FAC_TYPE2":"Courts","FACILITYID":"1001439339","DESCRIPTION":"Basketball Court; Tamanawis Park, 12515 64 Ave","LOCATION":"S side of parking lot near 64 Ave","PARK":"Tamanawis Park","REFERENCE_NO":"1","COURT_TYPE":"Games","SURFACE_TYPE":"Other","SURFACE_TREATMENT":null,"BOOKABLE":"N","LIGHTING_SYSTEM":null,"SERVICE_LEVEL":null,"COMMUNITY":"Newton","PRIMARY_USE":"Basketball","FIELD_TYPE":null,"COMMENTS":null,"STATUS":"OPERATING","STATUS_DATE":null,"PARK_OWNERSHIP":null,"MAINTENANCE_RESPONSIBILITY":"PARKS","OPERATIONAL_RESPONSIBILITY":"PARKS","WORK_ASSIGNMENT":null,"BARCODE":null}},{"type":"Feature","id":491,"geometry":{"type":"Polygon","coordinates":[[[-122.852551,49.128701],[-122.852599,49.128696],[-122.852628,49.128687],[-122.852648,49.128679],[-122.852661,49.128661],[-122.852668,49.12864],[-122.852662,49.128502],[-122.852651,49.128483],[-122.852627,49.128465],[-122.852593,49.128453],[-122.852554,49.12845],[-122.852009,49.128456],[-122.851973,49.128464],[-122.851938,49.128487],[-122.851912,49.128524],[-122.851925,49.128658],[-122.851954,49.128679],[-122.851984,49.128696],[-122.852038,49.128704],[-122.852551,49.128701]]]},"properties":{"OBJECTID":491,"OUTDOOR_REC_FAC_TYPE2":"Courts","FACILITYID":"1001439341","DESCRIPTION":"Lacrosse Box #1; Unwin Park, 13313 68 Ave","LOCATION":"West 134th Str. Parking Lot","PARK":"Unwin Park","REFERENCE_NO":"1","COURT_TYPE":"Lacrosse Box","SURFACE_TYPE":"Other","SURFACE_TREATMENT":null,"BOOKABLE":"Y","LIGHTING_SYSTEM":null,"SERVICE_LEVEL":null,"COMMUNITY":"Newton","PRIMARY_USE":"Lacrosse","FIELD_TYPE":null,"COMMENTS":null,"STATUS":"OPERATING","STATUS_DATE":null,"PARK_OWNERSHIP":null,"MAINTENANCE_RESPONSIBILITY":"PARKS","OPERATIONAL_RESPONSIBILITY":"PARKS","WORK_ASSIGNMENT":null,"BARCODE":null}},{"type":"Feature","id":493,"geometry":{"type":"Polygon","coordinates":[[[-122.852597,49.126756],[-122.852211,49.126756],[-122.852211,49.126899],[-122.852596,49.126899],[-122.852597,49.126756]]]},"properties":{"OBJECTID":493,"OUTDOOR_REC_FAC_TYPE2":"Courts","FACILITYID":"1001439343","DESCRIPTION":"Basketball/Hockey Court; Unwin Park, 13313 68 Ave","LOCATION":"East of playground and North of Youth Centre","PARK":"Unwin Park","REFERENCE_NO":"1","COURT_TYPE":"Games","SURFACE_TYPE":"ASPHALT","SURFACE_TREATMENT":null,"BOOKABLE":"N","LIGHTING_SYSTEM":null,"SERVICE_LEVEL":null,"COMMUNITY":"Newton","PRIMARY_USE":"Basketball/Hockey","FIELD_TYPE":null,"COMMENTS":null,"STATUS":"OPERATING","STATUS_DATE":null,"PARK_OWNERSHIP":null,"MAINTENANCE_RESPONSIBILITY":"PARKS","OPERATIONAL_RESPONSIBILITY":"PARKS","WORK_ASSIGNMENT":null,"BARCODE":null}},{"type":"Feature","id":494,"geometry":{"type":"Polygon","coordinates":[[[-122.834077,49.127647],[-122.833863,49.127647],[-122.833862,49.127895],[-122.834076,49.127896],[-122.834077,49.127647]]]},"properties":{"OBJECTID":494,"OUTDOOR_REC_FAC_TYPE2":"Courts","FACILITYID":"1001439344","DESCRIPTION":"Basketball Court; Hazelnut Meadows Community Park, 14069 68 Ave","LOCATION":"West side of park, North of parking lot","PARK":"Hazelnut Meadows Community Park","REFERENCE_NO":"1","COURT_TYPE":"Games","SURFACE_TYPE":"ASPHALT","SURFACE_TREATMENT":null,"BOOKABLE":null,"LIGHTING_SYSTEM":null,"SERVICE_LEVEL":null,"COMMUNITY":"Newton","PRIMARY_USE":"Basketball","FIELD_TYPE":null,"COMMENTS":null,"STATUS":"OPERATING","STATUS_DATE":984068280000,"PARK_OWNERSHIP":null,"MAINTENANCE_RESPONSIBILITY":"Parks","OPERATIONAL_RESPONSIBILITY":"Parks","WORK_ASSIGNMENT":null,"BARCODE":null}},{"type":"Feature","id":495,"geometry":{"type":"Polygon","coordinates":[[[-122.796963,49.115742],[-122.79681,49.115742],[-122.796809,49.115957],[-122.796962,49.115957],[-122.796963,49.115742]]]},"properties":{"OBJECTID":495,"OUTDOOR_REC_FAC_TYPE2":"Courts","FACILITYID":"1001439345","DESCRIPTION":"2 Tennis Courts; Sullivan Park, 6272 152 St","LOCATION":"Adjacent to 62A Ave. Parking Lot","PARK":"Sullivan Park","REFERENCE_NO":"1-1","COURT_TYPE":"Tennis","SURFACE_TYPE":"Asphalt","SURFACE_TREATMENT":null,"BOOKABLE":"N","LIGHTING_SYSTEM":null,"SERVICE_LEVEL":null,"COMMUNITY":"Newton","PRIMARY_USE":"Tennis","FIELD_TYPE":null,"COMMENTS":"Colored & Painted  - Pickleball","STATUS":"OPERATING","STATUS_DATE":null,"PARK_OWNERSHIP":null,"MAINTENANCE_RESPONSIBILITY":"PARKS","OPERATIONAL_RESPONSIBILITY":"PARKS","WORK_ASSIGNMENT":null,"BARCODE":null}},{"type":"Feature","id":496,"geometry":{"type":"Polygon","coordinates":[[[-122.796764,49.115742],[-122.796608,49.115742],[-122.796608,49.11596],[-122.796764,49.11596],[-122.796764,49.115742]]]},"properties":{"OBJECTID":496,"OUTDOOR_REC_FAC_TYPE2":"Courts","FACILITYID":"1001439346","DESCRIPTION":"2 Tennis Courts; Sullivan Park, 6272 152 St","LOCATION":"Adjacent to 62A Ave. Parking Lot","PARK":"Sullivan Park","REFERENCE_NO":"1-2","COURT_TYPE":"Tennis","SURFACE_TYPE":"Asphalt","SURFACE_TREATMENT":null,"BOOKABLE":"N","LIGHTING_SYSTEM":null,"SERVICE_LEVEL":null,"COMMUNITY":"Newton","PRIMARY_USE":"Tennis","FIELD_TYPE":null,"COMMENTS":"Colored & Painted  - Pickleball","STATUS":"OPERATING","STATUS_DATE":null,"PARK_OWNERSHIP":null,"MAINTENANCE_RESPONSIBILITY":"PARKS","OPERATIONAL_RESPONSIBILITY":"PARKS","WORK_ASSIGNMENT":null,"BARCODE":null}},{"type":"Feature","id":497,"geometry":{"type":"Polygon","coordinates":[[[-122.810692,49.100947],[-122.810534,49.100947],[-122.810534,49.10116],[-122.810691,49.10116],[-122.810692,49.100947]]]},"properties":{"OBJECTID":497,"OUTDOOR_REC_FAC_TYPE2":"Courts","FACILITYID":"1001439347","DESCRIPTION":"2 Tennis Courts; Bob Rutledge Park, 5424 - 148 St","LOCATION":"East of Park Entrance Gates","PARK":"Bob Rutledge Park","REFERENCE_NO":"1-1","COURT_TYPE":"Tennis","SURFACE_TYPE":"Asphalt","SURFACE_TREATMENT":null,"BOOKABLE":"N","LIGHTING_SYSTEM":null,"SERVICE_LEVEL":null,"COMMUNITY":"Newton","PRIMARY_USE":"Tennis","FIELD_TYPE":null,"COMMENTS":null,"STATUS":"OPERATING","STATUS_DATE":null,"PARK_OWNERSHIP":null,"MAINTENANCE_RESPONSIBILITY":"PARKS","OPERATIONAL_RESPONSIBILITY":"PARKS","WORK_ASSIGNMENT":null,"BARCODE":null}},{"type":"Feature","id":498,"geometry":{"type":"Polygon","coordinates":[[[-122.810495,49.100951],[-122.810343,49.10095],[-122.810342,49.101164],[-122.810495,49.101165],[-122.810495,49.100951]]]},"properties":{"OBJECTID":498,"OUTDOOR_REC_FAC_TYPE2":"Courts","FACILITYID":"1001439348","DESCRIPTION":"2 Tennis Courts; Bob Rutledge Park, 5424 - 148 St","LOCATION":"East of Park Entrance Gates","PARK":"Bob Rutledge Park","REFERENCE_NO":"1-2","COURT_TYPE":"Tennis","SURFACE_TYPE":"Asphalt","SURFACE_TREATMENT":null,"BOOKABLE":"N","LIGHTING_SYSTEM":null,"SERVICE_LEVEL":null,"COMMUNITY":"Newton","PRIMARY_USE":"Tennis","FIELD_TYPE":null,"COMMENTS":null,"STATUS":"OPERATING","STATUS_DATE":null,"PARK_OWNERSHIP":null,"MAINTENANCE_RESPONSIBILITY":"PARKS","OPERATIONAL_RESPONSIBILITY":"PARKS","WORK_ASSIGNMENT":null,"BARCODE":null}},{"type":"Feature","id":499,"geometry":{"type":"Polygon","coordinates":[[[-122.810748,49.100723],[-122.81053,49.100722],[-122.810529,49.100871],[-122.810747,49.100872],[-122.810748,49.100723]]]},"properties":{"OBJECTID":499,"OUTDOOR_REC_FAC_TYPE2":"Courts","FACILITYID":"1001439349","DESCRIPTION":"Basketball Court; Bob Rutledge Park, 5424 - 148 St","LOCATION":"South of Tennis Court","PARK":"Bob Rutledge Park","REFERENCE_NO":"1","COURT_TYPE":"Games","SURFACE_TYPE":"Other","SURFACE_TREATMENT":null,"BOOKABLE":"N","LIGHTING_SYSTEM":null,"SERVICE_LEVEL":null,"COMMUNITY":"Newton","PRIMARY_USE":"Basketball","FIELD_TYPE":null,"COMMENTS":null,"STATUS":"OPERATING","STATUS_DATE":null,"PARK_OWNERSHIP":null,"MAINTENANCE_RESPONSIBILITY":"PARKS","OPERATIONAL_RESPONSIBILITY":"PARKS","WORK_ASSIGNMENT":null,"BARCODE":null}},{"type":"Feature","id":500,"geometry":{"type":"Polygon","coordinates":[[[-122.75624,49.117259],[-122.756087,49.117258],[-122.756086,49.117478],[-122.756238,49.117479],[-122.75624,49.117259]]]},"properties":{"OBJECTID":500,"OUTDOOR_REC_FAC_TYPE2":"Courts","FACILITYID":"1001439350","DESCRIPTION":"4 Tennis Courts; Cloverdale Athletic Park, 6330 168 St","LOCATION":"west side of park, at 168 St and 63 Ave","PARK":"Cloverdale Athletic Park","REFERENCE_NO":"1-1 - lit","COURT_TYPE":"Tennis","SURFACE_TYPE":"Asphalt","SURFACE_TREATMENT":null,"BOOKABLE":"Y","LIGHTING_SYSTEM":"Y","SERVICE_LEVEL":null,"COMMUNITY":"Cloverdale","PRIMARY_USE":"Tennis","FIELD_TYPE":null,"COMMENTS":"Painted ","STATUS":"OPERATING","STATUS_DATE":1291216320000,"PARK_OWNERSHIP":null,"MAINTENANCE_RESPONSIBILITY":"Parks","OPERATIONAL_RESPONSIBILITY":"Parks","WORK_ASSIGNMENT":null,"BARCODE":null}},{"type":"Feature","id":501,"geometry":{"type":"Polygon","coordinates":[[[-122.756042,49.117259],[-122.755889,49.117259],[-122.755888,49.11748],[-122.756041,49.11748],[-122.756042,49.117259]]]},"properties":{"OBJECTID":501,"OUTDOOR_REC_FAC_TYPE2":"Courts","FACILITYID":"1001439351","DESCRIPTION":"4 Tennis Courts; Cloverdale Athletic Park, 6330 168 St","LOCATION":"west side of park, at 168 St and 63 Ave","PARK":"Cloverdale Athletic Park","REFERENCE_NO":"1-2 - lit","COURT_TYPE":"Tennis","SURFACE_TYPE":"Asphalt","SURFACE_TREATMENT":null,"BOOKABLE":"Y","LIGHTING_SYSTEM":"Y","SERVICE_LEVEL":null,"COMMUNITY":"Cloverdale","PRIMARY_USE":"Tennis","FIELD_TYPE":null,"COMMENTS":"Painted ","STATUS":"OPERATING","STATUS_DATE":1291216320000,"PARK_OWNERSHIP":null,"MAINTENANCE_RESPONSIBILITY":"Parks","OPERATIONAL_RESPONSIBILITY":"Parks","WORK_ASSIGNMENT":null,"BARCODE":null}},{"type":"Feature","id":502,"geometry":{"type":"Polygon","coordinates":[[[-122.756252,49.116928],[-122.756096,49.116928],[-122.756094,49.117149],[-122.756251,49.11715],[-122.756252,49.116928]]]},"properties":{"OBJECTID":502,"OUTDOOR_REC_FAC_TYPE2":"Courts","FACILITYID":"1001439352","DESCRIPTION":"4 Tennis Courts; Cloverdale Athletic Park, 6330 168 St","LOCATION":"west side of park, at 168 St and 63 Ave","PARK":"Cloverdale Athletic Park","REFERENCE_NO":"1-3 - lit","COURT_TYPE":"Tennis","SURFACE_TYPE":"Asphalt","SURFACE_TREATMENT":null,"BOOKABLE":"Y","LIGHTING_SYSTEM":"Y","SERVICE_LEVEL":null,"COMMUNITY":"Cloverdale","PRIMARY_USE":"Tennis","FIELD_TYPE":null,"COMMENTS":"Painted ","STATUS":"OPERATING","STATUS_DATE":1291216320000,"PARK_OWNERSHIP":null,"MAINTENANCE_RESPONSIBILITY":"Parks","OPERATIONAL_RESPONSIBILITY":"Parks","WORK_ASSIGNMENT":null,"BARCODE":null}},{"type":"Feature","id":503,"geometry":{"type":"Polygon","coordinates":[[[-122.75605,49.116928],[-122.755899,49.116927],[-122.755898,49.117149],[-122.756048,49.117149],[-122.75605,49.116928]]]},"properties":{"OBJECTID":503,"OUTDOOR_REC_FAC_TYPE2":"Courts","FACILITYID":"1001439353","DESCRIPTION":"4 Tennis Courts; Cloverdale Athletic Park, 6330 168 St","LOCATION":"west side of park, at 168 St and 63 Ave","PARK":"Cloverdale Athletic Park","REFERENCE_NO":"1-4 - lit","COURT_TYPE":"Tennis","SURFACE_TYPE":"Asphalt","SURFACE_TREATMENT":null,"BOOKABLE":"Y","LIGHTING_SYSTEM":"Y","SERVICE_LEVEL":null,"COMMUNITY":"Cloverdale","PRIMARY_USE":"Tennis","FIELD_TYPE":null,"COMMENTS":"Painted ","STATUS":"OPERATING","STATUS_DATE":1291216320000,"PARK_OWNERSHIP":null,"MAINTENANCE_RESPONSIBILITY":"Parks","OPERATIONAL_RESPONSIBILITY":"Parks","WORK_ASSIGNMENT":null,"BARCODE":null}},{"type":"Feature","id":504,"geometry":{"type":"Polygon","coordinates":[[[-122.754353,49.116253],[-122.754381,49.116255],[-122.754402,49.11625],[-122.754421,49.116241],[-122.754433,49.116233],[-122.75445,49.116222],[-122.754462,49.116199],[-122.754475,49.115836],[-122.754466,49.115809],[-122.754447,49.115789],[-122.754426,49.115774],[-122.754391,49.115763],[-122.75436,49.115759],[-122.754199,49.115757],[-122.754168,49.115759],[-122.754135,49.115765],[-122.754116,49.115776],[-122.754092,49.115798],[-122.754092,49.115833],[-122.754086,49.116194],[-122.7541,49.116225],[-122.754123,49.116237],[-122.754159,49.11625],[-122.754187,49.116253],[-122.754353,49.116253]]]},"properties":{"OBJECTID":504,"OUTDOOR_REC_FAC_TYPE2":"Courts","FACILITYID":"1001439354","DESCRIPTION":"Lacrosse Box; Cloverdale Athletic Park, 6330 168 St","LOCATION":"East of new parking lot","PARK":"Cloverdale Athletic Park","REFERENCE_NO":"1","COURT_TYPE":"Lacrosse Box","SURFACE_TYPE":"Other","SURFACE_TREATMENT":null,"BOOKABLE":"Y","LIGHTING_SYSTEM":null,"SERVICE_LEVEL":null,"COMMUNITY":"Cloverdale","PRIMARY_USE":"Lacrosse","FIELD_TYPE":null,"COMMENTS":null,"STATUS":"OPERATING","STATUS_DATE":null,"PARK_OWNERSHIP":null,"MAINTENANCE_RESPONSIBILITY":"PARKS","OPERATIONAL_RESPONSIBILITY":"PARKS","WORK_ASSIGNMENT":null,"BARCODE":null}},{"type":"Feature","id":505,"geometry":{"type":"Polygon","coordinates":[[[-122.753826,49.115985],[-122.753618,49.115984],[-122.753617,49.116234],[-122.753825,49.116235],[-122.753826,49.115985]]]},"properties":{"OBJECTID":505,"OUTDOOR_REC_FAC_TYPE2":"Courts","FACILITYID":"1001439355","DESCRIPTION":"Basketball/Hockey Court; Cloverdale Athletic Park, 6330 168 St","LOCATION":"East of new parking lot","PARK":"Cloverdale Athletic Park","REFERENCE_NO":"1","COURT_TYPE":"Games","SURFACE_TYPE":"Other","SURFACE_TREATMENT":null,"BOOKABLE":"N","LIGHTING_SYSTEM":null,"SERVICE_LEVEL":null,"COMMUNITY":"Cloverdale","PRIMARY_USE":"Basketball/Hockey","FIELD_TYPE":null,"COMMENTS":null,"STATUS":"OPERATING","STATUS_DATE":null,"PARK_OWNERSHIP":null,"MAINTENANCE_RESPONSIBILITY":"PARKS","OPERATIONAL_RESPONSIBILITY":"PARKS","WORK_ASSIGNMENT":null,"BARCODE":null}},{"type":"Feature","id":506,"geometry":{"type":"Polygon","coordinates":[[[-122.749944,49.109066],[-122.74979,49.109065],[-122.749788,49.109282],[-122.749943,49.109283],[-122.749944,49.109066]]]},"properties":{"OBJECTID":506,"OUTDOOR_REC_FAC_TYPE2":"Courts","FACILITYID":"1001439356","DESCRIPTION":"1 Tennis Court; Cloverdale Heights Park, 5880 Aberdeen St","LOCATION":"170th Str.","PARK":"Cloverdale Heights Park","REFERENCE_NO":"1","COURT_TYPE":"Tennis","SURFACE_TYPE":"Asphalt","SURFACE_TREATMENT":null,"BOOKABLE":"N","LIGHTING_SYSTEM":null,"SERVICE_LEVEL":null,"COMMUNITY":"Cloverdale","PRIMARY_USE":"Tennis","FIELD_TYPE":null,"COMMENTS":null,"STATUS":"OPERATING","STATUS_DATE":null,"PARK_OWNERSHIP":null,"MAINTENANCE_RESPONSIBILITY":"PARKS","OPERATIONAL_RESPONSIBILITY":"PARKS","WORK_ASSIGNMENT":null,"BARCODE":null}},{"type":"Feature","id":507,"geometry":{"type":"Polygon","coordinates":[[[-122.749717,49.109065],[-122.749589,49.109065],[-122.749587,49.109312],[-122.749715,49.109312],[-122.749717,49.109065]]]},"properties":{"OBJECTID":507,"OUTDOOR_REC_FAC_TYPE2":"Courts","FACILITYID":"1001439357","DESCRIPTION":"Basketball Court; Cloverdale Heights Park, 5880 Aberdeen St","LOCATION":"East of Tennis Court","PARK":"Cloverdale Heights Park","REFERENCE_NO":"1","COURT_TYPE":"Games","SURFACE_TYPE":"Other","SURFACE_TREATMENT":null,"BOOKABLE":"N","LIGHTING_SYSTEM":null,"SERVICE_LEVEL":null,"COMMUNITY":"Cloverdale","PRIMARY_USE":"Basketball","FIELD_TYPE":null,"COMMENTS":null,"STATUS":"OPERATING","STATUS_DATE":null,"PARK_OWNERSHIP":null,"MAINTENANCE_RESPONSIBILITY":"PARKS","OPERATIONAL_RESPONSIBILITY":"PARKS","WORK_ASSIGNMENT":null,"BARCODE":null}},{"type":"Feature","id":511,"geometry":{"type":"Polygon","coordinates":[[[-122.712361,49.115836],[-122.711964,49.115835],[-122.711963,49.115958],[-122.71236,49.115958],[-122.712361,49.115836]]]},"properties":{"OBJECTID":511,"OUTDOOR_REC_FAC_TYPE2":"Courts","FACILITYID":"1001439361","DESCRIPTION":"Basketball/Hockey Court; Don Christian Park, 6220 184 St","LOCATION":"N of Cloverdale Youth Centre","PARK":"Don Christian Park","REFERENCE_NO":"1","COURT_TYPE":"Games","SURFACE_TYPE":"Other","SURFACE_TREATMENT":null,"BOOKABLE":"N","LIGHTING_SYSTEM":null,"SERVICE_LEVEL":null,"COMMUNITY":"Cloverdale","PRIMARY_USE":"Basketball/Hockey","FIELD_TYPE":null,"COMMENTS":null,"STATUS":"OPERATING","STATUS_DATE":null,"PARK_OWNERSHIP":null,"MAINTENANCE_RESPONSIBILITY":"PARKS","OPERATIONAL_RESPONSIBILITY":"PARKS","WORK_ASSIGNMENT":null,"BARCODE":null}},{"type":"Feature","id":512,"geometry":{"type":"Polygon","coordinates":[[[-122.709823,49.115704],[-122.709808,49.115496],[-122.70965,49.1155],[-122.709661,49.115703],[-122.709823,49.115704]]]},"properties":{"OBJECTID":512,"OUTDOOR_REC_FAC_TYPE2":"Courts","FACILITYID":"1001439362","DESCRIPTION":"Volleyball Court; Don Christian Park, 6220 184 St","LOCATION":"south of soccer fields","PARK":"Don Christian Park","REFERENCE_NO":"1","COURT_TYPE":"Volleyball","SURFACE_TYPE":"Sand","SURFACE_TREATMENT":null,"BOOKABLE":"N","LIGHTING_SYSTEM":null,"SERVICE_LEVEL":null,"COMMUNITY":"Cloverdale","PRIMARY_USE":"Volleyball","FIELD_TYPE":null,"COMMENTS":null,"STATUS":"OPERATING","STATUS_DATE":null,"PARK_OWNERSHIP":null,"MAINTENANCE_RESPONSIBILITY":"PARKS","OPERATIONAL_RESPONSIBILITY":"PARKS","WORK_ASSIGNMENT":null,"BARCODE":null}},{"type":"Feature","id":514,"geometry":{"type":"Polygon","coordinates":[[[-122.709209,49.131884],[-122.70905,49.131884],[-122.70905,49.131999],[-122.709208,49.132],[-122.709209,49.131884]]]},"properties":{"OBJECTID":514,"OUTDOOR_REC_FAC_TYPE2":"Courts","FACILITYID":"1001439364","DESCRIPTION":"1 Practice Tennis Half Court & Wall #2; Clayton Park, 18513 70 Ave","LOCATION":"1 half tennis court, immediately north of full courts","PARK":"Clayton Park","REFERENCE_NO":"Practice","COURT_TYPE":"Tennis","SURFACE_TYPE":"ASPHALT","SURFACE_TREATMENT":null,"BOOKABLE":null,"LIGHTING_SYSTEM":null,"SERVICE_LEVEL":null,"COMMUNITY":"Cloverdale","PRIMARY_USE":"Tennis - Half","FIELD_TYPE":null,"COMMENTS":null,"STATUS":"OPERATING","STATUS_DATE":1023962940000,"PARK_OWNERSHIP":null,"MAINTENANCE_RESPONSIBILITY":"Parks","OPERATIONAL_RESPONSIBILITY":"Parks","WORK_ASSIGNMENT":null,"BARCODE":null}},{"type":"Feature","id":515,"geometry":{"type":"Polygon","coordinates":[[[-122.709395,49.131572],[-122.709238,49.131572],[-122.709237,49.131788],[-122.709394,49.131789],[-122.709395,49.131572]]]},"properties":{"OBJECTID":515,"OUTDOOR_REC_FAC_TYPE2":"Courts","FACILITYID":"1001439365","DESCRIPTION":"2 Tennis Courts; Clayton Park, 18513 70 Ave","LOCATION":"N.W. Corner of Park","PARK":"Clayton Park","REFERENCE_NO":"1","COURT_TYPE":"Tennis","SURFACE_TYPE":"Asphalt","SURFACE_TREATMENT":null,"BOOKABLE":"N","LIGHTING_SYSTEM":null,"SERVICE_LEVEL":null,"COMMUNITY":"Cloverdale","PRIMARY_USE":"Tennis","FIELD_TYPE":null,"COMMENTS":null,"STATUS":"OPERATING","STATUS_DATE":null,"PARK_OWNERSHIP":null,"MAINTENANCE_RESPONSIBILITY":"PARKS","OPERATIONAL_RESPONSIBILITY":"PARKS","WORK_ASSIGNMENT":null,"BARCODE":null}},{"type":"Feature","id":516,"geometry":{"type":"Polygon","coordinates":[[[-122.709166,49.13157],[-122.709012,49.131569],[-122.709011,49.131788],[-122.709165,49.131788],[-122.709166,49.13157]]]},"properties":{"OBJECTID":516,"OUTDOOR_REC_FAC_TYPE2":"Courts","FACILITYID":"1001439366","DESCRIPTION":"2 Tennis Courts; Clayton Park, 18513 70 Ave","LOCATION":"N.W. Corner of Park","PARK":"Clayton Park","REFERENCE_NO":"2","COURT_TYPE":"Tennis","SURFACE_TYPE":"Asphalt","SURFACE_TREATMENT":null,"BOOKABLE":"N","LIGHTING_SYSTEM":null,"SERVICE_LEVEL":null,"COMMUNITY":"Cloverdale","PRIMARY_USE":"Tennis","FIELD_TYPE":null,"COMMENTS":"Colored & Painted  - Pickleball","STATUS":"OPERATING","STATUS_DATE":null,"PARK_OWNERSHIP":null,"MAINTENANCE_RESPONSIBILITY":"PARKS","OPERATIONAL_RESPONSIBILITY":"PARKS","WORK_ASSIGNMENT":null,"BARCODE":null}},{"type":"Feature","id":517,"geometry":{"type":"Polygon","coordinates":[[[-122.886918,49.05725],[-122.886845,49.057159],[-122.886591,49.057244],[-122.886656,49.057331],[-122.886918,49.05725]]]},"properties":{"OBJECTID":517,"OUTDOOR_REC_FAC_TYPE2":"Courts","FACILITYID":"1001439367","DESCRIPTION":"Volleyball Court; Crescent Beach, 12160 Beecher St","LOCATION":"North of Lifeguard Station","PARK":"Crescent Beach","REFERENCE_NO":"1","COURT_TYPE":"Volleyball","SURFACE_TYPE":"Native Soils","SURFACE_TREATMENT":null,"BOOKABLE":"N","LIGHTING_SYSTEM":null,"SERVICE_LEVEL":null,"COMMUNITY":"South Surrey","PRIMARY_USE":"Volleyball","FIELD_TYPE":null,"COMMENTS":"The court is still there, but Parks does not maintain this court due to FREMP stipulations.","STATUS":"OPERATING","STATUS_DATE":null,"PARK_OWNERSHIP":null,"MAINTENANCE_RESPONSIBILITY":"Unknown","OPERATIONAL_RESPONSIBILITY":"PARKS","WORK_ASSIGNMENT":null,"BARCODE":null}},{"type":"Feature","id":518,"geometry":{"type":"Polygon","coordinates":[[[-122.884946,49.056149],[-122.88514,49.055974],[-122.885013,49.055913],[-122.884825,49.056087],[-122.884946,49.056149]]]},"properties":{"OBJECTID":518,"OUTDOOR_REC_FAC_TYPE2":"Courts","FACILITYID":"1001439368","DESCRIPTION":"Basketball Court; 110A - Games Court, 12151 Sullivan St","LOCATION":"Entire Site","PARK":"110A - Games Court","REFERENCE_NO":"1","COURT_TYPE":"Games","SURFACE_TYPE":"Asphalt","SURFACE_TREATMENT":null,"BOOKABLE":"N","LIGHTING_SYSTEM":null,"SERVICE_LEVEL":null,"COMMUNITY":"South Surrey","PRIMARY_USE":"Basketball","FIELD_TYPE":null,"COMMENTS":"Colored & Painted  - Pickleball","STATUS":"OPERATING","STATUS_DATE":null,"PARK_OWNERSHIP":null,"MAINTENANCE_RESPONSIBILITY":"PARKS","OPERATIONAL_RESPONSIBILITY":"PARKS","WORK_ASSIGNMENT":null,"BARCODE":null}},{"type":"Feature","id":519,"geometry":{"type":"Polygon","coordinates":[[[-122.865752,49.047363],[-122.865598,49.047363],[-122.865597,49.04746],[-122.865751,49.04746],[-122.865752,49.047363]]]},"properties":{"OBJECTID":519,"OUTDOOR_REC_FAC_TYPE2":"Courts","FACILITYID":"1001439369","DESCRIPTION":"2 Practice Tennis Half Courts & Wall #3; Crescent Park School Grounds, 2440 128 St","LOCATION":"2 half tennis courts, immediately west of full courts","PARK":"Crescent Park School Grounds","REFERENCE_NO":"3-1","COURT_TYPE":"Tennis","SURFACE_TYPE":"ASPHALT","SURFACE_TREATMENT":null,"BOOKABLE":null,"LIGHTING_SYSTEM":null,"SERVICE_LEVEL":null,"COMMUNITY":"South Surrey","PRIMARY_USE":"Tennis - Half","FIELD_TYPE":null,"COMMENTS":null,"STATUS":"OPERATING","STATUS_DATE":1023801060000,"PARK_OWNERSHIP":null,"MAINTENANCE_RESPONSIBILITY":"Parks","OPERATIONAL_RESPONSIBILITY":"School District #36","WORK_ASSIGNMENT":null,"BARCODE":null}},{"type":"Feature","id":520,"geometry":{"type":"Polygon","coordinates":[[[-122.865752,49.047242],[-122.865595,49.047241],[-122.865595,49.04735],[-122.865752,49.04735],[-122.865752,49.047242]]]},"properties":{"OBJECTID":520,"OUTDOOR_REC_FAC_TYPE2":"Courts","FACILITYID":"1001439370","DESCRIPTION":"2 Practice Tennis Half Courts & Wall #3; Crescent Park School Grounds, 2440 128 St","LOCATION":"2 half tennis courts, immediately west of full courts","PARK":"Crescent Park School Grounds","REFERENCE_NO":"3-2","COURT_TYPE":"Tennis","SURFACE_TYPE":"ASPHALT","SURFACE_TREATMENT":null,"BOOKABLE":null,"LIGHTING_SYSTEM":null,"SERVICE_LEVEL":null,"COMMUNITY":"South Surrey","PRIMARY_USE":"Tennis - Half","FIELD_TYPE":null,"COMMENTS":null,"STATUS":"OPERATING","STATUS_DATE":1023801060000,"PARK_OWNERSHIP":null,"MAINTENANCE_RESPONSIBILITY":"Parks","OPERATIONAL_RESPONSIBILITY":"School District #36","WORK_ASSIGNMENT":null,"BARCODE":null}},{"type":"Feature","id":521,"geometry":{"type":"Polygon","coordinates":[[[-122.865503,49.047241],[-122.865346,49.047241],[-122.865346,49.047456],[-122.865502,49.047456],[-122.865503,49.047241]]]},"properties":{"OBJECTID":521,"OUTDOOR_REC_FAC_TYPE2":"Courts","FACILITYID":"1001439371","DESCRIPTION":"2 Tennis Courts #2; Crescent Park School Grounds, 2440 128 St","LOCATION":"128th Str. Entrance North of 26th Ave. - west courts","PARK":"Crescent Park School Grounds","REFERENCE_NO":"2-1 - lit","COURT_TYPE":"Tennis","SURFACE_TYPE":"Asphalt","SURFACE_TREATMENT":null,"BOOKABLE":"N","LIGHTING_SYSTEM":"Y","SERVICE_LEVEL":null,"COMMUNITY":"South Surrey","PRIMARY_USE":"Tennis","FIELD_TYPE":null,"COMMENTS":null,"STATUS":"OPERATING","STATUS_DATE":null,"PARK_OWNERSHIP":null,"MAINTENANCE_RESPONSIBILITY":"PARKS","OPERATIONAL_RESPONSIBILITY":"School District #36","WORK_ASSIGNMENT":null,"BARCODE":null}},{"type":"Feature","id":522,"geometry":{"type":"Polygon","coordinates":[[[-122.865304,49.047241],[-122.86515,49.047241],[-122.86515,49.047454],[-122.865304,49.047454],[-122.865304,49.047241]]]},"properties":{"OBJECTID":522,"OUTDOOR_REC_FAC_TYPE2":"Courts","FACILITYID":"1001439372","DESCRIPTION":"2 Tennis Courts #2; Crescent Park School Grounds, 2440 128 St","LOCATION":"128th Str. Entrance North of 26th Ave. - west courts","PARK":"Crescent Park School Grounds","REFERENCE_NO":"2-2 - lit","COURT_TYPE":"Tennis","SURFACE_TYPE":"Asphalt","SURFACE_TREATMENT":null,"BOOKABLE":"N","LIGHTING_SYSTEM":"Y","SERVICE_LEVEL":null,"COMMUNITY":"South Surrey","PRIMARY_USE":"Tennis","FIELD_TYPE":null,"COMMENTS":null,"STATUS":"OPERATING","STATUS_DATE":null,"PARK_OWNERSHIP":null,"MAINTENANCE_RESPONSIBILITY":"PARKS","OPERATIONAL_RESPONSIBILITY":"School District #36","WORK_ASSIGNMENT":null,"BARCODE":null}},{"type":"Feature","id":523,"geometry":{"type":"Polygon","coordinates":[[[-122.864901,49.047241],[-122.86475,49.04724],[-122.86475,49.047456],[-122.864901,49.047456],[-122.864901,49.047241]]]},"properties":{"OBJECTID":523,"OUTDOOR_REC_FAC_TYPE2":"Courts","FACILITYID":"1001439373","DESCRIPTION":"2 Tennis Courts #1; Crescent Park School Grounds, 2440 128 St","LOCATION":"128th Str. Entrance-North of 26th Ave. - East courts","PARK":"Crescent Park School Grounds","REFERENCE_NO":"1-1 - lit","COURT_TYPE":"Tennis","SURFACE_TYPE":"Asphalt","SURFACE_TREATMENT":null,"BOOKABLE":"N","LIGHTING_SYSTEM":"Y","SERVICE_LEVEL":null,"COMMUNITY":"South Surrey","PRIMARY_USE":"Tennis","FIELD_TYPE":null,"COMMENTS":null,"STATUS":"OPERATING","STATUS_DATE":null,"PARK_OWNERSHIP":null,"MAINTENANCE_RESPONSIBILITY":"PARKS","OPERATIONAL_RESPONSIBILITY":"School District #36","WORK_ASSIGNMENT":null,"BARCODE":null}},{"type":"Feature","id":524,"geometry":{"type":"Polygon","coordinates":[[[-122.864703,49.047242],[-122.86454,49.047242],[-122.86454,49.047455],[-122.864702,49.047455],[-122.864703,49.047242]]]},"properties":{"OBJECTID":524,"OUTDOOR_REC_FAC_TYPE2":"Courts","FACILITYID":"1001439374","DESCRIPTION":"2 Tennis Courts #1; Crescent Park School Grounds, 2440 128 St","LOCATION":"128th Str. Entrance-North of 26th Ave. - East courts","PARK":"Crescent Park School Grounds","REFERENCE_NO":"1-2 - lit","COURT_TYPE":"Tennis","SURFACE_TYPE":"Asphalt","SURFACE_TREATMENT":null,"BOOKABLE":"N","LIGHTING_SYSTEM":"Y","SERVICE_LEVEL":null,"COMMUNITY":"South Surrey","PRIMARY_USE":"Tennis","FIELD_TYPE":null,"COMMENTS":null,"STATUS":"OPERATING","STATUS_DATE":null,"PARK_OWNERSHIP":null,"MAINTENANCE_RESPONSIBILITY":"PARKS","OPERATIONAL_RESPONSIBILITY":"School District #36","WORK_ASSIGNMENT":null,"BARCODE":null}},{"type":"Feature","id":525,"geometry":{"type":"Polygon","coordinates":[[[-122.861174,49.034195],[-122.861002,49.034195],[-122.861003,49.034245],[-122.861176,49.034238],[-122.861174,49.034195]]]},"properties":{"OBJECTID":525,"OUTDOOR_REC_FAC_TYPE2":"Courts","FACILITYID":"1001439375","DESCRIPTION":"Basketball Half Court; Summerhill Park (Tot-Lot), 13089 Summerhill Cres","LOCATION":"Next To Playground Near Summerhill Cr.","PARK":"Summerhill Park","REFERENCE_NO":"1","COURT_TYPE":"Games","SURFACE_TYPE":"Other","SURFACE_TREATMENT":null,"BOOKABLE":"N","LIGHTING_SYSTEM":null,"SERVICE_LEVEL":null,"COMMUNITY":"South Surrey","PRIMARY_USE":"Basketball - Half","FIELD_TYPE":null,"COMMENTS":null,"STATUS":"OPERATING","STATUS_DATE":null,"PARK_OWNERSHIP":null,"MAINTENANCE_RESPONSIBILITY":"PARKS","OPERATIONAL_RESPONSIBILITY":"PARKS","WORK_ASSIGNMENT":null,"BARCODE":null}},{"type":"Feature","id":526,"geometry":{"type":"Polygon","coordinates":[[[-122.843361,49.0337],[-122.843031,49.0337],[-122.84303,49.033802],[-122.84336,49.033802],[-122.843361,49.0337]]]},"properties":{"OBJECTID":526,"OUTDOOR_REC_FAC_TYPE2":"Courts","FACILITYID":"1001439376","DESCRIPTION":"2 Tennis Courts; Bell Park, 1782 136 St","LOCATION":"S.E. Corner of Park","PARK":"Bell Park","REFERENCE_NO":"1-1","COURT_TYPE":"Tennis","SURFACE_TYPE":"Asphalt","SURFACE_TREATMENT":null,"BOOKABLE":"N","LIGHTING_SYSTEM":null,"SERVICE_LEVEL":null,"COMMUNITY":"South Surrey","PRIMARY_USE":"Tennis","FIELD_TYPE":null,"COMMENTS":null,"STATUS":"OPERATING","STATUS_DATE":null,"PARK_OWNERSHIP":null,"MAINTENANCE_RESPONSIBILITY":"PARKS","OPERATIONAL_RESPONSIBILITY":"PARKS","WORK_ASSIGNMENT":null,"BARCODE":null}},{"type":"Feature","id":527,"geometry":{"type":"Polygon","coordinates":[[[-122.843358,49.033567],[-122.843031,49.033567],[-122.843031,49.033669],[-122.843358,49.033669],[-122.843358,49.033567]]]},"properties":{"OBJECTID":527,"OUTDOOR_REC_FAC_TYPE2":"Courts","FACILITYID":"1001439377","DESCRIPTION":"2 Tennis Courts; Bell Park, 1782 136 St","LOCATION":"S.E. Corner of Park","PARK":"Bell Park","REFERENCE_NO":"1-2","COURT_TYPE":"Tennis","SURFACE_TYPE":"Asphalt","SURFACE_TREATMENT":null,"BOOKABLE":"N","LIGHTING_SYSTEM":null,"SERVICE_LEVEL":null,"COMMUNITY":"South Surrey","PRIMARY_USE":"Tennis","FIELD_TYPE":null,"COMMENTS":"Colored & Painted  - Pickleball","STATUS":"OPERATING","STATUS_DATE":null,"PARK_OWNERSHIP":null,"MAINTENANCE_RESPONSIBILITY":"PARKS","OPERATIONAL_RESPONSIBILITY":"PARKS","WORK_ASSIGNMENT":null,"BARCODE":null}},{"type":"Feature","id":528,"geometry":{"type":"Polygon","coordinates":[[[-122.818871,49.040874],[-122.818712,49.040874],[-122.818712,49.041094],[-122.81887,49.041094],[-122.818871,49.040874]]]},"properties":{"OBJECTID":528,"OUTDOOR_REC_FAC_TYPE2":"Courts","FACILITYID":"1001439378","DESCRIPTION":"4 Tennis Courts; South Surrey Athletic Park, 1925 148 St","LOCATION":"N.W. of Water Playground","PARK":"South Surrey Athletic Park","REFERENCE_NO":"1-1","COURT_TYPE":"Tennis","SURFACE_TYPE":"Asphalt","SURFACE_TREATMENT":null,"BOOKABLE":"N","LIGHTING_SYSTEM":"N","SERVICE_LEVEL":null,"COMMUNITY":"South Surrey","PRIMARY_USE":"Tennis","FIELD_TYPE":null,"COMMENTS":"Colored & Painted  - Pickleball","STATUS":"OPERATING","STATUS_DATE":null,"PARK_OWNERSHIP":null,"MAINTENANCE_RESPONSIBILITY":"PARKS","OPERATIONAL_RESPONSIBILITY":"PARKS","WORK_ASSIGNMENT":null,"BARCODE":null}},{"type":"Feature","id":529,"geometry":{"type":"Polygon","coordinates":[[[-122.818674,49.040878],[-122.818516,49.040878],[-122.818515,49.041095],[-122.818673,49.041095],[-122.818674,49.040878]]]},"properties":{"OBJECTID":529,"OUTDOOR_REC_FAC_TYPE2":"Courts","FACILITYID":"1001439379","DESCRIPTION":"4 Tennis Courts; South Surrey Athletic Park, 1925 148 St","LOCATION":"N.W. of Water Playground","PARK":"South Surrey Athletic Park","REFERENCE_NO":"1-2","COURT_TYPE":"Tennis","SURFACE_TYPE":"Asphalt","SURFACE_TREATMENT":null,"BOOKABLE":"N","LIGHTING_SYSTEM":"N","SERVICE_LEVEL":null,"COMMUNITY":"South Surrey","PRIMARY_USE":"Tennis","FIELD_TYPE":null,"COMMENTS":"Colored & Painted  - Pickleball","STATUS":"OPERATING","STATUS_DATE":null,"PARK_OWNERSHIP":null,"MAINTENANCE_RESPONSIBILITY":"PARKS","OPERATIONAL_RESPONSIBILITY":"PARKS","WORK_ASSIGNMENT":null,"BARCODE":null}},{"type":"Feature","id":530,"geometry":{"type":"Polygon","coordinates":[[[-122.818355,49.040875],[-122.818199,49.040875],[-122.818198,49.041093],[-122.818354,49.041093],[-122.818355,49.040875]]]},"properties":{"OBJECTID":530,"OUTDOOR_REC_FAC_TYPE2":"Courts","FACILITYID":"1001439380","DESCRIPTION":"4 Tennis Courts; South Surrey Athletic Park, 1925 148 St","LOCATION":"N.W. of Water Playground","PARK":"South Surrey Athletic Park","REFERENCE_NO":"1-3","COURT_TYPE":"Tennis","SURFACE_TYPE":"Asphalt","SURFACE_TREATMENT":null,"BOOKABLE":"N","LIGHTING_SYSTEM":"N","SERVICE_LEVEL":null,"COMMUNITY":"South Surrey","PRIMARY_USE":"Tennis","FIELD_TYPE":null,"COMMENTS":"Colored & Painted ","STATUS":"OPERATING","STATUS_DATE":null,"PARK_OWNERSHIP":null,"MAINTENANCE_RESPONSIBILITY":"PARKS","OPERATIONAL_RESPONSIBILITY":"PARKS","WORK_ASSIGNMENT":null,"BARCODE":null}},{"type":"Feature","id":531,"geometry":{"type":"Polygon","coordinates":[[[-122.818154,49.040876],[-122.818002,49.040876],[-122.818002,49.04109],[-122.818153,49.04109],[-122.818154,49.040876]]]},"properties":{"OBJECTID":531,"OUTDOOR_REC_FAC_TYPE2":"Courts","FACILITYID":"1001439381","DESCRIPTION":"4 Tennis Courts; South Surrey Athletic Park, 1925 148 St","LOCATION":"N.W. of Water Playground","PARK":"South Surrey Athletic Park","REFERENCE_NO":"1-4","COURT_TYPE":"Tennis","SURFACE_TYPE":"Asphalt","SURFACE_TREATMENT":null,"BOOKABLE":"N","LIGHTING_SYSTEM":"N","SERVICE_LEVEL":null,"COMMUNITY":"South Surrey","PRIMARY_USE":"Tennis","FIELD_TYPE":null,"COMMENTS":"Colored & Painted ","STATUS":"OPERATING","STATUS_DATE":null,"PARK_OWNERSHIP":null,"MAINTENANCE_RESPONSIBILITY":"PARKS","OPERATIONAL_RESPONSIBILITY":"PARKS","WORK_ASSIGNMENT":null,"BARCODE":null}},{"type":"Feature","id":532,"geometry":{"type":"Polygon","coordinates":[[[-122.81849,49.039385],[-122.818451,49.039274],[-122.818152,49.039325],[-122.818194,49.039435],[-122.81849,49.039385]]]},"properties":{"OBJECTID":532,"OUTDOOR_REC_FAC_TYPE2":"Courts","FACILITYID":"1001439382","DESCRIPTION":"Basketball Court; South Surrey Athletic Park, 1925 148 St","LOCATION":"just north of skate park and south of youth centre","PARK":"South Surrey Athletic Park","REFERENCE_NO":"1","COURT_TYPE":"Games","SURFACE_TYPE":"ASPHALT","SURFACE_TREATMENT":null,"BOOKABLE":null,"LIGHTING_SYSTEM":null,"SERVICE_LEVEL":null,"COMMUNITY":"South Surrey","PRIMARY_USE":"Basketball","FIELD_TYPE":null,"COMMENTS":null,"STATUS":"OPERATING","STATUS_DATE":981541980000,"PARK_OWNERSHIP":null,"MAINTENANCE_RESPONSIBILITY":"Parks","OPERATIONAL_RESPONSIBILITY":"Parks","WORK_ASSIGNMENT":null,"BARCODE":null}},{"type":"Feature","id":533,"geometry":{"type":"Polygon","coordinates":[[[-122.806441,49.038933],[-122.806285,49.038933],[-122.806284,49.03915],[-122.80644,49.039151],[-122.806441,49.038933]]]},"properties":{"OBJECTID":533,"OUTDOOR_REC_FAC_TYPE2":"Courts","FACILITYID":"1001439383","DESCRIPTION":"2 Tennis Courts; Meridian By The Sea Park, 2040 150 St","LOCATION":"N. End Of Park","PARK":"Meridian by the Sea Park","REFERENCE_NO":"1-1","COURT_TYPE":"Tennis","SURFACE_TYPE":"Asphalt","SURFACE_TREATMENT":null,"BOOKABLE":"N","LIGHTING_SYSTEM":null,"SERVICE_LEVEL":null,"COMMUNITY":"South Surrey","PRIMARY_USE":"Tennis","FIELD_TYPE":null,"COMMENTS":null,"STATUS":"OPERATING","STATUS_DATE":null,"PARK_OWNERSHIP":null,"MAINTENANCE_RESPONSIBILITY":"PARKS","OPERATIONAL_RESPONSIBILITY":"PARKS","WORK_ASSIGNMENT":null,"BARCODE":null}},{"type":"Feature","id":534,"geometry":{"type":"Polygon","coordinates":[[[-122.806239,49.038934],[-122.806084,49.038934],[-122.806083,49.039151],[-122.806238,49.039151],[-122.806239,49.038934]]]},"properties":{"OBJECTID":534,"OUTDOOR_REC_FAC_TYPE2":"Courts","FACILITYID":"1001439384","DESCRIPTION":"2 Tennis Courts; Meridian By The Sea Park, 2040 150 St","LOCATION":"N. End Of Park","PARK":"Meridian by the Sea Park","REFERENCE_NO":"1-2","COURT_TYPE":"Tennis","SURFACE_TYPE":"Asphalt","SURFACE_TREATMENT":null,"BOOKABLE":"N","LIGHTING_SYSTEM":null,"SERVICE_LEVEL":null,"COMMUNITY":"South Surrey","PRIMARY_USE":"Tennis","FIELD_TYPE":null,"COMMENTS":null,"STATUS":"OPERATING","STATUS_DATE":null,"PARK_OWNERSHIP":null,"MAINTENANCE_RESPONSIBILITY":"PARKS","OPERATIONAL_RESPONSIBILITY":"PARKS","WORK_ASSIGNMENT":null,"BARCODE":null}},{"type":"Feature","id":535,"geometry":{"type":"Polygon","coordinates":[[[-122.784775,49.033718],[-122.784562,49.033718],[-122.784561,49.033976],[-122.784774,49.033976],[-122.784775,49.033718]]]},"properties":{"OBJECTID":535,"OUTDOOR_REC_FAC_TYPE2":"Courts","FACILITYID":"1001439385","DESCRIPTION":"Basketball/Hockey Court; Alderwood Park, 1761 Lilac Dr","LOCATION":"West of Tennis Court","PARK":"Alderwood Park","REFERENCE_NO":"1","COURT_TYPE":"Games","SURFACE_TYPE":"Other","SURFACE_TREATMENT":null,"BOOKABLE":"N","LIGHTING_SYSTEM":null,"SERVICE_LEVEL":null,"COMMUNITY":"South Surrey","PRIMARY_USE":"Basketball/Hockey","FIELD_TYPE":null,"COMMENTS":null,"STATUS":"OPERATING","STATUS_DATE":null,"PARK_OWNERSHIP":null,"MAINTENANCE_RESPONSIBILITY":"PARKS","OPERATIONAL_RESPONSIBILITY":"PARKS","WORK_ASSIGNMENT":null,"BARCODE":null}},{"type":"Feature","id":536,"geometry":{"type":"Polygon","coordinates":[[[-122.784402,49.033748],[-122.784248,49.033748],[-122.784247,49.033961],[-122.784401,49.033962],[-122.784402,49.033748]]]},"properties":{"OBJECTID":536,"OUTDOOR_REC_FAC_TYPE2":"Courts","FACILITYID":"1001439386","DESCRIPTION":"2 Tennis Courts; Alderwood Park, 1761 Lilac Dr","LOCATION":"Upper West Side of Park","PARK":"Alderwood Park","REFERENCE_NO":"1-1","COURT_TYPE":"Tennis","SURFACE_TYPE":"Asphalt","SURFACE_TREATMENT":null,"BOOKABLE":"N","LIGHTING_SYSTEM":null,"SERVICE_LEVEL":null,"COMMUNITY":"South Surrey","PRIMARY_USE":"Tennis","FIELD_TYPE":null,"COMMENTS":null,"STATUS":"OPERATING","STATUS_DATE":null,"PARK_OWNERSHIP":null,"MAINTENANCE_RESPONSIBILITY":"PARKS","OPERATIONAL_RESPONSIBILITY":"PARKS","WORK_ASSIGNMENT":null,"BARCODE":null}},{"type":"Feature","id":537,"geometry":{"type":"Polygon","coordinates":[[[-122.784205,49.033745],[-122.784048,49.033745],[-122.784047,49.033962],[-122.784204,49.033963],[-122.784205,49.033745]]]},"properties":{"OBJECTID":537,"OUTDOOR_REC_FAC_TYPE2":"Courts","FACILITYID":"1001439387","DESCRIPTION":"2 Tennis Courts; Alderwood Park, 1761 Lilac Dr","LOCATION":"Upper West Side of Park","PARK":"Alderwood Park","REFERENCE_NO":"1-2","COURT_TYPE":"Tennis","SURFACE_TYPE":"Asphalt","SURFACE_TREATMENT":null,"BOOKABLE":"N","LIGHTING_SYSTEM":null,"SERVICE_LEVEL":null,"COMMUNITY":"South Surrey","PRIMARY_USE":"Tennis","FIELD_TYPE":null,"COMMENTS":null,"STATUS":"OPERATING","STATUS_DATE":null,"PARK_OWNERSHIP":null,"MAINTENANCE_RESPONSIBILITY":"PARKS","OPERATIONAL_RESPONSIBILITY":"PARKS","WORK_ASSIGNMENT":null,"BARCODE":null}},{"type":"Feature","id":538,"geometry":{"type":"Polygon","coordinates":[[[-122.795175,49.050693],[-122.795187,49.050479],[-122.795026,49.050474],[-122.795018,49.050686],[-122.795175,49.050693]]]},"properties":{"OBJECTID":538,"OUTDOOR_REC_FAC_TYPE2":"Courts","FACILITYID":"1001439388","DESCRIPTION":"2 Tennis Courts; Sunnyside Park, 15455 26 Ave","LOCATION":"Northwest Corner of Park","PARK":"Sunnyside Park","REFERENCE_NO":"1-1","COURT_TYPE":"Tennis","SURFACE_TYPE":"Asphalt","SURFACE_TREATMENT":null,"BOOKABLE":"N","LIGHTING_SYSTEM":null,"SERVICE_LEVEL":null,"COMMUNITY":"South Surrey","PRIMARY_USE":"Tennis","FIELD_TYPE":null,"COMMENTS":null,"STATUS":"OPERATING","STATUS_DATE":null,"PARK_OWNERSHIP":null,"MAINTENANCE_RESPONSIBILITY":"PARKS","OPERATIONAL_RESPONSIBILITY":"PARKS","WORK_ASSIGNMENT":null,"BARCODE":null}},{"type":"Feature","id":539,"geometry":{"type":"Polygon","coordinates":[[[-122.794946,49.050681],[-122.794958,49.050471],[-122.794803,49.050466],[-122.794792,49.050676],[-122.794946,49.050681]]]},"properties":{"OBJECTID":539,"OUTDOOR_REC_FAC_TYPE2":"Courts","FACILITYID":"1001439389","DESCRIPTION":"2 Tennis Courts; Sunnyside Park, 15455 26 Ave","LOCATION":"Northwest Corner of Park","PARK":"Sunnyside Park","REFERENCE_NO":"1-2","COURT_TYPE":"Tennis","SURFACE_TYPE":"Asphalt","SURFACE_TREATMENT":null,"BOOKABLE":"N","LIGHTING_SYSTEM":null,"SERVICE_LEVEL":null,"COMMUNITY":"South Surrey","PRIMARY_USE":"Tennis","FIELD_TYPE":null,"COMMENTS":null,"STATUS":"OPERATING","STATUS_DATE":null,"PARK_OWNERSHIP":null,"MAINTENANCE_RESPONSIBILITY":"PARKS","OPERATIONAL_RESPONSIBILITY":"PARKS","WORK_ASSIGNMENT":null,"BARCODE":null}},{"type":"Feature","id":541,"geometry":{"type":"Polygon","coordinates":[[[-122.76389,49.152128],[-122.763909,49.152126],[-122.763925,49.152121],[-122.763946,49.152112],[-122.763961,49.152105],[-122.763971,49.15209],[-122.763975,49.152079],[-122.763981,49.152064],[-122.763955,49.152051],[-122.763941,49.152047],[-122.763916,49.152043],[-122.763892,49.152042],[-122.763861,49.152043],[-122.763835,49.152051],[-122.763815,49.15206],[-122.763791,49.152061],[-122.763779,49.152065],[-122.763784,49.152077],[-122.763783,49.152093],[-122.763784,49.152103],[-122.763793,49.152111],[-122.763808,49.152119],[-122.763824,49.152125],[-122.76384,49.152128],[-122.763861,49.152129],[-122.76389,49.152128]]]},"properties":{"OBJECTID":541,"OUTDOOR_REC_FAC_TYPE2":"Courts","FACILITYID":"1001439391","DESCRIPTION":"Basketball Court; Surrey Sport & Leisure Complex Grounds, 16555 Fraser Hwy","LOCATION":"north of skate park","PARK":"Surrey Sport & Leisure Complex Grounds","REFERENCE_NO":"1","COURT_TYPE":"Games","SURFACE_TYPE":"Asphalt","SURFACE_TREATMENT":null,"BOOKABLE":"N","LIGHTING_SYSTEM":null,"SERVICE_LEVEL":null,"COMMUNITY":"Fleetwood","PRIMARY_USE":"Basketball","FIELD_TYPE":null,"COMMENTS":null,"STATUS":"OPERATING","STATUS_DATE":1079684760000,"PARK_OWNERSHIP":null,"MAINTENANCE_RESPONSIBILITY":"Parks","OPERATIONAL_RESPONSIBILITY":"Parks","WORK_ASSIGNMENT":null,"BARCODE":null}},{"type":"Feature","id":543,"geometry":{"type":"Polygon","coordinates":[[[-122.787911,49.062262],[-122.78805,49.062069],[-122.787917,49.062026],[-122.787773,49.06222],[-122.787911,49.062262]]]},"properties":{"OBJECTID":543,"OUTDOOR_REC_FAC_TYPE2":"Courts","FACILITYID":"1001439393","DESCRIPTION":"2 Tennis Courts; Morgan Creek Park, 3302 156A St","LOCATION":"NE corner of park","PARK":"Morgan Creek Park","REFERENCE_NO":"1-1","COURT_TYPE":"Tennis","SURFACE_TYPE":"Asphalt","SURFACE_TREATMENT":null,"BOOKABLE":"N","LIGHTING_SYSTEM":null,"SERVICE_LEVEL":null,"COMMUNITY":"South Surrey","PRIMARY_USE":"Tennis","FIELD_TYPE":null,"COMMENTS":null,"STATUS":"OPERATING","STATUS_DATE":1065103740000,"PARK_OWNERSHIP":null,"MAINTENANCE_RESPONSIBILITY":"PARKS","OPERATIONAL_RESPONSIBILITY":"PARKS","WORK_ASSIGNMENT":null,"BARCODE":null}},{"type":"Feature","id":544,"geometry":{"type":"Polygon","coordinates":[[[-122.78773,49.062204],[-122.787871,49.062014],[-122.787736,49.061969],[-122.787594,49.062161],[-122.78773,49.062204]]]},"properties":{"OBJECTID":544,"OUTDOOR_REC_FAC_TYPE2":"Courts","FACILITYID":"1001439394","DESCRIPTION":"2 Tennis Courts; Morgan Creek Park, 3302 156A St","LOCATION":"NE corner of park","PARK":"Morgan Creek Park","REFERENCE_NO":"1-2","COURT_TYPE":"Tennis","SURFACE_TYPE":"Asphalt","SURFACE_TREATMENT":null,"BOOKABLE":"N","LIGHTING_SYSTEM":null,"SERVICE_LEVEL":null,"COMMUNITY":"South Surrey","PRIMARY_USE":"Tennis","FIELD_TYPE":null,"COMMENTS":null,"STATUS":"OPERATING","STATUS_DATE":1065103740000,"PARK_OWNERSHIP":null,"MAINTENANCE_RESPONSIBILITY":"PARKS","OPERATIONAL_RESPONSIBILITY":"PARKS","WORK_ASSIGNMENT":null,"BARCODE":null}},{"type":"Feature","id":545,"geometry":{"type":"Polygon","coordinates":[[[-122.803753,49.161875],[-122.803753,49.161784],[-122.803609,49.161748],[-122.803584,49.16175],[-122.803586,49.161843],[-122.803647,49.161872],[-122.803753,49.161875]]]},"properties":{"OBJECTID":545,"OUTDOOR_REC_FAC_TYPE2":"Courts","FACILITYID":"1001439395","DESCRIPTION":"Basketball Court; Evergreen Tot-Lot - VIP Site, 15112 87B Ave","LOCATION":"NE. Corner Of Site","PARK":"Evergreen Tot-lot","REFERENCE_NO":"1","COURT_TYPE":"Games","SURFACE_TYPE":"Other","SURFACE_TREATMENT":null,"BOOKABLE":"N","LIGHTING_SYSTEM":null,"SERVICE_LEVEL":null,"COMMUNITY":"Fleetwood","PRIMARY_USE":"Basketball","FIELD_TYPE":null,"COMMENTS":null,"STATUS":"OPERATING","STATUS_DATE":null,"PARK_OWNERSHIP":null,"MAINTENANCE_RESPONSIBILITY":"PARKS","OPERATIONAL_RESPONSIBILITY":"PARKS","WORK_ASSIGNMENT":null,"BARCODE":null}},{"type":"Feature","id":547,"geometry":{"type":"Polygon","coordinates":[[[-122.777429,49.1946],[-122.777232,49.1946],[-122.777231,49.194786],[-122.777428,49.194787],[-122.777429,49.1946]]]},"properties":{"OBJECTID":547,"OUTDOOR_REC_FAC_TYPE2":"Courts","FACILITYID":"1001439397","DESCRIPTION":"Basketball Court; Fraser Heights Park, 10588 160 St","LOCATION":"south of rec centre","PARK":"Fraser Heights Park","REFERENCE_NO":"1","COURT_TYPE":"Games","SURFACE_TYPE":"Asphalt","SURFACE_TREATMENT":null,"BOOKABLE":"N","LIGHTING_SYSTEM":null,"SERVICE_LEVEL":null,"COMMUNITY":"Guildford","PRIMARY_USE":"Basketball","FIELD_TYPE":null,"COMMENTS":null,"STATUS":"OPERATING","STATUS_DATE":1164283380000,"PARK_OWNERSHIP":null,"MAINTENANCE_RESPONSIBILITY":"Parks","OPERATIONAL_RESPONSIBILITY":"Parks","WORK_ASSIGNMENT":null,"BARCODE":null}},{"type":"Feature","id":548,"geometry":{"type":"Polygon","coordinates":[[[-122.814462,49.036224],[-122.814463,49.035996],[-122.814281,49.035995],[-122.81428,49.036223],[-122.814462,49.036224]]]},"properties":{"OBJECTID":548,"OUTDOOR_REC_FAC_TYPE2":"Courts","FACILITYID":"1001439398","DESCRIPTION":"Volleyball Court #1; South Surrey Athletic Park, 1925 148 St","LOCATION":"southeast corner of park, near high school, west court","PARK":"South Surrey Athletic Park","REFERENCE_NO":"1","COURT_TYPE":"Volleyball","SURFACE_TYPE":"Sand","SURFACE_TREATMENT":null,"BOOKABLE":"N","LIGHTING_SYSTEM":null,"SERVICE_LEVEL":null,"COMMUNITY":"South Surrey","PRIMARY_USE":"Volleyball","FIELD_TYPE":null,"COMMENTS":null,"STATUS":"OPERATING","STATUS_DATE":1179157500000,"PARK_OWNERSHIP":null,"MAINTENANCE_RESPONSIBILITY":"Parks","OPERATIONAL_RESPONSIBILITY":"Parks","WORK_ASSIGNMENT":null,"BARCODE":null}},{"type":"Feature","id":549,"geometry":{"type":"Polygon","coordinates":[[[-122.814254,49.036223],[-122.814255,49.035995],[-122.814073,49.035995],[-122.814072,49.036223],[-122.814254,49.036223]]]},"properties":{"OBJECTID":549,"OUTDOOR_REC_FAC_TYPE2":"Courts","FACILITYID":"1001439399","DESCRIPTION":"Volleyball Court #2; South Surrey Athletic Park, 1925 148 St","LOCATION":"southeast corner of park, near high school, east court","PARK":"South Surrey Athletic Park","REFERENCE_NO":"2","COURT_TYPE":"Volleyball","SURFACE_TYPE":"Sand","SURFACE_TREATMENT":null,"BOOKABLE":"N","LIGHTING_SYSTEM":null,"SERVICE_LEVEL":null,"COMMUNITY":"South Surrey","PRIMARY_USE":"Volleyball","FIELD_TYPE":null,"COMMENTS":null,"STATUS":"OPERATING","STATUS_DATE":1179157680000,"PARK_OWNERSHIP":null,"MAINTENANCE_RESPONSIBILITY":"Parks","OPERATIONAL_RESPONSIBILITY":"Parks","WORK_ASSIGNMENT":null,"BARCODE":null}},{"type":"Feature","id":550,"geometry":{"type":"Polygon","coordinates":[[[-122.777661,49.195532],[-122.777504,49.195531],[-122.777503,49.195751],[-122.77766,49.195751],[-122.777661,49.195532]]]},"properties":{"OBJECTID":550,"OUTDOOR_REC_FAC_TYPE2":"Courts","FACILITYID":"1001439400","DESCRIPTION":"4 Tennis Courts #2; Fraser Heights Park, 10588 160 St","LOCATION":"north of rec centre","PARK":"Fraser Heights Park","REFERENCE_NO":"2-1","COURT_TYPE":"Tennis","SURFACE_TYPE":"Asphalt","SURFACE_TREATMENT":null,"BOOKABLE":"N","LIGHTING_SYSTEM":"Y","SERVICE_LEVEL":null,"COMMUNITY":"Guildford","PRIMARY_USE":"Tennis","FIELD_TYPE":null,"COMMENTS":null,"STATUS":"OPERATING","STATUS_DATE":1255617900000,"PARK_OWNERSHIP":null,"MAINTENANCE_RESPONSIBILITY":"Parks","OPERATIONAL_RESPONSIBILITY":"Parks","WORK_ASSIGNMENT":null,"BARCODE":null}},{"type":"Feature","id":551,"geometry":{"type":"Polygon","coordinates":[[[-122.777461,49.195533],[-122.777304,49.195533],[-122.777303,49.195753],[-122.77746,49.195753],[-122.777461,49.195533]]]},"properties":{"OBJECTID":551,"OUTDOOR_REC_FAC_TYPE2":"Courts","FACILITYID":"1001439401","DESCRIPTION":"4 Tennis Courts #2; Fraser Heights Park, 10588 160 St","LOCATION":"north of rec centre","PARK":"Fraser Heights Park","REFERENCE_NO":"2-2","COURT_TYPE":"Tennis","SURFACE_TYPE":"Asphalt","SURFACE_TREATMENT":null,"BOOKABLE":"N","LIGHTING_SYSTEM":"Y","SERVICE_LEVEL":null,"COMMUNITY":"Guildford","PRIMARY_USE":"Tennis","FIELD_TYPE":null,"COMMENTS":null,"STATUS":"OPERATING","STATUS_DATE":1255617900000,"PARK_OWNERSHIP":null,"MAINTENANCE_RESPONSIBILITY":"Parks","OPERATIONAL_RESPONSIBILITY":"Parks","WORK_ASSIGNMENT":null,"BARCODE":null}},{"type":"Feature","id":552,"geometry":{"type":"Polygon","coordinates":[[[-122.777261,49.195534],[-122.777104,49.195534],[-122.777103,49.195753],[-122.77726,49.195754],[-122.777261,49.195534]]]},"properties":{"OBJECTID":552,"OUTDOOR_REC_FAC_TYPE2":"Courts","FACILITYID":"1001439402","DESCRIPTION":"4 Tennis Courts #2; Fraser Heights Park, 10588 160 St","LOCATION":"north of rec centre","PARK":"Fraser Heights Park","REFERENCE_NO":"2-3","COURT_TYPE":"Tennis","SURFACE_TYPE":"Asphalt","SURFACE_TREATMENT":null,"BOOKABLE":"N","LIGHTING_SYSTEM":"Y","SERVICE_LEVEL":null,"COMMUNITY":"Guildford","PRIMARY_USE":"Tennis","FIELD_TYPE":null,"COMMENTS":null,"STATUS":"OPERATING","STATUS_DATE":1255617900000,"PARK_OWNERSHIP":null,"MAINTENANCE_RESPONSIBILITY":"Parks","OPERATIONAL_RESPONSIBILITY":"Parks","WORK_ASSIGNMENT":null,"BARCODE":null}},{"type":"Feature","id":553,"geometry":{"type":"Polygon","coordinates":[[[-122.77706,49.195536],[-122.776902,49.195536],[-122.776901,49.195755],[-122.777059,49.195756],[-122.77706,49.195536]]]},"properties":{"OBJECTID":553,"OUTDOOR_REC_FAC_TYPE2":"Courts","FACILITYID":"1001439403","DESCRIPTION":"4 Tennis Courts #2; Fraser Heights Park, 10588 160 St","LOCATION":"north of rec centre","PARK":"Fraser Heights Park","REFERENCE_NO":"2-4","COURT_TYPE":"Tennis","SURFACE_TYPE":"Asphalt","SURFACE_TREATMENT":null,"BOOKABLE":"N","LIGHTING_SYSTEM":"Y","SERVICE_LEVEL":null,"COMMUNITY":"Guildford","PRIMARY_USE":"Tennis","FIELD_TYPE":null,"COMMENTS":null,"STATUS":"OPERATING","STATUS_DATE":1255617900000,"PARK_OWNERSHIP":null,"MAINTENANCE_RESPONSIBILITY":"Parks","OPERATIONAL_RESPONSIBILITY":"Parks","WORK_ASSIGNMENT":null,"BARCODE":null}},{"type":"Feature","id":554,"geometry":{"type":"Polygon","coordinates":[[[-122.77787,49.195483],[-122.777712,49.195482],[-122.777712,49.195639],[-122.777869,49.195639],[-122.77787,49.195483]]]},"properties":{"OBJECTID":554,"OUTDOOR_REC_FAC_TYPE2":"Courts","FACILITYID":"1001439404","DESCRIPTION":"1 Practice Tennis Half Court & Wall #3; Fraser Heights Park, 10588 160 St","LOCATION":"north of rec centre, west of tennis courts","PARK":"Fraser Heights Park","REFERENCE_NO":"3-1","COURT_TYPE":"Tennis","SURFACE_TYPE":"Asphalt","SURFACE_TREATMENT":null,"BOOKABLE":"N","LIGHTING_SYSTEM":"Y","SERVICE_LEVEL":null,"COMMUNITY":"Guildford","PRIMARY_USE":"Tennis","FIELD_TYPE":null,"COMMENTS":null,"STATUS":"OPERATING","STATUS_DATE":1256545500000,"PARK_OWNERSHIP":null,"MAINTENANCE_RESPONSIBILITY":"Parks","OPERATIONAL_RESPONSIBILITY":"Parks","WORK_ASSIGNMENT":null,"BARCODE":null}},{"type":"Feature","id":555,"geometry":{"type":"Polygon","coordinates":[[[-122.817546,49.108945],[-122.817314,49.108944],[-122.817313,49.109198],[-122.817545,49.109198],[-122.817546,49.108945]]]},"properties":{"OBJECTID":555,"OUTDOOR_REC_FAC_TYPE2":"Courts","FACILITYID":"1001439405","DESCRIPTION":"Basketball/Hockey Court; Goldstone Park, 5850 146 St","LOCATION":"west side of park","PARK":"Goldstone Park","REFERENCE_NO":"1","COURT_TYPE":"Games","SURFACE_TYPE":"Asphalt","SURFACE_TREATMENT":null,"BOOKABLE":null,"LIGHTING_SYSTEM":null,"SERVICE_LEVEL":null,"COMMUNITY":"Newton","PRIMARY_USE":"Basketball","FIELD_TYPE":null,"COMMENTS":null,"STATUS":"OPERATING","STATUS_DATE":1217954940000,"PARK_OWNERSHIP":null,"MAINTENANCE_RESPONSIBILITY":"Parks","OPERATIONAL_RESPONSIBILITY":"Parks","WORK_ASSIGNMENT":null,"BARCODE":null}},{"type":"Feature","id":556,"geometry":{"type":"Polygon","coordinates":[[[-122.815628,49.10862],[-122.815629,49.108404],[-122.815478,49.108403],[-122.815477,49.108619],[-122.815628,49.10862]]]},"properties":{"OBJECTID":556,"OUTDOOR_REC_FAC_TYPE2":"Courts","FACILITYID":"1001439406","DESCRIPTION":"2 Tennis Courts; Goldstone Park, 5850 146 St","LOCATION":"south side of park","PARK":"Goldstone Park","REFERENCE_NO":"1-1","COURT_TYPE":"Tennis","SURFACE_TYPE":"Asphalt","SURFACE_TREATMENT":null,"BOOKABLE":null,"LIGHTING_SYSTEM":null,"SERVICE_LEVEL":null,"COMMUNITY":"Newton","PRIMARY_USE":"Tennis","FIELD_TYPE":null,"COMMENTS":null,"STATUS":"OPERATING","STATUS_DATE":1217955060000,"PARK_OWNERSHIP":null,"MAINTENANCE_RESPONSIBILITY":"Parks","OPERATIONAL_RESPONSIBILITY":"Parks","WORK_ASSIGNMENT":null,"BARCODE":null}},{"type":"Feature","id":557,"geometry":{"type":"Polygon","coordinates":[[[-122.815429,49.108619],[-122.81543,49.108403],[-122.815279,49.108403],[-122.815278,49.108619],[-122.815429,49.108619]]]},"properties":{"OBJECTID":557,"OUTDOOR_REC_FAC_TYPE2":"Courts","FACILITYID":"1001439407","DESCRIPTION":"2 Tennis Courts; Goldstone Park, 5850 146 St","LOCATION":"south side of park","PARK":"Goldstone Park","REFERENCE_NO":"1-2","COURT_TYPE":"Tennis","SURFACE_TYPE":"Asphalt","SURFACE_TREATMENT":null,"BOOKABLE":null,"LIGHTING_SYSTEM":null,"SERVICE_LEVEL":null,"COMMUNITY":"Newton","PRIMARY_USE":"Tennis","FIELD_TYPE":null,"COMMENTS":null,"STATUS":"OPERATING","STATUS_DATE":1217955060000,"PARK_OWNERSHIP":null,"MAINTENANCE_RESPONSIBILITY":"Parks","OPERATIONAL_RESPONSIBILITY":"Parks","WORK_ASSIGNMENT":null,"BARCODE":null}},{"type":"Feature","id":558,"geometry":{"type":"Polygon","coordinates":[[[-122.781103,49.147202],[-122.780693,49.147201],[-122.780692,49.14734],[-122.781103,49.147341],[-122.781103,49.147202]]]},"properties":{"OBJECTID":558,"OUTDOOR_REC_FAC_TYPE2":"Courts","FACILITYID":"1001439408","DESCRIPTION":"Basketball Court; Fleetwood Park, 15802 80 Ave","LOCATION":"east end of Southeast parking lot","PARK":"Fleetwood Park","REFERENCE_NO":"1","COURT_TYPE":"Games","SURFACE_TYPE":"Asphalt","SURFACE_TREATMENT":null,"BOOKABLE":"N","LIGHTING_SYSTEM":null,"SERVICE_LEVEL":null,"COMMUNITY":"Fleetwood","PRIMARY_USE":"Basketball","FIELD_TYPE":null,"COMMENTS":null,"STATUS":"OPERATING","STATUS_DATE":1287755460000,"PARK_OWNERSHIP":null,"MAINTENANCE_RESPONSIBILITY":"Parks","OPERATIONAL_RESPONSIBILITY":"Parks","WORK_ASSIGNMENT":null,"BARCODE":null}},{"type":"Feature","id":559,"geometry":{"type":"Polygon","coordinates":[[[-122.840797,49.159376],[-122.840809,49.159396],[-122.84099,49.159727],[-122.841052,49.159844],[-122.841178,49.160082],[-122.841236,49.160188],[-122.841268,49.160228],[-122.841351,49.160309],[-122.841453,49.160373],[-122.841531,49.160402],[-122.841636,49.160431],[-122.841735,49.160441],[-122.841763,49.160444],[-122.841851,49.160448],[-122.841862,49.160448],[-122.841874,49.160447],[-122.841984,49.160435],[-122.842077,49.160422],[-122.842106,49.160418],[-122.842116,49.160414],[-122.842216,49.160371],[-122.842296,49.160328],[-122.842298,49.160327],[-122.842338,49.160293],[-122.842376,49.16026],[-122.842426,49.160203],[-122.842458,49.160163],[-122.842503,49.160155],[-122.842597,49.160137],[-122.842196,49.15942],[-122.842051,49.15916],[-122.841998,49.159096],[-122.841981,49.159075],[-122.841898,49.159017],[-122.841891,49.159014],[-122.841817,49.158976],[-122.841672,49.158925],[-122.841625,49.15891],[-122.841575,49.158894],[-122.841571,49.158893],[-122.841569,49.158893],[-122.841483,49.158877],[-122.841374,49.158874],[-122.841269,49.158887],[-122.841258,49.158889],[-122.841241,49.158893],[-122.841198,49.158902],[-122.841117,49.158927],[-122.841049,49.158963],[-122.840995,49.158997],[-122.840963,49.159028],[-122.840933,49.159068],[-122.840929,49.159073],[-122.840928,49.159075],[-122.840905,49.159111],[-122.840864,49.159162],[-122.840844,49.159187],[-122.840831,49.159168],[-122.840787,49.159103],[-122.840778,49.159089],[-122.840653,49.159133],[-122.840797,49.159376]]]},"properties":{"OBJECTID":559,"OUTDOOR_REC_FAC_TYPE2":"Track","FACILITYID":"1001598925","DESCRIPTION":"Track; Bear Creek Oval, 13750 88 Ave","LOCATION":"Bear Creek Oval","PARK":"Bear Creek Park","REFERENCE_NO":"1","COURT_TYPE":null,"SURFACE_TYPE":null,"SURFACE_TREATMENT":null,"BOOKABLE":"Y","LIGHTING_SYSTEM":null,"SERVICE_LEVEL":null,"COMMUNITY":null,"PRIMARY_USE":null,"FIELD_TYPE":null,"COMMENTS":null,"STATUS":"OPERATING","STATUS_DATE":null,"PARK_OWNERSHIP":null,"MAINTENANCE_RESPONSIBILITY":null,"OPERATIONAL_RESPONSIBILITY":null,"WORK_ASSIGNMENT":null,"BARCODE":null}},{"type":"Feature","id":880,"geometry":{"type":"Polygon","coordinates":[[[-122.816557,49.207793],[-122.816694,49.207876],[-122.816759,49.207953],[-122.816782,49.20804],[-122.816797,49.2082],[-122.816803,49.208285],[-122.816797,49.208369],[-122.816766,49.208449],[-122.816746,49.20855],[-122.81671,49.208687],[-122.816671,49.208774],[-122.816688,49.208867],[-122.816708,49.208901],[-122.816749,49.20904],[-122.816867,49.209218],[-122.816977,49.20933],[-122.817082,49.209424],[-122.817209,49.209508],[-122.817363,49.209592],[-122.817615,49.209685],[-122.817694,49.2097],[-122.817827,49.20972],[-122.817922,49.209729],[-122.818066,49.20973],[-122.818117,49.209723],[-122.818123,49.209674],[-122.818145,49.209515],[-122.818149,49.20941],[-122.818152,49.209293],[-122.818138,49.209215],[-122.818102,49.20918],[-122.817993,49.209074],[-122.817993,49.209031],[-122.817976,49.208886],[-122.817909,49.208806],[-122.817773,49.208724],[-122.817608,49.208651],[-122.817436,49.208586],[-122.817315,49.208543],[-122.817256,49.208494],[-122.817226,49.208432],[-122.817181,49.208321],[-122.817179,49.208263],[-122.817179,49.208258],[-122.817177,49.208252],[-122.817173,49.208246],[-122.817077,49.208105],[-122.81708,49.207981],[-122.81708,49.207974],[-122.817077,49.207967],[-122.817073,49.207961],[-122.817068,49.207955],[-122.817048,49.207936],[-122.817084,49.207893],[-122.817192,49.207861],[-122.817317,49.207853],[-122.817372,49.207844],[-122.817402,49.20779],[-122.817399,49.207737],[-122.817361,49.207676],[-122.81728,49.207615],[-122.817205,49.207583],[-122.817116,49.207556],[-122.817028,49.207548],[-122.816969,49.207552],[-122.816926,49.207613],[-122.816887,49.20767],[-122.816839,49.207717],[-122.816687,49.20762],[-122.816677,49.207615],[-122.816667,49.207611],[-122.816656,49.207609],[-122.816644,49.207607],[-122.816632,49.207607],[-122.81662,49.207609],[-122.816609,49.207612],[-122.816599,49.207616],[-122.81659,49.207621],[-122.816582,49.207627],[-122.816576,49.207634],[-122.816572,49.207641],[-122.816546,49.207656],[-122.816542,49.207687],[-122.816557,49.207793]]]},"properties":{"OBJECTID":880,"OUTDOOR_REC_FAC_TYPE2":"Bike Park","FACILITYID":"1001605849","DESCRIPTION":"Bike Park; Invergarry Park, 14400 Currie Dr","LOCATION":null,"PARK":"Invergarry Park","REFERENCE_NO":"1","COURT_TYPE":"Bike Park","SURFACE_TYPE":"Dirt","SURFACE_TREATMENT":null,"BOOKABLE":"N","LIGHTING_SYSTEM":"N","SERVICE_LEVEL":null,"COMMUNITY":"Guildford","PRIMARY_USE":"Bicycle - Trials","FIELD_TYPE":null,"COMMENTS":null,"STATUS":"OPERATING","STATUS_DATE":null,"PARK_OWNERSHIP":null,"MAINTENANCE_RESPONSIBILITY":"Parks","OPERATIONAL_RESPONSIBILITY":"Parks","WORK_ASSIGNMENT":null,"BARCODE":null}},{"type":"Feature","id":881,"geometry":{"type":"Polygon","coordinates":[[[-122.709635,49.115704],[-122.70962,49.115496],[-122.709462,49.1155],[-122.709474,49.115703],[-122.709635,49.115704]]]},"properties":{"OBJECTID":881,"OUTDOOR_REC_FAC_TYPE2":"Courts","FACILITYID":"1001605850","DESCRIPTION":"Volleyball Court; Don Christian Park, 6220 184 St","LOCATION":"south of soccer fields","PARK":"Don Christian Park","REFERENCE_NO":"2","COURT_TYPE":"Volleyball","SURFACE_TYPE":"Sand","SURFACE_TREATMENT":null,"BOOKABLE":"N","LIGHTING_SYSTEM":null,"SERVICE_LEVEL":null,"COMMUNITY":"Cloverdale","PRIMARY_USE":"Volleyball","FIELD_TYPE":null,"COMMENTS":null,"STATUS":"OPERATING","STATUS_DATE":null,"PARK_OWNERSHIP":null,"MAINTENANCE_RESPONSIBILITY":"PARKS","OPERATIONAL_RESPONSIBILITY":"PARKS","WORK_ASSIGNMENT":null,"BARCODE":null}},{"type":"Feature","id":1199,"geometry":{"type":"Polygon","coordinates":[[[-122.869297,49.135773],[-122.869293,49.135594],[-122.869144,49.135595],[-122.869148,49.135774],[-122.869297,49.135773]]]},"properties":{"OBJECTID":1199,"OUTDOOR_REC_FAC_TYPE2":"Courts","FACILITYID":"1001743629","DESCRIPTION":"Planned Volleyball Court; Newton Athletic Park, 7395 128 St","LOCATION":"east of washroom","PARK":"Newton Athletic Park","REFERENCE_NO":"2","COURT_TYPE":"Volleyball","SURFACE_TYPE":"Sand","SURFACE_TREATMENT":null,"BOOKABLE":null,"LIGHTING_SYSTEM":null,"SERVICE_LEVEL":null,"COMMUNITY":"Newton","PRIMARY_USE":"Volleyball","FIELD_TYPE":null,"COMMENTS":null,"STATUS":"OPERATING","STATUS_DATE":null,"PARK_OWNERSHIP":null,"MAINTENANCE_RESPONSIBILITY":null,"OPERATIONAL_RESPONSIBILITY":null,"WORK_ASSIGNMENT":null,"BARCODE":null}},{"type":"Feature","id":1200,"geometry":{"type":"Polygon","coordinates":[[[-122.869458,49.135769],[-122.869454,49.135592],[-122.869313,49.135593],[-122.869317,49.135771],[-122.869458,49.135769]]]},"properties":{"OBJECTID":1200,"OUTDOOR_REC_FAC_TYPE2":"Courts","FACILITYID":"1001743630","DESCRIPTION":"Planned Volleyball Court; Newton Athletic Park, 7395 128 St","LOCATION":"east of washroom","PARK":"Newton Athletic Park","REFERENCE_NO":"1","COURT_TYPE":"Volleyball","SURFACE_TYPE":"Sand","SURFACE_TREATMENT":null,"BOOKABLE":null,"LIGHTING_SYSTEM":null,"SERVICE_LEVEL":null,"COMMUNITY":"Newton","PRIMARY_USE":"Volleyball","FIELD_TYPE":null,"COMMENTS":null,"STATUS":"OPERATING","STATUS_DATE":null,"PARK_OWNERSHIP":null,"MAINTENANCE_RESPONSIBILITY":null,"OPERATIONAL_RESPONSIBILITY":null,"WORK_ASSIGNMENT":null,"BARCODE":null}},{"type":"Feature","id":1839,"geometry":{"type":"Polygon","coordinates":[[[-122.742335,49.006377],[-122.74233,49.00615],[-122.742141,49.006151],[-122.742146,49.006378],[-122.742335,49.006377]]]},"properties":{"OBJECTID":1839,"OUTDOOR_REC_FAC_TYPE2":"Courts","FACILITYID":"1001751812","DESCRIPTION":"Sport Court; Dufferin Park,17375 2 Ave","LOCATION":"north of parking lot","PARK":"Dufferin Park","REFERENCE_NO":"1","COURT_TYPE":"Games","SURFACE_TYPE":null,"SURFACE_TREATMENT":null,"BOOKABLE":null,"LIGHTING_SYSTEM":null,"SERVICE_LEVEL":null,"COMMUNITY":"South Surrey","PRIMARY_USE":"Basketball/Hockey","FIELD_TYPE":null,"COMMENTS":"Pickleball","STATUS":"OPERATING","STATUS_DATE":null,"PARK_OWNERSHIP":null,"MAINTENANCE_RESPONSIBILITY":"Parks","OPERATIONAL_RESPONSIBILITY":"Parks","WORK_ASSIGNMENT":null,"BARCODE":null}},{"type":"Feature","id":2159,"geometry":{"type":"MultiPolygon","coordinates":[[[[-122.734135,49.116119],[-122.733841,49.116029],[-122.733897,49.116081],[-122.733822,49.116159],[-122.733775,49.116148],[-122.733729,49.11615],[-122.733705,49.116156],[-122.733683,49.116162],[-122.733665,49.116175],[-122.733658,49.116188],[-122.733654,49.116212],[-122.73366,49.116223],[-122.733666,49.116235],[-122.733682,49.116244],[-122.733694,49.116258],[-122.733706,49.116275],[-122.733705,49.116311],[-122.733703,49.11634],[-122.733694,49.116364],[-122.733689,49.116397],[-122.733692,49.116411],[-122.733701,49.116425],[-122.733719,49.116432],[-122.733739,49.116438],[-122.73377,49.116437],[-122.733805,49.116436],[-122.733821,49.116431],[-122.733851,49.116423],[-122.733893,49.116414],[-122.733919,49.116437],[-122.733943,49.116451],[-122.733953,49.116451],[-122.733989,49.116453],[-122.734085,49.116457],[-122.734152,49.116453],[-122.734189,49.116432],[-122.73424,49.116414],[-122.734381,49.116408],[-122.734527,49.116444],[-122.734614,49.116462],[-122.734644,49.116465],[-122.734715,49.116527],[-122.734709,49.116485],[-122.734659,49.116442],[-122.734703,49.116444],[-122.734701,49.116425],[-122.734659,49.116414],[-122.734589,49.116375],[-122.734568,49.116365],[-122.734451,49.116309],[-122.734491,49.116163],[-122.734559,49.116084],[-122.734579,49.116059],[-122.734546,49.116045],[-122.734545,49.116023],[-122.73461,49.115949],[-122.734726,49.115894],[-122.734717,49.115868],[-122.734635,49.115896],[-122.734616,49.115886],[-122.734611,49.11587],[-122.7346,49.115806],[-122.734564,49.115812],[-122.734548,49.115896],[-122.734523,49.115897],[-122.734342,49.115961],[-122.734272,49.115985],[-122.734176,49.116105],[-122.734135,49.116119]],[[-122.733901,49.116123],[-122.733979,49.116291],[-122.733947,49.116429],[-122.73391,49.116391],[-122.733917,49.116361],[-122.733923,49.116329],[-122.733918,49.116304],[-122.733897,49.116285],[-122.733882,49.116273],[-122.733873,49.116261],[-122.733872,49.116238],[-122.733864,49.116214],[-122.733834,49.116191],[-122.733852,49.116176],[-122.733901,49.116123]]],[[[-122.734135,49.116119],[-122.734094,49.116099],[-122.733811,49.115993],[-122.734135,49.116119]]]]},"properties":{"OBJECTID":2159,"OUTDOOR_REC_FAC_TYPE2":"Skate Park","FACILITYID":"1001753355","DESCRIPTION":"Skate Park; Cloverdale Youth Park, 6240 Highway 15","LOCATION":"west side of park","PARK":"Cloverdale Youth Park","REFERENCE_NO":"1","COURT_TYPE":"Skate Park","SURFACE_TYPE":"Asphalt","SURFACE_TREATMENT":null,"BOOKABLE":null,"LIGHTING_SYSTEM":null,"SERVICE_LEVEL":null,"COMMUNITY":"Cloverdale","PRIMARY_USE":"Skateboard","FIELD_TYPE":null,"COMMENTS":null,"STATUS":"OPERATING","STATUS_DATE":null,"PARK_OWNERSHIP":null,"MAINTENANCE_RESPONSIBILITY":"Parks","OPERATIONAL_RESPONSIBILITY":"Parks","WORK_ASSIGNMENT":null,"BARCODE":null}},{"type":"Feature","id":2799,"geometry":{"type":"Polygon","coordinates":[[[-122.818395,49.036658],[-122.818391,49.036748],[-122.818393,49.036937],[-122.818386,49.037282],[-122.81839,49.03756],[-122.818391,49.037671],[-122.818393,49.037672],[-122.81843,49.037675],[-122.818431,49.037675],[-122.818437,49.037676],[-122.818486,49.037741],[-122.818541,49.037788],[-122.818556,49.037799],[-122.818581,49.037818],[-122.818598,49.03783],[-122.818637,49.037851],[-122.818706,49.03788],[-122.818709,49.037881],[-122.818753,49.037896],[-122.818778,49.037903],[-122.818833,49.037918],[-122.818883,49.037926],[-122.818907,49.03793],[-122.818977,49.037935],[-122.819014,49.037935],[-122.819062,49.037935],[-122.819139,49.03793],[-122.819186,49.037921],[-122.819223,49.037914],[-122.81924,49.03791],[-122.819284,49.037899],[-122.819338,49.037881],[-122.819395,49.037856],[-122.819446,49.037829],[-122.819488,49.037804],[-122.819513,49.037789],[-122.819517,49.037789],[-122.819656,49.037779],[-122.819656,49.037776],[-122.81966,49.036903],[-122.819662,49.036687],[-122.819662,49.036608],[-122.819626,49.036608],[-122.819587,49.036569],[-122.81955,49.036527],[-122.81955,49.036526],[-122.81955,49.036526],[-122.819497,49.036484],[-122.819432,49.036425],[-122.819364,49.036381],[-122.819255,49.03634],[-122.819173,49.036319],[-122.819096,49.036311],[-122.819,49.03631],[-122.818951,49.036312],[-122.81887,49.036324],[-122.818865,49.036325],[-122.818864,49.036325],[-122.81881,49.036339],[-122.818784,49.036345],[-122.818686,49.036384],[-122.81863,49.036418],[-122.818614,49.036431],[-122.818559,49.036475],[-122.818526,49.036504],[-122.818498,49.036504],[-122.818392,49.036504],[-122.818395,49.036658]]]},"properties":{"OBJECTID":2799,"OUTDOOR_REC_FAC_TYPE2":"Track","FACILITYID":"1001790182","DESCRIPTION":"Track; South Surrey Athletic Park, 1925 148 St","LOCATION":"South Surrey Athletic Park Oval","PARK":"South Surrey Athletic Park","REFERENCE_NO":"1","COURT_TYPE":null,"SURFACE_TYPE":null,"SURFACE_TREATMENT":null,"BOOKABLE":null,"LIGHTING_SYSTEM":null,"SERVICE_LEVEL":null,"COMMUNITY":null,"PRIMARY_USE":null,"FIELD_TYPE":null,"COMMENTS":null,"STATUS":"OPERATING","STATUS_DATE":null,"PARK_OWNERSHIP":null,"MAINTENANCE_RESPONSIBILITY":null,"OPERATIONAL_RESPONSIBILITY":null,"WORK_ASSIGNMENT":null,"BARCODE":null}},{"type":"Feature","id":2800,"geometry":{"type":"Polygon","coordinates":[[[-122.781223,49.179096],[-122.779444,49.179099],[-122.779443,49.179125],[-122.779345,49.179158],[-122.779264,49.179195],[-122.779203,49.179233],[-122.77915,49.179277],[-122.779087,49.17935],[-122.779055,49.17941],[-122.779042,49.179446],[-122.779035,49.17951],[-122.77904,49.179584],[-122.779064,49.179641],[-122.779103,49.179707],[-122.779161,49.179767],[-122.779184,49.179785],[-122.779253,49.179835],[-122.779274,49.179848],[-122.779275,49.179935],[-122.779459,49.179935],[-122.779675,49.179936],[-122.779943,49.179937],[-122.780394,49.179936],[-122.780844,49.179935],[-122.781052,49.179932],[-122.781053,49.179906],[-122.781071,49.179898],[-122.781155,49.179873],[-122.781212,49.179847],[-122.781271,49.179814],[-122.781347,49.179757],[-122.781394,49.179705],[-122.781422,49.179665],[-122.781446,49.179613],[-122.781459,49.179552],[-122.781462,49.179529],[-122.781462,49.179494],[-122.781454,49.179447],[-122.781437,49.1794],[-122.781405,49.179343],[-122.78136,49.179288],[-122.781333,49.179264],[-122.781291,49.179233],[-122.781223,49.17919],[-122.781223,49.179096]]]},"properties":{"OBJECTID":2800,"OUTDOOR_REC_FAC_TYPE2":"Track","FACILITYID":"1001790183","DESCRIPTION":"Track; North Surrey Community Park, 15848 97A Ave","LOCATION":"North Surrey Community Park Oval","PARK":"North Surrey Community Park","REFERENCE_NO":"1","COURT_TYPE":null,"SURFACE_TYPE":null,"SURFACE_TREATMENT":null,"BOOKABLE":null,"LIGHTING_SYSTEM":null,"SERVICE_LEVEL":null,"COMMUNITY":null,"PRIMARY_USE":null,"FIELD_TYPE":null,"COMMENTS":null,"STATUS":"OPERATING","STATUS_DATE":null,"PARK_OWNERSHIP":null,"MAINTENANCE_RESPONSIBILITY":null,"OPERATIONAL_RESPONSIBILITY":null,"WORK_ASSIGNMENT":null,"BARCODE":null}},{"type":"Feature","id":3137,"geometry":{"type":"Polygon","coordinates":[[[-122.726699,49.112023],[-122.726701,49.111734],[-122.726524,49.111734],[-122.726523,49.112023],[-122.726699,49.112023]]]},"properties":{"OBJECTID":3137,"OUTDOOR_REC_FAC_TYPE2":"Pool","FACILITYID":"1001797013","DESCRIPTION":"Outdoor Pool; Greenaway Park, 17905 60 Ave","LOCATION":"South side of Greenaway Park","PARK":"Greenaway Park","REFERENCE_NO":null,"COURT_TYPE":"Outdoor Pool","SURFACE_TYPE":null,"SURFACE_TREATMENT":null,"BOOKABLE":null,"LIGHTING_SYSTEM":null,"SERVICE_LEVEL":null,"COMMUNITY":"Cloverdale","PRIMARY_USE":"Outdoor Pool","FIELD_TYPE":null,"COMMENTS":null,"STATUS":"OPERATING","STATUS_DATE":null,"PARK_OWNERSHIP":null,"MAINTENANCE_RESPONSIBILITY":null,"OPERATIONAL_RESPONSIBILITY":null,"WORK_ASSIGNMENT":null,"BARCODE":null}},{"type":"Feature","id":3138,"geometry":{"type":"Polygon","coordinates":[[[-122.854416,49.127275],[-122.854473,49.126994],[-122.854316,49.12698],[-122.854258,49.127262],[-122.854416,49.127275]]]},"properties":{"OBJECTID":3138,"OUTDOOR_REC_FAC_TYPE2":"Pool","FACILITYID":"1001797031","DESCRIPTION":"Outdoor Pool; Unwin Park, 13313 68 Ave","LOCATION":"South side of Unwin Park by parking lot","PARK":"Unwin Park","REFERENCE_NO":null,"COURT_TYPE":"Outdoor Pool","SURFACE_TYPE":null,"SURFACE_TREATMENT":null,"BOOKABLE":null,"LIGHTING_SYSTEM":null,"SERVICE_LEVEL":null,"COMMUNITY":"Newton","PRIMARY_USE":"Outdoor Pool","FIELD_TYPE":null,"COMMENTS":null,"STATUS":"OPERATING","STATUS_DATE":null,"PARK_OWNERSHIP":null,"MAINTENANCE_RESPONSIBILITY":null,"OPERATIONAL_RESPONSIBILITY":null,"WORK_ASSIGNMENT":null,"BARCODE":null}},{"type":"Feature","id":3140,"geometry":{"type":"Polygon","coordinates":[[[-122.81283,49.18937],[-122.812828,49.189212],[-122.81295,49.189156],[-122.812878,49.189088],[-122.812749,49.189144],[-122.812514,49.18914],[-122.81251,49.189368],[-122.81283,49.18937]]]},"properties":{"OBJECTID":3140,"OUTDOOR_REC_FAC_TYPE2":"Pool","FACILITYID":"1001797035","DESCRIPTION":"Outdoor Pool: Hjorth Road Park; 10275 148 St","LOCATION":"Hjorth Road Park, east of parking lot","PARK":"Hjorth Road Park","REFERENCE_NO":null,"COURT_TYPE":"Outdoor Pool","SURFACE_TYPE":null,"SURFACE_TREATMENT":null,"BOOKABLE":null,"LIGHTING_SYSTEM":null,"SERVICE_LEVEL":null,"COMMUNITY":"Guildford","PRIMARY_USE":"Outdoor Pool","FIELD_TYPE":null,"COMMENTS":null,"STATUS":"OPERATING","STATUS_DATE":null,"PARK_OWNERSHIP":null,"MAINTENANCE_RESPONSIBILITY":null,"OPERATIONAL_RESPONSIBILITY":null,"WORK_ASSIGNMENT":null,"BARCODE":null}},{"type":"Feature","id":3141,"geometry":{"type":"Polygon","coordinates":[[[-122.860621,49.192429],[-122.860623,49.192321],[-122.860191,49.192319],[-122.86019,49.192426],[-122.860621,49.192429]]]},"properties":{"OBJECTID":3141,"OUTDOOR_REC_FAC_TYPE2":"Pool","FACILITYID":"1001797039","DESCRIPTION":"Outdoor Pool; Royal Kwantlen Park, 13035 104 Ave","LOCATION":"North side of Fire Hall","PARK":"Royal Kwantlen Park","REFERENCE_NO":null,"COURT_TYPE":"Outdoor Pool","SURFACE_TYPE":null,"SURFACE_TREATMENT":null,"BOOKABLE":null,"LIGHTING_SYSTEM":null,"SERVICE_LEVEL":null,"COMMUNITY":"Whalley","PRIMARY_USE":"Outdoor Pool","FIELD_TYPE":null,"COMMENTS":null,"STATUS":"OPERATING","STATUS_DATE":null,"PARK_OWNERSHIP":null,"MAINTENANCE_RESPONSIBILITY":null,"OPERATIONAL_RESPONSIBILITY":null,"WORK_ASSIGNMENT":null,"BARCODE":null}},{"type":"Feature","id":3142,"geometry":{"type":"Polygon","coordinates":[[[-122.795171,49.050085],[-122.795204,49.049807],[-122.795044,49.049799],[-122.795011,49.050077],[-122.795171,49.050085]]]},"properties":{"OBJECTID":3142,"OUTDOOR_REC_FAC_TYPE2":"Pool","FACILITYID":"1001797054","DESCRIPTION":"Outdoor Pool; Sunnyside Park, 15455 26 Ave","LOCATION":"South of tennis courts","PARK":"Sunnyside Park","REFERENCE_NO":null,"COURT_TYPE":"Outdoor Pool","SURFACE_TYPE":null,"SURFACE_TREATMENT":null,"BOOKABLE":null,"LIGHTING_SYSTEM":null,"SERVICE_LEVEL":null,"COMMUNITY":"South Surrey","PRIMARY_USE":"Outdoor Pool","FIELD_TYPE":null,"COMMENTS":null,"STATUS":"OPERATING","STATUS_DATE":null,"PARK_OWNERSHIP":null,"MAINTENANCE_RESPONSIBILITY":null,"OPERATIONAL_RESPONSIBILITY":null,"WORK_ASSIGNMENT":null,"BARCODE":null}},{"type":"Feature","id":3143,"geometry":{"type":"Polygon","coordinates":[[[-122.687285,49.161251],[-122.687282,49.161141],[-122.686853,49.161146],[-122.686855,49.161255],[-122.687285,49.161251]]]},"properties":{"OBJECTID":3143,"OUTDOOR_REC_FAC_TYPE2":"Pool","FACILITYID":"1001797062","DESCRIPTION":"Outdoor Pool; Port Kells Park; 19340 88 Ave","LOCATION":"North side of parking lot","PARK":"Port Kells Park","REFERENCE_NO":null,"COURT_TYPE":"Outdoor Pool","SURFACE_TYPE":null,"SURFACE_TREATMENT":null,"BOOKABLE":null,"LIGHTING_SYSTEM":null,"SERVICE_LEVEL":null,"COMMUNITY":"Guildford","PRIMARY_USE":"Outdoor Pool","FIELD_TYPE":null,"COMMENTS":null,"STATUS":"OPERATING","STATUS_DATE":null,"PARK_OWNERSHIP":null,"MAINTENANCE_RESPONSIBILITY":null,"OPERATIONAL_RESPONSIBILITY":null,"WORK_ASSIGNMENT":null,"BARCODE":null}},{"type":"Feature","id":3144,"geometry":{"type":"Polygon","coordinates":[[[-122.83904,49.161168],[-122.838923,49.161031],[-122.838988,49.16094],[-122.838864,49.160908],[-122.838804,49.160999],[-122.838596,49.161074],[-122.838762,49.16127],[-122.83904,49.161168]]]},"properties":{"OBJECTID":3144,"OUTDOOR_REC_FAC_TYPE2":"Pool","FACILITYID":"1001797078","DESCRIPTION":"Outdoor Pool; Bear Creek Park, 13750 88 Ave","LOCATION":"East side of Bear Creek Park parking lot","PARK":"Bear Creek Park","REFERENCE_NO":null,"COURT_TYPE":"Outdoor Pool","SURFACE_TYPE":null,"SURFACE_TREATMENT":null,"BOOKABLE":null,"LIGHTING_SYSTEM":null,"SERVICE_LEVEL":null,"COMMUNITY":"Whalley","PRIMARY_USE":"Outdoor Pool","FIELD_TYPE":null,"COMMENTS":null,"STATUS":"OPERATING","STATUS_DATE":null,"PARK_OWNERSHIP":null,"MAINTENANCE_RESPONSIBILITY":null,"OPERATIONAL_RESPONSIBILITY":null,"WORK_ASSIGNMENT":null,"BARCODE":null}},{"type":"Feature","id":3455,"geometry":{"type":"Polygon","coordinates":[[[-122.69573,49.131445],[-122.695576,49.131444],[-122.695574,49.131662],[-122.695728,49.131663],[-122.69573,49.131445]]]},"properties":{"OBJECTID":3455,"OUTDOOR_REC_FAC_TYPE2":"Courts","FACILITYID":"1001953358","DESCRIPTION":"Tennis Courts; Hazelgrove Park, 7080 190 St","LOCATION":"south of playground","PARK":"Hazelgrove Park","REFERENCE_NO":"1-2","COURT_TYPE":"Tennis","SURFACE_TYPE":"Asphalt","SURFACE_TREATMENT":null,"BOOKABLE":"N","LIGHTING_SYSTEM":null,"SERVICE_LEVEL":null,"COMMUNITY":"Cloverdale","PRIMARY_USE":"Tennis","FIELD_TYPE":null,"COMMENTS":null,"STATUS":"OPERATING","STATUS_DATE":null,"PARK_OWNERSHIP":null,"MAINTENANCE_RESPONSIBILITY":"Parks","OPERATIONAL_RESPONSIBILITY":"Parks","WORK_ASSIGNMENT":null,"BARCODE":null}},{"type":"Feature","id":3456,"geometry":{"type":"Polygon","coordinates":[[[-122.695534,49.131444],[-122.69538,49.131444],[-122.695379,49.131662],[-122.695532,49.131662],[-122.695534,49.131444]]]},"properties":{"OBJECTID":3456,"OUTDOOR_REC_FAC_TYPE2":"Courts","FACILITYID":"1001953356","DESCRIPTION":"Tennis Courts; Hazelgrove Park, 7080 190 St","LOCATION":"south of playground","PARK":"Hazelgrove Park","REFERENCE_NO":"1-1","COURT_TYPE":"Tennis","SURFACE_TYPE":"Asphalt","SURFACE_TREATMENT":null,"BOOKABLE":"N","LIGHTING_SYSTEM":null,"SERVICE_LEVEL":null,"COMMUNITY":"Cloverdale","PRIMARY_USE":"Tennis","FIELD_TYPE":null,"COMMENTS":null,"STATUS":"OPERATING","STATUS_DATE":null,"PARK_OWNERSHIP":null,"MAINTENANCE_RESPONSIBILITY":"Parks","OPERATIONAL_RESPONSIBILITY":"Parks","WORK_ASSIGNMENT":null,"BARCODE":null}},{"type":"Feature","id":3457,"geometry":{"type":"Polygon","coordinates":[[[-122.695484,49.131358],[-122.695506,49.131356],[-122.695524,49.131349],[-122.695536,49.131339],[-122.695541,49.131328],[-122.695541,49.131304],[-122.695542,49.131223],[-122.69554,49.13121],[-122.695527,49.131197],[-122.69551,49.131187],[-122.69549,49.131186],[-122.695448,49.131185],[-122.695289,49.131185],[-122.695164,49.131185],[-122.69515,49.131186],[-122.695135,49.131189],[-122.69512,49.131196],[-122.695108,49.131205],[-122.695104,49.131217],[-122.695105,49.131241],[-122.695104,49.131323],[-122.69511,49.131338],[-122.69512,49.131348],[-122.695135,49.131353],[-122.695148,49.131356],[-122.695276,49.131357],[-122.695484,49.131358]]]},"properties":{"OBJECTID":3457,"OUTDOOR_REC_FAC_TYPE2":"Courts","FACILITYID":"1001799741","DESCRIPTION":"Basketball Court; Hazelgrove Park, 7080 190 St","LOCATION":"south of tennis courts","PARK":"Hazelgrove Park","REFERENCE_NO":"2","COURT_TYPE":"Games","SURFACE_TYPE":null,"SURFACE_TREATMENT":null,"BOOKABLE":null,"LIGHTING_SYSTEM":null,"SERVICE_LEVEL":null,"COMMUNITY":"Cloverdale","PRIMARY_USE":"Basketball","FIELD_TYPE":null,"COMMENTS":null,"STATUS":"OPERATING","STATUS_DATE":null,"PARK_OWNERSHIP":null,"MAINTENANCE_RESPONSIBILITY":"Parks","OPERATIONAL_RESPONSIBILITY":"Parks","WORK_ASSIGNMENT":null,"BARCODE":null}},{"type":"Feature","id":4095,"geometry":{"type":"Polygon","coordinates":[[[-122.849957,49.196574],[-122.849865,49.196572],[-122.849817,49.196567],[-122.849767,49.196561],[-122.849751,49.196553],[-122.849742,49.196528],[-122.849738,49.196483],[-122.849742,49.196448],[-122.849747,49.196424],[-122.84937,49.196425],[-122.849371,49.196326],[-122.849031,49.196326],[-122.849035,49.196673],[-122.849235,49.196674],[-122.849235,49.196617],[-122.84925,49.196617],[-122.849543,49.196618],[-122.849543,49.196648],[-122.84967,49.196649],[-122.84967,49.196625],[-122.849912,49.196627],[-122.849912,49.196602],[-122.849957,49.196601],[-122.849957,49.196574]]]},"properties":{"OBJECTID":4095,"OUTDOOR_REC_FAC_TYPE2":"Skate Park","FACILITYID":"1001801881","DESCRIPTION":"Skate Park (Chuck Bailey); Tom Binnie Park   (Olympic Venue Site), 10665 City Parkway","LOCATION":"South of Rec Centre","PARK":"Tom Binnie Park","REFERENCE_NO":"1","COURT_TYPE":"Skate Park","SURFACE_TYPE":"Asphalt","SURFACE_TREATMENT":null,"BOOKABLE":null,"LIGHTING_SYSTEM":null,"SERVICE_LEVEL":null,"COMMUNITY":"Whalley","PRIMARY_USE":"Skateboard","FIELD_TYPE":null,"COMMENTS":null,"STATUS":"OPERATING","STATUS_DATE":null,"PARK_OWNERSHIP":null,"MAINTENANCE_RESPONSIBILITY":"PARKS","OPERATIONAL_RESPONSIBILITY":"PARKS","WORK_ASSIGNMENT":null,"BARCODE":null}},{"type":"Feature","id":4735,"geometry":{"type":"Polygon","coordinates":[[[-122.80238,49.193442],[-122.802376,49.193314],[-122.802338,49.193315],[-122.802123,49.193319],[-122.802083,49.193319],[-122.801854,49.193323],[-122.801853,49.193356],[-122.801819,49.193356],[-122.801822,49.193439],[-122.802055,49.19343],[-122.802057,49.193484],[-122.802116,49.193483],[-122.802114,49.193447],[-122.80238,49.193442]]]},"properties":{"OBJECTID":4735,"OUTDOOR_REC_FAC_TYPE2":"Skate Park","FACILITYID":"1001879039","DESCRIPTION":"Skate Park; Guildford Recreation Centre & Library Grounds, 15101 105 Ave","LOCATION":"se corner of guildford recreation centre","PARK":"Guildford Recreation Centre & Library Grounds","REFERENCE_NO":"2","COURT_TYPE":"Skate Park","SURFACE_TYPE":"Asphalt","SURFACE_TREATMENT":null,"BOOKABLE":null,"LIGHTING_SYSTEM":null,"SERVICE_LEVEL":null,"COMMUNITY":"Guildford","PRIMARY_USE":"Skateboard","FIELD_TYPE":null,"COMMENTS":null,"STATUS":"OPERATING","STATUS_DATE":null,"PARK_OWNERSHIP":null,"MAINTENANCE_RESPONSIBILITY":"Parks","OPERATIONAL_RESPONSIBILITY":"Parks","WORK_ASSIGNMENT":null,"BARCODE":null}},{"type":"Feature","id":5057,"geometry":{"type":"Polygon","coordinates":[[[-122.733811,49.115993],[-122.734156,49.116121],[-122.734272,49.115985],[-122.733938,49.115864],[-122.733811,49.115993]]]},"properties":{"OBJECTID":5057,"OUTDOOR_REC_FAC_TYPE2":"Courts","FACILITYID":"1001843466","DESCRIPTION":"Sports Court; Cloverdale Youth Park, 6240 Highway 15","LOCATION":"South side of park","PARK":"Cloverdale Youth Park","REFERENCE_NO":"1","COURT_TYPE":"Games","SURFACE_TYPE":"Other","SURFACE_TREATMENT":null,"BOOKABLE":null,"LIGHTING_SYSTEM":null,"SERVICE_LEVEL":null,"COMMUNITY":"Cloverdale","PRIMARY_USE":"Basketball","FIELD_TYPE":null,"COMMENTS":null,"STATUS":"OPERATING","STATUS_DATE":null,"PARK_OWNERSHIP":null,"MAINTENANCE_RESPONSIBILITY":"Parks","OPERATIONAL_RESPONSIBILITY":"Parks","WORK_ASSIGNMENT":null,"BARCODE":null}},{"type":"Feature","id":5695,"geometry":{"type":"Polygon","coordinates":[[[-122.851045,49.185273],[-122.850849,49.185154],[-122.850701,49.185259],[-122.850896,49.185378],[-122.851045,49.185273]]]},"properties":{"OBJECTID":5695,"OUTDOOR_REC_FAC_TYPE2":"Courts","FACILITYID":"1001873478","DESCRIPTION":"Basketball Half Court #1; Holland Park, 13428 Old Yale Road","LOCATION":"within plaza expansion NW corner of Park","PARK":"Holland Park","REFERENCE_NO":"1","COURT_TYPE":"Games","SURFACE_TYPE":"Concrete","SURFACE_TREATMENT":null,"BOOKABLE":null,"LIGHTING_SYSTEM":null,"SERVICE_LEVEL":null,"COMMUNITY":"Whalley","PRIMARY_USE":"Basketball - Half","FIELD_TYPE":null,"COMMENTS":null,"STATUS":"OPERATING","STATUS_DATE":null,"PARK_OWNERSHIP":null,"MAINTENANCE_RESPONSIBILITY":"Parks","OPERATIONAL_RESPONSIBILITY":"Parks","WORK_ASSIGNMENT":null,"BARCODE":null}},{"type":"Feature","id":5696,"geometry":{"type":"Polygon","coordinates":[[[-122.850701,49.185259],[-122.850552,49.185364],[-122.850748,49.185483],[-122.850897,49.185378],[-122.850701,49.185259]]]},"properties":{"OBJECTID":5696,"OUTDOOR_REC_FAC_TYPE2":"Courts","FACILITYID":"1001873480","DESCRIPTION":"Basketball Half Court #2; Holland Park, 13428 Old Yale Road","LOCATION":"within plaza expansion NW corner of Park","PARK":"Holland Park","REFERENCE_NO":"2","COURT_TYPE":"Games","SURFACE_TYPE":"Concrete","SURFACE_TREATMENT":null,"BOOKABLE":null,"LIGHTING_SYSTEM":null,"SERVICE_LEVEL":null,"COMMUNITY":"Whalley","PRIMARY_USE":"Basketball - Half","FIELD_TYPE":null,"COMMENTS":null,"STATUS":"OPERATING","STATUS_DATE":null,"PARK_OWNERSHIP":null,"MAINTENANCE_RESPONSIBILITY":"Parks","OPERATIONAL_RESPONSIBILITY":"Parks","WORK_ASSIGNMENT":null,"BARCODE":null}},{"type":"Feature","id":6015,"geometry":{"type":"Polygon","coordinates":[[[-122.841127,49.130863],[-122.840972,49.130862],[-122.84097,49.130907],[-122.840971,49.130916],[-122.840975,49.13092],[-122.840982,49.130925],[-122.840989,49.130926],[-122.840999,49.130926],[-122.84101,49.130927],[-122.841069,49.130927],[-122.841096,49.130927],[-122.841108,49.130926],[-122.841118,49.13092],[-122.841123,49.130917],[-122.841126,49.13091],[-122.841127,49.130904],[-122.841127,49.130863]]]},"properties":{"OBJECTID":6015,"OUTDOOR_REC_FAC_TYPE2":"Fitness Circuit","FACILITYID":"1001885267","DESCRIPTION":"Fitness Circuit; Newton Senior Centre Grounds, 13775 70 Ave","LOCATION":"adjacent to senior centre","PARK":"Newton Senior Centre Grounds","REFERENCE_NO":"062-01","COURT_TYPE":null,"SURFACE_TYPE":null,"SURFACE_TREATMENT":null,"BOOKABLE":null,"LIGHTING_SYSTEM":null,"SERVICE_LEVEL":null,"COMMUNITY":"Newton","PRIMARY_USE":null,"FIELD_TYPE":null,"COMMENTS":null,"STATUS":"OPERATING","STATUS_DATE":null,"PARK_OWNERSHIP":null,"MAINTENANCE_RESPONSIBILITY":"Parks","OPERATIONAL_RESPONSIBILITY":"Parks","WORK_ASSIGNMENT":null,"BARCODE":null}},{"type":"Feature","id":6335,"geometry":{"type":"Polygon","coordinates":[[[-122.868572,49.136098],[-122.868572,49.135966],[-122.868387,49.135967],[-122.868387,49.136099],[-122.868572,49.136098]]]},"properties":{"OBJECTID":6335,"OUTDOOR_REC_FAC_TYPE2":"Courts","FACILITYID":"1001887822","DESCRIPTION":"Basketball Half Court #1; Newton Athletic Park, 7395 128 St","LOCATION":"east of parking lot 2","PARK":"Newton Athletic Park","REFERENCE_NO":"1","COURT_TYPE":"Games","SURFACE_TYPE":"Asphalt","SURFACE_TREATMENT":null,"BOOKABLE":null,"LIGHTING_SYSTEM":null,"SERVICE_LEVEL":null,"COMMUNITY":"Newton","PRIMARY_USE":"Basketball - Half","FIELD_TYPE":null,"COMMENTS":null,"STATUS":"OPERATING","STATUS_DATE":null,"PARK_OWNERSHIP":null,"MAINTENANCE_RESPONSIBILITY":"Parks","OPERATIONAL_RESPONSIBILITY":"Parks","WORK_ASSIGNMENT":null,"BARCODE":null}},{"type":"Feature","id":6336,"geometry":{"type":"Polygon","coordinates":[[[-122.868571,49.136254],[-122.86857,49.136122],[-122.868385,49.136122],[-122.868386,49.136254],[-122.868571,49.136254]]]},"properties":{"OBJECTID":6336,"OUTDOOR_REC_FAC_TYPE2":"Courts","FACILITYID":"1001887827","DESCRIPTION":"Basketball Half Court #2; Newton Athletic Park, 7395 128 St","LOCATION":"east of parking lot 2","PARK":"Newton Athletic Park","REFERENCE_NO":"2","COURT_TYPE":"Games","SURFACE_TYPE":"Asphalt","SURFACE_TREATMENT":null,"BOOKABLE":null,"LIGHTING_SYSTEM":null,"SERVICE_LEVEL":null,"COMMUNITY":"Newton","PRIMARY_USE":"Basketball - Half","FIELD_TYPE":null,"COMMENTS":null,"STATUS":"OPERATING","STATUS_DATE":null,"PARK_OWNERSHIP":null,"MAINTENANCE_RESPONSIBILITY":"Parks","OPERATIONAL_RESPONSIBILITY":"Parks","WORK_ASSIGNMENT":null,"BARCODE":null}},{"type":"Feature","id":6337,"geometry":{"type":"Polygon","coordinates":[[[-122.868571,49.136411],[-122.868571,49.136279],[-122.868386,49.136279],[-122.868386,49.136411],[-122.868571,49.136411]]]},"properties":{"OBJECTID":6337,"OUTDOOR_REC_FAC_TYPE2":"Courts","FACILITYID":"1001887828","DESCRIPTION":"Basketball Half Court #3; Newton Athletic Park, 7395 128 St","LOCATION":"east of parking lot 2","PARK":"Newton Athletic Park","REFERENCE_NO":"3","COURT_TYPE":"Games","SURFACE_TYPE":"Asphalt","SURFACE_TREATMENT":null,"BOOKABLE":null,"LIGHTING_SYSTEM":null,"SERVICE_LEVEL":null,"COMMUNITY":"Newton","PRIMARY_USE":"Basketball - Half","FIELD_TYPE":null,"COMMENTS":null,"STATUS":"OPERATING","STATUS_DATE":null,"PARK_OWNERSHIP":null,"MAINTENANCE_RESPONSIBILITY":"Parks","OPERATIONAL_RESPONSIBILITY":"Parks","WORK_ASSIGNMENT":null,"BARCODE":null}},{"type":"Feature","id":6338,"geometry":{"type":"Polygon","coordinates":[[[-122.868571,49.136613],[-122.86857,49.136481],[-122.868385,49.136481],[-122.868386,49.136614],[-122.868571,49.136613]]]},"properties":{"OBJECTID":6338,"OUTDOOR_REC_FAC_TYPE2":"Courts","FACILITYID":"1001887829","DESCRIPTION":"Basketball Half Court #4; Newton Athletic Park, 7395 128 St","LOCATION":"east of parking lot 2","PARK":"Newton Athletic Park","REFERENCE_NO":"4","COURT_TYPE":"Games","SURFACE_TYPE":"Asphalt","SURFACE_TREATMENT":null,"BOOKABLE":null,"LIGHTING_SYSTEM":null,"SERVICE_LEVEL":null,"COMMUNITY":"Newton","PRIMARY_USE":"Basketball - Half","FIELD_TYPE":null,"COMMENTS":null,"STATUS":"OPERATING","STATUS_DATE":null,"PARK_OWNERSHIP":null,"MAINTENANCE_RESPONSIBILITY":"Parks","OPERATIONAL_RESPONSIBILITY":"Parks","WORK_ASSIGNMENT":null,"BARCODE":null}},{"type":"Feature","id":6655,"geometry":{"type":"Polygon","coordinates":[[[-122.850209,49.196536],[-122.850212,49.196492],[-122.850213,49.196439],[-122.850198,49.196411],[-122.850187,49.196404],[-122.850154,49.196401],[-122.850042,49.196399],[-122.849868,49.196402],[-122.849776,49.196405],[-122.849757,49.196423],[-122.849747,49.196458],[-122.849746,49.196518],[-122.849749,49.196538],[-122.849763,49.19656],[-122.849795,49.196562],[-122.849848,49.196566],[-122.849954,49.196566],[-122.850122,49.196567],[-122.850177,49.196562],[-122.8502,49.196552],[-122.850209,49.196536]]]},"properties":{"OBJECTID":6655,"OUTDOOR_REC_FAC_TYPE2":"Courts","FACILITYID":"1001888734","DESCRIPTION":"Games  Box; Tom Binnie Park   (Olympic Venue Site), 10665 City Parkway ","LOCATION":"adjacent to skate park","PARK":"Tom Binnie Park","REFERENCE_NO":"2","COURT_TYPE":"Games","SURFACE_TYPE":null,"SURFACE_TREATMENT":null,"BOOKABLE":null,"LIGHTING_SYSTEM":null,"SERVICE_LEVEL":null,"COMMUNITY":"Whalley","PRIMARY_USE":"Hockey","FIELD_TYPE":null,"COMMENTS":null,"STATUS":"OPERATING","STATUS_DATE":null,"PARK_OWNERSHIP":null,"MAINTENANCE_RESPONSIBILITY":"Parks","OPERATIONAL_RESPONSIBILITY":"Parks","WORK_ASSIGNMENT":null,"BARCODE":null}},{"type":"Feature","id":7615,"geometry":{"type":"Polygon","coordinates":[[[-122.840508,49.159124],[-122.840489,49.159133],[-122.840478,49.159144],[-122.840481,49.159165],[-122.840537,49.159267],[-122.840549,49.159289],[-122.840556,49.159294],[-122.840569,49.159298],[-122.840586,49.159298],[-122.8406,49.159299],[-122.840619,49.159295],[-122.840633,49.159289],[-122.840644,49.159282],[-122.840651,49.159274],[-122.840655,49.159266],[-122.84064,49.159237],[-122.840584,49.159127],[-122.840558,49.159121],[-122.840536,49.159118],[-122.840508,49.159124]]]},"properties":{"OBJECTID":7615,"OUTDOOR_REC_FAC_TYPE2":"Fitness Circuit","FACILITYID":"1001908129","DESCRIPTION":"Fitness Area; Bear Creek Park, 13750 88 Ave","LOCATION":"SE corner of track","PARK":"Bear Creek Park","REFERENCE_NO":"042-03","COURT_TYPE":null,"SURFACE_TYPE":null,"SURFACE_TREATMENT":null,"BOOKABLE":null,"LIGHTING_SYSTEM":null,"SERVICE_LEVEL":null,"COMMUNITY":"Whalley","PRIMARY_USE":null,"FIELD_TYPE":null,"COMMENTS":null,"STATUS":"OPERATING","STATUS_DATE":1289574120000,"PARK_OWNERSHIP":null,"MAINTENANCE_RESPONSIBILITY":"Parks","OPERATIONAL_RESPONSIBILITY":"Parks","WORK_ASSIGNMENT":null,"BARCODE":null}},{"type":"Feature","id":7647,"geometry":{"type":"Polygon","coordinates":[[[-122.695774,49.131356],[-122.695775,49.13119],[-122.695555,49.131189],[-122.695554,49.131356],[-122.695774,49.131356]]]},"properties":{"OBJECTID":7647,"OUTDOOR_REC_FAC_TYPE2":"Fitness Circuit","FACILITYID":"1001908364","DESCRIPTION":"Fitness Circuit; Hazelgrove Park, 7080 190 St","LOCATION":"south of tennis courts","PARK":"Hazelgrove Park","REFERENCE_NO":"068-06","COURT_TYPE":null,"SURFACE_TYPE":null,"SURFACE_TREATMENT":null,"BOOKABLE":null,"LIGHTING_SYSTEM":null,"SERVICE_LEVEL":null,"COMMUNITY":"Cloverdale","PRIMARY_USE":null,"FIELD_TYPE":null,"COMMENTS":"Parkour Court","STATUS":"OPERATING","STATUS_DATE":null,"PARK_OWNERSHIP":null,"MAINTENANCE_RESPONSIBILITY":"Parks","OPERATIONAL_RESPONSIBILITY":"Parks","WORK_ASSIGNMENT":null,"BARCODE":null}},{"type":"Feature","id":7648,"geometry":{"type":"Polygon","coordinates":[[[-122.693595,49.132323],[-122.693597,49.13123],[-122.693512,49.13123],[-122.693503,49.132322],[-122.693595,49.132323]]]},"properties":{"OBJECTID":7648,"OUTDOOR_REC_FAC_TYPE2":"Track","FACILITYID":"1001908367","DESCRIPTION":"Rubberized Running Track; Hazelgrove Park","LOCATION":"east side of park","PARK":"Hazelgrove Park","REFERENCE_NO":"1","COURT_TYPE":null,"SURFACE_TYPE":null,"SURFACE_TREATMENT":null,"BOOKABLE":null,"LIGHTING_SYSTEM":null,"SERVICE_LEVEL":null,"COMMUNITY":null,"PRIMARY_USE":null,"FIELD_TYPE":null,"COMMENTS":null,"STATUS":"OPERATING","STATUS_DATE":null,"PARK_OWNERSHIP":null,"MAINTENANCE_RESPONSIBILITY":"Parks","OPERATIONAL_RESPONSIBILITY":"Parks","WORK_ASSIGNMENT":null,"BARCODE":null}},{"type":"Feature","id":8255,"geometry":{"type":"Polygon","coordinates":[[[-122.68663,49.160579],[-122.686631,49.160465],[-122.686519,49.160464],[-122.686518,49.160578],[-122.68663,49.160579]]]},"properties":{"OBJECTID":8255,"OUTDOOR_REC_FAC_TYPE2":"Fitness Circuit","FACILITYID":"1001933987","DESCRIPTION":"Fitness Circuit; Port Kells Park, 19340 - 88 Ave","LOCATION":"SE of Playground","PARK":"Port Kells Park","REFERENCE_NO":"049-01","COURT_TYPE":null,"SURFACE_TYPE":null,"SURFACE_TREATMENT":null,"BOOKABLE":null,"LIGHTING_SYSTEM":null,"SERVICE_LEVEL":null,"COMMUNITY":"Guildford","PRIMARY_USE":null,"FIELD_TYPE":null,"COMMENTS":null,"STATUS":"OPERATING","STATUS_DATE":null,"PARK_OWNERSHIP":null,"MAINTENANCE_RESPONSIBILITY":"Parks","OPERATIONAL_RESPONSIBILITY":"Parks","WORK_ASSIGNMENT":null,"BARCODE":null}},{"type":"Feature","id":8271,"geometry":{"type":"Polygon","coordinates":[[[-122.839757,49.140595],[-122.840006,49.140541],[-122.839965,49.140457],[-122.839711,49.140514],[-122.839757,49.140595]]]},"properties":{"OBJECTID":8271,"OUTDOOR_REC_FAC_TYPE2":"Fitness Circuit","FACILITYID":"1001934045","DESCRIPTION":"Fitness Area; Frank Hurt Park, 13828 77 Ave","LOCATION":"SE of playground","PARK":"Frank Hurt Park","REFERENCE_NO":null,"COURT_TYPE":null,"SURFACE_TYPE":null,"SURFACE_TREATMENT":null,"BOOKABLE":null,"LIGHTING_SYSTEM":null,"SERVICE_LEVEL":null,"COMMUNITY":null,"PRIMARY_USE":null,"FIELD_TYPE":null,"COMMENTS":"Parkour Court","STATUS":"OPERATING","STATUS_DATE":null,"PARK_OWNERSHIP":null,"MAINTENANCE_RESPONSIBILITY":"Parks","OPERATIONAL_RESPONSIBILITY":"Parks","WORK_ASSIGNMENT":null,"BARCODE":null}},{"type":"Feature","id":8576,"geometry":{"type":"Polygon","coordinates":[[[-122.884092,49.142757],[-122.883979,49.142757],[-122.883979,49.142915],[-122.884092,49.142914],[-122.884092,49.142757]]]},"properties":{"OBJECTID":8576,"OUTDOOR_REC_FAC_TYPE2":"Courts","FACILITYID":"1001935124","DESCRIPTION":"Volleyball Court; Strawberry Hill Park, 7676 122 St","LOCATION":"NW of Softball 1","PARK":"Strawberry Hill Park","REFERENCE_NO":"1","COURT_TYPE":"Volleyball","SURFACE_TYPE":"Native Soils","SURFACE_TREATMENT":null,"BOOKABLE":null,"LIGHTING_SYSTEM":null,"SERVICE_LEVEL":null,"COMMUNITY":"Newton","PRIMARY_USE":"Volleyball","FIELD_TYPE":null,"COMMENTS":null,"STATUS":"OPERATING","STATUS_DATE":null,"PARK_OWNERSHIP":null,"MAINTENANCE_RESPONSIBILITY":"Parks","OPERATIONAL_RESPONSIBILITY":"Parks","WORK_ASSIGNMENT":null,"BARCODE":null}},{"type":"Feature","id":9215,"geometry":{"type":"Polygon","coordinates":[[[-122.811599,49.130034],[-122.811486,49.130034],[-122.811486,49.130191],[-122.811599,49.130191],[-122.811599,49.130034]]]},"properties":{"OBJECTID":9215,"OUTDOOR_REC_FAC_TYPE2":"Courts","FACILITYID":"1001942820","DESCRIPTION":"Volleyball Court; T.E. Scott Elementary School Park, 6998 148 St","LOCATION":"east of washroom","PARK":"T.E. Scott Elementary School Park","REFERENCE_NO":"1","COURT_TYPE":"Volleyball","SURFACE_TYPE":"Sand","SURFACE_TREATMENT":null,"BOOKABLE":null,"LIGHTING_SYSTEM":null,"SERVICE_LEVEL":null,"COMMUNITY":"Newton","PRIMARY_USE":"Volleyball","FIELD_TYPE":null,"COMMENTS":null,"STATUS":"OPERATING","STATUS_DATE":null,"PARK_OWNERSHIP":null,"MAINTENANCE_RESPONSIBILITY":"Parks","OPERATIONAL_RESPONSIBILITY":"Parks","WORK_ASSIGNMENT":null,"BARCODE":null}},{"type":"Feature","id":9216,"geometry":{"type":"Polygon","coordinates":[[[-122.795318,49.110347],[-122.795205,49.110347],[-122.795205,49.110505],[-122.795317,49.110505],[-122.795318,49.110347]]]},"properties":{"OBJECTID":9216,"OUTDOOR_REC_FAC_TYPE2":"Courts","FACILITYID":"1001942830","DESCRIPTION":"Volleyball Court; Kettle Crescent Park, 15434 Kildare Dr","LOCATION":"along P2","PARK":"Kettle Crescent Park","REFERENCE_NO":"1","COURT_TYPE":"Volleyball","SURFACE_TYPE":"Native Soils","SURFACE_TREATMENT":null,"BOOKABLE":null,"LIGHTING_SYSTEM":null,"SERVICE_LEVEL":null,"COMMUNITY":"Newton","PRIMARY_USE":"Volleyball","FIELD_TYPE":null,"COMMENTS":null,"STATUS":"OPERATING","STATUS_DATE":null,"PARK_OWNERSHIP":null,"MAINTENANCE_RESPONSIBILITY":"Parks","OPERATIONAL_RESPONSIBILITY":"Parks","WORK_ASSIGNMENT":null,"BARCODE":null}},{"type":"Feature","id":9856,"geometry":{"type":"Polygon","coordinates":[[[-122.834909,49.186664],[-122.834849,49.186677],[-122.834834,49.186699],[-122.834818,49.186814],[-122.834814,49.186892],[-122.834837,49.18692],[-122.834873,49.186925],[-122.834938,49.186924],[-122.83496,49.186914],[-122.835003,49.186904],[-122.835052,49.186893],[-122.835075,49.186887],[-122.83509,49.186863],[-122.835111,49.186842],[-122.835116,49.186836],[-122.835121,49.186806],[-122.835117,49.186794],[-122.835112,49.186778],[-122.835108,49.186743],[-122.835108,49.186706],[-122.835092,49.186683],[-122.835059,49.18666],[-122.835002,49.186654],[-122.834909,49.186664]]]},"properties":{"OBJECTID":9856,"OUTDOOR_REC_FAC_TYPE2":"Bike Park","FACILITYID":"1002155729","DESCRIPTION":"Bike Park; 22D - Utility ROW, 13931 100 Ave","LOCATION":"Off of P5","PARK":"22D - Utility ROW","REFERENCE_NO":"1","COURT_TYPE":"Bike Park","SURFACE_TYPE":"Crusher Dust","SURFACE_TREATMENT":null,"BOOKABLE":null,"LIGHTING_SYSTEM":"N","SERVICE_LEVEL":null,"COMMUNITY":null,"PRIMARY_USE":"Bicycle - Trials","FIELD_TYPE":null,"COMMENTS":null,"STATUS":"OPERATING","STATUS_DATE":1546300800000,"PARK_OWNERSHIP":null,"MAINTENANCE_RESPONSIBILITY":"Parks","OPERATIONAL_RESPONSIBILITY":"Parks","WORK_ASSIGNMENT":null,"BARCODE":null}},{"type":"Feature","id":10175,"geometry":{"type":"Polygon","coordinates":[[[-122.854521,49.190983],[-122.854597,49.190974],[-122.854622,49.190927],[-122.854585,49.190898],[-122.854588,49.190894],[-122.854594,49.190882],[-122.854601,49.190881],[-122.854606,49.190872],[-122.854608,49.190864],[-122.854591,49.190857],[-122.854575,49.190859],[-122.854566,49.190873],[-122.854549,49.19087],[-122.854541,49.190887],[-122.854513,49.190891],[-122.854504,49.190907],[-122.854477,49.190911],[-122.854469,49.190928],[-122.854477,49.190934],[-122.854472,49.190945],[-122.854521,49.190983]]]},"properties":{"OBJECTID":10175,"OUTDOOR_REC_FAC_TYPE2":"Fitness Circuit","FACILITYID":"1002191597","DESCRIPTION":"Rubber Safety Surface; West Village Park, 13231 103A Ave","LOCATION":"NE corner of park","PARK":"West Village Park","REFERENCE_NO":null,"COURT_TYPE":null,"SURFACE_TYPE":null,"SURFACE_TREATMENT":null,"BOOKABLE":null,"LIGHTING_SYSTEM":null,"SERVICE_LEVEL":null,"COMMUNITY":"Whalley","PRIMARY_USE":null,"FIELD_TYPE":null,"COMMENTS":"Rubberized surface","STATUS":"OPERATING","STATUS_DATE":null,"PARK_OWNERSHIP":null,"MAINTENANCE_RESPONSIBILITY":"Parks","OPERATIONAL_RESPONSIBILITY":"Parks","WORK_ASSIGNMENT":null,"BARCODE":null}},{"type":"Feature","id":10495,"geometry":{"type":"Polygon","coordinates":[[[-122.754939,49.059814],[-122.755094,49.059816],[-122.7551,49.059682],[-122.754944,49.05968],[-122.754939,49.059814]]]},"properties":{"OBJECTID":10495,"OUTDOOR_REC_FAC_TYPE2":"Courts","FACILITYID":"1002192026","DESCRIPTION":"Basketball Half Court #1; Kensington Prairie School Grounds, 16824 32 Ave","LOCATION":"adjacent to building","PARK":"Kensington Prairie School Grounds","REFERENCE_NO":"1","COURT_TYPE":"Games","SURFACE_TYPE":"Ashphalt","SURFACE_TREATMENT":null,"BOOKABLE":null,"LIGHTING_SYSTEM":null,"SERVICE_LEVEL":null,"COMMUNITY":"South Surrey","PRIMARY_USE":"Basketball - Half","FIELD_TYPE":null,"COMMENTS":null,"STATUS":"OPERATING","STATUS_DATE":null,"PARK_OWNERSHIP":null,"MAINTENANCE_RESPONSIBILITY":"Parks","OPERATIONAL_RESPONSIBILITY":"Recreation","WORK_ASSIGNMENT":null,"BARCODE":null}},{"type":"Feature","id":10815,"geometry":{"type":"Polygon","coordinates":[[[-122.819784,49.036865],[-122.819783,49.037047],[-122.819863,49.037047],[-122.819865,49.03699],[-122.819901,49.03694],[-122.819902,49.036866],[-122.819784,49.036865]]]},"properties":{"OBJECTID":10815,"OUTDOOR_REC_FAC_TYPE2":"Fitness Circuit","FACILITYID":"1002215078","DESCRIPTION":"Fitness Circuit; South Surrey Athletic Park, 1925 148 St","LOCATION":"west side of track","PARK":"South Surrey Athletic Park","REFERENCE_NO":"123-01","COURT_TYPE":null,"SURFACE_TYPE":null,"SURFACE_TREATMENT":null,"BOOKABLE":null,"LIGHTING_SYSTEM":null,"SERVICE_LEVEL":null,"COMMUNITY":"South Surrey","PRIMARY_USE":null,"FIELD_TYPE":null,"COMMENTS":null,"STATUS":"OPERATING","STATUS_DATE":null,"PARK_OWNERSHIP":null,"MAINTENANCE_RESPONSIBILITY":"Parks","OPERATIONAL_RESPONSIBILITY":"Parks","WORK_ASSIGNMENT":null,"BARCODE":null}},{"type":"Feature","id":11136,"geometry":{"type":"Polygon","coordinates":[[[-122.839178,49.162506],[-122.839191,49.162516],[-122.8392,49.162522],[-122.839209,49.162526],[-122.839224,49.162533],[-122.839239,49.162538],[-122.839258,49.162543],[-122.839272,49.162545],[-122.839282,49.162546],[-122.839295,49.162546],[-122.839312,49.162546],[-122.839378,49.162546],[-122.839623,49.162546],[-122.839828,49.162545],[-122.840171,49.162544],[-122.840396,49.162544],[-122.840477,49.162544],[-122.84059,49.162543],[-122.84063,49.162543],[-122.840652,49.162542],[-122.840679,49.162537],[-122.840696,49.162531],[-122.840716,49.162523],[-122.840732,49.162513],[-122.840744,49.162504],[-122.840754,49.162494],[-122.840764,49.162481],[-122.840768,49.162472],[-122.840772,49.162461],[-122.840774,49.162449],[-122.840774,49.16243],[-122.840773,49.162339],[-122.840773,49.162257],[-122.840773,49.162156],[-122.840772,49.162039],[-122.840771,49.161935],[-122.840771,49.161913],[-122.840771,49.161903],[-122.84077,49.161891],[-122.840766,49.161879],[-122.84076,49.161868],[-122.840752,49.161858],[-122.840742,49.161848],[-122.840733,49.161841],[-122.840718,49.161831],[-122.840711,49.161827],[-122.840697,49.161821],[-122.84068,49.161816],[-122.84066,49.161811],[-122.840638,49.161809],[-122.840613,49.161808],[-122.840573,49.161808],[-122.840451,49.161808],[-122.840174,49.161809],[-122.839933,49.161809],[-122.839736,49.16181],[-122.839524,49.16181],[-122.839351,49.161811],[-122.839305,49.161811],[-122.839283,49.161811],[-122.839266,49.161813],[-122.839256,49.161814],[-122.839233,49.16182],[-122.839214,49.161827],[-122.839198,49.161835],[-122.839184,49.161844],[-122.839176,49.16185],[-122.839167,49.161859],[-122.83916,49.161868],[-122.839154,49.161877],[-122.839151,49.161884],[-122.839148,49.161895],[-122.839146,49.161906],[-122.839146,49.161917],[-122.839147,49.162015],[-122.839147,49.162065],[-122.839147,49.162136],[-122.839148,49.162249],[-122.839148,49.162315],[-122.839148,49.162343],[-122.839149,49.162414],[-122.839149,49.162438],[-122.839149,49.162448],[-122.83915,49.162461],[-122.839153,49.16247],[-122.839157,49.16248],[-122.839162,49.162489],[-122.839171,49.1625],[-122.839178,49.162506]],[[-122.839275,49.162498],[-122.83926,49.162494],[-122.839243,49.162485],[-122.839232,49.162477],[-122.839226,49.16247],[-122.83922,49.162458],[-122.839219,49.162452],[-122.839219,49.162438],[-122.839218,49.162379],[-122.839218,49.162245],[-122.839217,49.162092],[-122.839216,49.161936],[-122.839216,49.16192],[-122.839216,49.161904],[-122.839219,49.161896],[-122.839224,49.161887],[-122.839227,49.161882],[-122.839234,49.161876],[-122.839246,49.161869],[-122.839257,49.161864],[-122.839269,49.16186],[-122.839283,49.161857],[-122.83929,49.161857],[-122.839332,49.161857],[-122.839417,49.161856],[-122.839698,49.161856],[-122.839942,49.161855],[-122.840239,49.161855],[-122.840498,49.161854],[-122.840576,49.161854],[-122.840603,49.161854],[-122.840628,49.161854],[-122.840638,49.161855],[-122.840654,49.161858],[-122.840666,49.161863],[-122.840679,49.16187],[-122.840688,49.161877],[-122.840694,49.161885],[-122.840697,49.16189],[-122.8407,49.161896],[-122.840701,49.161901],[-122.840701,49.161917],[-122.840702,49.161947],[-122.840702,49.162073],[-122.840703,49.162222],[-122.840705,49.162373],[-122.840706,49.162424],[-122.840706,49.162443],[-122.840705,49.162453],[-122.840699,49.162466],[-122.840693,49.162474],[-122.840684,49.162482],[-122.840673,49.162488],[-122.840658,49.162494],[-122.840641,49.162497],[-122.840626,49.162499],[-122.840598,49.162499],[-122.840558,49.162499],[-122.840513,49.162498],[-122.840133,49.162499],[-122.839779,49.162499],[-122.839466,49.1625],[-122.839328,49.1625],[-122.839288,49.1625],[-122.839275,49.162498]]]},"properties":{"OBJECTID":11136,"OUTDOOR_REC_FAC_TYPE2":"Track","FACILITYID":"1002229709","DESCRIPTION":"Rubberized Walking Loop; Bear Creek Oval, 13750 88 Ave","LOCATION":"arond Soccer Field #2","PARK":"Bear Creek Park","REFERENCE_NO":"2","COURT_TYPE":null,"SURFACE_TYPE":null,"SURFACE_TREATMENT":null,"BOOKABLE":null,"LIGHTING_SYSTEM":null,"SERVICE_LEVEL":null,"COMMUNITY":null,"PRIMARY_USE":null,"FIELD_TYPE":null,"COMMENTS":null,"STATUS":"OPERATING","STATUS_DATE":null,"PARK_OWNERSHIP":null,"MAINTENANCE_RESPONSIBILITY":null,"OPERATIONAL_RESPONSIBILITY":null,"WORK_ASSIGNMENT":null,"BARCODE":null}},{"type":"Feature","id":11455,"geometry":{"type":"Polygon","coordinates":[[[-122.857278,49.050754],[-122.857375,49.050775],[-122.857572,49.050821],[-122.857741,49.050866],[-122.857847,49.050896],[-122.857957,49.050914],[-122.858084,49.050924],[-122.858252,49.050929],[-122.858395,49.050925],[-122.858527,49.050928],[-122.858773,49.050941],[-122.858889,49.05095],[-122.859009,49.050987],[-122.859105,49.051007],[-122.859167,49.051004],[-122.85925,49.050956],[-122.859313,49.05092],[-122.859292,49.05085],[-122.859183,49.050746],[-122.858989,49.050722],[-122.858631,49.050677],[-122.857944,49.050602],[-122.857459,49.050551],[-122.85731,49.05061],[-122.857255,49.050687],[-122.857278,49.050754]]]},"properties":{"OBJECTID":11455,"OUTDOOR_REC_FAC_TYPE2":"Fitness Circuit","FACILITYID":"1002291586","DESCRIPTION":"Fitness Circuit; Crescent Park, 2585 132 St","LOCATION":"adjacent to softball 1","PARK":"Crescent Park","REFERENCE_NO":"111-03","COURT_TYPE":null,"SURFACE_TYPE":null,"SURFACE_TREATMENT":null,"BOOKABLE":null,"LIGHTING_SYSTEM":null,"SERVICE_LEVEL":null,"COMMUNITY":null,"PRIMARY_USE":null,"FIELD_TYPE":null,"COMMENTS":null,"STATUS":"OPERATING","STATUS_DATE":null,"PARK_OWNERSHIP":null,"MAINTENANCE_RESPONSIBILITY":"Parks","OPERATIONAL_RESPONSIBILITY":"Parks","WORK_ASSIGNMENT":null,"BARCODE":null}},{"type":"Feature","id":11782,"geometry":{"type":"Polygon","coordinates":[[[-122.818147,49.041862],[-122.818222,49.041888],[-122.818309,49.041781],[-122.818234,49.041755],[-122.818147,49.041862]]]},"properties":{"OBJECTID":11782,"OUTDOOR_REC_FAC_TYPE2":"Courts","FACILITYID":"1002305176","DESCRIPTION":"12 Pickle Ball Courts; South Surrey Athletic Park, 1925 148 St","LOCATION":"on top of reservoir","PARK":"South Surrey Athletic Park","REFERENCE_NO":"9","COURT_TYPE":"Pickleball","SURFACE_TYPE":"Asphalt","SURFACE_TREATMENT":null,"BOOKABLE":null,"LIGHTING_SYSTEM":null,"SERVICE_LEVEL":null,"COMMUNITY":"South Surrey","PRIMARY_USE":"Pickle Ball","FIELD_TYPE":null,"COMMENTS":"Colored & Painted  - Pickleball","STATUS":"OPERATING","STATUS_DATE":null,"PARK_OWNERSHIP":null,"MAINTENANCE_RESPONSIBILITY":"Parks","OPERATIONAL_RESPONSIBILITY":"Parks","WORK_ASSIGNMENT":null,"BARCODE":null}},{"type":"Feature","id":11783,"geometry":{"type":"Polygon","coordinates":[[[-122.818268,49.041916],[-122.818342,49.041942],[-122.818429,49.041835],[-122.818355,49.041809],[-122.818268,49.041916]]]},"properties":{"OBJECTID":11783,"OUTDOOR_REC_FAC_TYPE2":"Courts","FACILITYID":"1002305177","DESCRIPTION":"12 Pickle Ball Courts; South Surrey Athletic Park, 1925 148 St","LOCATION":"on top of reservoir","PARK":"South Surrey Athletic Park","REFERENCE_NO":"10","COURT_TYPE":"Pickleball","SURFACE_TYPE":"Asphalt","SURFACE_TREATMENT":null,"BOOKABLE":null,"LIGHTING_SYSTEM":null,"SERVICE_LEVEL":null,"COMMUNITY":"South Surrey","PRIMARY_USE":"Pickle Ball","FIELD_TYPE":null,"COMMENTS":"Colored & Painted  - Pickleball","STATUS":"OPERATING","STATUS_DATE":null,"PARK_OWNERSHIP":null,"MAINTENANCE_RESPONSIBILITY":"Parks","OPERATIONAL_RESPONSIBILITY":"Parks","WORK_ASSIGNMENT":null,"BARCODE":null}},{"type":"Feature","id":11784,"geometry":{"type":"Polygon","coordinates":[[[-122.818304,49.041715],[-122.818378,49.041741],[-122.818465,49.041634],[-122.818391,49.041608],[-122.818304,49.041715]]]},"properties":{"OBJECTID":11784,"OUTDOOR_REC_FAC_TYPE2":"Courts","FACILITYID":"1002305178","DESCRIPTION":"12 Pickle Ball Courts; South Surrey Athletic Park, 1925 148 St","LOCATION":"on top of reservoir","PARK":"South Surrey Athletic Park","REFERENCE_NO":"8","COURT_TYPE":"Pickleball","SURFACE_TYPE":"Asphalt","SURFACE_TREATMENT":null,"BOOKABLE":null,"LIGHTING_SYSTEM":null,"SERVICE_LEVEL":null,"COMMUNITY":"South Surrey","PRIMARY_USE":"Pickle Ball","FIELD_TYPE":null,"COMMENTS":"Colored & Painted  - Pickleball","STATUS":"OPERATING","STATUS_DATE":null,"PARK_OWNERSHIP":null,"MAINTENANCE_RESPONSIBILITY":"Parks","OPERATIONAL_RESPONSIBILITY":"Parks","WORK_ASSIGNMENT":null,"BARCODE":null}},{"type":"Feature","id":11785,"geometry":{"type":"Polygon","coordinates":[[[-122.818398,49.041749],[-122.818472,49.041775],[-122.818559,49.041668],[-122.818485,49.041642],[-122.818398,49.041749]]]},"properties":{"OBJECTID":11785,"OUTDOOR_REC_FAC_TYPE2":"Courts","FACILITYID":"1002305179","DESCRIPTION":"12 Pickle Ball Courts; South Surrey Athletic Park, 1925 148 St","LOCATION":"on top of reservoir","PARK":"South Surrey Athletic Park","REFERENCE_NO":"7","COURT_TYPE":"Pickleball","SURFACE_TYPE":"Asphalt","SURFACE_TREATMENT":null,"BOOKABLE":null,"LIGHTING_SYSTEM":null,"SERVICE_LEVEL":null,"COMMUNITY":"South Surrey","PRIMARY_USE":"Pickle Ball","FIELD_TYPE":null,"COMMENTS":"Colored & Painted  - Pickleball","STATUS":"OPERATING","STATUS_DATE":null,"PARK_OWNERSHIP":null,"MAINTENANCE_RESPONSIBILITY":"Parks","OPERATIONAL_RESPONSIBILITY":"Parks","WORK_ASSIGNMENT":null,"BARCODE":null}},{"type":"Feature","id":11786,"geometry":{"type":"Polygon","coordinates":[[[-122.818415,49.041968],[-122.818489,49.041995],[-122.818576,49.041888],[-122.818502,49.041862],[-122.818415,49.041968]]]},"properties":{"OBJECTID":11786,"OUTDOOR_REC_FAC_TYPE2":"Courts","FACILITYID":"1002305180","DESCRIPTION":"12 Pickle Ball Courts; South Surrey Athletic Park, 1925 148 St","LOCATION":"on top of reservoir","PARK":"South Surrey Athletic Park","REFERENCE_NO":"11","COURT_TYPE":"Pickleball","SURFACE_TYPE":"Asphalt","SURFACE_TREATMENT":null,"BOOKABLE":null,"LIGHTING_SYSTEM":null,"SERVICE_LEVEL":null,"COMMUNITY":"South Surrey","PRIMARY_USE":"Pickle Ball","FIELD_TYPE":null,"COMMENTS":"Colored & Painted  - Pickleball","STATUS":"OPERATING","STATUS_DATE":null,"PARK_OWNERSHIP":null,"MAINTENANCE_RESPONSIBILITY":"Parks","OPERATIONAL_RESPONSIBILITY":"Parks","WORK_ASSIGNMENT":null,"BARCODE":null}},{"type":"Feature","id":11787,"geometry":{"type":"Polygon","coordinates":[[[-122.818542,49.04201],[-122.818616,49.042036],[-122.818703,49.041929],[-122.818629,49.041903],[-122.818542,49.04201]]]},"properties":{"OBJECTID":11787,"OUTDOOR_REC_FAC_TYPE2":"Courts","FACILITYID":"1002305181","DESCRIPTION":"12 Pickle Ball Courts; South Surrey Athletic Park, 1925 148 St","LOCATION":"on top of reservoir","PARK":"South Surrey Athletic Park","REFERENCE_NO":"12","COURT_TYPE":"Pickleball","SURFACE_TYPE":"Asphalt","SURFACE_TREATMENT":null,"BOOKABLE":null,"LIGHTING_SYSTEM":null,"SERVICE_LEVEL":null,"COMMUNITY":"South Surrey","PRIMARY_USE":"Pickle Ball","FIELD_TYPE":null,"COMMENTS":"Colored & Painted  - Pickleball","STATUS":"OPERATING","STATUS_DATE":null,"PARK_OWNERSHIP":null,"MAINTENANCE_RESPONSIBILITY":"Parks","OPERATIONAL_RESPONSIBILITY":"Parks","WORK_ASSIGNMENT":null,"BARCODE":null}},{"type":"Feature","id":11788,"geometry":{"type":"Polygon","coordinates":[[[-122.818419,49.041552],[-122.818493,49.041578],[-122.81858,49.041472],[-122.818506,49.041446],[-122.818419,49.041552]]]},"properties":{"OBJECTID":11788,"OUTDOOR_REC_FAC_TYPE2":"Courts","FACILITYID":"1002305182","DESCRIPTION":"12 Pickle Ball Courts; South Surrey Athletic Park, 1925 148 St","LOCATION":"on top of reservoir","PARK":"South Surrey Athletic Park","REFERENCE_NO":"1","COURT_TYPE":"Pickleball","SURFACE_TYPE":"Asphalt","SURFACE_TREATMENT":null,"BOOKABLE":null,"LIGHTING_SYSTEM":null,"SERVICE_LEVEL":null,"COMMUNITY":"South Surrey","PRIMARY_USE":"Pickle Ball","FIELD_TYPE":null,"COMMENTS":"Colored & Painted  - Pickleball","STATUS":"OPERATING","STATUS_DATE":null,"PARK_OWNERSHIP":null,"MAINTENANCE_RESPONSIBILITY":"Parks","OPERATIONAL_RESPONSIBILITY":"Parks","WORK_ASSIGNMENT":null,"BARCODE":null}},{"type":"Feature","id":11789,"geometry":{"type":"Polygon","coordinates":[[[-122.818542,49.041588],[-122.818616,49.041614],[-122.818703,49.041508],[-122.818629,49.041481],[-122.818542,49.041588]]]},"properties":{"OBJECTID":11789,"OUTDOOR_REC_FAC_TYPE2":"Courts","FACILITYID":"1002305183","DESCRIPTION":"12 Pickle Ball Courts; South Surrey Athletic Park, 1925 148 St","LOCATION":"on top of reservoir","PARK":"South Surrey Athletic Park","REFERENCE_NO":"2","COURT_TYPE":"Pickleball","SURFACE_TYPE":"Asphalt","SURFACE_TREATMENT":null,"BOOKABLE":null,"LIGHTING_SYSTEM":null,"SERVICE_LEVEL":null,"COMMUNITY":"South Surrey","PRIMARY_USE":"Pickle Ball","FIELD_TYPE":null,"COMMENTS":"Colored & Painted  - Pickleball","STATUS":"OPERATING","STATUS_DATE":null,"PARK_OWNERSHIP":null,"MAINTENANCE_RESPONSIBILITY":"Parks","OPERATIONAL_RESPONSIBILITY":"Parks","WORK_ASSIGNMENT":null,"BARCODE":null}},{"type":"Feature","id":11790,"geometry":{"type":"Polygon","coordinates":[[[-122.818539,49.041807],[-122.818613,49.041833],[-122.8187,49.041727],[-122.818626,49.041701],[-122.818539,49.041807]]]},"properties":{"OBJECTID":11790,"OUTDOOR_REC_FAC_TYPE2":"Courts","FACILITYID":"1002305184","DESCRIPTION":"12 Pickle Ball Courts; South Surrey Athletic Park, 1925 148 St","LOCATION":"on top of reservoir","PARK":"South Surrey Athletic Park","REFERENCE_NO":"6","COURT_TYPE":"Pickleball","SURFACE_TYPE":"Asphalt","SURFACE_TREATMENT":null,"BOOKABLE":null,"LIGHTING_SYSTEM":null,"SERVICE_LEVEL":null,"COMMUNITY":"South Surrey","PRIMARY_USE":"Pickle Ball","FIELD_TYPE":null,"COMMENTS":"Colored & Painted  - Pickleball","STATUS":"OPERATING","STATUS_DATE":null,"PARK_OWNERSHIP":null,"MAINTENANCE_RESPONSIBILITY":"Parks","OPERATIONAL_RESPONSIBILITY":"Parks","WORK_ASSIGNMENT":null,"BARCODE":null}},{"type":"Feature","id":11791,"geometry":{"type":"Polygon","coordinates":[[[-122.818633,49.041841],[-122.818707,49.041867],[-122.818794,49.041761],[-122.81872,49.041735],[-122.818633,49.041841]]]},"properties":{"OBJECTID":11791,"OUTDOOR_REC_FAC_TYPE2":"Courts","FACILITYID":"1002305185","DESCRIPTION":"12 Pickle Ball Courts; South Surrey Athletic Park, 1925 148 St","LOCATION":"on top of reservoir","PARK":"South Surrey Athletic Park","REFERENCE_NO":"5","COURT_TYPE":"Pickleball","SURFACE_TYPE":"Asphalt","SURFACE_TREATMENT":null,"BOOKABLE":null,"LIGHTING_SYSTEM":null,"SERVICE_LEVEL":null,"COMMUNITY":"South Surrey","PRIMARY_USE":"Pickle Ball","FIELD_TYPE":null,"COMMENTS":"Colored & Painted  - Pickleball","STATUS":"OPERATING","STATUS_DATE":null,"PARK_OWNERSHIP":null,"MAINTENANCE_RESPONSIBILITY":"Parks","OPERATIONAL_RESPONSIBILITY":"Parks","WORK_ASSIGNMENT":null,"BARCODE":null}},{"type":"Feature","id":11792,"geometry":{"type":"Polygon","coordinates":[[[-122.818703,49.041638],[-122.818777,49.041664],[-122.818864,49.041558],[-122.81879,49.041532],[-122.818703,49.041638]]]},"properties":{"OBJECTID":11792,"OUTDOOR_REC_FAC_TYPE2":"Courts","FACILITYID":"1002305186","DESCRIPTION":"12 Pickle Ball Courts; South Surrey Athletic Park, 1925 148 St","LOCATION":"on top of reservoir","PARK":"South Surrey Athletic Park","REFERENCE_NO":"3","COURT_TYPE":"Pickleball","SURFACE_TYPE":"Asphalt","SURFACE_TREATMENT":null,"BOOKABLE":null,"LIGHTING_SYSTEM":null,"SERVICE_LEVEL":null,"COMMUNITY":"South Surrey","PRIMARY_USE":"Pickle Ball","FIELD_TYPE":null,"COMMENTS":"Colored & Painted  - Pickleball","STATUS":"OPERATING","STATUS_DATE":null,"PARK_OWNERSHIP":null,"MAINTENANCE_RESPONSIBILITY":"Parks","OPERATIONAL_RESPONSIBILITY":"Parks","WORK_ASSIGNMENT":null,"BARCODE":null}},{"type":"Feature","id":11793,"geometry":{"type":"Polygon","coordinates":[[[-122.818806,49.041689],[-122.81888,49.041715],[-122.818967,49.041609],[-122.818893,49.041583],[-122.818806,49.041689]]]},"properties":{"OBJECTID":11793,"OUTDOOR_REC_FAC_TYPE2":"Courts","FACILITYID":"1002305187","DESCRIPTION":"12 Pickle Ball Courts; South Surrey Athletic Park, 1925 148 St","LOCATION":"on top of reservoir","PARK":"South Surrey Athletic Park","REFERENCE_NO":"4","COURT_TYPE":"Pickleball","SURFACE_TYPE":"Asphalt","SURFACE_TREATMENT":null,"BOOKABLE":null,"LIGHTING_SYSTEM":null,"SERVICE_LEVEL":null,"COMMUNITY":"South Surrey","PRIMARY_USE":"Pickle Ball","FIELD_TYPE":null,"COMMENTS":"Colored & Painted  - Pickleball","STATUS":"OPERATING","STATUS_DATE":null,"PARK_OWNERSHIP":null,"MAINTENANCE_RESPONSIBILITY":"Parks","OPERATIONAL_RESPONSIBILITY":"Parks","WORK_ASSIGNMENT":null,"BARCODE":null}},{"type":"Feature","id":12095,"geometry":{"type":"Polygon","coordinates":[[[-122.764542,49.043307],[-122.764349,49.043224],[-122.764155,49.043431],[-122.764345,49.043511],[-122.764542,49.043307]]]},"properties":{"OBJECTID":12095,"OUTDOOR_REC_FAC_TYPE2":"Courts","FACILITYID":"1002307487","DESCRIPTION":"Basketball Court; Edgewood Park, 2284 165 St","LOCATION":"adjacent to playground","PARK":"Edgewood Park","REFERENCE_NO":"1","COURT_TYPE":"Games","SURFACE_TYPE":"Asphalt","SURFACE_TREATMENT":null,"BOOKABLE":null,"LIGHTING_SYSTEM":null,"SERVICE_LEVEL":null,"COMMUNITY":"South Surrey","PRIMARY_USE":"Basketball","FIELD_TYPE":null,"COMMENTS":null,"STATUS":"OPERATING","STATUS_DATE":null,"PARK_OWNERSHIP":null,"MAINTENANCE_RESPONSIBILITY":"Parks","OPERATIONAL_RESPONSIBILITY":"Parks","WORK_ASSIGNMENT":null,"BARCODE":null}},{"type":"Feature","id":12111,"geometry":{"type":"Polygon","coordinates":[[[-122.888946,49.130794],[-122.888833,49.130794],[-122.888833,49.130952],[-122.888946,49.130952],[-122.888946,49.130794]]]},"properties":{"OBJECTID":12111,"OUTDOOR_REC_FAC_TYPE2":"Courts","FACILITYID":"1002307490","DESCRIPTION":"Volleyball Court; Kabaddi Park, 7017 122 St","LOCATION":"west side of Park","PARK":"Kabaddi Park","REFERENCE_NO":"2","COURT_TYPE":"Volleyball","SURFACE_TYPE":"Rubber","SURFACE_TREATMENT":null,"BOOKABLE":null,"LIGHTING_SYSTEM":null,"SERVICE_LEVEL":null,"COMMUNITY":"Newton","PRIMARY_USE":"Volleyball","FIELD_TYPE":null,"COMMENTS":null,"STATUS":"OPERATING","STATUS_DATE":null,"PARK_OWNERSHIP":null,"MAINTENANCE_RESPONSIBILITY":"Parks","OPERATIONAL_RESPONSIBILITY":"Parks","WORK_ASSIGNMENT":null,"BARCODE":null}},{"type":"Feature","id":12415,"geometry":{"type":"Polygon","coordinates":[[[-122.727537,49.11227],[-122.727537,49.11215],[-122.727455,49.11215],[-122.727455,49.11227],[-122.727537,49.11227]]]},"properties":{"OBJECTID":12415,"OUTDOOR_REC_FAC_TYPE2":"Courts","FACILITYID":"1002317512","DESCRIPTION":"Pickle Ball Court; Greenaway Park, 17905 60 Ave","LOCATION":"withn Park","PARK":"Greenaway Park","REFERENCE_NO":"8","COURT_TYPE":"Pickleball","SURFACE_TYPE":"Asphalt","SURFACE_TREATMENT":null,"BOOKABLE":null,"LIGHTING_SYSTEM":null,"SERVICE_LEVEL":null,"COMMUNITY":"Cloverdale","PRIMARY_USE":"Pickle Ball","FIELD_TYPE":null,"COMMENTS":"Colored & Painted  - Pickleball","STATUS":"OPERATING","STATUS_DATE":null,"PARK_OWNERSHIP":null,"MAINTENANCE_RESPONSIBILITY":"Parks","OPERATIONAL_RESPONSIBILITY":"Parks","WORK_ASSIGNMENT":null,"BARCODE":null}},{"type":"Feature","id":12416,"geometry":{"type":"Polygon","coordinates":[[[-122.727428,49.11227],[-122.727428,49.11215],[-122.727347,49.11215],[-122.727346,49.11227],[-122.727428,49.11227]]]},"properties":{"OBJECTID":12416,"OUTDOOR_REC_FAC_TYPE2":"Courts","FACILITYID":"1002317514","DESCRIPTION":"Pickle Ball Court; Greenaway Park, 17905 60 Ave","LOCATION":"withn Park","PARK":"Greenaway Park","REFERENCE_NO":"7","COURT_TYPE":"Pickleball","SURFACE_TYPE":"Asphalt","SURFACE_TREATMENT":null,"BOOKABLE":null,"LIGHTING_SYSTEM":null,"SERVICE_LEVEL":null,"COMMUNITY":"Cloverdale","PRIMARY_USE":"Pickle Ball","FIELD_TYPE":null,"COMMENTS":"Colored & Painted  - Pickleball","STATUS":"OPERATING","STATUS_DATE":null,"PARK_OWNERSHIP":null,"MAINTENANCE_RESPONSIBILITY":"Parks","OPERATIONAL_RESPONSIBILITY":"Parks","WORK_ASSIGNMENT":null,"BARCODE":null}},{"type":"Feature","id":12417,"geometry":{"type":"Polygon","coordinates":[[[-122.727323,49.112271],[-122.727323,49.112151],[-122.727241,49.112151],[-122.727241,49.112271],[-122.727323,49.112271]]]},"properties":{"OBJECTID":12417,"OUTDOOR_REC_FAC_TYPE2":"Courts","FACILITYID":"1002317515","DESCRIPTION":"Pickle Ball Court; Greenaway Park, 17905 60 Ave","LOCATION":"withn Park","PARK":"Greenaway Park","REFERENCE_NO":"6","COURT_TYPE":"Pickleball","SURFACE_TYPE":"Asphalt","SURFACE_TREATMENT":null,"BOOKABLE":null,"LIGHTING_SYSTEM":null,"SERVICE_LEVEL":null,"COMMUNITY":"Cloverdale","PRIMARY_USE":"Pickle Ball","FIELD_TYPE":null,"COMMENTS":"Colored & Painted  - Pickleball","STATUS":"OPERATING","STATUS_DATE":null,"PARK_OWNERSHIP":null,"MAINTENANCE_RESPONSIBILITY":"Parks","OPERATIONAL_RESPONSIBILITY":"Parks","WORK_ASSIGNMENT":null,"BARCODE":null}},{"type":"Feature","id":12418,"geometry":{"type":"Polygon","coordinates":[[[-122.727215,49.11227],[-122.727215,49.11215],[-122.727133,49.11215],[-122.727133,49.112269],[-122.727215,49.11227]]]},"properties":{"OBJECTID":12418,"OUTDOOR_REC_FAC_TYPE2":"Courts","FACILITYID":"1002317517","DESCRIPTION":"Pickle Ball Court; Greenaway Park, 17905 60 Ave","LOCATION":"withn Park","PARK":"Greenaway Park","REFERENCE_NO":"5","COURT_TYPE":"Pickleball","SURFACE_TYPE":"Asphalt","SURFACE_TREATMENT":null,"BOOKABLE":null,"LIGHTING_SYSTEM":null,"SERVICE_LEVEL":null,"COMMUNITY":"Cloverdale","PRIMARY_USE":"Pickle Ball","FIELD_TYPE":null,"COMMENTS":"Colored & Painted  - Pickleball","STATUS":"OPERATING","STATUS_DATE":null,"PARK_OWNERSHIP":null,"MAINTENANCE_RESPONSIBILITY":"Parks","OPERATIONAL_RESPONSIBILITY":"Parks","WORK_ASSIGNMENT":null,"BARCODE":null}},{"type":"Feature","id":12419,"geometry":{"type":"Polygon","coordinates":[[[-122.727538,49.112108],[-122.727539,49.111988],[-122.727457,49.111988],[-122.727456,49.112108],[-122.727538,49.112108]]]},"properties":{"OBJECTID":12419,"OUTDOOR_REC_FAC_TYPE2":"Courts","FACILITYID":"1002317518","DESCRIPTION":"Pickle Ball Court; Greenaway Park, 17905 60 Ave","LOCATION":"withn Park","PARK":"Greenaway Park","REFERENCE_NO":"4","COURT_TYPE":"Pickleball","SURFACE_TYPE":"Asphalt","SURFACE_TREATMENT":null,"BOOKABLE":null,"LIGHTING_SYSTEM":null,"SERVICE_LEVEL":null,"COMMUNITY":"Cloverdale","PRIMARY_USE":"Pickle Ball","FIELD_TYPE":null,"COMMENTS":"Colored & Painted  - Pickleball","STATUS":"OPERATING","STATUS_DATE":null,"PARK_OWNERSHIP":null,"MAINTENANCE_RESPONSIBILITY":"Parks","OPERATIONAL_RESPONSIBILITY":"Parks","WORK_ASSIGNMENT":null,"BARCODE":null}},{"type":"Feature","id":12420,"geometry":{"type":"Polygon","coordinates":[[[-122.72743,49.112105],[-122.727431,49.111985],[-122.727349,49.111985],[-122.727348,49.112105],[-122.72743,49.112105]]]},"properties":{"OBJECTID":12420,"OUTDOOR_REC_FAC_TYPE2":"Courts","FACILITYID":"1002317519","DESCRIPTION":"Pickle Ball Court; Greenaway Park, 17905 60 Ave","LOCATION":"withn Park","PARK":"Greenaway Park","REFERENCE_NO":"3","COURT_TYPE":"Pickleball","SURFACE_TYPE":"Asphalt","SURFACE_TREATMENT":null,"BOOKABLE":null,"LIGHTING_SYSTEM":null,"SERVICE_LEVEL":null,"COMMUNITY":"Cloverdale","PRIMARY_USE":"Pickle Ball","FIELD_TYPE":null,"COMMENTS":"Colored & Painted  - Pickleball","STATUS":"OPERATING","STATUS_DATE":null,"PARK_OWNERSHIP":null,"MAINTENANCE_RESPONSIBILITY":"Parks","OPERATIONAL_RESPONSIBILITY":"Parks","WORK_ASSIGNMENT":null,"BARCODE":null}},{"type":"Feature","id":12421,"geometry":{"type":"Polygon","coordinates":[[[-122.727324,49.112106],[-122.727324,49.111986],[-122.727242,49.111986],[-122.727242,49.112106],[-122.727324,49.112106]]]},"properties":{"OBJECTID":12421,"OUTDOOR_REC_FAC_TYPE2":"Courts","FACILITYID":"1002317520","DESCRIPTION":"Pickle Ball Court; Greenaway Park, 17905 60 Ave","LOCATION":"withn Park","PARK":"Greenaway Park","REFERENCE_NO":"2","COURT_TYPE":"Pickleball","SURFACE_TYPE":"Asphalt","SURFACE_TREATMENT":null,"BOOKABLE":null,"LIGHTING_SYSTEM":null,"SERVICE_LEVEL":null,"COMMUNITY":"Cloverdale","PRIMARY_USE":"Pickle Ball","FIELD_TYPE":null,"COMMENTS":"Colored & Painted  - Pickleball","STATUS":"OPERATING","STATUS_DATE":null,"PARK_OWNERSHIP":null,"MAINTENANCE_RESPONSIBILITY":"Parks","OPERATIONAL_RESPONSIBILITY":"Parks","WORK_ASSIGNMENT":null,"BARCODE":null}},{"type":"Feature","id":12422,"geometry":{"type":"Polygon","coordinates":[[[-122.72722,49.112105],[-122.727221,49.111985],[-122.727139,49.111985],[-122.727138,49.112105],[-122.72722,49.112105]]]},"properties":{"OBJECTID":12422,"OUTDOOR_REC_FAC_TYPE2":"Courts","FACILITYID":"1002317521","DESCRIPTION":"Pickle Ball Court; Greenaway Park, 17905 60 Ave","LOCATION":"withn Park","PARK":"Greenaway Park","REFERENCE_NO":"1","COURT_TYPE":"Pickleball","SURFACE_TYPE":"Asphalt","SURFACE_TREATMENT":null,"BOOKABLE":null,"LIGHTING_SYSTEM":null,"SERVICE_LEVEL":null,"COMMUNITY":"Cloverdale","PRIMARY_USE":"Pickle Ball","FIELD_TYPE":null,"COMMENTS":"Colored & Painted  - Pickleball","STATUS":"OPERATING","STATUS_DATE":null,"PARK_OWNERSHIP":null,"MAINTENANCE_RESPONSIBILITY":"Parks","OPERATIONAL_RESPONSIBILITY":"Parks","WORK_ASSIGNMENT":null,"BARCODE":null}},{"type":"Feature","id":12735,"geometry":{"type":"Polygon","coordinates":[[[-122.709439,49.115701],[-122.709425,49.115494],[-122.709266,49.115497],[-122.709278,49.1157],[-122.709439,49.115701]]]},"properties":{"OBJECTID":12735,"OUTDOOR_REC_FAC_TYPE2":"Courts","FACILITYID":"1002319618","DESCRIPTION":"Volleyball Court; Don Christian Park, 6220 184 St","LOCATION":"south of soccer fields","PARK":"Don Christian Park","REFERENCE_NO":"3","COURT_TYPE":"Volleyball","SURFACE_TYPE":"Sand","SURFACE_TREATMENT":null,"BOOKABLE":"N","LIGHTING_SYSTEM":null,"SERVICE_LEVEL":null,"COMMUNITY":"Cloverdale","PRIMARY_USE":"Volleyball","FIELD_TYPE":null,"COMMENTS":null,"STATUS":"OPERATING","STATUS_DATE":null,"PARK_OWNERSHIP":null,"MAINTENANCE_RESPONSIBILITY":"PARKS","OPERATIONAL_RESPONSIBILITY":"PARKS","WORK_ASSIGNMENT":null,"BARCODE":null}},{"type":"Feature","id":13055,"geometry":{"type":"Polygon","coordinates":[[[-122.780877,49.146937],[-122.780876,49.147097],[-122.781031,49.147098],[-122.781032,49.146937],[-122.780877,49.146937]]]},"properties":{"OBJECTID":13055,"OUTDOOR_REC_FAC_TYPE2":"Courts","FACILITYID":"1002325163","DESCRIPTION":"Volleyball Court #1; Fleetwood Park, 15802 80 Ave","LOCATION":"North of volleyball court #2","PARK":"Fleetwood Park","REFERENCE_NO":"1","COURT_TYPE":"Volleyball","SURFACE_TYPE":"Sand","SURFACE_TREATMENT":null,"BOOKABLE":"N","LIGHTING_SYSTEM":null,"SERVICE_LEVEL":null,"COMMUNITY":"Fleetwood","PRIMARY_USE":"Volleyball","FIELD_TYPE":null,"COMMENTS":null,"STATUS":"OPERATING","STATUS_DATE":1068643260000,"PARK_OWNERSHIP":null,"MAINTENANCE_RESPONSIBILITY":"PARKS","OPERATIONAL_RESPONSIBILITY":"PARKS","WORK_ASSIGNMENT":null,"BARCODE":null}},{"type":"Feature","id":13056,"geometry":{"type":"Polygon","coordinates":[[[-122.7807,49.14694],[-122.780699,49.1471],[-122.780854,49.147101],[-122.780855,49.14694],[-122.7807,49.14694]]]},"properties":{"OBJECTID":13056,"OUTDOOR_REC_FAC_TYPE2":"Courts","FACILITYID":"1002325164","DESCRIPTION":"Volleyball Court #2; Fleetwood Park, 15802 80 Ave","LOCATION":"North of volleyball court #2","PARK":"Fleetwood Park","REFERENCE_NO":"2","COURT_TYPE":"Volleyball","SURFACE_TYPE":"Sand","SURFACE_TREATMENT":null,"BOOKABLE":"N","LIGHTING_SYSTEM":null,"SERVICE_LEVEL":null,"COMMUNITY":"Fleetwood","PRIMARY_USE":"Volleyball","FIELD_TYPE":null,"COMMENTS":null,"STATUS":"OPERATING","STATUS_DATE":1068643260000,"PARK_OWNERSHIP":null,"MAINTENANCE_RESPONSIBILITY":"PARKS","OPERATIONAL_RESPONSIBILITY":"PARKS","WORK_ASSIGNMENT":null,"BARCODE":null}},{"type":"Feature","id":13057,"geometry":{"type":"Polygon","coordinates":[[[-122.780516,49.146939],[-122.780515,49.1471],[-122.78067,49.1471],[-122.780671,49.14694],[-122.780516,49.146939]]]},"properties":{"OBJECTID":13057,"OUTDOOR_REC_FAC_TYPE2":"Courts","FACILITYID":"1002325165","DESCRIPTION":"Volleyball Court #3; Fleetwood Park, 15802 80 Ave","LOCATION":"North of volleyball court #2","PARK":"Fleetwood Park","REFERENCE_NO":"3","COURT_TYPE":"Volleyball","SURFACE_TYPE":"Sand","SURFACE_TREATMENT":null,"BOOKABLE":"N","LIGHTING_SYSTEM":null,"SERVICE_LEVEL":null,"COMMUNITY":"Fleetwood","PRIMARY_USE":"Volleyball","FIELD_TYPE":null,"COMMENTS":null,"STATUS":"OPERATING","STATUS_DATE":1068643260000,"PARK_OWNERSHIP":null,"MAINTENANCE_RESPONSIBILITY":"PARKS","OPERATIONAL_RESPONSIBILITY":"PARKS","WORK_ASSIGNMENT":null,"BARCODE":null}},{"type":"Feature","id":14335,"geometry":{"type":"Polygon","coordinates":[[[-122.859106,49.047755],[-122.859106,49.047875],[-122.859189,49.047876],[-122.85919,49.047755],[-122.859106,49.047755]]]},"properties":{"OBJECTID":14335,"OUTDOOR_REC_FAC_TYPE2":"Courts","FACILITYID":"1002331961","DESCRIPTION":"Pickleball Court; Crescent Park, 2585 132 St","LOCATION":"south of Cricket Pitch","PARK":"Crescent Park","REFERENCE_NO":"8","COURT_TYPE":"Pickleball","SURFACE_TYPE":"Asphalt","SURFACE_TREATMENT":null,"BOOKABLE":"N","LIGHTING_SYSTEM":"Y","SERVICE_LEVEL":null,"COMMUNITY":"South Surrey","PRIMARY_USE":"Pickleball","FIELD_TYPE":null,"COMMENTS":"Pickleball","STATUS":"OPERATING","STATUS_DATE":null,"PARK_OWNERSHIP":null,"MAINTENANCE_RESPONSIBILITY":"PARKS","OPERATIONAL_RESPONSIBILITY":"PARKS","WORK_ASSIGNMENT":null,"BARCODE":null}},{"type":"Feature","id":14337,"geometry":{"type":"Polygon","coordinates":[[[-122.858956,49.047755],[-122.858955,49.047875],[-122.859039,49.047875],[-122.859039,49.047755],[-122.858956,49.047755]]]},"properties":{"OBJECTID":14337,"OUTDOOR_REC_FAC_TYPE2":"Courts","FACILITYID":"1002331964","DESCRIPTION":"Pickleball Court; Crescent Park, 2585 132 St","LOCATION":"south of Cricket Pitch","PARK":"Crescent Park","REFERENCE_NO":"7","COURT_TYPE":"Pickleball","SURFACE_TYPE":"Asphalt","SURFACE_TREATMENT":null,"BOOKABLE":"N","LIGHTING_SYSTEM":"Y","SERVICE_LEVEL":null,"COMMUNITY":"South Surrey","PRIMARY_USE":"Pickleball","FIELD_TYPE":null,"COMMENTS":"Pickleball","STATUS":"OPERATING","STATUS_DATE":null,"PARK_OWNERSHIP":null,"MAINTENANCE_RESPONSIBILITY":"PARKS","OPERATIONAL_RESPONSIBILITY":"PARKS","WORK_ASSIGNMENT":null,"BARCODE":null}},{"type":"Feature","id":14338,"geometry":{"type":"Polygon","coordinates":[[[-122.858742,49.047754],[-122.858742,49.047875],[-122.858825,49.047875],[-122.858826,49.047754],[-122.858742,49.047754]]]},"properties":{"OBJECTID":14338,"OUTDOOR_REC_FAC_TYPE2":"Courts","FACILITYID":"1002331965","DESCRIPTION":"Pickleball Court; Crescent Park, 2585 132 St","LOCATION":"south of Cricket Pitch","PARK":"Crescent Park","REFERENCE_NO":"6","COURT_TYPE":"Pickleball","SURFACE_TYPE":"Asphalt","SURFACE_TREATMENT":null,"BOOKABLE":"N","LIGHTING_SYSTEM":"Y","SERVICE_LEVEL":null,"COMMUNITY":"South Surrey","PRIMARY_USE":"Pickleball","FIELD_TYPE":null,"COMMENTS":"Pickleball","STATUS":"OPERATING","STATUS_DATE":null,"PARK_OWNERSHIP":null,"MAINTENANCE_RESPONSIBILITY":"PARKS","OPERATIONAL_RESPONSIBILITY":"PARKS","WORK_ASSIGNMENT":null,"BARCODE":null}},{"type":"Feature","id":14341,"geometry":{"type":"Polygon","coordinates":[[[-122.858592,49.047754],[-122.858591,49.047875],[-122.858675,49.047875],[-122.858675,49.047754],[-122.858592,49.047754]]]},"properties":{"OBJECTID":14341,"OUTDOOR_REC_FAC_TYPE2":"Courts","FACILITYID":"1002331968","DESCRIPTION":"Pickleball Court; Crescent Park, 2585 132 St","LOCATION":"south of Cricket Pitch","PARK":"Crescent Park","REFERENCE_NO":"3","COURT_TYPE":"Pickleball","SURFACE_TYPE":"Asphalt","SURFACE_TREATMENT":null,"BOOKABLE":"N","LIGHTING_SYSTEM":"Y","SERVICE_LEVEL":null,"COMMUNITY":"South Surrey","PRIMARY_USE":"Pickleball","FIELD_TYPE":null,"COMMENTS":"Pickleball","STATUS":"OPERATING","STATUS_DATE":null,"PARK_OWNERSHIP":null,"MAINTENANCE_RESPONSIBILITY":"PARKS","OPERATIONAL_RESPONSIBILITY":"PARKS","WORK_ASSIGNMENT":null,"BARCODE":null}},{"type":"Feature","id":14342,"geometry":{"type":"Polygon","coordinates":[[[-122.858378,49.047754],[-122.858378,49.047875],[-122.858461,49.047875],[-122.858462,49.047754],[-122.858378,49.047754]]]},"properties":{"OBJECTID":14342,"OUTDOOR_REC_FAC_TYPE2":"Courts","FACILITYID":"1002331969","DESCRIPTION":"Pickleball Court; Crescent Park, 2585 132 St","LOCATION":"south of Cricket Pitch","PARK":"Crescent Park","REFERENCE_NO":"2","COURT_TYPE":"Pickleball","SURFACE_TYPE":"Asphalt","SURFACE_TREATMENT":null,"BOOKABLE":"N","LIGHTING_SYSTEM":"Y","SERVICE_LEVEL":null,"COMMUNITY":"South Surrey","PRIMARY_USE":"Pickleball","FIELD_TYPE":null,"COMMENTS":"Pickleball","STATUS":"OPERATING","STATUS_DATE":null,"PARK_OWNERSHIP":null,"MAINTENANCE_RESPONSIBILITY":"PARKS","OPERATIONAL_RESPONSIBILITY":"PARKS","WORK_ASSIGNMENT":null,"BARCODE":null}},{"type":"Feature","id":14344,"geometry":{"type":"Polygon","coordinates":[[[-122.858228,49.047754],[-122.858227,49.047874],[-122.858311,49.047874],[-122.858311,49.047754],[-122.858228,49.047754]]]},"properties":{"OBJECTID":14344,"OUTDOOR_REC_FAC_TYPE2":"Courts","FACILITYID":"1002331971","DESCRIPTION":"Pickleball Court; Crescent Park, 2585 132 St","LOCATION":"south of Cricket Pitch","PARK":"Crescent Park","REFERENCE_NO":"1","COURT_TYPE":"Pickleball","SURFACE_TYPE":"Asphalt","SURFACE_TREATMENT":null,"BOOKABLE":"N","LIGHTING_SYSTEM":"Y","SERVICE_LEVEL":null,"COMMUNITY":"South Surrey","PRIMARY_USE":"Pickleball","FIELD_TYPE":null,"COMMENTS":"Pickleball","STATUS":"OPERATING","STATUS_DATE":null,"PARK_OWNERSHIP":null,"MAINTENANCE_RESPONSIBILITY":"PARKS","OPERATIONAL_RESPONSIBILITY":"PARKS","WORK_ASSIGNMENT":null,"BARCODE":null}},{"type":"Feature","id":14347,"geometry":{"type":"Polygon","coordinates":[[[-122.858743,49.047574],[-122.858742,49.047694],[-122.858826,49.047694],[-122.858826,49.047574],[-122.858743,49.047574]]]},"properties":{"OBJECTID":14347,"OUTDOOR_REC_FAC_TYPE2":"Courts","FACILITYID":"1002331974","DESCRIPTION":"Pickleball Court; Crescent Park, 2585 132 St","LOCATION":"south of Cricket Pitch","PARK":"Crescent Park","REFERENCE_NO":"5","COURT_TYPE":"Pickleball","SURFACE_TYPE":"Asphalt","SURFACE_TREATMENT":null,"BOOKABLE":"N","LIGHTING_SYSTEM":"Y","SERVICE_LEVEL":null,"COMMUNITY":"South Surrey","PRIMARY_USE":"Pickleball","FIELD_TYPE":null,"COMMENTS":"Pickleball","STATUS":"OPERATING","STATUS_DATE":null,"PARK_OWNERSHIP":null,"MAINTENANCE_RESPONSIBILITY":"PARKS","OPERATIONAL_RESPONSIBILITY":"PARKS","WORK_ASSIGNMENT":null,"BARCODE":null}},{"type":"Feature","id":14349,"geometry":{"type":"Polygon","coordinates":[[[-122.858592,49.047573],[-122.858592,49.047694],[-122.858675,49.047694],[-122.858676,49.047573],[-122.858592,49.047573]]]},"properties":{"OBJECTID":14349,"OUTDOOR_REC_FAC_TYPE2":"Courts","FACILITYID":"1002331976","DESCRIPTION":"Pickleball Court; Crescent Park, 2585 132 St","LOCATION":"south of Cricket Pitch","PARK":"Crescent Park","REFERENCE_NO":"4","COURT_TYPE":"Pickleball","SURFACE_TYPE":"Asphalt","SURFACE_TREATMENT":null,"BOOKABLE":"N","LIGHTING_SYSTEM":"Y","SERVICE_LEVEL":null,"COMMUNITY":"South Surrey","PRIMARY_USE":"Pickleball","FIELD_TYPE":null,"COMMENTS":"Pickleball","STATUS":"OPERATING","STATUS_DATE":null,"PARK_OWNERSHIP":null,"MAINTENANCE_RESPONSIBILITY":"PARKS","OPERATIONAL_RESPONSIBILITY":"PARKS","WORK_ASSIGNMENT":null,"BARCODE":null}},{"type":"Feature","id":14977,"geometry":{"type":"Polygon","coordinates":[[[-122.8655,49.112716],[-122.865452,49.112734],[-122.865429,49.112755],[-122.865404,49.112851],[-122.865414,49.112883],[-122.865446,49.112919],[-122.865506,49.112944],[-122.865569,49.112947],[-122.865601,49.112935],[-122.865634,49.112903],[-122.865668,49.112855],[-122.86571,49.112806],[-122.865745,49.112765],[-122.865771,49.112734],[-122.865741,49.112711],[-122.865667,49.112708],[-122.865609,49.112712],[-122.865554,49.11271],[-122.8655,49.112716]]]},"properties":{"OBJECTID":14977,"OUTDOOR_REC_FAC_TYPE2":"Bike Park","FACILITYID":"1002487839","DESCRIPTION":"Bike Park; Panorama Park, 12863 60 Ave","LOCATION":"east of playground","PARK":"Panorama Park","REFERENCE_NO":"1","COURT_TYPE":"Bike Park","SURFACE_TYPE":"Dirt","SURFACE_TREATMENT":null,"BOOKABLE":"N","LIGHTING_SYSTEM":"N","SERVICE_LEVEL":null,"COMMUNITY":"Newton","PRIMARY_USE":"Bicycle - Dirt Jumps","FIELD_TYPE":null,"COMMENTS":null,"STATUS":"OPERATING","STATUS_DATE":null,"PARK_OWNERSHIP":null,"MAINTENANCE_RESPONSIBILITY":"Parks","OPERATIONAL_RESPONSIBILITY":"Parks","WORK_ASSIGNMENT":null,"BARCODE":null}},{"type":"Feature","id":14983,"geometry":{"type":"Polygon","coordinates":[[[-122.687696,49.160006],[-122.687777,49.160025],[-122.687835,49.160034],[-122.687877,49.160045],[-122.688246,49.160049],[-122.688389,49.160021],[-122.688453,49.16],[-122.688487,49.159979],[-122.688491,49.159967],[-122.688488,49.159941],[-122.688462,49.159909],[-122.688312,49.159939],[-122.688248,49.159948],[-122.688148,49.159958],[-122.688036,49.159954],[-122.687993,49.159951],[-122.687794,49.159899],[-122.687737,49.159881],[-122.687695,49.159887],[-122.68766,49.15993],[-122.687648,49.159969],[-122.687696,49.160006]]]},"properties":{"OBJECTID":14983,"OUTDOOR_REC_FAC_TYPE2":"Bike Park","FACILITYID":"1002487846","DESCRIPTION":"Bike Park; Port Kells Park, 19340 88 Ave","LOCATION":"south of paved parking lot","PARK":"Port Kells Park","REFERENCE_NO":"1","COURT_TYPE":"Bike Park","SURFACE_TYPE":"Dirt","SURFACE_TREATMENT":null,"BOOKABLE":"N","LIGHTING_SYSTEM":"N","SERVICE_LEVEL":null,"COMMUNITY":"Guildford","PRIMARY_USE":"Bicycle - Dirt Jumps","FIELD_TYPE":null,"COMMENTS":null,"STATUS":"OPERATING","STATUS_DATE":1307013240000,"PARK_OWNERSHIP":null,"MAINTENANCE_RESPONSIBILITY":"Parks","OPERATIONAL_RESPONSIBILITY":"Parks","WORK_ASSIGNMENT":null,"BARCODE":null}},{"type":"Feature","id":14985,"geometry":{"type":"Polygon","coordinates":[[[-122.866508,49.029388],[-122.866481,49.029398],[-122.866468,49.029423],[-122.866475,49.029456],[-122.866518,49.029466],[-122.866537,49.029486],[-122.866532,49.029497],[-122.866519,49.029508],[-122.866478,49.02952],[-122.866467,49.029534],[-122.866476,49.029556],[-122.866503,49.029576],[-122.866546,49.029585],[-122.866574,49.029585],[-122.866589,49.029574],[-122.866592,49.029524],[-122.866585,49.029427],[-122.866581,49.029397],[-122.866543,49.029388],[-122.866508,49.029388]]]},"properties":{"OBJECTID":14985,"OUTDOOR_REC_FAC_TYPE2":"Bike Park","FACILITYID":"1002487848","DESCRIPTION":"Bike Park; Fun Fun Park, 1472 - 128 St","LOCATION":"North of playground","PARK":"Fun Fun Park","REFERENCE_NO":"1","COURT_TYPE":"Bike Park","SURFACE_TYPE":"Dirt","SURFACE_TREATMENT":null,"BOOKABLE":null,"LIGHTING_SYSTEM":null,"SERVICE_LEVEL":null,"COMMUNITY":"South Surrey","PRIMARY_USE":"Bicycle - Dirt Jumps","FIELD_TYPE":null,"COMMENTS":"Pump Track","STATUS":"OPERATING","STATUS_DATE":null,"PARK_OWNERSHIP":null,"MAINTENANCE_RESPONSIBILITY":"Parks","OPERATIONAL_RESPONSIBILITY":"Parks","WORK_ASSIGNMENT":null,"BARCODE":null}},{"type":"Feature","id":15295,"geometry":{"type":"Polygon","coordinates":[[[-122.889163,49.130805],[-122.889051,49.130805],[-122.889051,49.130963],[-122.889163,49.130963],[-122.889163,49.130805]]]},"properties":{"OBJECTID":15295,"OUTDOOR_REC_FAC_TYPE2":"Courts","FACILITYID":"1002501304","DESCRIPTION":"Volleyball Court; Kabaddi Park, 7017 122 St","LOCATION":"west side of Park","PARK":"Kabaddi Park","REFERENCE_NO":"1","COURT_TYPE":"Volleyball","SURFACE_TYPE":"Rubber","SURFACE_TREATMENT":null,"BOOKABLE":null,"LIGHTING_SYSTEM":null,"SERVICE_LEVEL":null,"COMMUNITY":"Newton","PRIMARY_USE":"Volleyball","FIELD_TYPE":null,"COMMENTS":null,"STATUS":"OPERATING","STATUS_DATE":null,"PARK_OWNERSHIP":null,"MAINTENANCE_RESPONSIBILITY":"Parks","OPERATIONAL_RESPONSIBILITY":"Parks","WORK_ASSIGNMENT":null,"BARCODE":null}},{"type":"Feature","id":15615,"geometry":{"type":"Polygon","coordinates":[[[-122.694249,49.134506],[-122.694271,49.134506],[-122.694271,49.134482],[-122.69425,49.134481],[-122.694249,49.134506]]]},"properties":{"OBJECTID":15615,"OUTDOOR_REC_FAC_TYPE2":"Courts","FACILITYID":"1002502765","DESCRIPTION":"Table Tennis Courts; Salmonberry Park, 19077 72 Ave","LOCATION":"north of community garden","PARK":null,"REFERENCE_NO":null,"COURT_TYPE":"Games","SURFACE_TYPE":null,"SURFACE_TREATMENT":null,"BOOKABLE":null,"LIGHTING_SYSTEM":null,"SERVICE_LEVEL":null,"COMMUNITY":"Cloverdale","PRIMARY_USE":"Games","FIELD_TYPE":null,"COMMENTS":null,"STATUS":"OPERATING","STATUS_DATE":null,"PARK_OWNERSHIP":null,"MAINTENANCE_RESPONSIBILITY":"Parks","OPERATIONAL_RESPONSIBILITY":"Parks","WORK_ASSIGNMENT":null,"BARCODE":null}},{"type":"Feature","id":15617,"geometry":{"type":"Polygon","coordinates":[[[-122.794482,49.049657],[-122.794855,49.049673],[-122.794869,49.049528],[-122.794496,49.049512],[-122.794482,49.049657]]]},"properties":{"OBJECTID":15617,"OUTDOOR_REC_FAC_TYPE2":"Courts","FACILITYID":"1002503009","DESCRIPTION":"Games Court; Sunnyside Park, 15455 26 Ave","LOCATION":"next to washroom along 26 Ave","PARK":"Sunnyside Park","REFERENCE_NO":null,"COURT_TYPE":"Games","SURFACE_TYPE":null,"SURFACE_TREATMENT":null,"BOOKABLE":null,"LIGHTING_SYSTEM":null,"SERVICE_LEVEL":null,"COMMUNITY":null,"PRIMARY_USE":null,"FIELD_TYPE":null,"COMMENTS":null,"STATUS":"OPERATING","STATUS_DATE":null,"PARK_OWNERSHIP":null,"MAINTENANCE_RESPONSIBILITY":"Parks","OPERATIONAL_RESPONSIBILITY":"Parks","WORK_ASSIGNMENT":null,"BARCODE":null}},{"type":"Feature","id":15935,"geometry":{"type":"Polygon","coordinates":[[[-122.87057,49.20083],[-122.870553,49.200834],[-122.870526,49.200852],[-122.870497,49.200875],[-122.870497,49.20089],[-122.870511,49.200905],[-122.87054,49.200921],[-122.870642,49.200988],[-122.870663,49.200995],[-122.870682,49.200994],[-122.870704,49.200986],[-122.870735,49.200963],[-122.87075,49.200951],[-122.870751,49.200942],[-122.87075,49.200934],[-122.870746,49.200927],[-122.870714,49.200903],[-122.870626,49.200848],[-122.870596,49.200831],[-122.870584,49.200829],[-122.87057,49.20083]]]},"properties":{"OBJECTID":15935,"OUTDOOR_REC_FAC_TYPE2":"Courts","FACILITYID":"1002521203","DESCRIPTION":"Games Court; North Surrey Sports & Ice Centre Grounds, 10950 126A St","LOCATION":"adjacent to parking lot","PARK":"North Surrey Sports & Ice Centre Grounds","REFERENCE_NO":"1","COURT_TYPE":"Games","SURFACE_TYPE":null,"SURFACE_TREATMENT":null,"BOOKABLE":null,"LIGHTING_SYSTEM":null,"SERVICE_LEVEL":null,"COMMUNITY":null,"PRIMARY_USE":null,"FIELD_TYPE":null,"COMMENTS":null,"STATUS":"OPERATING","STATUS_DATE":null,"PARK_OWNERSHIP":null,"MAINTENANCE_RESPONSIBILITY":"Parks","OPERATIONAL_RESPONSIBILITY":"Parks","WORK_ASSIGNMENT":null,"BARCODE":null}},{"type":"Feature","id":15936,"geometry":{"type":"Polygon","coordinates":[[[-122.870714,49.200736],[-122.870697,49.200741],[-122.87067,49.200758],[-122.870641,49.200781],[-122.870641,49.200796],[-122.870655,49.200811],[-122.870684,49.200828],[-122.870786,49.200894],[-122.870807,49.200901],[-122.870826,49.2009],[-122.870848,49.200892],[-122.870879,49.20087],[-122.870894,49.200858],[-122.870895,49.200849],[-122.870894,49.200841],[-122.87089,49.200834],[-122.870858,49.200809],[-122.87077,49.200754],[-122.87074,49.200738],[-122.870728,49.200736],[-122.870714,49.200736]]]},"properties":{"OBJECTID":15936,"OUTDOOR_REC_FAC_TYPE2":"Courts","FACILITYID":"1002521204","DESCRIPTION":"Games Court; North Surrey Sports & Ice Centre Grounds, 10950 126A St","LOCATION":"adjacent to parking lot","PARK":"North Surrey Sports & Ice Centre Grounds","REFERENCE_NO":"2","COURT_TYPE":"Games","SURFACE_TYPE":null,"SURFACE_TREATMENT":null,"BOOKABLE":null,"LIGHTING_SYSTEM":null,"SERVICE_LEVEL":null,"COMMUNITY":null,"PRIMARY_USE":null,"FIELD_TYPE":null,"COMMENTS":null,"STATUS":"OPERATING","STATUS_DATE":null,"PARK_OWNERSHIP":null,"MAINTENANCE_RESPONSIBILITY":"Parks","OPERATIONAL_RESPONSIBILITY":"Parks","WORK_ASSIGNMENT":null,"BARCODE":null}},{"type":"Feature","id":16255,"geometry":{"type":"Polygon","coordinates":[[[-122.811522,49.196288],[-122.811523,49.196083],[-122.811333,49.196083],[-122.811332,49.196288],[-122.811522,49.196288]]]},"properties":{"OBJECTID":16255,"OUTDOOR_REC_FAC_TYPE2":"Courts","FACILITYID":"1002534927","DESCRIPTION":"Volleyball Court; Holly Park, 10706 148 St","LOCATION":"east of outdoor pool","PARK":"Holly Park","REFERENCE_NO":"1","COURT_TYPE":"Volleyball","SURFACE_TYPE":"Sand","SURFACE_TREATMENT":null,"BOOKABLE":null,"LIGHTING_SYSTEM":null,"SERVICE_LEVEL":null,"COMMUNITY":"Guildford","PRIMARY_USE":"Volleyball","FIELD_TYPE":null,"COMMENTS":null,"STATUS":"OPERATING","STATUS_DATE":null,"PARK_OWNERSHIP":null,"MAINTENANCE_RESPONSIBILITY":"Parks","OPERATIONAL_RESPONSIBILITY":"Parks","WORK_ASSIGNMENT":null,"BARCODE":null}},{"type":"Feature","id":16576,"geometry":{"type":"Polygon","coordinates":[[[-122.889248,49.131022],[-122.889251,49.131022],[-122.889278,49.131019],[-122.889281,49.131019],[-122.889284,49.131018],[-122.889286,49.131017],[-122.889288,49.131015],[-122.88929,49.131014],[-122.889302,49.131],[-122.889303,49.130999],[-122.889304,49.130997],[-122.889304,49.130996],[-122.889304,49.130995],[-122.889314,49.130776],[-122.889314,49.130774],[-122.889314,49.130773],[-122.889313,49.130771],[-122.889312,49.13077],[-122.889311,49.130769],[-122.889311,49.130769],[-122.889276,49.130736],[-122.889275,49.130735],[-122.889273,49.130733],[-122.889235,49.130712],[-122.889232,49.130711],[-122.889232,49.130711],[-122.889174,49.130691],[-122.88917,49.13069],[-122.889166,49.130689],[-122.88757,49.130657],[-122.88755,49.130657],[-122.887514,49.130643],[-122.887495,49.130632],[-122.887462,49.130609],[-122.887447,49.130578],[-122.887429,49.130306],[-122.887428,49.130304],[-122.887427,49.130302],[-122.88741,49.130272],[-122.887409,49.13027],[-122.887407,49.130268],[-122.887376,49.130243],[-122.887376,49.130243],[-122.887374,49.130242],[-122.887374,49.130242],[-122.887347,49.130227],[-122.887345,49.130226],[-122.887343,49.130226],[-122.887317,49.130218],[-122.887315,49.130218],[-122.887312,49.130217],[-122.887267,49.130214],[-122.887265,49.130214],[-122.885567,49.130213],[-122.885566,49.130213],[-122.885505,49.130217],[-122.885503,49.130217],[-122.885502,49.130217],[-122.885453,49.130226],[-122.885452,49.130226],[-122.88545,49.130226],[-122.885405,49.130241],[-122.885402,49.130242],[-122.8854,49.130244],[-122.885366,49.130269],[-122.885366,49.130269],[-122.885365,49.13027],[-122.88535,49.130284],[-122.885349,49.130285],[-122.885348,49.130286],[-122.885329,49.130316],[-122.885328,49.130317],[-122.885328,49.130318],[-122.885327,49.130319],[-122.885327,49.13032],[-122.88532,49.13058],[-122.885317,49.130697],[-122.885315,49.130801],[-122.885315,49.130802],[-122.885319,49.130824],[-122.885319,49.130825],[-122.88532,49.130827],[-122.88532,49.130828],[-122.885342,49.130858],[-122.885343,49.130859],[-122.885344,49.13086],[-122.885462,49.130953],[-122.885463,49.130954],[-122.885482,49.130966],[-122.885485,49.130967],[-122.885488,49.130968],[-122.885506,49.130974],[-122.885509,49.130974],[-122.885512,49.130974],[-122.889248,49.131022]],[[-122.887306,49.13024],[-122.887327,49.130246],[-122.887351,49.130258],[-122.887379,49.130281],[-122.887394,49.130308],[-122.887413,49.130581],[-122.887413,49.130582],[-122.887414,49.130584],[-122.887431,49.130618],[-122.887432,49.13062],[-122.887433,49.130622],[-122.887435,49.130623],[-122.887471,49.130648],[-122.887472,49.130648],[-122.887493,49.13066],[-122.887495,49.130661],[-122.887537,49.130678],[-122.887541,49.130679],[-122.887545,49.130679],[-122.887568,49.13068],[-122.889161,49.130712],[-122.889214,49.13073],[-122.889249,49.13075],[-122.88928,49.130779],[-122.88927,49.130991],[-122.889265,49.130998],[-122.889247,49.131],[-122.885516,49.130952],[-122.885504,49.130949],[-122.885488,49.130938],[-122.885372,49.130847],[-122.885353,49.13082],[-122.88535,49.1308],[-122.885351,49.130698],[-122.885354,49.130581],[-122.885361,49.130323],[-122.885379,49.130296],[-122.885393,49.130284],[-122.885424,49.13026],[-122.885464,49.130247],[-122.885509,49.130239],[-122.885568,49.130236],[-122.887264,49.130236],[-122.887306,49.13024]]]},"properties":{"OBJECTID":16576,"OUTDOOR_REC_FAC_TYPE2":"Track","FACILITYID":"1002564382","DESCRIPTION":"Rubberized Walking Track; Kabaddi Park, 7017 122 St","LOCATION":"Walking Loop throughout park","PARK":"Kabaddi Park","REFERENCE_NO":"1","COURT_TYPE":null,"SURFACE_TYPE":null,"SURFACE_TREATMENT":null,"BOOKABLE":null,"LIGHTING_SYSTEM":null,"SERVICE_LEVEL":null,"COMMUNITY":"Newton","PRIMARY_USE":null,"FIELD_TYPE":null,"COMMENTS":null,"STATUS":"OPERATING","STATUS_DATE":null,"PARK_OWNERSHIP":null,"MAINTENANCE_RESPONSIBILITY":"Parks","OPERATIONAL_RESPONSIBILITY":"Parks","WORK_ASSIGNMENT":null,"BARCODE":null}},{"type":"Feature","id":16578,"geometry":{"type":"Polygon","coordinates":[[[-122.86948,49.13585],[-122.869483,49.13585],[-122.869486,49.135849],[-122.86953,49.13584],[-122.869533,49.135839],[-122.869536,49.135838],[-122.869539,49.135836],[-122.869541,49.135834],[-122.869577,49.135793],[-122.869683,49.135678],[-122.869828,49.135526],[-122.869851,49.135507],[-122.869871,49.135496],[-122.869937,49.135485],[-122.870078,49.13546],[-122.870268,49.135429],[-122.870269,49.135429],[-122.870347,49.135413],[-122.87035,49.135412],[-122.870353,49.135411],[-122.870356,49.13541],[-122.870393,49.135387],[-122.870395,49.135386],[-122.870398,49.135384],[-122.8704,49.135382],[-122.870401,49.13538],[-122.870403,49.135378],[-122.870418,49.135333],[-122.870418,49.135333],[-122.870418,49.13533],[-122.870417,49.135205],[-122.870413,49.135092],[-122.870413,49.135091],[-122.87041,49.135065],[-122.870412,49.13504],[-122.870411,49.135037],[-122.870411,49.135035],[-122.87041,49.135033],[-122.870409,49.135032],[-122.870407,49.13503],[-122.870405,49.135029],[-122.870403,49.135028],[-122.870368,49.135011],[-122.870365,49.13501],[-122.870362,49.135009],[-122.870199,49.134974],[-122.870196,49.134974],[-122.870059,49.134958],[-122.870055,49.134958],[-122.870051,49.134958],[-122.87002,49.134962],[-122.870017,49.134963],[-122.870015,49.134963],[-122.869975,49.134976],[-122.869972,49.134977],[-122.86997,49.134978],[-122.869967,49.134981],[-122.869933,49.135014],[-122.869933,49.135015],[-122.869932,49.135016],[-122.869818,49.135161],[-122.869603,49.13541],[-122.869602,49.135411],[-122.869534,49.135496],[-122.869517,49.135507],[-122.869491,49.135518],[-122.869448,49.135522],[-122.869302,49.135522],[-122.869147,49.13552],[-122.869146,49.13552],[-122.869116,49.135521],[-122.869111,49.135522],[-122.869107,49.135523],[-122.86908,49.135532],[-122.869078,49.135533],[-122.869076,49.135534],[-122.869043,49.135554],[-122.869041,49.135555],[-122.86904,49.135556],[-122.869038,49.135558],[-122.869037,49.13556],[-122.869025,49.135585],[-122.869024,49.135587],[-122.869024,49.135588],[-122.869017,49.135641],[-122.869017,49.135642],[-122.869017,49.135642],[-122.869021,49.135765],[-122.869022,49.135767],[-122.869029,49.135794],[-122.869029,49.135796],[-122.86903,49.135797],[-122.869031,49.135799],[-122.869033,49.1358],[-122.869061,49.135824],[-122.869063,49.135826],[-122.869065,49.135827],[-122.869083,49.135836],[-122.869085,49.135837],[-122.869103,49.135844],[-122.869107,49.135845],[-122.869112,49.135846],[-122.869208,49.13585],[-122.869209,49.13585],[-122.869319,49.135849],[-122.86948,49.13585]],[[-122.86921,49.135823],[-122.86912,49.135819],[-122.869107,49.135814],[-122.869092,49.135807],[-122.869068,49.135786],[-122.869062,49.135763],[-122.869058,49.135642],[-122.869064,49.135592],[-122.869075,49.135572],[-122.869102,49.135556],[-122.869122,49.135548],[-122.869147,49.135547],[-122.869302,49.135549],[-122.86945,49.135549],[-122.869453,49.135549],[-122.869502,49.135545],[-122.869506,49.135544],[-122.86951,49.135542],[-122.869542,49.135529],[-122.869544,49.135528],[-122.869545,49.135527],[-122.869565,49.135513],[-122.869567,49.135512],[-122.869569,49.13551],[-122.869638,49.135424],[-122.869854,49.135174],[-122.869854,49.135174],[-122.869968,49.135029],[-122.869998,49.134998],[-122.870031,49.134988],[-122.870055,49.134985],[-122.870188,49.135],[-122.870346,49.135034],[-122.87037,49.135045],[-122.870369,49.135065],[-122.870369,49.135066],[-122.870369,49.135067],[-122.870372,49.135093],[-122.870376,49.135205],[-122.870377,49.135329],[-122.870364,49.135367],[-122.870331,49.135388],[-122.870258,49.135403],[-122.870068,49.135434],[-122.869926,49.135459],[-122.869857,49.135471],[-122.869853,49.135472],[-122.86985,49.135473],[-122.869824,49.135486],[-122.869822,49.135487],[-122.86982,49.135489],[-122.869795,49.13551],[-122.869794,49.135511],[-122.869648,49.135664],[-122.869542,49.135779],[-122.869509,49.135816],[-122.869476,49.135823],[-122.869319,49.135822],[-122.86921,49.135823]]]},"properties":{"OBJECTID":16578,"OUTDOOR_REC_FAC_TYPE2":"Track","FACILITYID":"1002564388","DESCRIPTION":"Rubberized Walking Track; Newton Athletic Park, 7395 128 St","LOCATION":"Walking Loop in South-East corner of park","PARK":"Newton Athletic Park","REFERENCE_NO":"1","COURT_TYPE":null,"SURFACE_TYPE":null,"SURFACE_TREATMENT":null,"BOOKABLE":null,"LIGHTING_SYSTEM":null,"SERVICE_LEVEL":null,"COMMUNITY":"Newton","PRIMARY_USE":null,"FIELD_TYPE":null,"COMMENTS":null,"STATUS":"OPERATING","STATUS_DATE":null,"PARK_OWNERSHIP":null,"MAINTENANCE_RESPONSIBILITY":"Parks","OPERATIONAL_RESPONSIBILITY":"Parks","WORK_ASSIGNMENT":null,"BARCODE":null}},{"type":"Feature","id":16895,"geometry":{"type":"Polygon","coordinates":[[[-122.825608,49.19353],[-122.825563,49.193426],[-122.8253,49.193475],[-122.825345,49.193579],[-122.825608,49.19353]]]},"properties":{"OBJECTID":16895,"OUTDOOR_REC_FAC_TYPE2":"Courts","FACILITYID":"1002564648","DESCRIPTION":"Games Court; Hawthorne Rotary Park, 10503 144 St","LOCATION":"adjacent to playgrounds","PARK":"Hawthorne Rotary Park","REFERENCE_NO":"1","COURT_TYPE":"Games","SURFACE_TYPE":null,"SURFACE_TREATMENT":null,"BOOKABLE":null,"LIGHTING_SYSTEM":null,"SERVICE_LEVEL":null,"COMMUNITY":null,"PRIMARY_USE":null,"FIELD_TYPE":null,"COMMENTS":null,"STATUS":"OPERATING","STATUS_DATE":null,"PARK_OWNERSHIP":null,"MAINTENANCE_RESPONSIBILITY":"Parks","OPERATIONAL_RESPONSIBILITY":"Parks","WORK_ASSIGNMENT":null,"BARCODE":null}},{"type":"Feature","id":17215,"geometry":{"type":"Polygon","coordinates":[[[-122.781031,49.154046],[-122.781039,49.15405],[-122.781046,49.154056],[-122.78105,49.154063],[-122.781053,49.15407],[-122.781056,49.154077],[-122.78106,49.154085],[-122.781064,49.154092],[-122.781068,49.154098],[-122.781075,49.154102],[-122.781082,49.154105],[-122.78109,49.154106],[-122.781096,49.154107],[-122.781105,49.154104],[-122.781114,49.154101],[-122.781119,49.154095],[-122.781122,49.154089],[-122.78112,49.15408],[-122.781118,49.154072],[-122.781115,49.154062],[-122.78111,49.154053],[-122.781105,49.154043],[-122.781101,49.154037],[-122.781096,49.154031],[-122.781087,49.154023],[-122.781079,49.154017],[-122.781073,49.154012],[-122.781064,49.154006],[-122.78105,49.153999],[-122.78104,49.153994],[-122.781026,49.15399],[-122.781013,49.153988],[-122.781002,49.153986],[-122.78099,49.153986],[-122.780977,49.153986],[-122.780967,49.153987],[-122.780955,49.153989],[-122.780942,49.153994],[-122.780932,49.154],[-122.780925,49.154007],[-122.780918,49.154013],[-122.780913,49.154019],[-122.780907,49.154026],[-122.780902,49.154034],[-122.780897,49.154042],[-122.780895,49.15405],[-122.780896,49.154058],[-122.780897,49.154062],[-122.780899,49.154069],[-122.780906,49.154077],[-122.780911,49.154084],[-122.780923,49.154089],[-122.780931,49.154091],[-122.780941,49.154092],[-122.780951,49.154091],[-122.78096,49.154088],[-122.78097,49.154083],[-122.780979,49.154077],[-122.780984,49.154071],[-122.780989,49.154064],[-122.780995,49.154057],[-122.781,49.154052],[-122.781008,49.154048],[-122.781015,49.154045],[-122.781023,49.154045],[-122.781031,49.154046]]]},"properties":{"OBJECTID":17215,"OUTDOOR_REC_FAC_TYPE2":"Fitness Circuit","FACILITYID":"1002573557","DESCRIPTION":"Senior's Wellness Park; Francis Park, 15951 83 Ave","LOCATION":"in site","PARK":"Francis Park","REFERENCE_NO":"1 - West","COURT_TYPE":null,"SURFACE_TYPE":null,"SURFACE_TREATMENT":null,"BOOKABLE":null,"LIGHTING_SYSTEM":null,"SERVICE_LEVEL":null,"COMMUNITY":"Fleetwood","PRIMARY_USE":null,"FIELD_TYPE":null,"COMMENTS":null,"STATUS":"OPERATING","STATUS_DATE":1255619940000,"PARK_OWNERSHIP":null,"MAINTENANCE_RESPONSIBILITY":"Parks","OPERATIONAL_RESPONSIBILITY":"Parks","WORK_ASSIGNMENT":null,"BARCODE":null}},{"type":"Feature","id":17216,"geometry":{"type":"MultiPolygon","coordinates":[[[[-122.779224,49.153928],[-122.77923,49.153933],[-122.779233,49.153939],[-122.779234,49.153945],[-122.779234,49.153951],[-122.779232,49.153957],[-122.779229,49.153962],[-122.779227,49.153966],[-122.779227,49.153972],[-122.779231,49.153977],[-122.779235,49.153984],[-122.779242,49.153988],[-122.77925,49.15399],[-122.779259,49.153992],[-122.77927,49.153991],[-122.779278,49.153989],[-122.779286,49.153986],[-122.77929,49.153982],[-122.779292,49.153979],[-122.779295,49.153973],[-122.779296,49.153969],[-122.779297,49.153963],[-122.7793,49.153957],[-122.779305,49.153951],[-122.779313,49.153948],[-122.779318,49.153946],[-122.779323,49.153944],[-122.779329,49.15394],[-122.779335,49.153936],[-122.779343,49.153932],[-122.779353,49.15393],[-122.779361,49.153928],[-122.779369,49.153928],[-122.77938,49.153928],[-122.77939,49.153927],[-122.779397,49.153925],[-122.779406,49.153922],[-122.779413,49.153917],[-122.779416,49.153911],[-122.779417,49.153904],[-122.779415,49.153897],[-122.779411,49.153892],[-122.779405,49.153888],[-122.779397,49.153884],[-122.779389,49.153883],[-122.779378,49.153883],[-122.779371,49.153883],[-122.779362,49.153888],[-122.779357,49.15389],[-122.779352,49.153894],[-122.779349,49.153897],[-122.779343,49.1539],[-122.779337,49.153902],[-122.77933,49.153904],[-122.779322,49.153904],[-122.779313,49.153905],[-122.779305,49.153905],[-122.779296,49.153906],[-122.77929,49.153906],[-122.779283,49.153908],[-122.779279,49.153908],[-122.779273,49.153908],[-122.779265,49.153906],[-122.779259,49.153904],[-122.779254,49.153901],[-122.779251,49.153896],[-122.779249,49.153892],[-122.779244,49.153886],[-122.779239,49.153882],[-122.779231,49.153878],[-122.779224,49.153876],[-122.779216,49.153875],[-122.77921,49.153876],[-122.779202,49.153877],[-122.779195,49.153879],[-122.779188,49.153884],[-122.779184,49.153889],[-122.779182,49.153895],[-122.779182,49.153901],[-122.779184,49.153908],[-122.77919,49.153913],[-122.779198,49.153917],[-122.779204,49.153919],[-122.779212,49.153922],[-122.779218,49.153924],[-122.779224,49.153928]]],[[[-122.779555,49.153882],[-122.779564,49.15389],[-122.779564,49.153897],[-122.779567,49.153901],[-122.779574,49.153905],[-122.77958,49.153906],[-122.779586,49.153907],[-122.779593,49.153907],[-122.779604,49.153906],[-122.779614,49.153902],[-122.779622,49.153897],[-122.779627,49.153893],[-122.77963,49.153888],[-122.779632,49.153884],[-122.77963,49.153878],[-122.779625,49.153874],[-122.77962,49.153872],[-122.779617,49.153869],[-122.779617,49.15386],[-122.779555,49.153882]]]]},"properties":{"OBJECTID":17216,"OUTDOOR_REC_FAC_TYPE2":"Fitness Circuit","FACILITYID":"1002573558","DESCRIPTION":"Senior's Wellness Park; Francis Park, 15951 83 Ave","LOCATION":"in site","PARK":"Francis Park","REFERENCE_NO":"2 - East","COURT_TYPE":null,"SURFACE_TYPE":null,"SURFACE_TREATMENT":null,"BOOKABLE":null,"LIGHTING_SYSTEM":null,"SERVICE_LEVEL":null,"COMMUNITY":"Fleetwood","PRIMARY_USE":null,"FIELD_TYPE":null,"COMMENTS":null,"STATUS":"OPERATING","STATUS_DATE":1255619940000,"PARK_OWNERSHIP":null,"MAINTENANCE_RESPONSIBILITY":"Parks","OPERATIONAL_RESPONSIBILITY":"Parks","WORK_ASSIGNMENT":null,"BARCODE":null}},{"type":"Feature","id":17535,"geometry":{"type":"Polygon","coordinates":[[[-122.852438,49.128231],[-122.852621,49.128232],[-122.852621,49.128178],[-122.852438,49.128177],[-122.852438,49.128231]]]},"properties":{"OBJECTID":17535,"OUTDOOR_REC_FAC_TYPE2":"Courts","FACILITYID":"1002576991","DESCRIPTION":"Pickle Ball Court; Unwin Park, 13313 68 Ave","LOCATION":"withn former Lacrosse Box 2","PARK":"Unwin Park","REFERENCE_NO":"1","COURT_TYPE":"Pickleball","SURFACE_TYPE":"Asphalt","SURFACE_TREATMENT":null,"BOOKABLE":null,"LIGHTING_SYSTEM":null,"SERVICE_LEVEL":null,"COMMUNITY":"Newton","PRIMARY_USE":"Pickle Ball","FIELD_TYPE":null,"COMMENTS":"Colored & Painted  - Pickleball - Pilot Project","STATUS":"OPERATING","STATUS_DATE":null,"PARK_OWNERSHIP":null,"MAINTENANCE_RESPONSIBILITY":"Parks","OPERATIONAL_RESPONSIBILITY":"Parks","WORK_ASSIGNMENT":null,"BARCODE":null}},{"type":"Feature","id":17536,"geometry":{"type":"Polygon","coordinates":[[[-122.852437,49.128122],[-122.85262,49.128123],[-122.852621,49.128069],[-122.852438,49.128068],[-122.852437,49.128122]]]},"properties":{"OBJECTID":17536,"OUTDOOR_REC_FAC_TYPE2":"Courts","FACILITYID":"1002576992","DESCRIPTION":"Pickle Ball Court; Unwin Park, 13313 68 Ave","LOCATION":"withn former Lacrosse Box 2","PARK":"Unwin Park","REFERENCE_NO":"2","COURT_TYPE":"Pickleball","SURFACE_TYPE":"Asphalt","SURFACE_TREATMENT":null,"BOOKABLE":null,"LIGHTING_SYSTEM":null,"SERVICE_LEVEL":null,"COMMUNITY":"Newton","PRIMARY_USE":"Pickle Ball","FIELD_TYPE":null,"COMMENTS":"Colored & Painted  - Pickleball - Pilot Project","STATUS":"OPERATING","STATUS_DATE":null,"PARK_OWNERSHIP":null,"MAINTENANCE_RESPONSIBILITY":"Parks","OPERATIONAL_RESPONSIBILITY":"Parks","WORK_ASSIGNMENT":null,"BARCODE":null}},{"type":"Feature","id":17537,"geometry":{"type":"Polygon","coordinates":[[[-122.852441,49.128012],[-122.852623,49.128012],[-122.852624,49.127958],[-122.852441,49.127958],[-122.852441,49.128012]]]},"properties":{"OBJECTID":17537,"OUTDOOR_REC_FAC_TYPE2":"Courts","FACILITYID":"1002576993","DESCRIPTION":"Pickle Ball Court; Unwin Park, 13313 68 Ave","LOCATION":"withn former Lacrosse Box 2","PARK":"Unwin Park","REFERENCE_NO":"3","COURT_TYPE":"Pickleball","SURFACE_TYPE":"Asphalt","SURFACE_TREATMENT":null,"BOOKABLE":null,"LIGHTING_SYSTEM":null,"SERVICE_LEVEL":null,"COMMUNITY":"Newton","PRIMARY_USE":"Pickle Ball","FIELD_TYPE":null,"COMMENTS":"Colored & Painted  - Pickleball - Pilot Project","STATUS":"OPERATING","STATUS_DATE":null,"PARK_OWNERSHIP":null,"MAINTENANCE_RESPONSIBILITY":"Parks","OPERATIONAL_RESPONSIBILITY":"Parks","WORK_ASSIGNMENT":null,"BARCODE":null}},{"type":"Feature","id":17538,"geometry":{"type":"Polygon","coordinates":[[[-122.852439,49.127904],[-122.852622,49.127904],[-122.852622,49.12785],[-122.852439,49.12785],[-122.852439,49.127904]]]},"properties":{"OBJECTID":17538,"OUTDOOR_REC_FAC_TYPE2":"Courts","FACILITYID":"1002576994","DESCRIPTION":"Pickle Ball Court; Unwin Park, 13313 68 Ave","LOCATION":"withn former Lacrosse Box 2","PARK":"Unwin Park","REFERENCE_NO":"4","COURT_TYPE":"Pickleball","SURFACE_TYPE":"Asphalt","SURFACE_TREATMENT":null,"BOOKABLE":null,"LIGHTING_SYSTEM":null,"SERVICE_LEVEL":null,"COMMUNITY":"Newton","PRIMARY_USE":"Pickle Ball","FIELD_TYPE":null,"COMMENTS":"Colored & Painted  - Pickleball - Pilot Project","STATUS":"OPERATING","STATUS_DATE":null,"PARK_OWNERSHIP":null,"MAINTENANCE_RESPONSIBILITY":"Parks","OPERATIONAL_RESPONSIBILITY":"Parks","WORK_ASSIGNMENT":null,"BARCODE":null}},{"type":"Feature","id":17855,"geometry":{"type":"Polygon","coordinates":[[[-122.807326,49.164509],[-122.807326,49.164629],[-122.807408,49.164629],[-122.807408,49.164509],[-122.807326,49.164509]]]},"properties":{"OBJECTID":17855,"OUTDOOR_REC_FAC_TYPE2":"Courts","FACILITYID":"1002587113","DESCRIPTION":"Pickle Ball Court; Maple Green Park, 8959 150 St","LOCATION":"within Tennis 1-2 court","PARK":"Maple Green Park","REFERENCE_NO":"1","COURT_TYPE":"Pickleball","SURFACE_TYPE":"Asphalt","SURFACE_TREATMENT":null,"BOOKABLE":null,"LIGHTING_SYSTEM":null,"SERVICE_LEVEL":null,"COMMUNITY":"Fleetwood","PRIMARY_USE":"Pickle Ball","FIELD_TYPE":null,"COMMENTS":"Colored & Painted  - Pickleball - Pilot Project","STATUS":"OPERATING","STATUS_DATE":null,"PARK_OWNERSHIP":null,"MAINTENANCE_RESPONSIBILITY":"Parks","OPERATIONAL_RESPONSIBILITY":"Parks","WORK_ASSIGNMENT":null,"BARCODE":null}},{"type":"Feature","id":18175,"geometry":{"type":"Polygon","coordinates":[[[-122.694358,49.135298],[-122.694434,49.135309],[-122.694525,49.135293],[-122.694577,49.135297],[-122.694823,49.135265],[-122.694852,49.13528],[-122.694895,49.135289],[-122.694933,49.13529],[-122.695029,49.135274],[-122.695136,49.135251],[-122.695134,49.135228],[-122.695128,49.135195],[-122.695088,49.135137],[-122.69505,49.135099],[-122.695005,49.135053],[-122.694962,49.134983],[-122.694925,49.134948],[-122.694854,49.1349],[-122.694788,49.134863],[-122.694741,49.134845],[-122.694684,49.134842],[-122.694652,49.134846],[-122.694486,49.134805],[-122.694376,49.13474],[-122.694266,49.134629],[-122.694264,49.134591],[-122.694248,49.134567],[-122.694222,49.134539],[-122.694172,49.134514],[-122.694125,49.134504],[-122.69407,49.134507],[-122.694018,49.134522],[-122.693984,49.134545],[-122.693951,49.134642],[-122.693932,49.134698],[-122.693929,49.134737],[-122.693941,49.13477],[-122.69396,49.134798],[-122.693992,49.134829],[-122.694045,49.134854],[-122.694297,49.135263],[-122.694329,49.135285],[-122.694358,49.135298]]]},"properties":{"OBJECTID":18175,"OUTDOOR_REC_FAC_TYPE2":"Bike Park","FACILITYID":"1002593917","DESCRIPTION":"Bike Park; Salmonberry Park, 19027 72A Ave","LOCATION":"north east corner of park","PARK":"Salmonberry Park","REFERENCE_NO":"1","COURT_TYPE":"Bike Park","SURFACE_TYPE":"Dirt","SURFACE_TREATMENT":null,"BOOKABLE":"N","LIGHTING_SYSTEM":"N","SERVICE_LEVEL":null,"COMMUNITY":"Cloverdale","PRIMARY_USE":"Bicycle - Dirt Jumps","FIELD_TYPE":null,"COMMENTS":null,"STATUS":"OPERATING","STATUS_DATE":null,"PARK_OWNERSHIP":null,"MAINTENANCE_RESPONSIBILITY":"Parks","OPERATIONAL_RESPONSIBILITY":"Parks","WORK_ASSIGNMENT":null,"BARCODE":null}},{"type":"Feature","id":18495,"geometry":{"type":"Polygon","coordinates":[[[-122.709168,49.131982],[-122.709169,49.131861],[-122.709086,49.131861],[-122.709084,49.131982],[-122.709168,49.131982]]]},"properties":{"OBJECTID":18495,"OUTDOOR_REC_FAC_TYPE2":"Courts","FACILITYID":"1002594429","DESCRIPTION":"Pickleball Court; Clayton Park, 18513 70 Ave","LOCATION":"located on NW corner of park","PARK":"Clayton Park","REFERENCE_NO":"7","COURT_TYPE":"Pickleball","SURFACE_TYPE":null,"SURFACE_TREATMENT":null,"BOOKABLE":null,"LIGHTING_SYSTEM":null,"SERVICE_LEVEL":null,"COMMUNITY":"Cloverdale","PRIMARY_USE":"Pickleball","FIELD_TYPE":null,"COMMENTS":"Colored & Painted  - Pickleball","STATUS":"OPERATING","STATUS_DATE":null,"PARK_OWNERSHIP":null,"MAINTENANCE_RESPONSIBILITY":"Parks","OPERATIONAL_RESPONSIBILITY":"Parks","WORK_ASSIGNMENT":null,"BARCODE":null}},{"type":"Feature","id":18496,"geometry":{"type":"Polygon","coordinates":[[[-122.709379,49.131819],[-122.709381,49.131698],[-122.709297,49.131698],[-122.709295,49.131819],[-122.709379,49.131819]]]},"properties":{"OBJECTID":18496,"OUTDOOR_REC_FAC_TYPE2":"Courts","FACILITYID":"1002594432","DESCRIPTION":"Pickleball Court; Clayton Park, 18513 70 Ave","LOCATION":"located on NW corner of park","PARK":"Clayton Park","REFERENCE_NO":"1","COURT_TYPE":"Pickleball","SURFACE_TYPE":null,"SURFACE_TREATMENT":null,"BOOKABLE":null,"LIGHTING_SYSTEM":null,"SERVICE_LEVEL":null,"COMMUNITY":"Cloverdale","PRIMARY_USE":"Pickleball","FIELD_TYPE":null,"COMMENTS":"Colored & Painted  - Pickleball","STATUS":"OPERATING","STATUS_DATE":null,"PARK_OWNERSHIP":null,"MAINTENANCE_RESPONSIBILITY":"Parks","OPERATIONAL_RESPONSIBILITY":"Parks","WORK_ASSIGNMENT":null,"BARCODE":null}},{"type":"Feature","id":18497,"geometry":{"type":"Polygon","coordinates":[[[-122.709246,49.13182],[-122.709248,49.131699],[-122.709165,49.131699],[-122.709163,49.13182],[-122.709246,49.13182]]]},"properties":{"OBJECTID":18497,"OUTDOOR_REC_FAC_TYPE2":"Courts","FACILITYID":"1002594433","DESCRIPTION":"Pickleball Court; Clayton Park, 18513 70 Ave","LOCATION":"located on NW corner of park","PARK":"Clayton Park","REFERENCE_NO":"2","COURT_TYPE":"Pickleball","SURFACE_TYPE":null,"SURFACE_TREATMENT":null,"BOOKABLE":null,"LIGHTING_SYSTEM":null,"SERVICE_LEVEL":null,"COMMUNITY":"Cloverdale","PRIMARY_USE":"Pickleball","FIELD_TYPE":null,"COMMENTS":"Colored & Painted  - Pickleball","STATUS":"OPERATING","STATUS_DATE":null,"PARK_OWNERSHIP":null,"MAINTENANCE_RESPONSIBILITY":"Parks","OPERATIONAL_RESPONSIBILITY":"Parks","WORK_ASSIGNMENT":null,"BARCODE":null}},{"type":"Feature","id":18498,"geometry":{"type":"Polygon","coordinates":[[[-122.70911,49.131821],[-122.709111,49.1317],[-122.709028,49.131699],[-122.709026,49.131821],[-122.70911,49.131821]]]},"properties":{"OBJECTID":18498,"OUTDOOR_REC_FAC_TYPE2":"Courts","FACILITYID":"1002594434","DESCRIPTION":"Pickleball Court; Clayton Park, 18513 70 Ave","LOCATION":"located on NW corner of park","PARK":"Clayton Park","REFERENCE_NO":"3","COURT_TYPE":"Pickleball","SURFACE_TYPE":null,"SURFACE_TREATMENT":null,"BOOKABLE":null,"LIGHTING_SYSTEM":null,"SERVICE_LEVEL":null,"COMMUNITY":"Cloverdale","PRIMARY_USE":"Pickleball","FIELD_TYPE":null,"COMMENTS":"Colored & Painted  - Pickleball","STATUS":"OPERATING","STATUS_DATE":null,"PARK_OWNERSHIP":null,"MAINTENANCE_RESPONSIBILITY":"Parks","OPERATIONAL_RESPONSIBILITY":"Parks","WORK_ASSIGNMENT":null,"BARCODE":null}},{"type":"Feature","id":18499,"geometry":{"type":"Polygon","coordinates":[[[-122.70937,49.131656],[-122.709372,49.131535],[-122.709288,49.131535],[-122.709286,49.131656],[-122.70937,49.131656]]]},"properties":{"OBJECTID":18499,"OUTDOOR_REC_FAC_TYPE2":"Courts","FACILITYID":"1002594435","DESCRIPTION":"Pickleball Court; Clayton Park, 18513 70 Ave","LOCATION":"located on NW corner of park","PARK":"Clayton Park","REFERENCE_NO":"4","COURT_TYPE":"Pickleball","SURFACE_TYPE":null,"SURFACE_TREATMENT":null,"BOOKABLE":null,"LIGHTING_SYSTEM":null,"SERVICE_LEVEL":null,"COMMUNITY":"Cloverdale","PRIMARY_USE":"Pickleball","FIELD_TYPE":null,"COMMENTS":"Colored & Painted  - Pickleball","STATUS":"OPERATING","STATUS_DATE":null,"PARK_OWNERSHIP":null,"MAINTENANCE_RESPONSIBILITY":"Parks","OPERATIONAL_RESPONSIBILITY":"Parks","WORK_ASSIGNMENT":null,"BARCODE":null}},{"type":"Feature","id":18501,"geometry":{"type":"Polygon","coordinates":[[[-122.709237,49.131659],[-122.709238,49.131538],[-122.709155,49.131537],[-122.709153,49.131658],[-122.709237,49.131659]]]},"properties":{"OBJECTID":18501,"OUTDOOR_REC_FAC_TYPE2":"Courts","FACILITYID":"1002594438","DESCRIPTION":"Pickleball Court; Clayton Park, 18513 70 Ave","LOCATION":"located on NW corner of park","PARK":"Clayton Park","REFERENCE_NO":"5","COURT_TYPE":"Pickleball","SURFACE_TYPE":null,"SURFACE_TREATMENT":null,"BOOKABLE":null,"LIGHTING_SYSTEM":null,"SERVICE_LEVEL":null,"COMMUNITY":"Cloverdale","PRIMARY_USE":"Pickleball","FIELD_TYPE":null,"COMMENTS":"Colored & Painted  - Pickleball","STATUS":"OPERATING","STATUS_DATE":null,"PARK_OWNERSHIP":null,"MAINTENANCE_RESPONSIBILITY":"Parks","OPERATIONAL_RESPONSIBILITY":"Parks","WORK_ASSIGNMENT":null,"BARCODE":null}},{"type":"Feature","id":18502,"geometry":{"type":"Polygon","coordinates":[[[-122.709111,49.131659],[-122.709113,49.131538],[-122.70903,49.131538],[-122.709028,49.131659],[-122.709111,49.131659]]]},"properties":{"OBJECTID":18502,"OUTDOOR_REC_FAC_TYPE2":"Courts","FACILITYID":"1002594439","DESCRIPTION":"Pickleball Court; Clayton Park, 18513 70 Ave","LOCATION":"located on NW corner of park","PARK":"Clayton Park","REFERENCE_NO":"6","COURT_TYPE":"Pickleball","SURFACE_TYPE":null,"SURFACE_TREATMENT":null,"BOOKABLE":null,"LIGHTING_SYSTEM":null,"SERVICE_LEVEL":null,"COMMUNITY":"Cloverdale","PRIMARY_USE":"Pickleball","FIELD_TYPE":null,"COMMENTS":"Colored & Painted  - Pickleball","STATUS":"OPERATING","STATUS_DATE":null,"PARK_OWNERSHIP":null,"MAINTENANCE_RESPONSIBILITY":"Parks","OPERATIONAL_RESPONSIBILITY":"Parks","WORK_ASSIGNMENT":null,"BARCODE":null}},{"type":"Feature","id":18815,"geometry":{"type":"Polygon","coordinates":[[[-122.796884,49.115995],[-122.796966,49.115995],[-122.796966,49.115874],[-122.796885,49.115874],[-122.796884,49.115995]]]},"properties":{"OBJECTID":18815,"OUTDOOR_REC_FAC_TYPE2":"Courts","FACILITYID":"1002597100","DESCRIPTION":"Pickleball Court; Sullivan Park, 6272 152 St ","LOCATION":"overlap with Tennis Courts","PARK":"Sullivan Park","REFERENCE_NO":"1","COURT_TYPE":"Pickleball","SURFACE_TYPE":null,"SURFACE_TREATMENT":null,"BOOKABLE":null,"LIGHTING_SYSTEM":null,"SERVICE_LEVEL":null,"COMMUNITY":"Newton","PRIMARY_USE":"Pickleball","FIELD_TYPE":null,"COMMENTS":"Colored & Painted  - Pickleball","STATUS":"OPERATING","STATUS_DATE":null,"PARK_OWNERSHIP":null,"MAINTENANCE_RESPONSIBILITY":"Parks","OPERATIONAL_RESPONSIBILITY":"Parks","WORK_ASSIGNMENT":null,"BARCODE":null}},{"type":"Feature","id":18816,"geometry":{"type":"Polygon","coordinates":[[[-122.796749,49.115995],[-122.796831,49.115995],[-122.796831,49.115874],[-122.79675,49.115874],[-122.796749,49.115995]]]},"properties":{"OBJECTID":18816,"OUTDOOR_REC_FAC_TYPE2":"Courts","FACILITYID":"1002597104","DESCRIPTION":"Pickleball Court; Sullivan Park, 6272 152 St ","LOCATION":"overlap with Tennis Courts","PARK":"Sullivan Park","REFERENCE_NO":"2","COURT_TYPE":"Pickleball","SURFACE_TYPE":null,"SURFACE_TREATMENT":null,"BOOKABLE":null,"LIGHTING_SYSTEM":null,"SERVICE_LEVEL":null,"COMMUNITY":"Newton","PRIMARY_USE":"Pickleball","FIELD_TYPE":null,"COMMENTS":"Colored & Painted  - Pickleball","STATUS":"OPERATING","STATUS_DATE":null,"PARK_OWNERSHIP":null,"MAINTENANCE_RESPONSIBILITY":"Parks","OPERATIONAL_RESPONSIBILITY":"Parks","WORK_ASSIGNMENT":null,"BARCODE":null}},{"type":"Feature","id":18817,"geometry":{"type":"Polygon","coordinates":[[[-122.796613,49.115995],[-122.796695,49.115995],[-122.796695,49.115874],[-122.796614,49.115874],[-122.796613,49.115995]]]},"properties":{"OBJECTID":18817,"OUTDOOR_REC_FAC_TYPE2":"Courts","FACILITYID":"1002597105","DESCRIPTION":"Pickleball Court; Sullivan Park, 6272 152 St ","LOCATION":"overlap with Tennis Courts","PARK":"Sullivan Park","REFERENCE_NO":"3","COURT_TYPE":"Pickleball","SURFACE_TYPE":null,"SURFACE_TREATMENT":null,"BOOKABLE":null,"LIGHTING_SYSTEM":null,"SERVICE_LEVEL":null,"COMMUNITY":"Newton","PRIMARY_USE":"Pickleball","FIELD_TYPE":null,"COMMENTS":"Colored & Painted  - Pickleball","STATUS":"OPERATING","STATUS_DATE":null,"PARK_OWNERSHIP":null,"MAINTENANCE_RESPONSIBILITY":"Parks","OPERATIONAL_RESPONSIBILITY":"Parks","WORK_ASSIGNMENT":null,"BARCODE":null}},{"type":"Feature","id":18818,"geometry":{"type":"Polygon","coordinates":[[[-122.796883,49.11583],[-122.796965,49.11583],[-122.796965,49.115709],[-122.796884,49.115709],[-122.796883,49.11583]]]},"properties":{"OBJECTID":18818,"OUTDOOR_REC_FAC_TYPE2":"Courts","FACILITYID":"1002597106","DESCRIPTION":"Pickleball Court; Sullivan Park, 6272 152 St ","LOCATION":"overlap with Tennis Courts","PARK":"Sullivan Park","REFERENCE_NO":"4","COURT_TYPE":"Pickleball","SURFACE_TYPE":null,"SURFACE_TREATMENT":null,"BOOKABLE":null,"LIGHTING_SYSTEM":null,"SERVICE_LEVEL":null,"COMMUNITY":"Newton","PRIMARY_USE":"Pickleball","FIELD_TYPE":null,"COMMENTS":"Colored & Painted  - Pickleball","STATUS":"OPERATING","STATUS_DATE":null,"PARK_OWNERSHIP":null,"MAINTENANCE_RESPONSIBILITY":"Parks","OPERATIONAL_RESPONSIBILITY":"Parks","WORK_ASSIGNMENT":null,"BARCODE":null}},{"type":"Feature","id":18819,"geometry":{"type":"Polygon","coordinates":[[[-122.796748,49.115831],[-122.796829,49.115831],[-122.79683,49.11571],[-122.796748,49.11571],[-122.796748,49.115831]]]},"properties":{"OBJECTID":18819,"OUTDOOR_REC_FAC_TYPE2":"Courts","FACILITYID":"1002597107","DESCRIPTION":"Pickleball Court; Sullivan Park, 6272 152 St ","LOCATION":"overlap with Tennis Courts","PARK":"Sullivan Park","REFERENCE_NO":"5","COURT_TYPE":"Pickleball","SURFACE_TYPE":null,"SURFACE_TREATMENT":null,"BOOKABLE":null,"LIGHTING_SYSTEM":null,"SERVICE_LEVEL":null,"COMMUNITY":"Newton","PRIMARY_USE":"Pickleball","FIELD_TYPE":null,"COMMENTS":"Colored & Painted  - Pickleball","STATUS":"OPERATING","STATUS_DATE":null,"PARK_OWNERSHIP":null,"MAINTENANCE_RESPONSIBILITY":"Parks","OPERATIONAL_RESPONSIBILITY":"Parks","WORK_ASSIGNMENT":null,"BARCODE":null}},{"type":"Feature","id":18820,"geometry":{"type":"Polygon","coordinates":[[[-122.796612,49.115832],[-122.796693,49.115832],[-122.796694,49.115711],[-122.796612,49.115711],[-122.796612,49.115832]]]},"properties":{"OBJECTID":18820,"OUTDOOR_REC_FAC_TYPE2":"Courts","FACILITYID":"1002597108","DESCRIPTION":"Pickleball Court; Sullivan Park, 6272 152 St ","LOCATION":"overlap with Tennis Courts","PARK":"Sullivan Park","REFERENCE_NO":"6","COURT_TYPE":"Pickleball","SURFACE_TYPE":null,"SURFACE_TREATMENT":null,"BOOKABLE":null,"LIGHTING_SYSTEM":null,"SERVICE_LEVEL":null,"COMMUNITY":"Newton","PRIMARY_USE":"Pickleball","FIELD_TYPE":null,"COMMENTS":"Colored & Painted  - Pickleball","STATUS":"OPERATING","STATUS_DATE":null,"PARK_OWNERSHIP":null,"MAINTENANCE_RESPONSIBILITY":"Parks","OPERATIONAL_RESPONSIBILITY":"Parks","WORK_ASSIGNMENT":null,"BARCODE":null}},{"type":"Feature","id":19457,"geometry":{"type":"Polygon","coordinates":[[[-122.861043,49.035397],[-122.861101,49.035226],[-122.860958,49.035202],[-122.860897,49.035375],[-122.861043,49.035397]]]},"properties":{"OBJECTID":19457,"OUTDOOR_REC_FAC_TYPE2":"Courts","FACILITYID":"1002601967","DESCRIPTION":"Volleyball Court; Laronde Park, 1806 130 St","LOCATION":"South West of Baseball 1","PARK":"Laronde Park","REFERENCE_NO":"1","COURT_TYPE":"Volleyball","SURFACE_TYPE":"Sand","SURFACE_TREATMENT":null,"BOOKABLE":null,"LIGHTING_SYSTEM":null,"SERVICE_LEVEL":null,"COMMUNITY":"South Surrey","PRIMARY_USE":"Volleyball","FIELD_TYPE":null,"COMMENTS":null,"STATUS":"OPERATING","STATUS_DATE":null,"PARK_OWNERSHIP":null,"MAINTENANCE_RESPONSIBILITY":"Parks","OPERATIONAL_RESPONSIBILITY":"Parks","WORK_ASSIGNMENT":null,"BARCODE":null}},{"type":"Feature","id":19458,"geometry":{"type":"Polygon","coordinates":[[[-122.860867,49.035372],[-122.860926,49.035201],[-122.860783,49.035177],[-122.860721,49.03535],[-122.860867,49.035372]]]},"properties":{"OBJECTID":19458,"OUTDOOR_REC_FAC_TYPE2":"Courts","FACILITYID":"1002601968","DESCRIPTION":"Volleyball Court; Laronde Park, 1806 130 St","LOCATION":"South West of Baseball 1","PARK":"Laronde Park","REFERENCE_NO":"2","COURT_TYPE":"Volleyball","SURFACE_TYPE":"Sand","SURFACE_TREATMENT":null,"BOOKABLE":null,"LIGHTING_SYSTEM":null,"SERVICE_LEVEL":null,"COMMUNITY":"South Surrey","PRIMARY_USE":"Volleyball","FIELD_TYPE":null,"COMMENTS":null,"STATUS":"OPERATING","STATUS_DATE":null,"PARK_OWNERSHIP":null,"MAINTENANCE_RESPONSIBILITY":"Parks","OPERATIONAL_RESPONSIBILITY":"Parks","WORK_ASSIGNMENT":null,"BARCODE":null}},{"type":"Feature","id":19459,"geometry":{"type":"Polygon","coordinates":[[[-122.860695,49.035345],[-122.860754,49.035175],[-122.860611,49.03515],[-122.860549,49.035324],[-122.860695,49.035345]]]},"properties":{"OBJECTID":19459,"OUTDOOR_REC_FAC_TYPE2":"Courts","FACILITYID":"1002601969","DESCRIPTION":"Volleyball Court; Laronde Park, 1806 130 St","LOCATION":"South West of Baseball 1","PARK":"Laronde Park","REFERENCE_NO":"3","COURT_TYPE":"Volleyball","SURFACE_TYPE":"Sand","SURFACE_TREATMENT":null,"BOOKABLE":null,"LIGHTING_SYSTEM":null,"SERVICE_LEVEL":null,"COMMUNITY":"South Surrey","PRIMARY_USE":"Volleyball","FIELD_TYPE":null,"COMMENTS":null,"STATUS":"OPERATING","STATUS_DATE":null,"PARK_OWNERSHIP":null,"MAINTENANCE_RESPONSIBILITY":"Parks","OPERATIONAL_RESPONSIBILITY":"Parks","WORK_ASSIGNMENT":null,"BARCODE":null}},{"type":"Feature","id":19777,"geometry":{"type":"Polygon","coordinates":[[[-122.776886,49.195793],[-122.776971,49.195793],[-122.776971,49.195672],[-122.776886,49.195672],[-122.776886,49.195793]]]},"properties":{"OBJECTID":19777,"OUTDOOR_REC_FAC_TYPE2":"Courts","FACILITYID":"1002602487","DESCRIPTION":"Pickleball Courts; Fraser Heights Park, 10588 160 St","LOCATION":"within Tenis 2-4","PARK":"Fraser Heights Park","REFERENCE_NO":"2-4-1","COURT_TYPE":"Pickleball","SURFACE_TYPE":"Asphalt","SURFACE_TREATMENT":null,"BOOKABLE":null,"LIGHTING_SYSTEM":null,"SERVICE_LEVEL":null,"COMMUNITY":"Guildford","PRIMARY_USE":"Pickleball","FIELD_TYPE":null,"COMMENTS":"Colored & Painted  - Pickleball","STATUS":"OPERATING","STATUS_DATE":null,"PARK_OWNERSHIP":null,"MAINTENANCE_RESPONSIBILITY":"Parks","OPERATIONAL_RESPONSIBILITY":"Parks","WORK_ASSIGNMENT":null,"BARCODE":null}},{"type":"Feature","id":19778,"geometry":{"type":"Polygon","coordinates":[[[-122.776881,49.195627],[-122.776966,49.195627],[-122.776966,49.195506],[-122.776881,49.195506],[-122.776881,49.195627]]]},"properties":{"OBJECTID":19778,"OUTDOOR_REC_FAC_TYPE2":"Courts","FACILITYID":"1002602493","DESCRIPTION":"Pickleball Courts; Fraser Heights Park, 10588 160 St","LOCATION":"within Tenis 2-4","PARK":"Fraser Heights Park","REFERENCE_NO":"2-4-2","COURT_TYPE":"Pickleball","SURFACE_TYPE":"Asphalt","SURFACE_TREATMENT":null,"BOOKABLE":null,"LIGHTING_SYSTEM":null,"SERVICE_LEVEL":null,"COMMUNITY":"Guildford","PRIMARY_USE":"Pickleball","FIELD_TYPE":null,"COMMENTS":"Colored & Painted  - Pickleball","STATUS":"OPERATING","STATUS_DATE":null,"PARK_OWNERSHIP":null,"MAINTENANCE_RESPONSIBILITY":"Parks","OPERATIONAL_RESPONSIBILITY":"Parks","WORK_ASSIGNMENT":null,"BARCODE":null}},{"type":"Feature","id":20095,"geometry":{"type":"Polygon","coordinates":[[[-122.810189,49.197213],[-122.810273,49.197213],[-122.810273,49.197092],[-122.810188,49.197092],[-122.810189,49.197213]]]},"properties":{"OBJECTID":20095,"OUTDOOR_REC_FAC_TYPE2":"Courts","FACILITYID":"1002603261","DESCRIPTION":"Pickleball Courts; Holly Park, 10706 148 St","LOCATION":"within Lacrosse Box","PARK":"Holly Park","REFERENCE_NO":"1-1","COURT_TYPE":"Pickleball","SURFACE_TYPE":"Asphalt","SURFACE_TREATMENT":null,"BOOKABLE":null,"LIGHTING_SYSTEM":null,"SERVICE_LEVEL":null,"COMMUNITY":"Guildford","PRIMARY_USE":"Pickleball","FIELD_TYPE":null,"COMMENTS":"Colored & Painted  - Pickleball","STATUS":"OPERATING","STATUS_DATE":null,"PARK_OWNERSHIP":null,"MAINTENANCE_RESPONSIBILITY":"Parks","OPERATIONAL_RESPONSIBILITY":"Parks","WORK_ASSIGNMENT":null,"BARCODE":null}},{"type":"Feature","id":20096,"geometry":{"type":"Polygon","coordinates":[[[-122.810087,49.197212],[-122.810171,49.197212],[-122.810171,49.197091],[-122.810087,49.197091],[-122.810087,49.197212]]]},"properties":{"OBJECTID":20096,"OUTDOOR_REC_FAC_TYPE2":"Courts","FACILITYID":"1002603265","DESCRIPTION":"Pickleball Courts; Holly Park, 10706 148 St","LOCATION":"within Lacrosse Box","PARK":"Holly Park","REFERENCE_NO":"1-2","COURT_TYPE":"Pickleball","SURFACE_TYPE":"Asphalt","SURFACE_TREATMENT":null,"BOOKABLE":null,"LIGHTING_SYSTEM":null,"SERVICE_LEVEL":null,"COMMUNITY":"Guildford","PRIMARY_USE":"Pickleball","FIELD_TYPE":null,"COMMENTS":"Colored & Painted  - Pickleball","STATUS":"OPERATING","STATUS_DATE":null,"PARK_OWNERSHIP":null,"MAINTENANCE_RESPONSIBILITY":"Parks","OPERATIONAL_RESPONSIBILITY":"Parks","WORK_ASSIGNMENT":null,"BARCODE":null}},{"type":"Feature","id":20097,"geometry":{"type":"Polygon","coordinates":[[[-122.80999,49.197211],[-122.810074,49.197211],[-122.810074,49.19709],[-122.809989,49.19709],[-122.80999,49.197211]]]},"properties":{"OBJECTID":20097,"OUTDOOR_REC_FAC_TYPE2":"Courts","FACILITYID":"1002603267","DESCRIPTION":"Pickleball Courts; Holly Park, 10706 148 St","LOCATION":"within Lacrosse Box","PARK":"Holly Park","REFERENCE_NO":"1-3","COURT_TYPE":"Pickleball","SURFACE_TYPE":"Asphalt","SURFACE_TREATMENT":null,"BOOKABLE":null,"LIGHTING_SYSTEM":null,"SERVICE_LEVEL":null,"COMMUNITY":"Guildford","PRIMARY_USE":"Pickleball","FIELD_TYPE":null,"COMMENTS":"Colored & Painted  - Pickleball","STATUS":"OPERATING","STATUS_DATE":null,"PARK_OWNERSHIP":null,"MAINTENANCE_RESPONSIBILITY":"Parks","OPERATIONAL_RESPONSIBILITY":"Parks","WORK_ASSIGNMENT":null,"BARCODE":null}},{"type":"Feature","id":20415,"geometry":{"type":"Polygon","coordinates":[[[-122.809896,49.19721],[-122.80998,49.19721],[-122.80998,49.197089],[-122.809896,49.197089],[-122.809896,49.19721]]]},"properties":{"OBJECTID":20415,"OUTDOOR_REC_FAC_TYPE2":"Courts","FACILITYID":"1002603347","DESCRIPTION":"Pickleball Courts; Holly Park, 10706 148 St","LOCATION":"within Lacrosse Box","PARK":"Holly Park","REFERENCE_NO":"1-4","COURT_TYPE":"Pickleball","SURFACE_TYPE":"Asphalt","SURFACE_TREATMENT":null,"BOOKABLE":null,"LIGHTING_SYSTEM":null,"SERVICE_LEVEL":null,"COMMUNITY":"Guildford","PRIMARY_USE":"Pickleball","FIELD_TYPE":null,"COMMENTS":"Colored & Painted  - Pickleball","STATUS":"OPERATING","STATUS_DATE":null,"PARK_OWNERSHIP":null,"MAINTENANCE_RESPONSIBILITY":"Parks","OPERATIONAL_RESPONSIBILITY":"Parks","WORK_ASSIGNMENT":null,"BARCODE":null}},{"type":"Feature","id":21055,"geometry":{"type":"Polygon","coordinates":[[[-122.814947,49.03656],[-122.814978,49.036556],[-122.814998,49.03655],[-122.815008,49.036533],[-122.815014,49.036513],[-122.815014,49.036361],[-122.814996,49.036344],[-122.814968,49.036338],[-122.814276,49.03634],[-122.814251,49.03634],[-122.81422,49.036356],[-122.81421,49.036377],[-122.81422,49.036525],[-122.814236,49.036553],[-122.814267,49.036563],[-122.814947,49.03656]]]},"properties":{"OBJECTID":21055,"OUTDOOR_REC_FAC_TYPE2":"Courts","FACILITYID":"1002611755","DESCRIPTION":"Covered Sports Box; South Surrey Athletic Park, 1925 148 St","LOCATION":"adjacent to Soccer #3","PARK":"South Surrey Athletic Park","REFERENCE_NO":"2","COURT_TYPE":"Games","SURFACE_TYPE":"Other","SURFACE_TREATMENT":null,"BOOKABLE":"Y","LIGHTING_SYSTEM":null,"SERVICE_LEVEL":null,"COMMUNITY":"South Surrey","PRIMARY_USE":null,"FIELD_TYPE":null,"COMMENTS":null,"STATUS":"OPERATING","STATUS_DATE":null,"PARK_OWNERSHIP":null,"MAINTENANCE_RESPONSIBILITY":"PARKS","OPERATIONAL_RESPONSIBILITY":"PARKS","WORK_ASSIGNMENT":null,"BARCODE":null}},{"type":"Feature","id":21696,"geometry":{"type":"Polygon","coordinates":[[[-122.807225,49.164509],[-122.807225,49.164629],[-122.807307,49.164629],[-122.807307,49.164509],[-122.807225,49.164509]]]},"properties":{"OBJECTID":21696,"OUTDOOR_REC_FAC_TYPE2":"Courts","FACILITYID":"0","DESCRIPTION":"Pickle Ball Court; Maple Green Park, 8959 150 St","LOCATION":"within Tennis 1-2 court","PARK":"Maple Green Park","REFERENCE_NO":"2","COURT_TYPE":"Pickleball","SURFACE_TYPE":"Asphalt","SURFACE_TREATMENT":null,"BOOKABLE":null,"LIGHTING_SYSTEM":null,"SERVICE_LEVEL":null,"COMMUNITY":"Fleetwood","PRIMARY_USE":"Pickle Ball","FIELD_TYPE":null,"COMMENTS":"Colored & Painted  - Pickleball - Pilot Project","STATUS":"OPERATING","STATUS_DATE":null,"PARK_OWNERSHIP":null,"MAINTENANCE_RESPONSIBILITY":"Parks","OPERATIONAL_RESPONSIBILITY":"Parks","WORK_ASSIGNMENT":null,"BARCODE":null}},{"type":"Feature","id":21697,"geometry":{"type":"Polygon","coordinates":[[[-122.807229,49.164343],[-122.807229,49.164463],[-122.807311,49.164463],[-122.807311,49.164343],[-122.807229,49.164343]]]},"properties":{"OBJECTID":21697,"OUTDOOR_REC_FAC_TYPE2":"Courts","FACILITYID":"1002640981","DESCRIPTION":"Pickle Ball Court; Maple Green Park, 8959 150 St","LOCATION":"within Tennis 1-2 court","PARK":"Maple Green Park","REFERENCE_NO":"3","COURT_TYPE":"Pickleball","SURFACE_TYPE":"Asphalt","SURFACE_TREATMENT":null,"BOOKABLE":null,"LIGHTING_SYSTEM":null,"SERVICE_LEVEL":null,"COMMUNITY":"Fleetwood","PRIMARY_USE":"Pickle Ball","FIELD_TYPE":null,"COMMENTS":"Colored & Painted  - Pickleball - Pilot Project","STATUS":"OPERATING","STATUS_DATE":null,"PARK_OWNERSHIP":null,"MAINTENANCE_RESPONSIBILITY":"Parks","OPERATIONAL_RESPONSIBILITY":"Parks","WORK_ASSIGNMENT":null,"BARCODE":null}},{"type":"Feature","id":22015,"geometry":{"type":"Polygon","coordinates":[[[-122.842398,49.160355],[-122.842469,49.160351],[-122.842517,49.160345],[-122.842702,49.160349],[-122.842764,49.160349],[-122.84279,49.160345],[-122.84281,49.160339],[-122.842824,49.160327],[-122.842835,49.160311],[-122.842832,49.160291],[-122.842804,49.160237],[-122.842776,49.160207],[-122.842754,49.1602],[-122.842729,49.160198],[-122.842692,49.160208],[-122.842505,49.160294],[-122.842472,49.1603],[-122.842393,49.16032],[-122.842398,49.160355]]]},"properties":{"OBJECTID":22015,"OUTDOOR_REC_FAC_TYPE2":"Fitness Circuit","FACILITYID":"1002654120","DESCRIPTION":"Throwing Field; Bear Creek Park, 13750 88 Ave","LOCATION":"NW corner of track","PARK":"Bear Creek Park","REFERENCE_NO":null,"COURT_TYPE":null,"SURFACE_TYPE":null,"SURFACE_TREATMENT":null,"BOOKABLE":null,"LIGHTING_SYSTEM":null,"SERVICE_LEVEL":null,"COMMUNITY":"Whalley","PRIMARY_USE":null,"FIELD_TYPE":null,"COMMENTS":null,"STATUS":"OPERATING","STATUS_DATE":null,"PARK_OWNERSHIP":null,"MAINTENANCE_RESPONSIBILITY":"Parks","OPERATIONAL_RESPONSIBILITY":"Parks","WORK_ASSIGNMENT":null,"BARCODE":null}}]}