{"type":"FeatureCollection","features":[{"type":"Feature","id":1,"geometry":{"type":"Polygon","coordinates":[[[-122.793243,49.18784],[-122.793241,49.187549],[-122.793054,49.187548],[-122.793054,49.187843],[-122.793243,49.18784]]]},"properties":{"OBJECTID":1,"FACILITYID":"1001440928","PLAYGROUND_TYPE":"Traditional","DESCRIPTION":"Playground - 024-01; Guildford Heights Park, 10310 154 St","LOCATION":null,"PARK":"Guildford Heights Park","REF_NO":"024-01","PLAYGROUND_SURFACE_TYPE":null,"TARGET_AGE_GROUP":null,"WINTERIZATION_REQUIRED":"N","COMMUNITY":"Guildford","SERVICE_LEVEL":null,"COMMENTS":"Renovated 2021","PARK_OWNERSHIP":null,"MAINTENANCE_RESPONSIBILITY":"Parks","OPERATIONAL_RESPONSIBILITY":"Parks","OPERATING_LOCATION":"Guildford Heights Park, 10310 154 St","OPERATING_LOCATION_TYPE":"Park","SHAPE.AREA":445.242186816406,"WEBLINK":null}},{"type":"Feature","id":2,"geometry":{"type":"Polygon","coordinates":[[[-122.781299,49.201931],[-122.781314,49.201901],[-122.781329,49.20188],[-122.781327,49.201839],[-122.781294,49.201816],[-122.781226,49.201784],[-122.781156,49.201779],[-122.78111,49.201792],[-122.781061,49.201821],[-122.781037,49.201832],[-122.781011,49.201834],[-122.780986,49.201841],[-122.780969,49.201855],[-122.78096,49.201876],[-122.780971,49.201879],[-122.780959,49.201907],[-122.780922,49.201914],[-122.780874,49.201916],[-122.780847,49.201925],[-122.78083,49.201926],[-122.780799,49.201932],[-122.780785,49.201963],[-122.780785,49.202005],[-122.78081,49.202041],[-122.780844,49.202059],[-122.780874,49.202064],[-122.780908,49.202065],[-122.780934,49.20207],[-122.78095,49.202081],[-122.780966,49.202095],[-122.780979,49.202097],[-122.780988,49.202097],[-122.781003,49.202093],[-122.781019,49.202086],[-122.781032,49.20208],[-122.781052,49.202078],[-122.781078,49.202072],[-122.781115,49.202066],[-122.781172,49.20206],[-122.7812,49.202055],[-122.781239,49.202025],[-122.781284,49.202006],[-122.781304,49.201986],[-122.781312,49.20197],[-122.781307,49.201951],[-122.781299,49.201931]]]},"properties":{"OBJECTID":2,"FACILITYID":"1001440929","PLAYGROUND_TYPE":"Water","DESCRIPTION":"Water Playground; Erma Stephenson Park, 15920 110 Ave","LOCATION":null,"PARK":"Erma Stephenson Park","REF_NO":"1","PLAYGROUND_SURFACE_TYPE":"Asphalt","TARGET_AGE_GROUP":null,"WINTERIZATION_REQUIRED":"N","COMMUNITY":"Guildford","SERVICE_LEVEL":null,"COMMENTS":null,"PARK_OWNERSHIP":null,"MAINTENANCE_RESPONSIBILITY":"Parks","OPERATIONAL_RESPONSIBILITY":"Parks","OPERATING_LOCATION":"Erma Stephenson Park, 15920 110 Ave","OPERATING_LOCATION_TYPE":"Park","SHAPE.AREA":908.1152000000001,"WEBLINK":"http://www.surrey.ca/culture-recreation/2149.aspx"}},{"type":"Feature","id":4,"geometry":{"type":"Polygon","coordinates":[[[-122.854165,49.127332],[-122.8542,49.127313],[-122.854215,49.127266],[-122.854249,49.127104],[-122.854216,49.127074],[-122.854187,49.12705],[-122.854083,49.127033],[-122.854033,49.12701],[-122.853978,49.126964],[-122.853847,49.127015],[-122.853789,49.127057],[-122.853764,49.127111],[-122.85376,49.12716],[-122.853783,49.127162],[-122.853803,49.127169],[-122.853822,49.127178],[-122.853831,49.127193],[-122.85383,49.12721],[-122.853828,49.127223],[-122.853813,49.127235],[-122.853796,49.127242],[-122.853798,49.127256],[-122.853852,49.1273],[-122.853932,49.127338],[-122.854048,49.127363],[-122.854159,49.127362],[-122.854165,49.127332]]]},"properties":{"OBJECTID":4,"FACILITYID":"1001440931","PLAYGROUND_TYPE":"Water","DESCRIPTION":"Water Playground; Unwin Park, 13313 68 Ave","LOCATION":"N.E. Corner of Park-133 Str.-68th Ave.","PARK":"Unwin Park","REF_NO":"1","PLAYGROUND_SURFACE_TYPE":"Asphalt","TARGET_AGE_GROUP":null,"WINTERIZATION_REQUIRED":"Y","COMMUNITY":"Newton","SERVICE_LEVEL":null,"COMMENTS":null,"PARK_OWNERSHIP":null,"MAINTENANCE_RESPONSIBILITY":"PARKS","OPERATIONAL_RESPONSIBILITY":"PARKS","OPERATING_LOCATION":"Unwin Park, 13313 68 Ave","OPERATING_LOCATION_TYPE":"Park","SHAPE.AREA":1110.07301835632,"WEBLINK":"http://www.surrey.ca/culture-recreation/15217.aspx"}},{"type":"Feature","id":5,"geometry":{"type":"Polygon","coordinates":[[[-122.807459,49.152567],[-122.807487,49.152541],[-122.807492,49.15249],[-122.807456,49.152455],[-122.807262,49.152453],[-122.807227,49.152483],[-122.807226,49.152529],[-122.80726,49.152566],[-122.807459,49.152567]]]},"properties":{"OBJECTID":5,"FACILITYID":"1001440932","PLAYGROUND_TYPE":"Traditional","DESCRIPTION":"Playground - 043-01; Morningside Park, 8229 150 St","LOCATION":null,"PARK":"Morningside Park","REF_NO":"043-01","PLAYGROUND_SURFACE_TYPE":"Bark Mulch","TARGET_AGE_GROUP":null,"WINTERIZATION_REQUIRED":"N","COMMUNITY":"Fleetwood","SERVICE_LEVEL":null,"COMMENTS":null,"PARK_OWNERSHIP":null,"MAINTENANCE_RESPONSIBILITY":"Parks","OPERATIONAL_RESPONSIBILITY":"Parks","OPERATING_LOCATION":"Morningside Park, 8229 150 St","OPERATING_LOCATION_TYPE":"Park","SHAPE.AREA":222.10405,"WEBLINK":null}},{"type":"Feature","id":6,"geometry":{"type":"Polygon","coordinates":[[[-122.779206,49.154803],[-122.779339,49.154744],[-122.779264,49.154667],[-122.779123,49.154726],[-122.779206,49.154803]]]},"properties":{"OBJECTID":6,"FACILITYID":"1001440933","PLAYGROUND_TYPE":"Traditional","DESCRIPTION":"Playground - 044-01; Fleetwood Community Centre & Library Grounds, 15996 84 Ave","LOCATION":"South of Community Centre","PARK":"Fleetwood Community Centre & Library Grounds","REF_NO":"044-01","PLAYGROUND_SURFACE_TYPE":null,"TARGET_AGE_GROUP":"0 to 12 yrs","WINTERIZATION_REQUIRED":"N","COMMUNITY":"Fleetwood","SERVICE_LEVEL":null,"COMMENTS":null,"PARK_OWNERSHIP":null,"MAINTENANCE_RESPONSIBILITY":"Parks","OPERATIONAL_RESPONSIBILITY":"Parks","OPERATING_LOCATION":"Fleetwood Community Centre & Library Grounds, 15996 84 Ave","OPERATING_LOCATION_TYPE":"Land","SHAPE.AREA":122.835646929932,"WEBLINK":null}},{"type":"Feature","id":7,"geometry":{"type":"Polygon","coordinates":[[[-122.828361,49.135462],[-122.82835,49.135442],[-122.82834,49.135433],[-122.828322,49.135426],[-122.828302,49.13542],[-122.82828,49.135417],[-122.828249,49.135413],[-122.828206,49.135411],[-122.828174,49.135416],[-122.828159,49.135424],[-122.82814,49.135443],[-122.828135,49.135458],[-122.828136,49.135473],[-122.828146,49.135491],[-122.82816,49.135501],[-122.828168,49.135508],[-122.828212,49.135518],[-122.828236,49.135522],[-122.828271,49.135524],[-122.828304,49.135524],[-122.828324,49.135515],[-122.828344,49.135508],[-122.828359,49.135489],[-122.828362,49.135473],[-122.828361,49.135462]]]},"properties":{"OBJECTID":7,"FACILITYID":"1001440934","PLAYGROUND_TYPE":"Traditional","DESCRIPTION":"Playground - 052-01; Nichol Estates Park, 7415 144 St","LOCATION":"at 142a & 72a side of site","PARK":"Nicholl Estates Park","REF_NO":"052-01","PLAYGROUND_SURFACE_TYPE":null,"TARGET_AGE_GROUP":null,"WINTERIZATION_REQUIRED":"N","COMMUNITY":"Newton","SERVICE_LEVEL":null,"COMMENTS":null,"PARK_OWNERSHIP":null,"MAINTENANCE_RESPONSIBILITY":"Parks","OPERATIONAL_RESPONSIBILITY":"Parks","OPERATING_LOCATION":"Nichol Estates Park, 7415 144 St","OPERATING_LOCATION_TYPE":"Park","SHAPE.AREA":167.048840216064,"WEBLINK":null}},{"type":"Feature","id":8,"geometry":{"type":"Polygon","coordinates":[[[-122.850542,49.210346],[-122.850541,49.210316],[-122.850457,49.210248],[-122.850324,49.210305],[-122.85026,49.210336],[-122.850234,49.210356],[-122.850183,49.210354],[-122.850165,49.210338],[-122.850131,49.210329],[-122.850043,49.210303],[-122.849997,49.210288],[-122.849969,49.210288],[-122.849952,49.210302],[-122.849921,49.210338],[-122.850072,49.210414],[-122.850129,49.210435],[-122.850171,49.210416],[-122.850204,49.21042],[-122.850228,49.210443],[-122.850258,49.210462],[-122.850297,49.210473],[-122.850542,49.210346]]]},"properties":{"OBJECTID":8,"FACILITYID":"1001440935","PLAYGROUND_TYPE":"Traditional","DESCRIPTION":"Playground #001-01; Bolivar Park, 13591 Crestview Dr","LOCATION":"between diamonds #2 & #3","PARK":"Bolivar Park","REF_NO":"001-01","PLAYGROUND_SURFACE_TYPE":"Wood Chips","TARGET_AGE_GROUP":"6 to 12 yrs","WINTERIZATION_REQUIRED":"N","COMMUNITY":"Whalley","SERVICE_LEVEL":null,"COMMENTS":null,"PARK_OWNERSHIP":null,"MAINTENANCE_RESPONSIBILITY":"Parks","OPERATIONAL_RESPONSIBILITY":"Parks","OPERATING_LOCATION":"Bolivar Park, 13591 Crestview Dr","OPERATING_LOCATION_TYPE":"Park","SHAPE.AREA":523.7012169372559,"WEBLINK":null}},{"type":"Feature","id":9,"geometry":{"type":"Polygon","coordinates":[[[-122.815569,49.203916],[-122.815611,49.203891],[-122.815625,49.203868],[-122.815633,49.203838],[-122.81563,49.203807],[-122.815609,49.203786],[-122.815574,49.203763],[-122.815523,49.203755],[-122.815468,49.203758],[-122.815412,49.203779],[-122.815372,49.203818],[-122.815371,49.20386],[-122.815395,49.203893],[-122.815442,49.203918],[-122.815485,49.203926],[-122.815526,49.203927],[-122.815569,49.203916]]]},"properties":{"OBJECTID":9,"FACILITYID":"1001440936","PLAYGROUND_TYPE":"Traditional","DESCRIPTION":"Playground - 013-01; Ellendale Park, 14663 110A Ave","LOCATION":"in park","PARK":"Ellendale Park","REF_NO":"013-01","PLAYGROUND_SURFACE_TYPE":"Sand","TARGET_AGE_GROUP":"6 to 12 yrs","WINTERIZATION_REQUIRED":"N","COMMUNITY":"Guildford","SERVICE_LEVEL":null,"COMMENTS":null,"PARK_OWNERSHIP":null,"MAINTENANCE_RESPONSIBILITY":"Parks","OPERATIONAL_RESPONSIBILITY":"Parks","OPERATING_LOCATION":"Ellendale Park, 14665 110A Ave","OPERATING_LOCATION_TYPE":"Park","SHAPE.AREA":286.85125,"WEBLINK":null}},{"type":"Feature","id":10,"geometry":{"type":"Polygon","coordinates":[[[-122.832447,49.135514],[-122.832501,49.135509],[-122.832538,49.135505],[-122.832561,49.135489],[-122.832575,49.135469],[-122.832576,49.13545],[-122.832563,49.135428],[-122.832538,49.135414],[-122.832517,49.135408],[-122.83249,49.135405],[-122.832472,49.135407],[-122.832446,49.13541],[-122.832417,49.135412],[-122.83239,49.135421],[-122.832365,49.135438],[-122.83236,49.135463],[-122.832362,49.135484],[-122.832384,49.1355],[-122.832407,49.13551],[-122.832447,49.135514]]]},"properties":{"OBJECTID":10,"FACILITYID":"1001440937","PLAYGROUND_TYPE":"Traditional","DESCRIPTION":"Playground - 052-02; Todd Cres Park, 14075 73 Ave","LOCATION":"S portion of park near 140 St & Todd Cres intersection","PARK":"Todd Crescent Park","REF_NO":"052-02","PLAYGROUND_SURFACE_TYPE":"Pea Gravel","TARGET_AGE_GROUP":"6 to 12 yrs","WINTERIZATION_REQUIRED":"N","COMMUNITY":"Newton","SERVICE_LEVEL":null,"COMMENTS":null,"PARK_OWNERSHIP":null,"MAINTENANCE_RESPONSIBILITY":"Parks","OPERATIONAL_RESPONSIBILITY":"Parks","OPERATING_LOCATION":"Todd Crescent Park, 14075 73 Ave","OPERATING_LOCATION_TYPE":"Park","SHAPE.AREA":153.726066693115,"WEBLINK":"Install Date Unknown"}},{"type":"Feature","id":11,"geometry":{"type":"Polygon","coordinates":[[[-122.871376,49.210193],[-122.871413,49.210177],[-122.871434,49.210153],[-122.871439,49.210128],[-122.871428,49.210098],[-122.871402,49.210076],[-122.871374,49.210068],[-122.871338,49.210062],[-122.871298,49.210066],[-122.871269,49.210078],[-122.871251,49.210095],[-122.871241,49.210113],[-122.87124,49.210134],[-122.871242,49.210152],[-122.871255,49.210169],[-122.871273,49.21018],[-122.871293,49.210188],[-122.871313,49.210192],[-122.871341,49.210194],[-122.871376,49.210193]]]},"properties":{"OBJECTID":11,"FACILITYID":"1001440938","PLAYGROUND_TYPE":"Water","DESCRIPTION":"Water Playground; Bridgeview Park, 11475 126A St","LOCATION":"SE corner of park","PARK":"Bridgeview Park","REF_NO":"1","PLAYGROUND_SURFACE_TYPE":"Asphalt","TARGET_AGE_GROUP":null,"WINTERIZATION_REQUIRED":"Y","COMMUNITY":"Whalley","SERVICE_LEVEL":null,"COMMENTS":null,"PARK_OWNERSHIP":null,"MAINTENANCE_RESPONSIBILITY":"Parks","OPERATIONAL_RESPONSIBILITY":"Parks","OPERATING_LOCATION":"Bridgeview Park, 11475 126A St","OPERATING_LOCATION_TYPE":"Park","SHAPE.AREA":169.41255,"WEBLINK":"http://www.surrey.ca/culture-recreation/2085.aspx"}},{"type":"Feature","id":12,"geometry":{"type":"Polygon","coordinates":[[[-122.871927,49.210308],[-122.871931,49.21014],[-122.871555,49.210158],[-122.871557,49.210309],[-122.871927,49.210308]]]},"properties":{"OBJECTID":12,"FACILITYID":"1001440939","PLAYGROUND_TYPE":"Traditional","DESCRIPTION":"Playground - 001-01; Bridgeview Park, 11475 126A St","LOCATION":null,"PARK":"Bridgeview Park","REF_NO":"000-01","PLAYGROUND_SURFACE_TYPE":"Sand","TARGET_AGE_GROUP":"0 to 12 yrs","WINTERIZATION_REQUIRED":"N","COMMUNITY":"Whalley","SERVICE_LEVEL":null,"COMMENTS":null,"PARK_OWNERSHIP":null,"MAINTENANCE_RESPONSIBILITY":"PARKS","OPERATIONAL_RESPONSIBILITY":"PARKS","OPERATING_LOCATION":"Bridgeview Park, 11475 126A St","OPERATING_LOCATION_TYPE":"Park","SHAPE.AREA":480.2842,"WEBLINK":"Install Date Unknown"}},{"type":"Feature","id":13,"geometry":{"type":"Polygon","coordinates":[[[-122.709967,49.105585],[-122.709966,49.105521],[-122.709923,49.105521],[-122.709832,49.105498],[-122.709771,49.105506],[-122.709756,49.105526],[-122.709744,49.105539],[-122.709742,49.10559],[-122.709876,49.105592],[-122.709887,49.105586],[-122.709924,49.105585],[-122.709967,49.105585]]]},"properties":{"OBJECTID":13,"FACILITYID":"1001440940","PLAYGROUND_TYPE":"Traditional","DESCRIPTION":"Playground - 078-01; 78K - Greenbelt, 5672 184B St","LOCATION":"N side of site","PARK":"78K - Greenbelt","REF_NO":"078-01","PLAYGROUND_SURFACE_TYPE":"Sand","TARGET_AGE_GROUP":"0 to 12 yrs","WINTERIZATION_REQUIRED":"N","COMMUNITY":"Cloverdale","SERVICE_LEVEL":null,"COMMENTS":null,"PARK_OWNERSHIP":null,"MAINTENANCE_RESPONSIBILITY":"Parks","OPERATIONAL_RESPONSIBILITY":"Parks","OPERATING_LOCATION":"78K - Greenbelt, 5672 184B St","OPERATING_LOCATION_TYPE":"Park","SHAPE.AREA":139.9256,"WEBLINK":"Install Date Unknown"}},{"type":"Feature","id":14,"geometry":{"type":"MultiPolygon","coordinates":[[[[-122.794003,49.049413],[-122.793945,49.049416],[-122.79393,49.049423],[-122.79391,49.049436],[-122.793812,49.049567],[-122.793819,49.04958],[-122.79383,49.049588],[-122.794147,49.049589],[-122.794165,49.049579],[-122.794172,49.049565],[-122.794158,49.049437],[-122.794138,49.04942],[-122.794113,49.049414],[-122.794064,49.049413],[-122.794003,49.049413]]],[[[-122.794192,49.049498],[-122.794196,49.04959],[-122.794402,49.04959],[-122.7944,49.049492],[-122.794192,49.049498]]],[[[-122.795082,49.049505],[-122.795073,49.049554],[-122.795076,49.049577],[-122.795092,49.049601],[-122.795099,49.049617],[-122.795105,49.049631],[-122.79513,49.049638],[-122.795172,49.04964],[-122.795236,49.049647],[-122.795277,49.04965],[-122.795317,49.04963],[-122.795317,49.049597],[-122.795194,49.049493],[-122.795129,49.049488],[-122.795082,49.049505]]]]},"properties":{"OBJECTID":14,"FACILITYID":"1001440941","PLAYGROUND_TYPE":"Traditional","DESCRIPTION":"Playground - 114-01; Sunnyside Park, 15455 26 Ave","LOCATION":"South of Pool","PARK":"Sunnyside Park","REF_NO":"114-01","PLAYGROUND_SURFACE_TYPE":"Sand","TARGET_AGE_GROUP":"6 to 12 yrs","WINTERIZATION_REQUIRED":"N","COMMUNITY":"South Surrey","SERVICE_LEVEL":null,"COMMENTS":"Ref#114-02 merged in 2025","PARK_OWNERSHIP":null,"MAINTENANCE_RESPONSIBILITY":"PARKS","OPERATIONAL_RESPONSIBILITY":"PARKS","OPERATING_LOCATION":"Sunnyside Park, 15455 26 Ave","OPERATING_LOCATION_TYPE":"Park","SHAPE.AREA":810.772118780518,"WEBLINK":"Install Date Unknown"}},{"type":"Feature","id":16,"geometry":{"type":"Polygon","coordinates":[[[-122.71085,49.124284],[-122.710861,49.124302],[-122.710898,49.124297],[-122.710902,49.124287],[-122.710914,49.12428],[-122.710934,49.12428],[-122.710955,49.124284],[-122.710963,49.124289],[-122.710984,49.12428],[-122.711021,49.124256],[-122.711046,49.124231],[-122.711061,49.124205],[-122.711053,49.124182],[-122.710884,49.124187],[-122.710882,49.124269],[-122.71085,49.124284]]]},"properties":{"OBJECTID":16,"FACILITYID":"1001440943","PLAYGROUND_TYPE":"Traditional","DESCRIPTION":"Playground - 068-01; 68B - Greenbelt, 6688 184A St","LOCATION":"SE corner of site","PARK":"68B - Greenbelt","REF_NO":"068-01","PLAYGROUND_SURFACE_TYPE":"Pea Gravel","TARGET_AGE_GROUP":"0 to 5 yrs","WINTERIZATION_REQUIRED":null,"COMMUNITY":"Cloverdale","SERVICE_LEVEL":null,"COMMENTS":null,"PARK_OWNERSHIP":null,"MAINTENANCE_RESPONSIBILITY":"Parks","OPERATIONAL_RESPONSIBILITY":"Parks","OPERATING_LOCATION":"68B - Tot-Lot, 6688 184A St","OPERATING_LOCATION_TYPE":"Park","SHAPE.AREA":129.640187683105,"WEBLINK":null}},{"type":"Feature","id":17,"geometry":{"type":"Polygon","coordinates":[[[-122.708954,49.101509],[-122.708957,49.10128],[-122.708736,49.101278],[-122.708738,49.101508],[-122.708954,49.101509]]]},"properties":{"OBJECTID":17,"FACILITYID":"1001440944","PLAYGROUND_TYPE":"Traditional","DESCRIPTION":"Playground - 088-01; Hunter Park - 88A, 5480 184A St","LOCATION":"S portion of site","PARK":"Hunter Park","REF_NO":"088-01","PLAYGROUND_SURFACE_TYPE":"Pea Gravel","TARGET_AGE_GROUP":"0 to 12 yrs","WINTERIZATION_REQUIRED":null,"COMMUNITY":"Cloverdale","SERVICE_LEVEL":null,"COMMENTS":null,"PARK_OWNERSHIP":null,"MAINTENANCE_RESPONSIBILITY":"Parks","OPERATIONAL_RESPONSIBILITY":"Parks","OPERATING_LOCATION":"Hunter Park - 88A, 5480 184A St","OPERATING_LOCATION_TYPE":"Park","SHAPE.AREA":406.0797,"WEBLINK":null}},{"type":"Feature","id":18,"geometry":{"type":"Polygon","coordinates":[[[-122.824805,49.193209],[-122.824772,49.19322],[-122.824716,49.19324],[-122.824631,49.193271],[-122.824523,49.193312],[-122.824406,49.193355],[-122.824344,49.193376],[-122.824314,49.193402],[-122.824305,49.193424],[-122.824303,49.193449],[-122.824316,49.193473],[-122.824338,49.193492],[-122.824376,49.193513],[-122.824421,49.193527],[-122.824452,49.193534],[-122.824501,49.193537],[-122.824543,49.193536],[-122.824591,49.193526],[-122.82464,49.193507],[-122.824679,49.193488],[-122.824766,49.193434],[-122.824918,49.193345],[-122.824962,49.193322],[-122.824966,49.19331],[-122.824949,49.193301],[-122.824923,49.19329],[-122.824881,49.193265],[-122.824868,49.193256],[-122.824859,49.193244],[-122.824844,49.193216],[-122.824825,49.19321],[-122.824805,49.193209]]]},"properties":{"OBJECTID":18,"FACILITYID":"1001440945","PLAYGROUND_TYPE":"Water","DESCRIPTION":"Water Playground; Hawthorne Park, 10503 - 144 St","LOCATION":"Adjacent to 144th Str. Park Entrance","PARK":"Hawthorne Park","REF_NO":"1","PLAYGROUND_SURFACE_TYPE":"Asphalt","TARGET_AGE_GROUP":null,"WINTERIZATION_REQUIRED":"Y","COMMUNITY":"Whalley","SERVICE_LEVEL":null,"COMMENTS":null,"PARK_OWNERSHIP":null,"MAINTENANCE_RESPONSIBILITY":"PARKS","OPERATIONAL_RESPONSIBILITY":"PARKS","OPERATING_LOCATION":"Hawthorne Park, 10503 144 St","OPERATING_LOCATION_TYPE":"Park","SHAPE.AREA":944.79895,"WEBLINK":"http://www.surrey.ca/culture-recreation/15217.aspx"}},{"type":"Feature","id":19,"geometry":{"type":"MultiPolygon","coordinates":[[[[-122.78292,49.147937],[-122.782938,49.147934],[-122.782955,49.147907],[-122.782964,49.147879],[-122.782962,49.147856],[-122.782939,49.147841],[-122.782923,49.147819],[-122.782913,49.147793],[-122.782896,49.147776],[-122.782871,49.147761],[-122.782832,49.147742],[-122.782813,49.147726],[-122.782778,49.147714],[-122.782755,49.147717],[-122.782715,49.147719],[-122.782631,49.147733],[-122.782586,49.147757],[-122.782544,49.147789],[-122.782521,49.147833],[-122.782521,49.147872],[-122.782536,49.147913],[-122.78258,49.147955],[-122.782631,49.147977],[-122.782688,49.147989],[-122.782744,49.147994],[-122.782804,49.147985],[-122.782837,49.14797],[-122.782869,49.147955],[-122.782893,49.147944],[-122.78292,49.147937]]],[[[-122.782982,49.147909],[-122.782982,49.147927],[-122.782987,49.147947],[-122.783007,49.147966],[-122.783042,49.14799],[-122.783104,49.148],[-122.783152,49.147992],[-122.783187,49.147969],[-122.783203,49.147951],[-122.783209,49.147908],[-122.783181,49.14787],[-122.783143,49.147853],[-122.783106,49.147848],[-122.783061,49.147852],[-122.783022,49.147858],[-122.783002,49.147876],[-122.782982,49.147909]]]]},"properties":{"OBJECTID":19,"FACILITYID":"1001440946","PLAYGROUND_TYPE":"Water","DESCRIPTION":"Water Playground; Fleetwood Park, 15802 80 Ave","LOCATION":"N.W. of Tennis Courts","PARK":"Fleetwood Park","REF_NO":"1","PLAYGROUND_SURFACE_TYPE":"Asphalt","TARGET_AGE_GROUP":null,"WINTERIZATION_REQUIRED":"Y","COMMUNITY":"Fleetwood","SERVICE_LEVEL":null,"COMMENTS":null,"PARK_OWNERSHIP":null,"MAINTENANCE_RESPONSIBILITY":"PARKS","OPERATIONAL_RESPONSIBILITY":"PARKS","OPERATING_LOCATION":"Fleetwood Park, 15802 80 Ave","OPERATING_LOCATION_TYPE":"Park","SHAPE.AREA":964.47585,"WEBLINK":"http://www.surrey.ca/culture-recreation/2113.aspx"}},{"type":"Feature","id":20,"geometry":{"type":"Polygon","coordinates":[[[-122.78341,49.147677],[-122.783445,49.147469],[-122.782886,49.147419],[-122.782841,49.147432],[-122.782804,49.147461],[-122.782762,49.147588],[-122.78341,49.147677]]]},"properties":{"OBJECTID":20,"FACILITYID":"1001440947","PLAYGROUND_TYPE":"Traditional","DESCRIPTION":"Playground - 054-01; Fleetwood Park, 15802 80 Ave","LOCATION":"Adjacent to Picnic Shelter","PARK":"Fleetwood Park","REF_NO":"054-01","PLAYGROUND_SURFACE_TYPE":"Sand","TARGET_AGE_GROUP":"0 to 12 yrs","WINTERIZATION_REQUIRED":"N","COMMUNITY":"Fleetwood","SERVICE_LEVEL":null,"COMMENTS":null,"PARK_OWNERSHIP":null,"MAINTENANCE_RESPONSIBILITY":"PARKS","OPERATIONAL_RESPONSIBILITY":"PARKS","OPERATING_LOCATION":"Fleetwood Park, 15802 80 Ave","OPERATING_LOCATION_TYPE":"Park","SHAPE.AREA":1004.44792900391,"WEBLINK":"Install Date Unknown"}},{"type":"Feature","id":21,"geometry":{"type":"Polygon","coordinates":[[[-122.840467,49.160494],[-122.840492,49.160498],[-122.840529,49.160499],[-122.840555,49.160498],[-122.840582,49.160498],[-122.84061,49.160494],[-122.840643,49.160485],[-122.840665,49.160473],[-122.84069,49.160467],[-122.840703,49.160453],[-122.840703,49.160394],[-122.840682,49.160366],[-122.840617,49.16034],[-122.840583,49.160312],[-122.840572,49.160308],[-122.840542,49.160294],[-122.840524,49.160257],[-122.840541,49.160226],[-122.840563,49.160214],[-122.840566,49.160214],[-122.840566,49.160214],[-122.840567,49.160214],[-122.840586,49.160213],[-122.840607,49.160212],[-122.840618,49.160213],[-122.840638,49.160216],[-122.840661,49.160218],[-122.840695,49.160221],[-122.840745,49.16023],[-122.840786,49.160225],[-122.840813,49.160213],[-122.840815,49.160174],[-122.840806,49.160152],[-122.840777,49.160118],[-122.840744,49.160099],[-122.840697,49.160092],[-122.84064,49.160101],[-122.840589,49.160101],[-122.840553,49.160103],[-122.840504,49.160108],[-122.840445,49.160115],[-122.840381,49.160108],[-122.840351,49.160102],[-122.840332,49.160098],[-122.840281,49.160093],[-122.840224,49.160094],[-122.840179,49.160112],[-122.840129,49.160143],[-122.840114,49.160183],[-122.840082,49.160216],[-122.840063,49.160263],[-122.840067,49.160308],[-122.840088,49.160362],[-122.84012,49.160407],[-122.840167,49.160426],[-122.840295,49.160455],[-122.840316,49.160467],[-122.840345,49.160476],[-122.84037,49.160486],[-122.840371,49.160486],[-122.840409,49.160488],[-122.840431,49.160488],[-122.840467,49.160494]]]},"properties":{"OBJECTID":21,"FACILITYID":"1001440948","PLAYGROUND_TYPE":"Water","DESCRIPTION":"Water Playground; Bear Creek Park, 13750 - 88 Ave","LOCATION":null,"PARK":"Bear Creek Park","REF_NO":"1","PLAYGROUND_SURFACE_TYPE":"Asphalt","TARGET_AGE_GROUP":null,"WINTERIZATION_REQUIRED":"Y","COMMUNITY":"Whalley","SERVICE_LEVEL":null,"COMMENTS":null,"PARK_OWNERSHIP":null,"MAINTENANCE_RESPONSIBILITY":"PARKS","OPERATIONAL_RESPONSIBILITY":"PARKS","OPERATING_LOCATION":"Bear Creek Park, 13750 88 Ave","OPERATING_LOCATION_TYPE":"Park","SHAPE.AREA":1730.2570426910402,"WEBLINK":null}},{"type":"Feature","id":22,"geometry":{"type":"MultiPolygon","coordinates":[[[[-122.84019,49.159693],[-122.840135,49.159883],[-122.840243,49.159945],[-122.84022,49.160043],[-122.840257,49.160054],[-122.840272,49.160056],[-122.840287,49.160057],[-122.840332,49.16003],[-122.840409,49.159959],[-122.840483,49.15987],[-122.840538,49.159773],[-122.840556,49.159715],[-122.840535,49.159689],[-122.840299,49.159659],[-122.84019,49.159693]]],[[[-122.839794,49.160045],[-122.839768,49.160135],[-122.839758,49.160193],[-122.839765,49.160272],[-122.839779,49.160315],[-122.839889,49.160299],[-122.839975,49.160257],[-122.840002,49.160192],[-122.840034,49.160116],[-122.84003,49.16006],[-122.839984,49.160023],[-122.839936,49.159993],[-122.83989,49.159967],[-122.839831,49.159941],[-122.839794,49.160045]]]]},"properties":{"OBJECTID":22,"FACILITYID":"1001440949","PLAYGROUND_TYPE":"Traditional","DESCRIPTION":"Playground - 042-01; Bear Creek Park, 13750 - 88 Ave","LOCATION":"south of caretakers' house","PARK":"Bear Creek Park","REF_NO":"042-01","PLAYGROUND_SURFACE_TYPE":"Sand","TARGET_AGE_GROUP":"0 to 12 yrs","WINTERIZATION_REQUIRED":"N","COMMUNITY":"Whalley","SERVICE_LEVEL":null,"COMMENTS":null,"PARK_OWNERSHIP":null,"MAINTENANCE_RESPONSIBILITY":"Parks","OPERATIONAL_RESPONSIBILITY":"Parks","OPERATING_LOCATION":"Bear Creek Park, 13750 88 Ave","OPERATING_LOCATION_TYPE":"Park","SHAPE.AREA":1434.5730117431601,"WEBLINK":null}},{"type":"Feature","id":23,"geometry":{"type":"Polygon","coordinates":[[[-122.835276,49.159992],[-122.835253,49.160008],[-122.835255,49.160067],[-122.835087,49.160071],[-122.835061,49.16009],[-122.835061,49.160163],[-122.835082,49.160185],[-122.835326,49.160182],[-122.83536,49.16016],[-122.835351,49.160009],[-122.835329,49.159992],[-122.835276,49.159992]]]},"properties":{"OBJECTID":23,"FACILITYID":"1001440950","PLAYGROUND_TYPE":"Traditional","DESCRIPTION":"Playground - 042-02; Bear Creek Park, 13750 - 88 Ave","LOCATION":"south of parking lot on 140 St @ about 86 Ave","PARK":"Bear Creek Park","REF_NO":"042-02","PLAYGROUND_SURFACE_TYPE":"Sand","TARGET_AGE_GROUP":"0 to 12 yrs","WINTERIZATION_REQUIRED":"N","COMMUNITY":"Whalley","SERVICE_LEVEL":null,"COMMENTS":null,"PARK_OWNERSHIP":null,"MAINTENANCE_RESPONSIBILITY":"PARKS","OPERATIONAL_RESPONSIBILITY":"PARKS","OPERATING_LOCATION":"Bear Creek Park, 13750 88 Ave","OPERATING_LOCATION_TYPE":"Park","SHAPE.AREA":327.31205362548803,"WEBLINK":"Install Date Unknown"}},{"type":"Feature","id":25,"geometry":{"type":"Polygon","coordinates":[[[-122.753386,49.115969],[-122.753456,49.11595],[-122.753518,49.115906],[-122.753557,49.115825],[-122.753547,49.11577],[-122.753485,49.115721],[-122.753409,49.115692],[-122.753261,49.115675],[-122.753125,49.115695],[-122.753086,49.115714],[-122.753054,49.115735],[-122.753018,49.115779],[-122.753014,49.115819],[-122.753032,49.115859],[-122.753072,49.11589],[-122.75313,49.115925],[-122.753199,49.115949],[-122.753241,49.115964],[-122.753312,49.11597],[-122.753386,49.115969]]]},"properties":{"OBJECTID":25,"FACILITYID":"1001440952","PLAYGROUND_TYPE":"Water","DESCRIPTION":"Water Playground; Cloverdale Athletic Park, 6330 168 St","LOCATION":"East of SW parking lot","PARK":"Cloverdale Athletic Park","REF_NO":"1","PLAYGROUND_SURFACE_TYPE":"Asphalt","TARGET_AGE_GROUP":null,"WINTERIZATION_REQUIRED":"Y","COMMUNITY":"Cloverdale","SERVICE_LEVEL":null,"COMMENTS":null,"PARK_OWNERSHIP":null,"MAINTENANCE_RESPONSIBILITY":"PARKS","OPERATIONAL_RESPONSIBILITY":"PARKS","OPERATING_LOCATION":"Cloverdale Athletic Park, 6330 168 St","OPERATING_LOCATION_TYPE":"Park","SHAPE.AREA":999.8713,"WEBLINK":"http://www.surrey.ca/culture-recreation/15217.aspx"}},{"type":"Feature","id":26,"geometry":{"type":"Polygon","coordinates":[[[-122.753658,49.115632],[-122.753696,49.115629],[-122.753722,49.11562],[-122.753748,49.115599],[-122.75377,49.115538],[-122.753783,49.115494],[-122.753761,49.115444],[-122.753727,49.115416],[-122.753671,49.115395],[-122.753623,49.115385],[-122.753567,49.115381],[-122.753495,49.115384],[-122.753439,49.11539],[-122.753368,49.115388],[-122.753306,49.115384],[-122.753246,49.115386],[-122.753116,49.115388],[-122.753046,49.115403],[-122.75299,49.115423],[-122.752952,49.115454],[-122.752941,49.115479],[-122.752945,49.115513],[-122.752963,49.115536],[-122.752995,49.115557],[-122.753041,49.115574],[-122.753083,49.115589],[-122.753165,49.115602],[-122.753207,49.11561],[-122.753241,49.115607],[-122.753281,49.115596],[-122.753303,49.115583],[-122.753347,49.115576],[-122.753406,49.115579],[-122.753522,49.115592],[-122.753552,49.115598],[-122.753588,49.115613],[-122.753616,49.115624],[-122.753658,49.115632]]]},"properties":{"OBJECTID":26,"FACILITYID":"1001440953","PLAYGROUND_TYPE":"Traditional","DESCRIPTION":"Playground - 076-01; Cloverdale Athletic Park, 6330 168 St","LOCATION":"East of SW parking lot","PARK":"Cloverdale Athletic Park","REF_NO":"076-01","PLAYGROUND_SURFACE_TYPE":"Bark Mulch","TARGET_AGE_GROUP":"0 to 12 yrs","WINTERIZATION_REQUIRED":"N","COMMUNITY":"Cloverdale","SERVICE_LEVEL":null,"COMMENTS":null,"PARK_OWNERSHIP":null,"MAINTENANCE_RESPONSIBILITY":"PARKS","OPERATIONAL_RESPONSIBILITY":"PARKS","OPERATING_LOCATION":"Cloverdale Athletic Park, 6330 168 St","OPERATING_LOCATION_TYPE":"Park","SHAPE.AREA":1320.9711,"WEBLINK":"Install Date Unknown"}},{"type":"Feature","id":28,"geometry":{"type":"Polygon","coordinates":[[[-122.80937,49.106702],[-122.809427,49.10668],[-122.809467,49.106634],[-122.809477,49.106586],[-122.809463,49.106536],[-122.809423,49.106508],[-122.809378,49.106488],[-122.80931,49.106482],[-122.809248,49.106487],[-122.809196,49.106507],[-122.809151,49.106541],[-122.809137,49.106581],[-122.809146,49.10663],[-122.809175,49.106663],[-122.809201,49.106683],[-122.809245,49.106699],[-122.80929,49.106709],[-122.80933,49.106711],[-122.80937,49.106702]]]},"properties":{"OBJECTID":28,"FACILITYID":"1001440955","PLAYGROUND_TYPE":"Traditional","DESCRIPTION":"Playground - 073-01; Panorama Village Park, 14899 - 57 Ave","LOCATION":null,"PARK":"Panorama Village Park","REF_NO":"073-01","PLAYGROUND_SURFACE_TYPE":"Pea Gravel","TARGET_AGE_GROUP":"0 to 12 yrs","WINTERIZATION_REQUIRED":"N","COMMUNITY":"Newton","SERVICE_LEVEL":null,"COMMENTS":null,"PARK_OWNERSHIP":null,"MAINTENANCE_RESPONSIBILITY":"PARKS","OPERATIONAL_RESPONSIBILITY":"PARKS","OPERATING_LOCATION":"Panorama Village Park, 14899 57 Ave","OPERATING_LOCATION_TYPE":"Park","SHAPE.AREA":492.3822,"WEBLINK":"Install Date Unknown"}},{"type":"Feature","id":29,"geometry":{"type":"MultiPolygon","coordinates":[[[[-122.863418,49.170268],[-122.863394,49.170275],[-122.863375,49.170288],[-122.863365,49.170304],[-122.863365,49.170328],[-122.863368,49.17035],[-122.863378,49.170369],[-122.863397,49.170387],[-122.863421,49.170407],[-122.863455,49.170427],[-122.86347,49.170432],[-122.863497,49.170432],[-122.863527,49.170422],[-122.863551,49.170411],[-122.863566,49.1704],[-122.86358,49.170388],[-122.863581,49.170369],[-122.86357,49.170351],[-122.863557,49.170333],[-122.863541,49.170317],[-122.863512,49.170299],[-122.863485,49.170282],[-122.863463,49.170274],[-122.86345,49.170267],[-122.863418,49.170268]]],[[[-122.863537,49.170504],[-122.863602,49.17057],[-122.863626,49.170574],[-122.863729,49.170522],[-122.863732,49.170505],[-122.863656,49.170441],[-122.863537,49.170504]]]]},"properties":{"OBJECTID":29,"FACILITYID":"1001440956","PLAYGROUND_TYPE":"Traditional","DESCRIPTION":"Playground - 031-01; William Beagle Park, 12944 - 92A Ave","LOCATION":"South of 92A Ave. Park Entrance","PARK":"William Beagle Park","REF_NO":"031-01","PLAYGROUND_SURFACE_TYPE":"Sand","TARGET_AGE_GROUP":"0 to 12 yrs","WINTERIZATION_REQUIRED":"N","COMMUNITY":"Whalley","SERVICE_LEVEL":null,"COMMENTS":null,"PARK_OWNERSHIP":null,"MAINTENANCE_RESPONSIBILITY":"PARKS","OPERATIONAL_RESPONSIBILITY":"PARKS","OPERATING_LOCATION":"William Beagle Park, 12944 92A Ave","OPERATING_LOCATION_TYPE":"Park","SHAPE.AREA":319.41561020507805,"WEBLINK":null}},{"type":"Feature","id":30,"geometry":{"type":"MultiPolygon","coordinates":[[[[-122.762875,49.159412],[-122.762843,49.15942],[-122.762829,49.159429],[-122.762803,49.159472],[-122.762789,49.159519],[-122.762791,49.159543],[-122.762801,49.159554],[-122.762816,49.159561],[-122.762862,49.159566],[-122.762919,49.159564],[-122.762969,49.159558],[-122.762988,49.159548],[-122.763023,49.159515],[-122.763032,49.159499],[-122.763024,49.159475],[-122.762999,49.159447],[-122.762978,49.159424],[-122.762958,49.159413],[-122.762957,49.159413],[-122.76293,49.159409],[-122.762875,49.159412]]],[[[-122.7626,49.159426],[-122.762591,49.159428],[-122.762591,49.159487],[-122.762592,49.159524],[-122.762597,49.159525],[-122.762599,49.159537],[-122.762647,49.159536],[-122.762703,49.159535],[-122.762713,49.159528],[-122.762727,49.159503],[-122.762736,49.159474],[-122.762733,49.159456],[-122.762714,49.159441],[-122.762702,49.159433],[-122.762696,49.15943],[-122.762681,49.159425],[-122.762649,49.159421],[-122.7626,49.159426]]]]},"properties":{"OBJECTID":30,"FACILITYID":"1001440957","PLAYGROUND_TYPE":"Traditional","DESCRIPTION":"Playground - 045-01; Bucci Park, 8594 - 166 St","LOCATION":null,"PARK":"Bucci Park","REF_NO":"045-01","PLAYGROUND_SURFACE_TYPE":"Pea Gravel","TARGET_AGE_GROUP":"0 to 12 yrs","WINTERIZATION_REQUIRED":"N","COMMUNITY":"Fleetwood","SERVICE_LEVEL":null,"COMMENTS":"East playground Natural - Ref# 045-03 merged in 2025","PARK_OWNERSHIP":null,"MAINTENANCE_RESPONSIBILITY":"PARKS","OPERATIONAL_RESPONSIBILITY":"PARKS","OPERATING_LOCATION":"Bucci Park, 8594 166 St","OPERATING_LOCATION_TYPE":"Park","SHAPE.AREA":359.02487041931204,"WEBLINK":null}},{"type":"Feature","id":31,"geometry":{"type":"MultiPolygon","coordinates":[[[[-122.854297,49.12418],[-122.854334,49.124164],[-122.854364,49.124133],[-122.854391,49.124105],[-122.854426,49.124072],[-122.854441,49.124048],[-122.854449,49.124028],[-122.854451,49.124009],[-122.854444,49.123995],[-122.85443,49.123981],[-122.854411,49.123973],[-122.854389,49.123971],[-122.854354,49.123978],[-122.85431,49.123985],[-122.854279,49.123988],[-122.854249,49.123993],[-122.854223,49.124005],[-122.854205,49.12403],[-122.854199,49.124062],[-122.854195,49.124101],[-122.854198,49.124146],[-122.854207,49.124175],[-122.854218,49.124182],[-122.854238,49.124186],[-122.854267,49.124187],[-122.854297,49.12418]]],[[[-122.854404,49.124137],[-122.854435,49.124148],[-122.854471,49.124161],[-122.854495,49.124171],[-122.854512,49.124176],[-122.854534,49.124174],[-122.854569,49.124133],[-122.854547,49.124102],[-122.854452,49.124074],[-122.854419,49.124116],[-122.854404,49.124137]]]]},"properties":{"OBJECTID":31,"FACILITYID":"1001440958","PLAYGROUND_TYPE":"Traditional","DESCRIPTION":"Playground - 061-02; Pioneer Park, 6572 - 133 St","LOCATION":"133rd Str.-66BAve. Corner","PARK":"Pioneer Park","REF_NO":"061-02","PLAYGROUND_SURFACE_TYPE":"Sand","TARGET_AGE_GROUP":"0 to 12 yrs","WINTERIZATION_REQUIRED":"N","COMMUNITY":"Newton","SERVICE_LEVEL":null,"COMMENTS":null,"PARK_OWNERSHIP":null,"MAINTENANCE_RESPONSIBILITY":"PARKS","OPERATIONAL_RESPONSIBILITY":"PARKS","OPERATING_LOCATION":"Pioneer Park, 6572 133 St","OPERATING_LOCATION_TYPE":"Park","SHAPE.AREA":402.4895,"WEBLINK":"Install Date Unknown"}},{"type":"Feature","id":32,"geometry":{"type":"Polygon","coordinates":[[[-122.768459,49.159648],[-122.768523,49.159642],[-122.76855,49.159623],[-122.768556,49.159602],[-122.76854,49.159545],[-122.7685,49.159492],[-122.768483,49.159477],[-122.76843,49.159451],[-122.7684,49.159449],[-122.768382,49.159455],[-122.768369,49.159467],[-122.76836,49.159478],[-122.768351,49.159495],[-122.768342,49.159523],[-122.76834,49.159546],[-122.768339,49.15957],[-122.768339,49.159588],[-122.768344,49.159607],[-122.768358,49.159624],[-122.768386,49.159636],[-122.768434,49.159644],[-122.768459,49.159648]]]},"properties":{"OBJECTID":32,"FACILITYID":"1001440959","PLAYGROUND_TYPE":"Traditional","DESCRIPTION":"Playground - 045-02; Frost Road Park, 8607 - 164 St","LOCATION":null,"PARK":"Frost Road Park","REF_NO":"045-02","PLAYGROUND_SURFACE_TYPE":"Sand","TARGET_AGE_GROUP":"0 to 12 yrs","WINTERIZATION_REQUIRED":"N","COMMUNITY":"Fleetwood","SERVICE_LEVEL":null,"COMMENTS":null,"PARK_OWNERSHIP":null,"MAINTENANCE_RESPONSIBILITY":"PARKS","OPERATIONAL_RESPONSIBILITY":"PARKS","OPERATING_LOCATION":"Frost Road Park, 8607 164 St","OPERATING_LOCATION_TYPE":"Park","SHAPE.AREA":266.88053867797805,"WEBLINK":null}},{"type":"Feature","id":35,"geometry":{"type":"Polygon","coordinates":[[[-122.880028,49.142526],[-122.880029,49.142418],[-122.880036,49.142412],[-122.880035,49.142269],[-122.879674,49.142267],[-122.879687,49.142524],[-122.880028,49.142526]]]},"properties":{"OBJECTID":35,"FACILITYID":"1001440962","PLAYGROUND_TYPE":"Traditional","DESCRIPTION":"Playground - 050-01; Strawberry Hill Park, 7676 122 St","LOCATION":"SE. Area Of Park Near 124 St","PARK":"Strawberry Hill Park","REF_NO":"050-01","PLAYGROUND_SURFACE_TYPE":null,"TARGET_AGE_GROUP":null,"WINTERIZATION_REQUIRED":"N","COMMUNITY":"Newton","SERVICE_LEVEL":null,"COMMENTS":null,"PARK_OWNERSHIP":null,"MAINTENANCE_RESPONSIBILITY":"School District #36","OPERATIONAL_RESPONSIBILITY":"PARKS","OPERATING_LOCATION":"Strawberry Hill Park, 7676 122 St","OPERATING_LOCATION_TYPE":"Park","SHAPE.AREA":731.35675,"WEBLINK":"Install Date Unknown"}},{"type":"Feature","id":37,"geometry":{"type":"MultiPolygon","coordinates":[[[[-122.726059,49.035726],[-122.726033,49.035741],[-122.725992,49.035764],[-122.725962,49.03578],[-122.725933,49.035801],[-122.725928,49.035819],[-122.725925,49.035856],[-122.725931,49.035904],[-122.725924,49.035982],[-122.726027,49.035978],[-122.726097,49.035968],[-122.726121,49.035933],[-122.726165,49.035926],[-122.726236,49.03592],[-122.726292,49.035901],[-122.726343,49.035864],[-122.726319,49.035834],[-122.726303,49.035802],[-122.726259,49.035775],[-122.726219,49.035757],[-122.726127,49.035689],[-122.726094,49.035709],[-122.726059,49.035726]]],[[[-122.726446,49.035746],[-122.726422,49.035763],[-122.726367,49.035785],[-122.726366,49.035811],[-122.726376,49.035836],[-122.726403,49.035854],[-122.726425,49.035828],[-122.726458,49.035815],[-122.726527,49.035802],[-122.726539,49.035782],[-122.726514,49.035761],[-122.726479,49.035767],[-122.726446,49.035746]]],[[[-122.726408,49.035903],[-122.726396,49.035916],[-122.72639,49.03593],[-122.726388,49.035954],[-122.726395,49.03598],[-122.726428,49.035978],[-122.726454,49.035972],[-122.72648,49.035961],[-122.726488,49.035946],[-122.726494,49.035934],[-122.726481,49.035916],[-122.726462,49.035906],[-122.726436,49.035899],[-122.726408,49.035903]]]]},"properties":{"OBJECTID":37,"FACILITYID":"1001440964","PLAYGROUND_TYPE":"Universal Access","DESCRIPTION":"Playground - Universal Access - 127-01; Redwood Park, 17900 - 20 Ave","LOCATION":"N.E. Side of Park","PARK":"Redwood Park","REF_NO":"127-01","PLAYGROUND_SURFACE_TYPE":"Sand","TARGET_AGE_GROUP":"0 to 12 yrs","WINTERIZATION_REQUIRED":"N","COMMUNITY":"South Surrey","SERVICE_LEVEL":null,"COMMENTS":null,"PARK_OWNERSHIP":null,"MAINTENANCE_RESPONSIBILITY":"Parks","OPERATIONAL_RESPONSIBILITY":"Parks","OPERATING_LOCATION":"Redwood Park, 17900 20 Ave","OPERATING_LOCATION_TYPE":"Park","SHAPE.AREA":754.159439871216,"WEBLINK":null}},{"type":"Feature","id":39,"geometry":{"type":"MultiPolygon","coordinates":[[[[-122.8076,49.165168],[-122.807634,49.165171],[-122.807685,49.16517],[-122.807726,49.165166],[-122.807754,49.165156],[-122.807769,49.165139],[-122.807779,49.165103],[-122.807788,49.165067],[-122.807788,49.165036],[-122.807787,49.165018],[-122.807779,49.165007],[-122.80776,49.165003],[-122.807708,49.165001],[-122.807665,49.165003],[-122.807637,49.164999],[-122.807601,49.164994],[-122.807568,49.164993],[-122.807527,49.164998],[-122.807498,49.165006],[-122.807482,49.165017],[-122.807454,49.165046],[-122.807439,49.165091],[-122.807442,49.165113],[-122.807453,49.165141],[-122.807462,49.165156],[-122.807487,49.165167],[-122.807518,49.16517],[-122.807534,49.165166],[-122.807553,49.165164],[-122.8076,49.165168]]],[[[-122.807802,49.165123],[-122.807797,49.165133],[-122.807787,49.165147],[-122.807781,49.165157],[-122.807788,49.165158],[-122.807812,49.165161],[-122.807841,49.165142],[-122.807848,49.165121],[-122.807827,49.165109],[-122.807805,49.165109],[-122.807802,49.165123]]]]},"properties":{"OBJECTID":39,"FACILITYID":"1001440966","PLAYGROUND_TYPE":"Traditional","DESCRIPTION":"Playground - 033-01; Maple Green Park, 8959 150 St","LOCATION":"N. side of Parking Lot","PARK":"Maple Green Park","REF_NO":"033-01","PLAYGROUND_SURFACE_TYPE":"Sand","TARGET_AGE_GROUP":"0 to 12 yrs","WINTERIZATION_REQUIRED":"N","COMMUNITY":"Fleetwood","SERVICE_LEVEL":null,"COMMENTS":null,"PARK_OWNERSHIP":null,"MAINTENANCE_RESPONSIBILITY":"PARKS","OPERATIONAL_RESPONSIBILITY":"PARKS","OPERATING_LOCATION":"Maple Green Park, 8959 150 St","OPERATING_LOCATION_TYPE":"Park","SHAPE.AREA":454.181437414551,"WEBLINK":"Install Date Unknown"}},{"type":"Feature","id":40,"geometry":{"type":"Polygon","coordinates":[[[-122.886099,49.158458],[-122.88612,49.158454],[-122.886135,49.158448],[-122.886155,49.158439],[-122.886166,49.158431],[-122.886175,49.15842],[-122.886174,49.158413],[-122.886164,49.158394],[-122.886157,49.158382],[-122.88615,49.158376],[-122.886123,49.158372],[-122.886092,49.158364],[-122.886063,49.158364],[-122.886043,49.158368],[-122.886018,49.158374],[-122.886001,49.158377],[-122.885963,49.158395],[-122.885947,49.158402],[-122.885934,49.158412],[-122.885929,49.158423],[-122.885929,49.158437],[-122.88593,49.158443],[-122.885945,49.158454],[-122.88596,49.15846],[-122.885972,49.158463],[-122.886003,49.158466],[-122.886036,49.158466],[-122.886068,49.158462],[-122.886099,49.158458]]]},"properties":{"OBJECTID":40,"FACILITYID":"1001440967","PLAYGROUND_TYPE":"Traditional","DESCRIPTION":"Playground - 040-01; Amelia Adams Park, 8546 121A St","LOCATION":"in centre of park","PARK":"Amelia Adams Park","REF_NO":"040-01","PLAYGROUND_SURFACE_TYPE":"Sand","TARGET_AGE_GROUP":"6 to 12 yrs","WINTERIZATION_REQUIRED":"N","COMMUNITY":"Newton","SERVICE_LEVEL":null,"COMMENTS":null,"PARK_OWNERSHIP":null,"MAINTENANCE_RESPONSIBILITY":"Parks","OPERATIONAL_RESPONSIBILITY":"Parks","OPERATING_LOCATION":"Amelia Adams Park, 8546 121A St","OPERATING_LOCATION_TYPE":"Park","SHAPE.AREA":154.22325,"WEBLINK":null}},{"type":"Feature","id":42,"geometry":{"type":"Polygon","coordinates":[[[-122.804415,49.203086],[-122.804425,49.203066],[-122.804426,49.203054],[-122.804427,49.203022],[-122.804411,49.203003],[-122.804377,49.202983],[-122.804334,49.202974],[-122.804303,49.202975],[-122.804232,49.202989],[-122.804185,49.203005],[-122.804166,49.203028],[-122.804152,49.203044],[-122.804157,49.203079],[-122.80417,49.20309],[-122.804192,49.203102],[-122.804256,49.203116],[-122.804295,49.203122],[-122.804347,49.203114],[-122.804383,49.203107],[-122.804415,49.203086]]]},"properties":{"OBJECTID":42,"FACILITYID":"1001440969","PLAYGROUND_TYPE":"Traditional","DESCRIPTION":"Playground - 013-02; Hummingbird Park, 11083 Swan Cres","LOCATION":"South of Tennis Courts","PARK":"Hummingbird Park","REF_NO":"013-02","PLAYGROUND_SURFACE_TYPE":"Sand","TARGET_AGE_GROUP":"0 to 12 yrs","WINTERIZATION_REQUIRED":"N","COMMUNITY":"Guildford","SERVICE_LEVEL":null,"COMMENTS":null,"PARK_OWNERSHIP":null,"MAINTENANCE_RESPONSIBILITY":"PARKS","OPERATIONAL_RESPONSIBILITY":"PARKS","OPERATING_LOCATION":"Hummingbird Park, 11083 Swan Cres","OPERATING_LOCATION_TYPE":"Park","SHAPE.AREA":255.01584413757303,"WEBLINK":null}},{"type":"Feature","id":43,"geometry":{"type":"Polygon","coordinates":[[[-122.814598,49.189893],[-122.814632,49.189873],[-122.814653,49.189849],[-122.814671,49.189804],[-122.81466,49.189752],[-122.814645,49.189732],[-122.81462,49.189711],[-122.814572,49.189691],[-122.814523,49.189678],[-122.81447,49.189671],[-122.814411,49.189673],[-122.814382,49.189676],[-122.814353,49.189689],[-122.814331,49.189697],[-122.814299,49.18974],[-122.814304,49.189781],[-122.814323,49.189825],[-122.814355,49.189862],[-122.814382,49.189884],[-122.814409,49.1899],[-122.814436,49.18991],[-122.814481,49.189915],[-122.814527,49.189915],[-122.814554,49.18991],[-122.814564,49.189907],[-122.814598,49.189893]]]},"properties":{"OBJECTID":43,"FACILITYID":"1001440970","PLAYGROUND_TYPE":"Traditional","DESCRIPTION":"Playground - 023-01; Hjorth Road Park, 10275 - 148 St","LOCATION":"West Side of Park","PARK":"Hjorth Road Park","REF_NO":"023-01","PLAYGROUND_SURFACE_TYPE":"Sand","TARGET_AGE_GROUP":"0 to 12 yrs","WINTERIZATION_REQUIRED":"N","COMMUNITY":"Guildford","SERVICE_LEVEL":null,"COMMENTS":null,"PARK_OWNERSHIP":null,"MAINTENANCE_RESPONSIBILITY":"PARKS","OPERATIONAL_RESPONSIBILITY":"PARKS","OPERATING_LOCATION":"Hjorth Road Park, 10275 148 St","OPERATING_LOCATION_TYPE":"Park","SHAPE.AREA":572.83415,"WEBLINK":"Install Date Unknown"}},{"type":"Feature","id":44,"geometry":{"type":"Polygon","coordinates":[[[-122.727584,49.111769],[-122.727329,49.11177],[-122.727331,49.111945],[-122.727581,49.111949],[-122.727584,49.111769]]]},"properties":{"OBJECTID":44,"FACILITYID":"1001440971","PLAYGROUND_TYPE":"Traditional","DESCRIPTION":"Playground - 077-01; Greenaway Park, 17905 60 Ave","LOCATION":"North of parking lot","PARK":"Greenaway Park","REF_NO":"077-01","PLAYGROUND_SURFACE_TYPE":"Wood Chips","TARGET_AGE_GROUP":"0 to 12 yrs","WINTERIZATION_REQUIRED":"N","COMMUNITY":"Cloverdale","SERVICE_LEVEL":null,"COMMENTS":null,"PARK_OWNERSHIP":null,"MAINTENANCE_RESPONSIBILITY":"Parks","OPERATIONAL_RESPONSIBILITY":"Parks","OPERATING_LOCATION":"Greenaway Park, 17905 60 Ave","OPERATING_LOCATION_TYPE":"Park","SHAPE.AREA":363.776305078125,"WEBLINK":null}},{"type":"Feature","id":45,"geometry":{"type":"Polygon","coordinates":[[[-122.863175,49.051081],[-122.863224,49.051081],[-122.863282,49.05108],[-122.86332,49.051072],[-122.863374,49.051068],[-122.863415,49.051052],[-122.863437,49.05102],[-122.863442,49.050986],[-122.863418,49.05096],[-122.863386,49.050937],[-122.86334,49.050916],[-122.863288,49.050916],[-122.863254,49.050925],[-122.863204,49.050941],[-122.863162,49.050953],[-122.863121,49.050954],[-122.863079,49.050953],[-122.863034,49.050953],[-122.862994,49.050966],[-122.862976,49.050976],[-122.862955,49.050999],[-122.862934,49.05105],[-122.862928,49.05108],[-122.862927,49.051109],[-122.862944,49.051126],[-122.862989,49.05113],[-122.86304,49.05113],[-122.86307,49.051127],[-122.863107,49.051107],[-122.863149,49.051091],[-122.863175,49.051081]]]},"properties":{"OBJECTID":45,"FACILITYID":"1001440972","PLAYGROUND_TYPE":"Traditional","DESCRIPTION":"Playground - 111-01; Crescent Park, 2585 132 St","LOCATION":"North Picnic Area","PARK":"Crescent Park","REF_NO":"111-01","PLAYGROUND_SURFACE_TYPE":"Sand","TARGET_AGE_GROUP":"0 to 12 yrs","WINTERIZATION_REQUIRED":"N","COMMUNITY":"South Surrey","SERVICE_LEVEL":null,"COMMENTS":null,"PARK_OWNERSHIP":null,"MAINTENANCE_RESPONSIBILITY":"PARKS","OPERATIONAL_RESPONSIBILITY":"PARKS","OPERATING_LOCATION":"Crescent Park, 2585 132 St","OPERATING_LOCATION_TYPE":"Park","SHAPE.AREA":594.1527,"WEBLINK":"Install Date Unknown"}},{"type":"Feature","id":46,"geometry":{"type":"Polygon","coordinates":[[[-122.69913,49.114048],[-122.699178,49.114022],[-122.699224,49.113996],[-122.699258,49.113983],[-122.69931,49.113964],[-122.699377,49.113947],[-122.699448,49.113936],[-122.699458,49.11393],[-122.699521,49.113919],[-122.699519,49.113882],[-122.699517,49.113726],[-122.699398,49.113725],[-122.699083,49.114014],[-122.69913,49.114048]]]},"properties":{"OBJECTID":46,"FACILITYID":"1001440973","PLAYGROUND_TYPE":"Traditional","DESCRIPTION":"Playground - 078-02; East View Park, 6135 - 190 St","LOCATION":null,"PARK":"East View Park","REF_NO":"078-02","PLAYGROUND_SURFACE_TYPE":"Pea Gravel","TARGET_AGE_GROUP":"0 to 12 yrs","WINTERIZATION_REQUIRED":"N","COMMUNITY":"Cloverdale","SERVICE_LEVEL":null,"COMMENTS":null,"PARK_OWNERSHIP":null,"MAINTENANCE_RESPONSIBILITY":"PARKS","OPERATIONAL_RESPONSIBILITY":"PARKS","OPERATING_LOCATION":"East View Park, 6135 190 St","OPERATING_LOCATION_TYPE":"Park","SHAPE.AREA":514.975163043213,"WEBLINK":"Install Date Unknown"}},{"type":"Feature","id":47,"geometry":{"type":"Polygon","coordinates":[[[-122.750254,49.109311],[-122.750296,49.109309],[-122.750326,49.109307],[-122.75034,49.1093],[-122.750358,49.109279],[-122.750371,49.109262],[-122.750383,49.109242],[-122.750385,49.10922],[-122.750385,49.109202],[-122.750381,49.109189],[-122.750368,49.109181],[-122.750345,49.109177],[-122.750305,49.109177],[-122.750264,49.10918],[-122.750204,49.109182],[-122.750141,49.109187],[-122.750086,49.109195],[-122.750061,49.109205],[-122.750048,49.109221],[-122.750044,49.109241],[-122.750044,49.109267],[-122.750054,49.109282],[-122.750077,49.109297],[-122.750092,49.109305],[-122.750121,49.109309],[-122.750158,49.10931],[-122.750209,49.10931],[-122.750254,49.109311]]]},"properties":{"OBJECTID":47,"FACILITYID":"1001440974","PLAYGROUND_TYPE":"Traditional","DESCRIPTION":"Playground - 076-02; Cloverdale Heights Park, 5880 Aberdeen St","LOCATION":"N.W. Corner of Park","PARK":"Cloverdale Heights Park","REF_NO":"076-02","PLAYGROUND_SURFACE_TYPE":"Sand","TARGET_AGE_GROUP":"0 to 12 yrs","WINTERIZATION_REQUIRED":"N","COMMUNITY":"Cloverdale","SERVICE_LEVEL":null,"COMMENTS":null,"PARK_OWNERSHIP":null,"MAINTENANCE_RESPONSIBILITY":"PARKS","OPERATIONAL_RESPONSIBILITY":"PARKS","OPERATING_LOCATION":"Cloverdale Heights Park, 5880 Aberdeen St","OPERATING_LOCATION_TYPE":"Park","SHAPE.AREA":319.187033459473,"WEBLINK":null}},{"type":"Feature","id":48,"geometry":{"type":"Polygon","coordinates":[[[-122.70868,49.130865],[-122.708654,49.13087],[-122.708635,49.130887],[-122.708577,49.130956],[-122.70852,49.131053],[-122.708709,49.131126],[-122.708893,49.131145],[-122.708958,49.131147],[-122.708993,49.131134],[-122.709006,49.131084],[-122.708984,49.131067],[-122.708937,49.13105],[-122.708906,49.131035],[-122.708897,49.130985],[-122.708889,49.130944],[-122.708808,49.130886],[-122.708744,49.130852],[-122.70868,49.130865]]]},"properties":{"OBJECTID":48,"FACILITYID":"1001440975","PLAYGROUND_TYPE":"Traditional","DESCRIPTION":"Playground - 068-02; Clayton Park, 18513 70 Ave","LOCATION":"N. Side Of Park","PARK":"Clayton Park","REF_NO":"068-02","PLAYGROUND_SURFACE_TYPE":"Sand","TARGET_AGE_GROUP":"0 to 12 yrs","WINTERIZATION_REQUIRED":"N","COMMUNITY":"Cloverdale","SERVICE_LEVEL":null,"COMMENTS":"Renovated west side in 2026","PARK_OWNERSHIP":null,"MAINTENANCE_RESPONSIBILITY":"PARKS","OPERATIONAL_RESPONSIBILITY":"PARKS","OPERATING_LOCATION":"Clayton Park, 18513 70 Ave","OPERATING_LOCATION_TYPE":"Park","SHAPE.AREA":701.702528622437,"WEBLINK":"Install Date Unknown"}},{"type":"Feature","id":50,"geometry":{"type":"Polygon","coordinates":[[[-122.708397,49.115644],[-122.708484,49.115644],[-122.708519,49.11564],[-122.708559,49.115632],[-122.708586,49.115624],[-122.708609,49.115603],[-122.708618,49.115565],[-122.708615,49.115516],[-122.708606,49.1155],[-122.708584,49.115476],[-122.708555,49.115451],[-122.708515,49.115433],[-122.708491,49.115424],[-122.708459,49.115424],[-122.708401,49.115451],[-122.708389,49.115461],[-122.708361,49.115485],[-122.708328,49.11552],[-122.70831,49.115552],[-122.708306,49.115567],[-122.708304,49.115587],[-122.708311,49.115604],[-122.708329,49.115618],[-122.708358,49.115636],[-122.708397,49.115644]]]},"properties":{"OBJECTID":50,"FACILITYID":"1001440977","PLAYGROUND_TYPE":"Traditional","DESCRIPTION":"Playground - 078-03; Don Christian Park, 6220 184 St","LOCATION":"At SE. End Of Park","PARK":"Don Christian Park","REF_NO":"078-03","PLAYGROUND_SURFACE_TYPE":"Sand","TARGET_AGE_GROUP":"0 to 12 yrs","WINTERIZATION_REQUIRED":"N","COMMUNITY":"Cloverdale","SERVICE_LEVEL":null,"COMMENTS":null,"PARK_OWNERSHIP":null,"MAINTENANCE_RESPONSIBILITY":"PARKS","OPERATIONAL_RESPONSIBILITY":"PARKS","OPERATING_LOCATION":"Don Christian Park, 6220 184 St","OPERATING_LOCATION_TYPE":"Park","SHAPE.AREA":430.043064331055,"WEBLINK":null}},{"type":"Feature","id":52,"geometry":{"type":"Polygon","coordinates":[[[-122.85997,49.173168],[-122.859844,49.172726],[-122.859787,49.172724],[-122.859672,49.172758],[-122.859569,49.172793],[-122.859524,49.172856],[-122.859496,49.172906],[-122.859493,49.172974],[-122.859508,49.173021],[-122.859591,49.173047],[-122.859638,49.173076],[-122.859752,49.173093],[-122.859773,49.173126],[-122.859796,49.173149],[-122.859858,49.173163],[-122.859905,49.173168],[-122.85997,49.173168]]]},"properties":{"OBJECTID":52,"FACILITYID":"1001440979","PLAYGROUND_TYPE":"Traditional","DESCRIPTION":"Playground - 031-02; Betty Huff Park, 13105 - Huntley Ave","LOCATION":null,"PARK":"Betty Huff Park","REF_NO":"031-02","PLAYGROUND_SURFACE_TYPE":null,"TARGET_AGE_GROUP":null,"WINTERIZATION_REQUIRED":"N","COMMUNITY":"Whalley","SERVICE_LEVEL":null,"COMMENTS":null,"PARK_OWNERSHIP":null,"MAINTENANCE_RESPONSIBILITY":"PARKS","OPERATIONAL_RESPONSIBILITY":"PARKS","OPERATING_LOCATION":"Betty Huff Park, 13105 Huntley Ave","OPERATING_LOCATION_TYPE":"Park","SHAPE.AREA":1100.8378,"WEBLINK":"Install Date Unknown"}},{"type":"Feature","id":53,"geometry":{"type":"Polygon","coordinates":[[[-122.806307,49.173301],[-122.806309,49.173144],[-122.805936,49.17314],[-122.805935,49.173296],[-122.806307,49.173301]]]},"properties":{"OBJECTID":53,"FACILITYID":"1001440980","PLAYGROUND_TYPE":"Traditional","DESCRIPTION":"Playground - 033-02; Barry Mather Park, 15039 92A Ave","LOCATION":"at 94 Ave edge of site","PARK":"Barry Mather Park","REF_NO":"033-02","PLAYGROUND_SURFACE_TYPE":"Sand","TARGET_AGE_GROUP":"0 to 12 yrs","WINTERIZATION_REQUIRED":"N","COMMUNITY":"Fleetwood","SERVICE_LEVEL":null,"COMMENTS":null,"PARK_OWNERSHIP":null,"MAINTENANCE_RESPONSIBILITY":"Parks","OPERATIONAL_RESPONSIBILITY":"Parks","OPERATING_LOCATION":"Barry Mather Park, 15039 92A Ave","OPERATING_LOCATION_TYPE":"Park","SHAPE.AREA":473.13835,"WEBLINK":null}},{"type":"Feature","id":54,"geometry":{"type":"Polygon","coordinates":[[[-122.797471,49.035151],[-122.797563,49.035161],[-122.797594,49.035142],[-122.797621,49.035037],[-122.797598,49.035007],[-122.797572,49.034973],[-122.797549,49.034946],[-122.797545,49.03494],[-122.79753,49.034926],[-122.797487,49.034915],[-122.797438,49.034918],[-122.797384,49.034928],[-122.797354,49.034927],[-122.797321,49.03493],[-122.797286,49.03493],[-122.797263,49.034937],[-122.797244,49.034945],[-122.79722,49.034954],[-122.797157,49.035041],[-122.797236,49.035124],[-122.797471,49.035151]]]},"properties":{"OBJECTID":54,"FACILITYID":"1001440981","PLAYGROUND_TYPE":"Traditional","DESCRIPTION":"Playground - 124-01; Bakerview Park, 1845 - 154 St","LOCATION":"S.W. Corner of Park Off 18th Ave.","PARK":"Bakerview Park","REF_NO":"124-01","PLAYGROUND_SURFACE_TYPE":"Sand","TARGET_AGE_GROUP":"0 to 12 yrs","WINTERIZATION_REQUIRED":"N","COMMUNITY":"South Surrey","SERVICE_LEVEL":null,"COMMENTS":null,"PARK_OWNERSHIP":null,"MAINTENANCE_RESPONSIBILITY":"PARKS","OPERATIONAL_RESPONSIBILITY":"PARKS","OPERATING_LOCATION":"Bakerview Park, 1845 154 St","OPERATING_LOCATION_TYPE":"Park","SHAPE.AREA":690.62524559021,"WEBLINK":null}},{"type":"Feature","id":60,"geometry":{"type":"MultiPolygon","coordinates":[[[[-122.811768,49.10097],[-122.811797,49.101165],[-122.811956,49.101146],[-122.811927,49.100955],[-122.811768,49.10097]]],[[[-122.811947,49.101001],[-122.811954,49.101044],[-122.812014,49.101038],[-122.812006,49.100997],[-122.811947,49.101001]]]]},"properties":{"OBJECTID":60,"FACILITYID":"1001440987","PLAYGROUND_TYPE":"Traditional","DESCRIPTION":"Playground - 083-01; Bob Rutledge Park, 5424 - 148 St","LOCATION":"@ 148 St and 54 Ave entrance","PARK":"Bob Rutledge Park","REF_NO":"083-01","PLAYGROUND_SURFACE_TYPE":"Pea Gravel","TARGET_AGE_GROUP":"0 to 5 yrs","WINTERIZATION_REQUIRED":"N","COMMUNITY":"Newton","SERVICE_LEVEL":null,"COMMENTS":null,"PARK_OWNERSHIP":null,"MAINTENANCE_RESPONSIBILITY":"PARKS","OPERATIONAL_RESPONSIBILITY":"PARKS","OPERATING_LOCATION":"Bob Rutledge Park, 5448 148 St","OPERATING_LOCATION_TYPE":"Park","SHAPE.AREA":273.26892117614705,"WEBLINK":null}},{"type":"Feature","id":61,"geometry":{"type":"MultiPolygon","coordinates":[[[[-122.822103,49.06588],[-122.822051,49.065892],[-122.822014,49.065923],[-122.821996,49.065961],[-122.82195,49.066024],[-122.821943,49.066044],[-122.821946,49.066059],[-122.821995,49.066078],[-122.822072,49.06608],[-122.822138,49.066055],[-122.822183,49.066025],[-122.822234,49.065945],[-122.82222,49.065909],[-122.822191,49.065887],[-122.82216,49.065875],[-122.822103,49.06588]]],[[[-122.82226,49.065827],[-122.82227,49.065838],[-122.822284,49.065852],[-122.822319,49.065875],[-122.822333,49.065881],[-122.822351,49.06588],[-122.822368,49.065872],[-122.822372,49.065862],[-122.822368,49.065854],[-122.822357,49.065841],[-122.822348,49.065829],[-122.822331,49.065815],[-122.82231,49.065803],[-122.822307,49.065803],[-122.82226,49.065827]]]]},"properties":{"OBJECTID":61,"FACILITYID":"1001440988","PLAYGROUND_TYPE":"Traditional","DESCRIPTION":"Playground - 103-01; Elgin Recreation Centre, 3530 144 St","LOCATION":"East of Center","PARK":"Elgin Recreation Centre Grounds","REF_NO":"103-01","PLAYGROUND_SURFACE_TYPE":"Sand","TARGET_AGE_GROUP":"0 to 12 yrs","WINTERIZATION_REQUIRED":"N","COMMUNITY":"South Surrey","SERVICE_LEVEL":null,"COMMENTS":"Ref# 103-01 merged in 2025","PARK_OWNERSHIP":null,"MAINTENANCE_RESPONSIBILITY":"PARKS","OPERATIONAL_RESPONSIBILITY":"PARKS","OPERATING_LOCATION":"Elgin Recreation Centre Grounds, 3530 144 St","OPERATING_LOCATION_TYPE":"Land","SHAPE.AREA":366.61247603454603,"WEBLINK":null}},{"type":"Feature","id":62,"geometry":{"type":"Polygon","coordinates":[[[-122.86113,49.034191],[-122.861168,49.034191],[-122.861195,49.034186],[-122.861216,49.034164],[-122.861234,49.034125],[-122.861236,49.034092],[-122.861236,49.034063],[-122.861224,49.034039],[-122.861174,49.034011],[-122.861119,49.033984],[-122.861084,49.033972],[-122.861071,49.033975],[-122.861069,49.033992],[-122.861076,49.034067],[-122.861072,49.034116],[-122.861047,49.034155],[-122.861041,49.034168],[-122.861041,49.034179],[-122.861047,49.034188],[-122.86107,49.034191],[-122.86113,49.034191]]]},"properties":{"OBJECTID":62,"FACILITYID":"1001440989","PLAYGROUND_TYPE":"Traditional","DESCRIPTION":"Playground - 121-01; Summerhill Park (Tot-Lot), 13089 Summerhill Cres","LOCATION":"Central Area Of Site","PARK":"Summerhill Park","REF_NO":"121-01","PLAYGROUND_SURFACE_TYPE":"Sand","TARGET_AGE_GROUP":"0 to 5 yrs","WINTERIZATION_REQUIRED":"N","COMMUNITY":"South Surrey","SERVICE_LEVEL":null,"COMMENTS":null,"PARK_OWNERSHIP":null,"MAINTENANCE_RESPONSIBILITY":"PARKS","OPERATIONAL_RESPONSIBILITY":"PARKS","OPERATING_LOCATION":"Summerhill Park (Tot-Lot), 13089 Summerhill Cres","OPERATING_LOCATION_TYPE":"Park","SHAPE.AREA":248.17170000000002,"WEBLINK":"Install Date Unknown"}},{"type":"Feature","id":65,"geometry":{"type":"Polygon","coordinates":[[[-122.734071,49.10788],[-122.734074,49.107914],[-122.734088,49.107918],[-122.734101,49.107928],[-122.734098,49.107951],[-122.734332,49.107951],[-122.73433,49.107878],[-122.734071,49.10788]]]},"properties":{"OBJECTID":65,"FACILITYID":"1001440992","PLAYGROUND_TYPE":"Traditional","DESCRIPTION":"Playground - 077-02; Cloverdale Beautification - 76I, 17635 58 Ave","LOCATION":null,"PARK":"Cloverdale Beautification","REF_NO":"077-02","PLAYGROUND_SURFACE_TYPE":"Pea Gravel","TARGET_AGE_GROUP":"0 to 5 yrs","WINTERIZATION_REQUIRED":"N","COMMUNITY":"Cloverdale","SERVICE_LEVEL":null,"COMMENTS":null,"PARK_OWNERSHIP":null,"MAINTENANCE_RESPONSIBILITY":"Parks","OPERATIONAL_RESPONSIBILITY":"Parks","OPERATING_LOCATION":"Cloverdale Beautification- 76I, 17635 58 Ave","OPERATING_LOCATION_TYPE":"Park","SHAPE.AREA":143.08172648010301,"WEBLINK":null}},{"type":"Feature","id":66,"geometry":{"type":"Polygon","coordinates":[[[-122.835593,49.165978],[-122.835624,49.165978],[-122.835652,49.165975],[-122.835678,49.165962],[-122.835686,49.165943],[-122.835692,49.165923],[-122.835692,49.165904],[-122.835684,49.165887],[-122.835673,49.165871],[-122.835636,49.165863],[-122.835607,49.165863],[-122.835573,49.165874],[-122.835548,49.165882],[-122.835525,49.165902],[-122.835514,49.165921],[-122.835516,49.165943],[-122.835528,49.16596],[-122.835545,49.165975],[-122.835593,49.165978]]]},"properties":{"OBJECTID":66,"FACILITYID":"1001440993","PLAYGROUND_TYPE":"Traditional","DESCRIPTION":"Playground - 032-01; Bear Creek Heights Tot Lot, 8966 139A St","LOCATION":"Centre Of Site","PARK":"Bear Creek Heights Tot Lot","REF_NO":"032-01","PLAYGROUND_SURFACE_TYPE":"Sand","TARGET_AGE_GROUP":"0 to 12 yrs","WINTERIZATION_REQUIRED":"N","COMMUNITY":"Whalley","SERVICE_LEVEL":null,"COMMENTS":null,"PARK_OWNERSHIP":null,"MAINTENANCE_RESPONSIBILITY":"Parks","OPERATIONAL_RESPONSIBILITY":"Parks","OPERATING_LOCATION":"Bear Creek Heights Tot-Lot, 8966 139A St","OPERATING_LOCATION_TYPE":"Park","SHAPE.AREA":135.43385,"WEBLINK":null}},{"type":"Feature","id":68,"geometry":{"type":"Polygon","coordinates":[[[-122.863541,49.178419],[-122.86357,49.178427],[-122.863591,49.178427],[-122.863615,49.178421],[-122.863636,49.178406],[-122.863642,49.178384],[-122.863603,49.178312],[-122.86356,49.178234],[-122.863513,49.178223],[-122.863479,49.178222],[-122.863439,49.178233],[-122.863412,49.178244],[-122.863402,49.178264],[-122.863419,49.178308],[-122.863439,49.178351],[-122.863463,49.178388],[-122.863502,49.178409],[-122.863541,49.178419]]]},"properties":{"OBJECTID":68,"FACILITYID":"1001440995","PLAYGROUND_TYPE":"Traditional","DESCRIPTION":"Playground - 021-01; 21C - Tot-Lot, 9652 129 St","LOCATION":"in center of site","PARK":"21C - Tot Lot","REF_NO":"021-01","PLAYGROUND_SURFACE_TYPE":"Sand","TARGET_AGE_GROUP":"0 to 12 yrs","WINTERIZATION_REQUIRED":"N","COMMUNITY":"Whalley","SERVICE_LEVEL":null,"COMMENTS":"renovated in 2019","PARK_OWNERSHIP":null,"MAINTENANCE_RESPONSIBILITY":"Parks","OPERATIONAL_RESPONSIBILITY":"Parks","OPERATING_LOCATION":"21C - Tot-Lot, 9652 129 St","OPERATING_LOCATION_TYPE":"Park","SHAPE.AREA":266.101711224365,"WEBLINK":null}},{"type":"Feature","id":70,"geometry":{"type":"Polygon","coordinates":[[[-122.821217,49.16738],[-122.821193,49.167384],[-122.82117,49.167388],[-122.821154,49.167393],[-122.82114,49.167397],[-122.821127,49.167404],[-122.82112,49.167411],[-122.821115,49.167421],[-122.821113,49.167432],[-122.82112,49.167447],[-122.821136,49.167455],[-122.821161,49.167461],[-122.821187,49.167463],[-122.821208,49.167457],[-122.821241,49.167444],[-122.821266,49.167431],[-122.821276,49.16742],[-122.821283,49.16741],[-122.821284,49.167399],[-122.821277,49.16739],[-122.821262,49.167382],[-122.821242,49.167381],[-122.821217,49.16738]]]},"properties":{"OBJECTID":70,"FACILITYID":"1001440997","PLAYGROUND_TYPE":"Traditional","DESCRIPTION":"Playground - 033-03; 33C - Tot-Lot, 14484 - 91 Ave","LOCATION":"Near 91 Ave Entrance","PARK":"33C - Tot Lot","REF_NO":"033-03","PLAYGROUND_SURFACE_TYPE":"Sand","TARGET_AGE_GROUP":"0 to 5 yrs","WINTERIZATION_REQUIRED":"N","COMMUNITY":"Fleetwood","SERVICE_LEVEL":null,"COMMENTS":null,"PARK_OWNERSHIP":null,"MAINTENANCE_RESPONSIBILITY":"PARKS","OPERATIONAL_RESPONSIBILITY":"PARKS","OPERATING_LOCATION":"33C - Tot-Lot, 14484 91 Ave","OPERATING_LOCATION_TYPE":"Park","SHAPE.AREA":83.1702993133545,"WEBLINK":null}},{"type":"Feature","id":73,"geometry":{"type":"Polygon","coordinates":[[[-122.860509,49.164794],[-122.860555,49.164792],[-122.860597,49.164787],[-122.860627,49.164782],[-122.860658,49.164771],[-122.860672,49.164762],[-122.860681,49.164747],[-122.860675,49.164727],[-122.860662,49.164712],[-122.860644,49.164701],[-122.860628,49.164695],[-122.860582,49.16469],[-122.860549,49.164689],[-122.860507,49.164696],[-122.860487,49.164703],[-122.860473,49.164715],[-122.860458,49.164735],[-122.860461,49.164762],[-122.860472,49.164779],[-122.860485,49.164789],[-122.860509,49.164794]]]},"properties":{"OBJECTID":73,"FACILITYID":"1001441000","PLAYGROUND_TYPE":"Traditional","DESCRIPTION":"Playground - 031-03; Queen Mary Park, 8972 - Queen Mary Blvd","LOCATION":"S. Section Of Park Near Lanark Pl Entr","PARK":"Queen Mary Park","REF_NO":"031-03","PLAYGROUND_SURFACE_TYPE":null,"TARGET_AGE_GROUP":null,"WINTERIZATION_REQUIRED":"N","COMMUNITY":"Whalley","SERVICE_LEVEL":null,"COMMENTS":null,"PARK_OWNERSHIP":null,"MAINTENANCE_RESPONSIBILITY":"PARKS","OPERATIONAL_RESPONSIBILITY":"PARKS","OPERATING_LOCATION":"Queen Mary Park, 8972 Queen Mary Blvd","OPERATING_LOCATION_TYPE":"Park","SHAPE.AREA":149.858661581421,"WEBLINK":"Install Date Unknown"}},{"type":"Feature","id":75,"geometry":{"type":"Polygon","coordinates":[[[-122.770868,49.202241],[-122.770886,49.202239],[-122.77091,49.202233],[-122.770933,49.202223],[-122.770952,49.202212],[-122.77097,49.202197],[-122.770984,49.202176],[-122.770986,49.202156],[-122.770982,49.202124],[-122.770965,49.20211],[-122.770925,49.202088],[-122.7709,49.202078],[-122.770866,49.202066],[-122.770834,49.202063],[-122.770798,49.20207],[-122.770766,49.202082],[-122.770734,49.202112],[-122.770722,49.202136],[-122.77072,49.202158],[-122.77073,49.202183],[-122.770747,49.202204],[-122.770776,49.202221],[-122.770804,49.202235],[-122.770846,49.202241],[-122.770868,49.202241]]]},"properties":{"OBJECTID":75,"FACILITYID":"1001441002","PLAYGROUND_TYPE":"Traditional","DESCRIPTION":"Playground - 015-01; J.R. Douglas Park, 10885 - 162B St","LOCATION":"On 110 Ave edge of site","PARK":"J.R. Douglas Park","REF_NO":"015-01","PLAYGROUND_SURFACE_TYPE":"Sand","TARGET_AGE_GROUP":"6 to 12 yrs","WINTERIZATION_REQUIRED":"N","COMMUNITY":"Guildford","SERVICE_LEVEL":null,"COMMENTS":"Playground moved from 162B st edge of site in September of 2002.","PARK_OWNERSHIP":null,"MAINTENANCE_RESPONSIBILITY":"PARKS","OPERATIONAL_RESPONSIBILITY":"PARKS","OPERATING_LOCATION":"J.R. Douglas Park, 10885 162B St","OPERATING_LOCATION_TYPE":"Park","SHAPE.AREA":291.77615000000003,"WEBLINK":null}},{"type":"Feature","id":77,"geometry":{"type":"Polygon","coordinates":[[[-122.805113,49.181932],[-122.805151,49.18193],[-122.805182,49.181924],[-122.805208,49.181918],[-122.805223,49.181894],[-122.805225,49.181859],[-122.805218,49.181824],[-122.805198,49.181807],[-122.805161,49.181799],[-122.805117,49.181789],[-122.805083,49.181784],[-122.805063,49.18179],[-122.80504,49.181797],[-122.805026,49.181821],[-122.805017,49.181852],[-122.805024,49.181874],[-122.805042,49.181904],[-122.805074,49.181922],[-122.805113,49.181932]]]},"properties":{"OBJECTID":77,"FACILITYID":"1001441004","PLAYGROUND_TYPE":"Traditional","DESCRIPTION":"Playground - 023-02; Douglas Park, 15044 99A Ave","LOCATION":"E. Section Of Park - W.Of Detention Pond","PARK":"Douglas Park","REF_NO":"023-02","PLAYGROUND_SURFACE_TYPE":"Sand","TARGET_AGE_GROUP":"0 to 12 yrs","WINTERIZATION_REQUIRED":"N","COMMUNITY":"Guildford","SERVICE_LEVEL":null,"COMMENTS":null,"PARK_OWNERSHIP":null,"MAINTENANCE_RESPONSIBILITY":"PARKS","OPERATIONAL_RESPONSIBILITY":"PARKS","OPERATING_LOCATION":"Douglas Park, 15044 99A Ave","OPERATING_LOCATION_TYPE":"Park","SHAPE.AREA":197.53909704895003,"WEBLINK":"Install Date Unknown"}},{"type":"Feature","id":79,"geometry":{"type":"Polygon","coordinates":[[[-122.790204,49.204181],[-122.790234,49.204179],[-122.790238,49.203956],[-122.789957,49.203956],[-122.789969,49.20418],[-122.790204,49.204181]]]},"properties":{"OBJECTID":79,"FACILITYID":"1001441006","PLAYGROUND_TYPE":"Traditional","DESCRIPTION":"Playground - 014-01; Northview Park, 11149 - 156 St","LOCATION":null,"PARK":"Northview Park","REF_NO":"014-01","PLAYGROUND_SURFACE_TYPE":"Sand","TARGET_AGE_GROUP":"0 to 12 yrs","WINTERIZATION_REQUIRED":"N","COMMUNITY":"Guildford","SERVICE_LEVEL":null,"COMMENTS":null,"PARK_OWNERSHIP":null,"MAINTENANCE_RESPONSIBILITY":"PARKS","OPERATIONAL_RESPONSIBILITY":"PARKS","OPERATING_LOCATION":"Northview Park, 11149 156 St","OPERATING_LOCATION_TYPE":"Park","SHAPE.AREA":497.06260000000003,"WEBLINK":null}},{"type":"Feature","id":80,"geometry":{"type":"Polygon","coordinates":[[[-122.851959,49.15175],[-122.851939,49.151758],[-122.851923,49.151764],[-122.851905,49.151771],[-122.851888,49.151784],[-122.851873,49.151804],[-122.851869,49.151816],[-122.851871,49.151823],[-122.851881,49.15184],[-122.851889,49.151853],[-122.851906,49.151864],[-122.851925,49.151874],[-122.851941,49.151876],[-122.851964,49.151873],[-122.851995,49.151867],[-122.852038,49.151852],[-122.85205,49.151842],[-122.852063,49.151829],[-122.85207,49.151814],[-122.852072,49.151798],[-122.852064,49.15178],[-122.852049,49.151766],[-122.852025,49.151755],[-122.852001,49.15175],[-122.851978,49.151747],[-122.851959,49.15175]]]},"properties":{"OBJECTID":80,"FACILITYID":"1001441007","PLAYGROUND_TYPE":"Traditional","DESCRIPTION":"Playground - 041-01; Dominion Park, 8225 - 134 St","LOCATION":"SE. Corner Of Park","PARK":"Dominion Park","REF_NO":"041-01","PLAYGROUND_SURFACE_TYPE":"Sand","TARGET_AGE_GROUP":"0 to 5 yrs","WINTERIZATION_REQUIRED":"N","COMMUNITY":"Newton","SERVICE_LEVEL":null,"COMMENTS":null,"PARK_OWNERSHIP":null,"MAINTENANCE_RESPONSIBILITY":"PARKS","OPERATIONAL_RESPONSIBILITY":"PARKS","OPERATING_LOCATION":"Dominion Park, 8225 134 St","OPERATING_LOCATION_TYPE":"Park","SHAPE.AREA":155.714970800781,"WEBLINK":null}},{"type":"Feature","id":81,"geometry":{"type":"Polygon","coordinates":[[[-122.806155,49.038674],[-122.806299,49.038675],[-122.806352,49.038646],[-122.80636,49.038571],[-122.806313,49.03854],[-122.806164,49.03854],[-122.806115,49.038572],[-122.806117,49.038646],[-122.806155,49.038674]]]},"properties":{"OBJECTID":81,"FACILITYID":"1001441008","PLAYGROUND_TYPE":"Traditional","DESCRIPTION":"Playground - 123-01; Meridian By The Sea Park, 2040 150 St","LOCATION":null,"PARK":"Meridian by the Sea Park","REF_NO":"123-01","PLAYGROUND_SURFACE_TYPE":"Sand","TARGET_AGE_GROUP":"0 to 5 yrs","WINTERIZATION_REQUIRED":"N","COMMUNITY":"South Surrey","SERVICE_LEVEL":null,"COMMENTS":null,"PARK_OWNERSHIP":null,"MAINTENANCE_RESPONSIBILITY":"PARKS","OPERATIONAL_RESPONSIBILITY":"PARKS","OPERATING_LOCATION":"Meridian By The Sea Park, 2040 150 St","OPERATING_LOCATION_TYPE":"Park","SHAPE.AREA":239.472637304688,"WEBLINK":null}},{"type":"Feature","id":82,"geometry":{"type":"Polygon","coordinates":[[[-122.883173,49.153108],[-122.883222,49.153102],[-122.883262,49.153077],[-122.883282,49.153055],[-122.883289,49.153022],[-122.883275,49.152998],[-122.883241,49.152961],[-122.883189,49.152952],[-122.883114,49.152949],[-122.883099,49.152961],[-122.883061,49.152991],[-122.883045,49.153007],[-122.883038,49.153036],[-122.883053,49.153068],[-122.883096,49.153095],[-122.88313,49.153107],[-122.883173,49.153108]]]},"properties":{"OBJECTID":82,"FACILITYID":"1001441009","PLAYGROUND_TYPE":"Traditional","DESCRIPTION":"Playground - 040-02; Kennedy Trail Park, 12237 - 82 Ave","LOCATION":"Near 122A St Entrance","PARK":"Kennedy Trail Park","REF_NO":"040-02","PLAYGROUND_SURFACE_TYPE":"Sand","TARGET_AGE_GROUP":"0 to 12 yrs","WINTERIZATION_REQUIRED":"N","COMMUNITY":"Newton","SERVICE_LEVEL":null,"COMMENTS":null,"PARK_OWNERSHIP":null,"MAINTENANCE_RESPONSIBILITY":"PARKS","OPERATIONAL_RESPONSIBILITY":"PARKS","OPERATING_LOCATION":"Kennedy Trail Park, 12237 82 Ave","OPERATING_LOCATION_TYPE":"Park","SHAPE.AREA":247.82610687255902,"WEBLINK":"Install Date Unknown"}},{"type":"Feature","id":85,"geometry":{"type":"Polygon","coordinates":[[[-122.854819,49.180533],[-122.854835,49.180532],[-122.854851,49.180527],[-122.854745,49.180305],[-122.85474,49.180302],[-122.854726,49.180307],[-122.8547,49.180312],[-122.854671,49.180321],[-122.854618,49.180348],[-122.854555,49.180382],[-122.854543,49.180398],[-122.854543,49.180421],[-122.854548,49.180444],[-122.85469,49.18049],[-122.854819,49.180533]]]},"properties":{"OBJECTID":85,"FACILITYID":"1001441012","PLAYGROUND_TYPE":"Traditional","DESCRIPTION":"Playground - 021-02; A.H.P. Matthew Park, 9762 132 St","LOCATION":"N.E. Corner of Park","PARK":"A.H.P. Matthew Park","REF_NO":"021-02","PLAYGROUND_SURFACE_TYPE":"Pea Gravel","TARGET_AGE_GROUP":"0 to 12 yrs","WINTERIZATION_REQUIRED":"N","COMMUNITY":"Whalley","SERVICE_LEVEL":null,"COMMENTS":null,"PARK_OWNERSHIP":null,"MAINTENANCE_RESPONSIBILITY":"School District #36","OPERATIONAL_RESPONSIBILITY":"School District #36","OPERATING_LOCATION":"A.H.P. Matthew Park, 9762 132 St","OPERATING_LOCATION_TYPE":"Park","SHAPE.AREA":316.17575,"WEBLINK":"Install Date Unknown"}},{"type":"Feature","id":86,"geometry":{"type":"MultiPolygon","coordinates":[[[[-122.848645,49.116585],[-122.848634,49.116592],[-122.848629,49.116607],[-122.848635,49.116644],[-122.848649,49.116663],[-122.848662,49.116678],[-122.848689,49.116696],[-122.848703,49.116703],[-122.848723,49.116709],[-122.848745,49.116713],[-122.848787,49.116718],[-122.848823,49.116719],[-122.84885,49.116633],[-122.848819,49.116618],[-122.848782,49.116605],[-122.848732,49.116591],[-122.848703,49.116583],[-122.848664,49.116582],[-122.848645,49.116585]]],[[[-122.848426,49.116672],[-122.84859,49.1167],[-122.848646,49.116707],[-122.848615,49.116677],[-122.848603,49.11666],[-122.848594,49.116631],[-122.848595,49.116614],[-122.84859,49.11659],[-122.848577,49.116577],[-122.848557,49.116571],[-122.848519,49.116568],[-122.848468,49.116566],[-122.848422,49.116563],[-122.848426,49.116672]]]]},"properties":{"OBJECTID":86,"FACILITYID":"1001441013","PLAYGROUND_TYPE":"Traditional","DESCRIPTION":"Playground - 071-01; Heritage Woods Park, 13468 - 63 Ave","LOCATION":"Central Area Of Park","PARK":"Heritage Woods Park","REF_NO":"071-01","PLAYGROUND_SURFACE_TYPE":"Sand","TARGET_AGE_GROUP":"0 to 12 yrs","WINTERIZATION_REQUIRED":"N","COMMUNITY":"Newton","SERVICE_LEVEL":null,"COMMENTS":null,"PARK_OWNERSHIP":null,"MAINTENANCE_RESPONSIBILITY":"PARKS","OPERATIONAL_RESPONSIBILITY":"PARKS","OPERATING_LOCATION":"Heritage Woods Park, 13468 63 Ave","OPERATING_LOCATION_TYPE":"Park","SHAPE.AREA":346.713490890503,"WEBLINK":null}},{"type":"Feature","id":88,"geometry":{"type":"Polygon","coordinates":[[[-122.767331,49.173461],[-122.767391,49.173455],[-122.767434,49.173446],[-122.767461,49.17344],[-122.767461,49.173413],[-122.767445,49.173392],[-122.767421,49.173383],[-122.767378,49.173381],[-122.767338,49.173398],[-122.767305,49.173402],[-122.767272,49.173411],[-122.767265,49.173435],[-122.767268,49.173452],[-122.767302,49.173463],[-122.767331,49.173461]]]},"properties":{"OBJECTID":88,"FACILITYID":"1001441015","PLAYGROUND_TYPE":"Traditional","DESCRIPTION":"Playground - 035-01; Fern Park, 9420 - 164 St","LOCATION":"Near 164 St Entrance","PARK":"Fern Park","REF_NO":"035-01","PLAYGROUND_SURFACE_TYPE":"Sand","TARGET_AGE_GROUP":"0 to 5 yrs","WINTERIZATION_REQUIRED":"N","COMMUNITY":"Guildford","SERVICE_LEVEL":null,"COMMENTS":null,"PARK_OWNERSHIP":null,"MAINTENANCE_RESPONSIBILITY":"PARKS","OPERATIONAL_RESPONSIBILITY":"PARKS","OPERATING_LOCATION":"Fern Park, 9420 164 St","OPERATING_LOCATION_TYPE":"Park","SHAPE.AREA":95.47505,"WEBLINK":"Install Date Unknown"}},{"type":"Feature","id":90,"geometry":{"type":"Polygon","coordinates":[[[-122.796123,49.167392],[-122.79616,49.167392],[-122.796197,49.167387],[-122.796231,49.167371],[-122.796255,49.16734],[-122.796265,49.167304],[-122.79625,49.167262],[-122.796216,49.167236],[-122.796155,49.16722],[-122.7961,49.167217],[-122.796042,49.167238],[-122.796002,49.167277],[-122.796002,49.167324],[-122.796017,49.167353],[-122.796059,49.167379],[-122.796123,49.167392]]]},"properties":{"OBJECTID":90,"FACILITYID":"1001441017","PLAYGROUND_TYPE":"Traditional","DESCRIPTION":"Playground - 034-01; Meagan Anne MacDougall Park, 15385 90 Ave","LOCATION":"25m From Northern 154 St Entrance","PARK":"Meagan Anne MacDougall Park","REF_NO":"034-01","PLAYGROUND_SURFACE_TYPE":"Sand","TARGET_AGE_GROUP":"0 to 12 yrs","WINTERIZATION_REQUIRED":"N","COMMUNITY":"Fleetwood","SERVICE_LEVEL":null,"COMMENTS":null,"PARK_OWNERSHIP":null,"MAINTENANCE_RESPONSIBILITY":"PARKS","OPERATIONAL_RESPONSIBILITY":"PARKS","OPERATING_LOCATION":"Meagan Anne MacDougall Park, 15385 90 Ave","OPERATING_LOCATION_TYPE":"Park","SHAPE.AREA":296.0269,"WEBLINK":"Install Date Unknown"}},{"type":"Feature","id":91,"geometry":{"type":"Polygon","coordinates":[[[-122.876674,49.143263],[-122.876696,49.14326],[-122.876719,49.143247],[-122.876741,49.143231],[-122.876752,49.14321],[-122.876762,49.14319],[-122.876764,49.143173],[-122.876759,49.143161],[-122.87675,49.143151],[-122.876735,49.14314],[-122.876719,49.143133],[-122.876699,49.143128],[-122.876679,49.143127],[-122.876659,49.14313],[-122.876646,49.143139],[-122.876628,49.143151],[-122.876613,49.143175],[-122.876599,49.143197],[-122.8766,49.143213],[-122.876601,49.143233],[-122.876605,49.14324],[-122.876612,49.143251],[-122.876623,49.143259],[-122.876646,49.143263],[-122.876674,49.143263]]]},"properties":{"OBJECTID":91,"FACILITYID":"1001441018","PLAYGROUND_TYPE":"Traditional","DESCRIPTION":"Playground - 050-02; East View Trail, 7648 125 St","LOCATION":null,"PARK":"East View Trail","REF_NO":"050-02","PLAYGROUND_SURFACE_TYPE":"Sand","TARGET_AGE_GROUP":"6 to 12 yrs","WINTERIZATION_REQUIRED":"N","COMMUNITY":"Newton","SERVICE_LEVEL":null,"COMMENTS":null,"PARK_OWNERSHIP":null,"MAINTENANCE_RESPONSIBILITY":"Parks","OPERATIONAL_RESPONSIBILITY":"Parks","OPERATING_LOCATION":"East View Trail, 7648 125 St","OPERATING_LOCATION_TYPE":"Park","SHAPE.AREA":139.19400000000002,"WEBLINK":null}},{"type":"Feature","id":92,"geometry":{"type":"Polygon","coordinates":[[[-122.857387,49.050178],[-122.857381,49.05008],[-122.857154,49.050081],[-122.857153,49.05018],[-122.857387,49.050178]]]},"properties":{"OBJECTID":92,"FACILITYID":"1001441019","PLAYGROUND_TYPE":"Traditional","DESCRIPTION":"Playground - 111-02; Crescent Park, 2585 132 St","LOCATION":"North of Caretakers Residence","PARK":"Crescent Park","REF_NO":"111-02","PLAYGROUND_SURFACE_TYPE":"Bark Mulch","TARGET_AGE_GROUP":"0 to 5 yrs","WINTERIZATION_REQUIRED":"N","COMMUNITY":"South Surrey","SERVICE_LEVEL":null,"COMMENTS":null,"PARK_OWNERSHIP":null,"MAINTENANCE_RESPONSIBILITY":"PARKS","OPERATIONAL_RESPONSIBILITY":"PARKS","OPERATING_LOCATION":"Crescent Park, 2585 132 St","OPERATING_LOCATION_TYPE":"Park","SHAPE.AREA":183.3998,"WEBLINK":"Install Date Unknown"}},{"type":"Feature","id":93,"geometry":{"type":"Polygon","coordinates":[[[-122.70973,49.109548],[-122.70975,49.10956],[-122.709846,49.10956],[-122.709946,49.109526],[-122.709954,49.109507],[-122.709936,49.109465],[-122.709905,49.109459],[-122.709862,49.109459],[-122.709817,49.109466],[-122.709752,49.109495],[-122.709732,49.109512],[-122.709728,49.109541],[-122.70973,49.109548]]]},"properties":{"OBJECTID":93,"FACILITYID":"1001441020","PLAYGROUND_TYPE":"Traditional","DESCRIPTION":"Playground - 078-04; McKenzie Park, 5888 - 184B St","LOCATION":"Park","PARK":"McKenzie Park","REF_NO":"078-04","PLAYGROUND_SURFACE_TYPE":"Pea Gravel","TARGET_AGE_GROUP":"0 to 5 yrs","WINTERIZATION_REQUIRED":"N","COMMUNITY":"Cloverdale","SERVICE_LEVEL":null,"COMMENTS":null,"PARK_OWNERSHIP":null,"MAINTENANCE_RESPONSIBILITY":"PARKS","OPERATIONAL_RESPONSIBILITY":"PARKS","OPERATING_LOCATION":"McKenzie Park, 5888 184B St","OPERATING_LOCATION_TYPE":"Park","SHAPE.AREA":141.1765,"WEBLINK":"Install Date Unknown"}},{"type":"Feature","id":94,"geometry":{"type":"Polygon","coordinates":[[[-122.69506,49.107568],[-122.695087,49.107562],[-122.695104,49.107552],[-122.695122,49.107535],[-122.695133,49.10752],[-122.695146,49.107496],[-122.695149,49.107475],[-122.695142,49.107455],[-122.695128,49.107442],[-122.695116,49.107431],[-122.695095,49.107424],[-122.695077,49.107422],[-122.695059,49.107422],[-122.695044,49.107423],[-122.695021,49.107431],[-122.695005,49.107447],[-122.694985,49.107472],[-122.694975,49.107489],[-122.694966,49.10751],[-122.694968,49.107526],[-122.694978,49.107544],[-122.694991,49.107554],[-122.695024,49.107567],[-122.69506,49.107568]]]},"properties":{"OBJECTID":94,"FACILITYID":"1001441021","PLAYGROUND_TYPE":"Traditional","DESCRIPTION":"Playground - 078-05; Clover Ridge Park, 19087 - 57 Ave","LOCATION":"Southwest Corner of Park","PARK":"Clover Ridge Park","REF_NO":"078-05","PLAYGROUND_SURFACE_TYPE":"Sand","TARGET_AGE_GROUP":"0 to 5 yrs","WINTERIZATION_REQUIRED":"N","COMMUNITY":"Cloverdale","SERVICE_LEVEL":null,"COMMENTS":null,"PARK_OWNERSHIP":null,"MAINTENANCE_RESPONSIBILITY":"PARKS","OPERATIONAL_RESPONSIBILITY":"PARKS","OPERATING_LOCATION":"Clover Ridge Park, 19087 57 Ave","OPERATING_LOCATION_TYPE":"Park","SHAPE.AREA":163.748125015259,"WEBLINK":"Install Date Unknown"}},{"type":"Feature","id":96,"geometry":{"type":"Polygon","coordinates":[[[-122.850754,49.110767],[-122.850797,49.110746],[-122.850829,49.11071],[-122.850837,49.110694],[-122.850849,49.110666],[-122.850853,49.110622],[-122.850826,49.110588],[-122.850774,49.110567],[-122.850715,49.110556],[-122.850663,49.110561],[-122.850612,49.11058],[-122.850568,49.110629],[-122.850548,49.110678],[-122.850575,49.110717],[-122.850611,49.110749],[-122.850662,49.110764],[-122.85071,49.11077],[-122.850754,49.110767]]]},"properties":{"OBJECTID":96,"FACILITYID":"1001441023","PLAYGROUND_TYPE":"Traditional","DESCRIPTION":"Playground - 071-02; Aspen Park - 71L, 13380 59B Ave","LOCATION":"NE. Area Of Park","PARK":"Aspen Park","REF_NO":"071-02","PLAYGROUND_SURFACE_TYPE":"Sand","TARGET_AGE_GROUP":"0 to 12 yrs","WINTERIZATION_REQUIRED":"N","COMMUNITY":"Newton","SERVICE_LEVEL":null,"COMMENTS":null,"PARK_OWNERSHIP":null,"MAINTENANCE_RESPONSIBILITY":"PARKS","OPERATIONAL_RESPONSIBILITY":"PARKS","OPERATING_LOCATION":"Aspen Park - 71L, 13380 59B Ave","OPERATING_LOCATION_TYPE":"Park","SHAPE.AREA":400.51730000000003,"WEBLINK":null}},{"type":"Feature","id":97,"geometry":{"type":"MultiPolygon","coordinates":[[[[-122.682447,49.112693],[-122.682402,49.11271],[-122.68236,49.112729],[-122.682327,49.112754],[-122.682308,49.112779],[-122.682304,49.112805],[-122.682327,49.112828],[-122.682351,49.112837],[-122.682373,49.112837],[-122.682427,49.11283],[-122.682472,49.112816],[-122.682514,49.112793],[-122.682547,49.112763],[-122.682552,49.112737],[-122.682538,49.112714],[-122.682511,49.112699],[-122.682447,49.112693]]],[[[-122.682583,49.112705],[-122.682566,49.11271],[-122.682583,49.11274],[-122.682634,49.112745],[-122.682608,49.112708],[-122.682583,49.112705]]],[[[-122.682567,49.112834],[-122.682573,49.11288],[-122.682598,49.112895],[-122.68265,49.112891],[-122.68267,49.112878],[-122.682673,49.11283],[-122.682646,49.112812],[-122.682587,49.112815],[-122.682567,49.112834]]]]},"properties":{"OBJECTID":97,"FACILITYID":"1001441024","PLAYGROUND_TYPE":"Traditional","DESCRIPTION":"Playground - 079-01; Brooks Crescent Park, 6050 - Brooks Cres","LOCATION":null,"PARK":"Brooks Crescent Park","REF_NO":"079-01","PLAYGROUND_SURFACE_TYPE":"Sand","TARGET_AGE_GROUP":"0 to 5 yrs","WINTERIZATION_REQUIRED":"N","COMMUNITY":"Cloverdale","SERVICE_LEVEL":null,"COMMENTS":null,"PARK_OWNERSHIP":null,"MAINTENANCE_RESPONSIBILITY":"PARKS","OPERATIONAL_RESPONSIBILITY":"PARKS","OPERATING_LOCATION":"Brooks Crescent Park, 6050 Brooks Cres","OPERATING_LOCATION_TYPE":"Park","SHAPE.AREA":273.01420692138703,"WEBLINK":"Install Date Unknown"}},{"type":"Feature","id":98,"geometry":{"type":"MultiPolygon","coordinates":[[[[-122.810708,49.201244],[-122.810707,49.201271],[-122.810541,49.201271],[-122.81054,49.201383],[-122.810697,49.201381],[-122.810734,49.201344],[-122.810884,49.201344],[-122.810884,49.201243],[-122.810708,49.201244]]],[[[-122.810791,49.200949],[-122.810785,49.200956],[-122.810783,49.200988],[-122.810782,49.201093],[-122.810816,49.201145],[-122.810839,49.201184],[-122.810849,49.201193],[-122.810866,49.201193],[-122.81089,49.201191],[-122.810901,49.201182],[-122.810913,49.201154],[-122.810934,49.20112],[-122.810937,49.201096],[-122.810937,49.201057],[-122.810938,49.201011],[-122.81093,49.200999],[-122.810876,49.20097],[-122.810825,49.200947],[-122.810801,49.200946],[-122.810791,49.200949]]],[[[-122.810535,49.201081],[-122.810537,49.201224],[-122.810754,49.201223],[-122.810752,49.20108],[-122.810535,49.201081]]],[[[-122.810353,49.201277],[-122.810341,49.201278],[-122.810335,49.201281],[-122.810334,49.201287],[-122.810332,49.201337],[-122.810332,49.201375],[-122.810338,49.201381],[-122.810349,49.201385],[-122.810415,49.201385],[-122.810475,49.201385],[-122.810487,49.201383],[-122.810494,49.201379],[-122.810496,49.20137],[-122.810495,49.20136],[-122.810496,49.201291],[-122.810492,49.201283],[-122.810481,49.201278],[-122.810467,49.201277],[-122.810353,49.201277]]]]},"properties":{"OBJECTID":98,"FACILITYID":"1001441025","PLAYGROUND_TYPE":"Traditional","DESCRIPTION":"Playground - 013-03; Riverside Park, 14875 108A Ave","LOCATION":"N.W. Corner Of Park-Adjacent To School","PARK":"Riverside Park","REF_NO":"013-03","PLAYGROUND_SURFACE_TYPE":"Sand","TARGET_AGE_GROUP":"0 to 12 yrs","WINTERIZATION_REQUIRED":"N","COMMUNITY":"Guildford","SERVICE_LEVEL":null,"COMMENTS":null,"PARK_OWNERSHIP":null,"MAINTENANCE_RESPONSIBILITY":"School District #36","OPERATIONAL_RESPONSIBILITY":"PARKS","OPERATING_LOCATION":"Riverside Park, 14875 108A Ave","OPERATING_LOCATION_TYPE":"Park","SHAPE.AREA":930.144070870972,"WEBLINK":null}},{"type":"Feature","id":99,"geometry":{"type":"Polygon","coordinates":[[[-122.879544,49.117281],[-122.879573,49.117276],[-122.87961,49.117262],[-122.879567,49.11719],[-122.879507,49.117133],[-122.879469,49.117115],[-122.879421,49.117115],[-122.879393,49.117151],[-122.879388,49.117176],[-122.879388,49.117222],[-122.879398,49.117258],[-122.879459,49.117283],[-122.879509,49.117282],[-122.879544,49.117281]]]},"properties":{"OBJECTID":99,"FACILITYID":"1001441026","PLAYGROUND_TYPE":"Traditional","DESCRIPTION":"Playground - 070-01; Boundary Park, 6058 - Boundary Dr West","LOCATION":null,"PARK":"Boundary Park","REF_NO":"070-01","PLAYGROUND_SURFACE_TYPE":"Pea Gravel","TARGET_AGE_GROUP":"0 to 12 yrs","WINTERIZATION_REQUIRED":"N","COMMUNITY":"Newton","SERVICE_LEVEL":null,"COMMENTS":null,"PARK_OWNERSHIP":null,"MAINTENANCE_RESPONSIBILITY":"PARKS","OPERATIONAL_RESPONSIBILITY":"PARKS","OPERATING_LOCATION":"Boundary Park, 6058 Boundary Dr West","OPERATING_LOCATION_TYPE":"Park","SHAPE.AREA":216.47625,"WEBLINK":"Install Date Unknown"}},{"type":"Feature","id":100,"geometry":{"type":"Polygon","coordinates":[[[-122.7491,49.114499],[-122.749093,49.114528],[-122.749122,49.114559],[-122.749169,49.114604],[-122.749238,49.11464],[-122.749314,49.114676],[-122.749375,49.114697],[-122.749412,49.114697],[-122.749437,49.114688],[-122.749437,49.114671],[-122.749423,49.114633],[-122.749423,49.114609],[-122.749427,49.114583],[-122.749434,49.114557],[-122.749441,49.114531],[-122.749456,49.114507],[-122.749456,49.114493],[-122.749431,49.114483],[-122.749391,49.114478],[-122.749333,49.114478],[-122.749257,49.11448],[-122.749195,49.11448],[-122.749126,49.114482],[-122.7491,49.114499]]]},"properties":{"OBJECTID":100,"FACILITYID":"1001441027","PLAYGROUND_TYPE":"Traditional","DESCRIPTION":"Playground - 076-03; Boothroyd Park - 76A, 6153 - 171 St","LOCATION":"Central Area Of Site","PARK":"Boothroyd Park","REF_NO":"076-03","PLAYGROUND_SURFACE_TYPE":"Sand","TARGET_AGE_GROUP":"0 to 12 yrs","WINTERIZATION_REQUIRED":"N","COMMUNITY":"Cloverdale","SERVICE_LEVEL":null,"COMMENTS":null,"PARK_OWNERSHIP":null,"MAINTENANCE_RESPONSIBILITY":"PARKS","OPERATIONAL_RESPONSIBILITY":"PARKS","OPERATING_LOCATION":"Boothroyd Park - 76A, 6153 171 St","OPERATING_LOCATION_TYPE":"Park","SHAPE.AREA":445.47185,"WEBLINK":"Install Date Unknown"}},{"type":"Feature","id":101,"geometry":{"type":"Polygon","coordinates":[[[-122.807646,49.180098],[-122.807661,49.1801],[-122.807673,49.180096],[-122.80768,49.180077],[-122.807681,49.180038],[-122.807682,49.18001],[-122.807674,49.179995],[-122.807654,49.179984],[-122.80763,49.17998],[-122.807582,49.179975],[-122.807553,49.179974],[-122.807535,49.179975],[-122.807528,49.17998],[-122.807522,49.179991],[-122.807519,49.180016],[-122.807514,49.180044],[-122.807515,49.180062],[-122.807521,49.180073],[-122.807532,49.180081],[-122.807546,49.180086],[-122.807602,49.180094],[-122.807646,49.180098]]]},"properties":{"OBJECTID":101,"FACILITYID":"1001441028","PLAYGROUND_TYPE":"Traditional","DESCRIPTION":"Playground - 023-03; Bonaccord Park, 14962 98 Ave","LOCATION":null,"PARK":"Bonaccord Park","REF_NO":"023-03","PLAYGROUND_SURFACE_TYPE":"Sand","TARGET_AGE_GROUP":"0 to 12 yrs","WINTERIZATION_REQUIRED":"N","COMMUNITY":"Guildford","SERVICE_LEVEL":null,"COMMENTS":null,"PARK_OWNERSHIP":null,"MAINTENANCE_RESPONSIBILITY":"PARKS","OPERATIONAL_RESPONSIBILITY":"PARKS","OPERATING_LOCATION":"Bonaccord Park, 14962 98 Ave","OPERATING_LOCATION_TYPE":"Park","SHAPE.AREA":145.97570000000002,"WEBLINK":"Install Date Unknown"}},{"type":"Feature","id":105,"geometry":{"type":"Polygon","coordinates":[[[-122.861796,49.041856],[-122.861837,49.041861],[-122.861868,49.041854],[-122.861899,49.041825],[-122.861903,49.041804],[-122.861899,49.041779],[-122.861872,49.041768],[-122.861848,49.041761],[-122.86181,49.041761],[-122.861782,49.041763],[-122.861754,49.041781],[-122.861741,49.041802],[-122.86174,49.041827],[-122.861761,49.041845],[-122.861796,49.041856]]]},"properties":{"OBJECTID":105,"FACILITYID":"1001441032","PLAYGROUND_TYPE":"Traditional","DESCRIPTION":"Playground - 121-02; Huntington Park, 13111 21b Ave","LOCATION":"Near Eastern 21A Ave Entrance","PARK":"Huntington Park","REF_NO":"121-02","PLAYGROUND_SURFACE_TYPE":"Sand","TARGET_AGE_GROUP":"0 to 5 yrs","WINTERIZATION_REQUIRED":"N","COMMUNITY":"South Surrey","SERVICE_LEVEL":null,"COMMENTS":null,"PARK_OWNERSHIP":null,"MAINTENANCE_RESPONSIBILITY":"PARKS","OPERATIONAL_RESPONSIBILITY":"PARKS","OPERATING_LOCATION":"Huntington Park, 13111 21b Ave","OPERATING_LOCATION_TYPE":"Park","SHAPE.AREA":105.7928,"WEBLINK":"Install Date Unknown"}},{"type":"Feature","id":107,"geometry":{"type":"Polygon","coordinates":[[[-122.721323,49.116518],[-122.721398,49.11652],[-122.721459,49.116517],[-122.721499,49.116498],[-122.721518,49.116477],[-122.721509,49.116459],[-122.721473,49.116443],[-122.721385,49.116441],[-122.721349,49.116436],[-122.721324,49.116441],[-122.721317,49.116463],[-122.721317,49.116499],[-122.721323,49.116518]]]},"properties":{"OBJECTID":107,"FACILITYID":"1001441034","PLAYGROUND_TYPE":"Traditional","DESCRIPTION":"Playground - 077-04; Watson Park - 77B, 6269 - 180A St","LOCATION":"Adjacent to 180 A Street","PARK":"Watson Park","REF_NO":"077-04","PLAYGROUND_SURFACE_TYPE":"Pea Gravel","TARGET_AGE_GROUP":"0 to 5 yrs","WINTERIZATION_REQUIRED":"N","COMMUNITY":"Cloverdale","SERVICE_LEVEL":null,"COMMENTS":null,"PARK_OWNERSHIP":null,"MAINTENANCE_RESPONSIBILITY":"PARKS","OPERATIONAL_RESPONSIBILITY":"PARKS","OPERATING_LOCATION":"Watson Park - 77B, 6269 180A St","OPERATING_LOCATION_TYPE":"Park","SHAPE.AREA":112.48695000000001,"WEBLINK":"Install Date Unknown"}},{"type":"Feature","id":109,"geometry":{"type":"Polygon","coordinates":[[[-122.788267,49.062257],[-122.788356,49.06213],[-122.788332,49.062107],[-122.788281,49.06209],[-122.788234,49.062092],[-122.788145,49.062223],[-122.788267,49.062257]]]},"properties":{"OBJECTID":109,"FACILITYID":"1001441036","PLAYGROUND_TYPE":"Traditional","DESCRIPTION":"Playground - 104-01; Morgan Creek Park, 3302 156A St","LOCATION":"west side of tennis courts","PARK":"Morgan Creek Park","REF_NO":"104-01","PLAYGROUND_SURFACE_TYPE":"Wood Chips","TARGET_AGE_GROUP":"0 to 5 yrs","WINTERIZATION_REQUIRED":"N","COMMUNITY":"South Surrey","SERVICE_LEVEL":null,"COMMENTS":null,"PARK_OWNERSHIP":null,"MAINTENANCE_RESPONSIBILITY":"Parks","OPERATIONAL_RESPONSIBILITY":"Parks","OPERATING_LOCATION":"Morgan Creek Park, 3302 156A St","OPERATING_LOCATION_TYPE":"Park","SHAPE.AREA":165.40735,"WEBLINK":null}},{"type":"Feature","id":110,"geometry":{"type":"Polygon","coordinates":[[[-122.68383,49.118243],[-122.68381,49.118249],[-122.683769,49.118249],[-122.683766,49.118523],[-122.683798,49.11854],[-122.683931,49.118541],[-122.683932,49.118264],[-122.683906,49.118243],[-122.68383,49.118243]]]},"properties":{"OBJECTID":110,"FACILITYID":"1001441037","PLAYGROUND_TYPE":"Traditional","DESCRIPTION":"Playground - 079-02; McIntyre Park, 19462 64 Ave","LOCATION":null,"PARK":"79A - Tot Lot","REF_NO":"079-02","PLAYGROUND_SURFACE_TYPE":"Sand","TARGET_AGE_GROUP":"0 to 12 yrs","WINTERIZATION_REQUIRED":"N","COMMUNITY":"Cloverdale","SERVICE_LEVEL":null,"COMMENTS":null,"PARK_OWNERSHIP":null,"MAINTENANCE_RESPONSIBILITY":"PARKS","OPERATIONAL_RESPONSIBILITY":"PARKS","OPERATING_LOCATION":"McIntyre Park, 19462 64 Ave","OPERATING_LOCATION_TYPE":"Park","SHAPE.AREA":388.244517611694,"WEBLINK":null}},{"type":"Feature","id":112,"geometry":{"type":"Polygon","coordinates":[[[-122.693168,49.128193],[-122.693168,49.128181],[-122.693219,49.128143],[-122.693234,49.128143],[-122.693241,49.12809],[-122.693228,49.128089],[-122.693175,49.128054],[-122.693174,49.128043],[-122.693095,49.128044],[-122.693092,49.128056],[-122.693033,49.128095],[-122.693013,49.128095],[-122.693015,49.128153],[-122.693084,49.128195],[-122.693168,49.128193]]]},"properties":{"OBJECTID":112,"FACILITYID":"1001441039","PLAYGROUND_TYPE":"Traditional","DESCRIPTION":"Playground - 068-03; Magee Park, 6872 191 St","LOCATION":"in middle of site","PARK":"Magee Park","REF_NO":"068-03","PLAYGROUND_SURFACE_TYPE":"Wood Chips","TARGET_AGE_GROUP":null,"WINTERIZATION_REQUIRED":"N","COMMUNITY":"Cloverdale","SERVICE_LEVEL":null,"COMMENTS":null,"PARK_OWNERSHIP":null,"MAINTENANCE_RESPONSIBILITY":"Parks","OPERATIONAL_RESPONSIBILITY":"Parks","OPERATING_LOCATION":"Magee Park, 6872 191 St","OPERATING_LOCATION_TYPE":"Park","SHAPE.AREA":201.267057974243,"WEBLINK":null}},{"type":"Feature","id":113,"geometry":{"type":"Polygon","coordinates":[[[-122.72323,49.129191],[-122.723215,49.129209],[-122.723149,49.129216],[-122.723131,49.129269],[-122.723164,49.129362],[-122.723297,49.129341],[-122.723277,49.12928],[-122.723346,49.129268],[-122.723354,49.129244],[-122.723328,49.129193],[-122.723303,49.129181],[-122.72323,49.129191]]]},"properties":{"OBJECTID":113,"FACILITYID":"1001441040","PLAYGROUND_TYPE":"Traditional","DESCRIPTION":"Playground - 067-01; Provinceton Park, 6994 180 St","LOCATION":"in centre of site","PARK":"Provinceton Park","REF_NO":"067-01","PLAYGROUND_SURFACE_TYPE":null,"TARGET_AGE_GROUP":null,"WINTERIZATION_REQUIRED":"N","COMMUNITY":"Cloverdale","SERVICE_LEVEL":null,"COMMENTS":"extension added in 2022","PARK_OWNERSHIP":null,"MAINTENANCE_RESPONSIBILITY":"Parks","OPERATIONAL_RESPONSIBILITY":"Parks","OPERATING_LOCATION":"Provinceton Park, 6994 180 St","OPERATING_LOCATION_TYPE":"Park","SHAPE.AREA":215.20755538635302,"WEBLINK":null}},{"type":"Feature","id":115,"geometry":{"type":"MultiPolygon","coordinates":[[[[-122.688026,49.12409],[-122.687999,49.124113],[-122.687996,49.124203],[-122.688022,49.124219],[-122.688374,49.124222],[-122.688395,49.124212],[-122.688399,49.124112],[-122.688365,49.124091],[-122.688026,49.12409]]],[[[-122.688205,49.124027],[-122.688178,49.124028],[-122.688169,49.124031],[-122.688156,49.124035],[-122.688156,49.124039],[-122.688157,49.124074],[-122.688248,49.124072],[-122.688249,49.124047],[-122.688249,49.124036],[-122.688241,49.124029],[-122.688228,49.124027],[-122.688205,49.124027]]]]},"properties":{"OBJECTID":115,"FACILITYID":"1001441042","PLAYGROUND_TYPE":"Traditional","DESCRIPTION":"Playground - 069-01; Starr Park, 19333 66 Ave","LOCATION":"in middle of park","PARK":"Starr Park","REF_NO":"069-01","PLAYGROUND_SURFACE_TYPE":"Wood Chips","TARGET_AGE_GROUP":"6 to 12 yrs","WINTERIZATION_REQUIRED":"N","COMMUNITY":"Cloverdale","SERVICE_LEVEL":null,"COMMENTS":null,"PARK_OWNERSHIP":null,"MAINTENANCE_RESPONSIBILITY":"Parks","OPERATIONAL_RESPONSIBILITY":"Parks","OPERATING_LOCATION":"Starr Park, 19333 66 Ave","OPERATING_LOCATION_TYPE":"Park","SHAPE.AREA":446.33020918884307,"WEBLINK":null}},{"type":"Feature","id":116,"geometry":{"type":"Polygon","coordinates":[[[-122.769928,49.110895],[-122.769911,49.111005],[-122.769899,49.111053],[-122.769915,49.111071],[-122.77002,49.111078],[-122.77005,49.111062],[-122.770061,49.111023],[-122.770081,49.110908],[-122.77006,49.11089],[-122.769956,49.110883],[-122.769928,49.110895]]]},"properties":{"OBJECTID":116,"FACILITYID":"1001441043","PLAYGROUND_TYPE":"Traditional","DESCRIPTION":"Playground - 075-01; Churchland Park, 5969 163a St","LOCATION":"off 163a St edge of site","PARK":"Churchland Park","REF_NO":"075-01","PLAYGROUND_SURFACE_TYPE":"Wood Chips","TARGET_AGE_GROUP":null,"WINTERIZATION_REQUIRED":"N","COMMUNITY":"Cloverdale","SERVICE_LEVEL":null,"COMMENTS":null,"PARK_OWNERSHIP":null,"MAINTENANCE_RESPONSIBILITY":"Parks","OPERATIONAL_RESPONSIBILITY":"Parks","OPERATING_LOCATION":"Churchland Park, 5969 163a St","OPERATING_LOCATION_TYPE":"Park","SHAPE.AREA":229.53149252014202,"WEBLINK":null}},{"type":"Feature","id":117,"geometry":{"type":"MultiPolygon","coordinates":[[[[-122.684954,49.127596],[-122.684925,49.127598],[-122.684895,49.127608],[-122.684882,49.127624],[-122.684882,49.127637],[-122.684889,49.127652],[-122.684902,49.127666],[-122.684908,49.127679],[-122.684905,49.127689],[-122.684891,49.127697],[-122.684868,49.127706],[-122.684837,49.127716],[-122.684813,49.12773],[-122.684801,49.127741],[-122.684789,49.127756],[-122.684791,49.127772],[-122.684801,49.127792],[-122.684826,49.12781],[-122.684859,49.127824],[-122.68488,49.127837],[-122.684909,49.127847],[-122.684943,49.127852],[-122.684968,49.127853],[-122.684995,49.127847],[-122.685015,49.12784],[-122.68503,49.127838],[-122.685044,49.127837],[-122.685057,49.127835],[-122.685067,49.127827],[-122.685076,49.127819],[-122.685079,49.127799],[-122.685068,49.12778],[-122.685055,49.127759],[-122.685042,49.127741],[-122.685042,49.127734],[-122.685054,49.127718],[-122.68507,49.127699],[-122.68508,49.127678],[-122.685085,49.127653],[-122.685075,49.127631],[-122.685055,49.127615],[-122.685024,49.127602],[-122.684988,49.127596],[-122.684954,49.127596]]],[[[-122.68461,49.127712],[-122.684592,49.127724],[-122.68457,49.12775],[-122.684564,49.127765],[-122.684569,49.127778],[-122.684597,49.127791],[-122.684633,49.127804],[-122.684667,49.127813],[-122.684689,49.127814],[-122.684715,49.127806],[-122.684738,49.127795],[-122.684748,49.127779],[-122.684754,49.127745],[-122.684699,49.127726],[-122.684668,49.127713],[-122.684644,49.127707],[-122.684626,49.127706],[-122.68461,49.127712]]]]},"properties":{"OBJECTID":117,"FACILITYID":"1001441044","PLAYGROUND_TYPE":"Traditional","DESCRIPTION":"Playground - 069-02; Katzie Park, 19433 68 Ave","LOCATION":"northeast corner of site","PARK":"Katzie Park","REF_NO":"069-02","PLAYGROUND_SURFACE_TYPE":"Wood Chips","TARGET_AGE_GROUP":null,"WINTERIZATION_REQUIRED":"N","COMMUNITY":"Cloverdale","SERVICE_LEVEL":null,"COMMENTS":null,"PARK_OWNERSHIP":null,"MAINTENANCE_RESPONSIBILITY":"Parks","OPERATIONAL_RESPONSIBILITY":"Parks","OPERATING_LOCATION":"Katzie Park, 19433 68 Ave","OPERATING_LOCATION_TYPE":"Park","SHAPE.AREA":540.9069691314701,"WEBLINK":null}},{"type":"Feature","id":118,"geometry":{"type":"MultiPolygon","coordinates":[[[[-122.817163,49.108678],[-122.817239,49.108716],[-122.817323,49.108724],[-122.817442,49.108615],[-122.817363,49.108544],[-122.817247,49.108542],[-122.817163,49.108678]]],[[[-122.817446,49.108615],[-122.817453,49.108537],[-122.817436,49.108522],[-122.817285,49.108493],[-122.817246,49.108541],[-122.817364,49.108541],[-122.817446,49.108615]]]]},"properties":{"OBJECTID":118,"FACILITYID":"1001441045","PLAYGROUND_TYPE":"Traditional","DESCRIPTION":"Playground - 073-02; Goldstone Park, 5850 146 St","LOCATION":"at 146 St edge of site","PARK":"Goldstone Park","REF_NO":"073-02","PLAYGROUND_SURFACE_TYPE":"Wood Chips","TARGET_AGE_GROUP":null,"WINTERIZATION_REQUIRED":"N","COMMUNITY":"Newton","SERVICE_LEVEL":null,"COMMENTS":null,"PARK_OWNERSHIP":null,"MAINTENANCE_RESPONSIBILITY":"Parks","OPERATIONAL_RESPONSIBILITY":"Parks","OPERATING_LOCATION":"Goldstone Park, 5850 146 St","OPERATING_LOCATION_TYPE":"Park","SHAPE.AREA":345.61095307006804,"WEBLINK":null}},{"type":"Feature","id":119,"geometry":{"type":"Polygon","coordinates":[[[-122.817245,49.10848],[-122.817242,49.108467],[-122.817235,49.108456],[-122.817223,49.108451],[-122.817202,49.108445],[-122.817182,49.108444],[-122.817162,49.108447],[-122.817138,49.108452],[-122.817118,49.108461],[-122.817101,49.108467],[-122.81709,49.108476],[-122.817076,49.108489],[-122.817065,49.108499],[-122.817058,49.108509],[-122.817044,49.108517],[-122.81703,49.108523],[-122.817008,49.10853],[-122.816994,49.108535],[-122.816978,49.108542],[-122.816964,49.108555],[-122.816958,49.108568],[-122.81695,49.108584],[-122.816947,49.108594],[-122.816938,49.108611],[-122.816928,49.108617],[-122.816921,49.108623],[-122.816919,49.108633],[-122.81692,49.108666],[-122.816915,49.108695],[-122.816926,49.10871],[-122.816941,49.108722],[-122.81696,49.108724],[-122.817011,49.108723],[-122.817042,49.108721],[-122.817062,49.108719],[-122.817083,49.10871],[-122.817113,49.108685],[-122.817154,49.108629],[-122.817213,49.108542],[-122.817245,49.10848]]]},"properties":{"OBJECTID":119,"FACILITYID":"1001441046","PLAYGROUND_TYPE":"Water","DESCRIPTION":"Water Playground; Goldstone Park, 5850 146 St","LOCATION":"at 146 St edge of site","PARK":"Goldstone Park","REF_NO":"1","PLAYGROUND_SURFACE_TYPE":"Asphalt","TARGET_AGE_GROUP":null,"WINTERIZATION_REQUIRED":"N","COMMUNITY":"Newton","SERVICE_LEVEL":null,"COMMENTS":null,"PARK_OWNERSHIP":null,"MAINTENANCE_RESPONSIBILITY":"Parks","OPERATIONAL_RESPONSIBILITY":"Parks","OPERATING_LOCATION":"Goldstone Park, 5850 146 St","OPERATING_LOCATION_TYPE":"Park","SHAPE.AREA":439.398357217407,"WEBLINK":null}},{"type":"Feature","id":120,"geometry":{"type":"Polygon","coordinates":[[[-122.708869,49.122334],[-122.708895,49.122338],[-122.708913,49.122344],[-122.708934,49.122345],[-122.708955,49.122347],[-122.708977,49.122342],[-122.708996,49.122339],[-122.709023,49.122337],[-122.709046,49.122333],[-122.709059,49.122328],[-122.709084,49.12232],[-122.709103,49.122313],[-122.709129,49.122304],[-122.70915,49.122294],[-122.709167,49.122287],[-122.709184,49.122279],[-122.709199,49.122264],[-122.709205,49.122252],[-122.709205,49.122232],[-122.709199,49.122213],[-122.70918,49.122186],[-122.709153,49.122162],[-122.709124,49.122138],[-122.709092,49.12212],[-122.709056,49.122106],[-122.709008,49.122092],[-122.70896,49.122086],[-122.708927,49.122088],[-122.70888,49.122097],[-122.708831,49.122114],[-122.708802,49.122126],[-122.708774,49.122142],[-122.708775,49.122163],[-122.70878,49.122183],[-122.708787,49.122198],[-122.708809,49.122225],[-122.708821,49.122237],[-122.708834,49.122254],[-122.708846,49.122278],[-122.708861,49.122312],[-122.708869,49.122334]]]},"properties":{"OBJECTID":120,"FACILITYID":"1001441047","PLAYGROUND_TYPE":"Traditional","DESCRIPTION":"Playground - 068-04; Hillcrest Park, 6530 185 St","LOCATION":"west side of park off 185 St","PARK":"Hillcrest Park","REF_NO":"068-04","PLAYGROUND_SURFACE_TYPE":"Pea Gravel","TARGET_AGE_GROUP":"0 to 12 yrs","WINTERIZATION_REQUIRED":"N","COMMUNITY":"Cloverdale","SERVICE_LEVEL":null,"COMMENTS":"expanded and new alignment and mulch added in 2008/2009.","PARK_OWNERSHIP":null,"MAINTENANCE_RESPONSIBILITY":"Parks","OPERATIONAL_RESPONSIBILITY":"Parks","OPERATING_LOCATION":"Hillcrest Park, 6530 185 St","OPERATING_LOCATION_TYPE":"Park","SHAPE.AREA":652.799374798584,"WEBLINK":null}},{"type":"Feature","id":121,"geometry":{"type":"Polygon","coordinates":[[[-122.786088,49.034494],[-122.785998,49.034422],[-122.785899,49.034423],[-122.785761,49.034497],[-122.785887,49.034601],[-122.786088,49.034494]]]},"properties":{"OBJECTID":121,"FACILITYID":"1001441048","PLAYGROUND_TYPE":"Traditional","DESCRIPTION":"Playground - 124-02; Alderwood Park, 1761 Lilac Dr","LOCATION":"at corner of McBeth and Flower Rd","PARK":"Alderwood Park","REF_NO":"124-02","PLAYGROUND_SURFACE_TYPE":"Wood Chips","TARGET_AGE_GROUP":"0 to 5 yrs","WINTERIZATION_REQUIRED":"N","COMMUNITY":"South Surrey","SERVICE_LEVEL":null,"COMMENTS":null,"PARK_OWNERSHIP":null,"MAINTENANCE_RESPONSIBILITY":"Parks","OPERATIONAL_RESPONSIBILITY":"Parks","OPERATING_LOCATION":"Alderwood Park, 1761 Lilac Dr","OPERATING_LOCATION_TYPE":"Park","SHAPE.AREA":266.11782713623,"WEBLINK":null}},{"type":"Feature","id":123,"geometry":{"type":"Polygon","coordinates":[[[-122.865503,49.135467],[-122.865405,49.135495],[-122.865391,49.135556],[-122.865361,49.135575],[-122.86538,49.135618],[-122.865409,49.135627],[-122.865561,49.135601],[-122.865591,49.135564],[-122.865503,49.135467]]]},"properties":{"OBJECTID":123,"FACILITYID":"1001441050","PLAYGROUND_TYPE":"Traditional","DESCRIPTION":"Playground - 051-01; Parkwood Village Park, 12901 73 Ave","LOCATION":"Near Parkwood Dr. Entrance","PARK":"Parkwood Village Park","REF_NO":"051-01","PLAYGROUND_SURFACE_TYPE":null,"TARGET_AGE_GROUP":null,"WINTERIZATION_REQUIRED":"N","COMMUNITY":"Newton","SERVICE_LEVEL":null,"COMMENTS":null,"PARK_OWNERSHIP":null,"MAINTENANCE_RESPONSIBILITY":"Parks","OPERATIONAL_RESPONSIBILITY":"Parks","OPERATING_LOCATION":"Parkwood Village Park, 12901 73 Ave","OPERATING_LOCATION_TYPE":"Park","SHAPE.AREA":189.407870117188,"WEBLINK":null}},{"type":"Feature","id":125,"geometry":{"type":"Polygon","coordinates":[[[-122.688515,49.135504],[-122.688421,49.135422],[-122.688243,49.135412],[-122.688221,49.13552],[-122.688296,49.135556],[-122.688515,49.135504]]]},"properties":{"OBJECTID":125,"FACILITYID":"1001441052","PLAYGROUND_TYPE":"Traditional","DESCRIPTION":"Playground - 059-01; Shannon Park, 7312 192a St","LOCATION":"near centre of site","PARK":"Shannon Park","REF_NO":"059-01","PLAYGROUND_SURFACE_TYPE":null,"TARGET_AGE_GROUP":null,"WINTERIZATION_REQUIRED":"N","COMMUNITY":"Cloverdale","SERVICE_LEVEL":null,"COMMENTS":null,"PARK_OWNERSHIP":null,"MAINTENANCE_RESPONSIBILITY":"Parks","OPERATIONAL_RESPONSIBILITY":"Parks","OPERATING_LOCATION":"Shannon Park, 7312 192a St","OPERATING_LOCATION_TYPE":"Park","SHAPE.AREA":230.45199493713403,"WEBLINK":null}},{"type":"Feature","id":127,"geometry":{"type":"MultiPolygon","coordinates":[[[[-122.824801,49.193777],[-122.824818,49.193793],[-122.824841,49.193808],[-122.824881,49.193817],[-122.824911,49.19382],[-122.824929,49.193819],[-122.824939,49.193817],[-122.824993,49.193797],[-122.825068,49.193772],[-122.825086,49.193754],[-122.825091,49.193742],[-122.825092,49.193718],[-122.825093,49.193715],[-122.825151,49.193716],[-122.825198,49.193668],[-122.825146,49.193611],[-122.825067,49.193587],[-122.82498,49.193573],[-122.824899,49.193566],[-122.824849,49.193564],[-122.824822,49.193568],[-122.824787,49.193583],[-122.82476,49.193607],[-122.824753,49.193627],[-122.824748,49.19366],[-122.824746,49.193723],[-122.824752,49.193753],[-122.82476,49.193775],[-122.824802,49.193771],[-122.824801,49.193777]]],[[[-122.824974,49.193353],[-122.824914,49.193388],[-122.824904,49.193424],[-122.824911,49.193453],[-122.824927,49.193476],[-122.824981,49.193479],[-122.825066,49.193478],[-122.825145,49.193475],[-122.825255,49.193458],[-122.825336,49.193446],[-122.825383,49.193433],[-122.825395,49.193424],[-122.825399,49.193406],[-122.825404,49.193372],[-122.825402,49.193359],[-122.825383,49.193352],[-122.825337,49.19335],[-122.825255,49.193342],[-122.825104,49.193329],[-122.82502,49.193329],[-122.824974,49.193353]]]]},"properties":{"OBJECTID":127,"FACILITYID":"1001441054","PLAYGROUND_TYPE":"Traditional","DESCRIPTION":"Playground - 012-01; Hawthorne Park, 10503 - 144 St","LOCATION":"Adjacent to Water Playground","PARK":"Hawthorne Park","REF_NO":"012-01","PLAYGROUND_SURFACE_TYPE":"Wood Chips","TARGET_AGE_GROUP":"0 to 12 yrs","WINTERIZATION_REQUIRED":"N","COMMUNITY":"Whalley","SERVICE_LEVEL":null,"COMMENTS":"Ref# 012-03 merged in 2025","PARK_OWNERSHIP":null,"MAINTENANCE_RESPONSIBILITY":"Parks","OPERATIONAL_RESPONSIBILITY":"Parks","OPERATING_LOCATION":"Hawthorne Park, 10503 144 St","OPERATING_LOCATION_TYPE":"Park","SHAPE.AREA":1157.4189615478501,"WEBLINK":null}},{"type":"Feature","id":128,"geometry":{"type":"Polygon","coordinates":[[[-122.884254,49.173979],[-122.884297,49.173978],[-122.884347,49.17397],[-122.88437,49.17395],[-122.884373,49.173924],[-122.884368,49.173895],[-122.884349,49.173883],[-122.884283,49.173871],[-122.884179,49.173872],[-122.884142,49.173872],[-122.884106,49.173874],[-122.884081,49.173881],[-122.884059,49.173897],[-122.884045,49.173919],[-122.884055,49.173954],[-122.884068,49.173966],[-122.884094,49.173976],[-122.884111,49.173979],[-122.884171,49.173982],[-122.884206,49.17398],[-122.884254,49.173979]]]},"properties":{"OBJECTID":128,"FACILITYID":"1001441055","PLAYGROUND_TYPE":"Traditional","DESCRIPTION":"Playground - 030-01; Moffat Memorial Park, 9434 122 St","LOCATION":"SW corner of park","PARK":"Moffat Memorial Park","REF_NO":"030-01","PLAYGROUND_SURFACE_TYPE":"Wood Chips","TARGET_AGE_GROUP":null,"WINTERIZATION_REQUIRED":"N","COMMUNITY":"Whalley","SERVICE_LEVEL":null,"COMMENTS":null,"PARK_OWNERSHIP":null,"MAINTENANCE_RESPONSIBILITY":"Parks","OPERATIONAL_RESPONSIBILITY":"Parks","OPERATING_LOCATION":"Moffat Memorial Park, 9434 122 St","OPERATING_LOCATION_TYPE":"Park","SHAPE.AREA":257.51802440795905,"WEBLINK":null}},{"type":"Feature","id":129,"geometry":{"type":"Polygon","coordinates":[[[-122.757665,49.172696],[-122.757678,49.172695],[-122.75769,49.172692],[-122.757702,49.172686],[-122.757712,49.172679],[-122.757721,49.17267],[-122.757729,49.17266],[-122.757734,49.172648],[-122.757737,49.172636],[-122.757739,49.172623],[-122.757738,49.17261],[-122.757734,49.172598],[-122.757729,49.172586],[-122.757722,49.172576],[-122.757713,49.172567],[-122.757702,49.172559],[-122.757691,49.172554],[-122.757678,49.172551],[-122.757666,49.172549],[-122.757653,49.17255],[-122.757641,49.172554],[-122.757629,49.172559],[-122.757619,49.172566],[-122.757609,49.172575],[-122.757602,49.172586],[-122.757597,49.172597],[-122.757593,49.17261],[-122.757592,49.172622],[-122.757593,49.172635],[-122.757596,49.172647],[-122.757602,49.172659],[-122.757609,49.172669],[-122.757618,49.172679],[-122.757628,49.172686],[-122.75764,49.172691],[-122.757652,49.172695],[-122.757665,49.172696]]]},"properties":{"OBJECTID":129,"FACILITYID":"1001441056","PLAYGROUND_TYPE":"Traditional","DESCRIPTION":"Playground - 035-02; Bothwell Park, 9435 168 St","LOCATION":"Adjacent to parking lot","PARK":"Bothwell Park","REF_NO":"035-02","PLAYGROUND_SURFACE_TYPE":null,"TARGET_AGE_GROUP":null,"WINTERIZATION_REQUIRED":"N","COMMUNITY":"Guildford","SERVICE_LEVEL":null,"COMMENTS":null,"PARK_OWNERSHIP":null,"MAINTENANCE_RESPONSIBILITY":"Parks","OPERATIONAL_RESPONSIBILITY":"Parks","OPERATING_LOCATION":"Bothwell Park, 9435 168 St","OPERATING_LOCATION_TYPE":"Park","SHAPE.AREA":207.27875977783202,"WEBLINK":null}},{"type":"Feature","id":131,"geometry":{"type":"MultiPolygon","coordinates":[[[[-122.870877,49.184303],[-122.870912,49.184309],[-122.870935,49.184317],[-122.870972,49.184283],[-122.870953,49.184272],[-122.870938,49.184262],[-122.870941,49.184245],[-122.870953,49.184238],[-122.870972,49.184233],[-122.870991,49.184225],[-122.870983,49.184196],[-122.870961,49.184165],[-122.8709,49.184122],[-122.870808,49.184102],[-122.870696,49.184086],[-122.870675,49.184117],[-122.87069,49.184161],[-122.870693,49.184201],[-122.870678,49.184223],[-122.870659,49.184249],[-122.870664,49.184263],[-122.870691,49.184283],[-122.870714,49.184293],[-122.870745,49.184299],[-122.870795,49.184298],[-122.870877,49.184303]]],[[[-122.870674,49.183961],[-122.870662,49.183973],[-122.870666,49.183997],[-122.870674,49.184009],[-122.870682,49.184018],[-122.870716,49.184018],[-122.870805,49.184011],[-122.87085,49.184007],[-122.870874,49.183999],[-122.870881,49.18398],[-122.870869,49.183955],[-122.870843,49.183937],[-122.870674,49.183961]]]]},"properties":{"OBJECTID":131,"FACILITYID":"1001441058","PLAYGROUND_TYPE":"Traditional","DESCRIPTION":"Playground - 020-01; Robson Park, 12576 100 Ave","LOCATION":"at 100 Ave & 127a St portion of site","PARK":"Robson Park","REF_NO":"020-01","PLAYGROUND_SURFACE_TYPE":"Rubber Mat","TARGET_AGE_GROUP":"0 to 12 yrs","WINTERIZATION_REQUIRED":"N","COMMUNITY":"Whalley","SERVICE_LEVEL":null,"COMMENTS":null,"PARK_OWNERSHIP":null,"MAINTENANCE_RESPONSIBILITY":"Parks","OPERATIONAL_RESPONSIBILITY":"Parks","OPERATING_LOCATION":"Robson Park, 12576 100 Ave","OPERATING_LOCATION_TYPE":"Park","SHAPE.AREA":542.410403567505,"WEBLINK":null}},{"type":"Feature","id":132,"geometry":{"type":"Polygon","coordinates":[[[-122.860233,49.12291],[-122.860066,49.12291],[-122.860066,49.123038],[-122.860233,49.123038],[-122.860233,49.12291]]]},"properties":{"OBJECTID":132,"FACILITYID":"1001441059","PLAYGROUND_TYPE":"Traditional","DESCRIPTION":"Playground - 061-03; Summerwynd Park, 13074 66A Ave","LOCATION":"near 66a Ave entrance to site","PARK":"Summerwynd Park","REF_NO":"061-03","PLAYGROUND_SURFACE_TYPE":"Wood Chips","TARGET_AGE_GROUP":"0 to 5 yrs","WINTERIZATION_REQUIRED":"N","COMMUNITY":"Newton","SERVICE_LEVEL":null,"COMMENTS":null,"PARK_OWNERSHIP":null,"MAINTENANCE_RESPONSIBILITY":"Parks","OPERATIONAL_RESPONSIBILITY":"Parks","OPERATING_LOCATION":"Summerwynd Park, 13074 66A Ave","OPERATING_LOCATION_TYPE":"Park","SHAPE.AREA":173.89003710937502,"WEBLINK":null}},{"type":"Feature","id":133,"geometry":{"type":"Polygon","coordinates":[[[-122.811874,49.065393],[-122.811912,49.065401],[-122.811935,49.065435],[-122.811945,49.065474],[-122.811974,49.065506],[-122.812021,49.065531],[-122.812065,49.065537],[-122.812068,49.065317],[-122.811987,49.06529],[-122.8119,49.06526],[-122.811821,49.065243],[-122.811764,49.065245],[-122.811707,49.065256],[-122.811673,49.065278],[-122.811649,49.065307],[-122.811634,49.065338],[-122.811641,49.065369],[-122.811658,49.065399],[-122.811708,49.065406],[-122.811737,49.065401],[-122.811768,49.065394],[-122.811827,49.065389],[-122.811874,49.065393]]]},"properties":{"OBJECTID":133,"FACILITYID":"1001441060","PLAYGROUND_TYPE":"Traditional","DESCRIPTION":"Playground - 103-02; Winter Crescent Park, 3484 148 St","LOCATION":"in park","PARK":"Winter Crescent Park","REF_NO":"103-02","PLAYGROUND_SURFACE_TYPE":"Wood Chips","TARGET_AGE_GROUP":"0 to 12 yrs","WINTERIZATION_REQUIRED":"N","COMMUNITY":"South Surrey","SERVICE_LEVEL":null,"COMMENTS":null,"PARK_OWNERSHIP":null,"MAINTENANCE_RESPONSIBILITY":"Parks","OPERATIONAL_RESPONSIBILITY":"Parks","OPERATING_LOCATION":"Winter Crescent Park, 3484 148 St","OPERATING_LOCATION_TYPE":"Park","SHAPE.AREA":566.0274453155521,"WEBLINK":null}},{"type":"Feature","id":139,"geometry":{"type":"MultiPolygon","coordinates":[[[[-122.849865,49.183125],[-122.849877,49.183134],[-122.849886,49.183146],[-122.849902,49.183165],[-122.849917,49.183173],[-122.84997,49.183169],[-122.850063,49.183158],[-122.850062,49.183128],[-122.850051,49.183085],[-122.850037,49.183054],[-122.85002,49.183029],[-122.849983,49.183025],[-122.849928,49.183026],[-122.849883,49.183034],[-122.849863,49.18304],[-122.849842,49.183049],[-122.849831,49.18305],[-122.849806,49.183048],[-122.84978,49.183044],[-122.849752,49.18305],[-122.849728,49.183059],[-122.849711,49.183068],[-122.849699,49.183081],[-122.849695,49.183088],[-122.849695,49.183102],[-122.84971,49.183116],[-122.849734,49.183134],[-122.849759,49.183149],[-122.849773,49.183154],[-122.849792,49.183142],[-122.84982,49.18313],[-122.849838,49.183123],[-122.849865,49.183125]]],[[[-122.850082,49.183022],[-122.850073,49.183028],[-122.850067,49.183036],[-122.850066,49.18304],[-122.850068,49.183044],[-122.850071,49.183047],[-122.850072,49.183051],[-122.850069,49.183059],[-122.850068,49.183081],[-122.850085,49.183106],[-122.850114,49.183121],[-122.850134,49.183127],[-122.850166,49.183128],[-122.850195,49.183121],[-122.850217,49.18311],[-122.850233,49.183097],[-122.850243,49.183087],[-122.850242,49.183066],[-122.850236,49.183051],[-122.850231,49.183043],[-122.850218,49.183031],[-122.8502,49.183022],[-122.85018,49.183016],[-122.850158,49.183013],[-122.850132,49.183015],[-122.850118,49.183019],[-122.850108,49.183022],[-122.8501,49.183019],[-122.850092,49.18302],[-122.850082,49.183022]]]]},"properties":{"OBJECTID":139,"FACILITYID":"1001717093","PLAYGROUND_TYPE":"Traditional","DESCRIPTION":"Playground - 021-03; Holland Park, 13428 Old Yale Road","LOCATION":"southwest corner of park, ref # 1","PARK":"Holland Park","REF_NO":"021-03","PLAYGROUND_SURFACE_TYPE":"Wood Chips","TARGET_AGE_GROUP":"0 to 12 yrs","WINTERIZATION_REQUIRED":"N","COMMUNITY":"City Centre","SERVICE_LEVEL":null,"COMMENTS":"Expansion in 2020 on east side of playground","PARK_OWNERSHIP":null,"MAINTENANCE_RESPONSIBILITY":"Parks","OPERATIONAL_RESPONSIBILITY":"Parks","OPERATING_LOCATION":"Holland Park, 13428 Old Yale Road","OPERATING_LOCATION_TYPE":"Park","SHAPE.AREA":441.74549752807604,"WEBLINK":null}},{"type":"Feature","id":141,"geometry":{"type":"Polygon","coordinates":[[[-122.836065,49.106992],[-122.836124,49.106963],[-122.836132,49.106922],[-122.836128,49.106874],[-122.836077,49.106844],[-122.835972,49.106786],[-122.835936,49.106786],[-122.83591,49.106803],[-122.835893,49.106823],[-122.83588,49.106836],[-122.835876,49.106845],[-122.836065,49.106992]]]},"properties":{"OBJECTID":141,"FACILITYID":"1001568511","PLAYGROUND_TYPE":"Traditional","DESCRIPTION":"Playground - 072-01; Alder Park, 13907 Highway 10","LOCATION":"SE corner of park - leased to Alder Park Townhomes","PARK":"Alder Park","REF_NO":"072-01","PLAYGROUND_SURFACE_TYPE":null,"TARGET_AGE_GROUP":null,"WINTERIZATION_REQUIRED":null,"COMMUNITY":"Newton","SERVICE_LEVEL":null,"COMMENTS":"Installed by the developer of the adjacent strata. The playground has never been on the Parks inventory or maintenance/inspection program. The strata bears responsibility for maintenance and operation of the playground…..which does exist on parkand. This is an anomalous situation that is governed by a license agreement managed by Realty Services. You could contact Avril Wright in Realty, for the latest version of the agreement.","PARK_OWNERSHIP":null,"MAINTENANCE_RESPONSIBILITY":"Private","OPERATIONAL_RESPONSIBILITY":"Private","OPERATING_LOCATION":"Alder Park, 13907 Highway 10","OPERATING_LOCATION_TYPE":"Park","SHAPE.AREA":233.269949771118,"WEBLINK":null}},{"type":"Feature","id":142,"geometry":{"type":"MultiPolygon","coordinates":[[[[-122.869993,49.168624],[-122.869945,49.168637],[-122.869919,49.16865],[-122.869893,49.168662],[-122.869877,49.168676],[-122.86987,49.168699],[-122.869867,49.168717],[-122.869877,49.168721],[-122.870092,49.168728],[-122.870234,49.168733],[-122.870246,49.168721],[-122.870245,49.168689],[-122.870238,49.168664],[-122.870217,49.168646],[-122.870183,49.16863],[-122.870153,49.168624],[-122.870068,49.168618],[-122.869993,49.168624]]],[[[-122.869793,49.168645],[-122.86977,49.16865],[-122.869753,49.16866],[-122.86975,49.168679],[-122.869754,49.168694],[-122.869765,49.168705],[-122.869777,49.168716],[-122.869821,49.168719],[-122.86984,49.168705],[-122.869851,49.168683],[-122.869865,49.168663],[-122.869867,49.168651],[-122.869847,49.168646],[-122.869817,49.168645],[-122.869793,49.168645]]]]},"properties":{"OBJECTID":142,"FACILITYID":"1001568516","PLAYGROUND_TYPE":"Traditional","DESCRIPTION":"Playground - 030-02; Robertson Drive Park, 12730 92 Ave","LOCATION":"Southeast End of Park","PARK":"Robertson Drive Park","REF_NO":"030-02","PLAYGROUND_SURFACE_TYPE":"Pea Gravel","TARGET_AGE_GROUP":"0 to 12 yrs","WINTERIZATION_REQUIRED":"N","COMMUNITY":"Whalley","SERVICE_LEVEL":null,"COMMENTS":null,"PARK_OWNERSHIP":null,"MAINTENANCE_RESPONSIBILITY":"Parks","OPERATIONAL_RESPONSIBILITY":"Parks","OPERATING_LOCATION":"Robertson Drive Park, 12730 92 Ave","OPERATING_LOCATION_TYPE":"Park","SHAPE.AREA":334.93785,"WEBLINK":null}},{"type":"Feature","id":145,"geometry":{"type":"Polygon","coordinates":[[[-122.781119,49.051384],[-122.781122,49.051371],[-122.78113,49.051358],[-122.781142,49.051348],[-122.781153,49.051338],[-122.781167,49.051331],[-122.781181,49.051324],[-122.781181,49.051309],[-122.781169,49.051292],[-122.781166,49.051281],[-122.781175,49.051268],[-122.781174,49.051251],[-122.781163,49.05122],[-122.781142,49.0512],[-122.781095,49.051173],[-122.781017,49.051178],[-122.780937,49.051189],[-122.780889,49.0512],[-122.780798,49.051286],[-122.78083,49.05131],[-122.780897,49.051344],[-122.780967,49.051363],[-122.78103,49.051377],[-122.781119,49.051384]]]},"properties":{"OBJECTID":145,"FACILITYID":"1001568523","PLAYGROUND_TYPE":"Traditional","DESCRIPTION":"Playground - 114-03; Oliver Park, 15958 28 Ave","LOCATION":"at 27 Ave edge of site","PARK":"Oliver Park","REF_NO":"114-03","PLAYGROUND_SURFACE_TYPE":"Wood Chips","TARGET_AGE_GROUP":"0 to 12 yrs","WINTERIZATION_REQUIRED":"N","COMMUNITY":"South Surrey","SERVICE_LEVEL":null,"COMMENTS":null,"PARK_OWNERSHIP":null,"MAINTENANCE_RESPONSIBILITY":"Parks","OPERATIONAL_RESPONSIBILITY":"Parks","OPERATING_LOCATION":"Oliver Park, 15958 28 Ave","OPERATING_LOCATION_TYPE":"Park","SHAPE.AREA":461.120084329224,"WEBLINK":null}},{"type":"Feature","id":456,"geometry":{"type":"Polygon","coordinates":[[[-122.811605,49.130497],[-122.811627,49.130463],[-122.811638,49.130437],[-122.81164,49.130414],[-122.811638,49.130391],[-122.811627,49.13037],[-122.811613,49.130351],[-122.811586,49.130336],[-122.811554,49.130325],[-122.81152,49.130322],[-122.811478,49.130323],[-122.811458,49.130327],[-122.811442,49.130334],[-122.811415,49.130347],[-122.811387,49.130356],[-122.811365,49.130361],[-122.811346,49.130362],[-122.811334,49.130366],[-122.811327,49.130372],[-122.811326,49.130383],[-122.811331,49.130393],[-122.811336,49.130403],[-122.811347,49.130413],[-122.811349,49.130424],[-122.811348,49.130433],[-122.811342,49.130445],[-122.811341,49.13046],[-122.811341,49.130477],[-122.811346,49.130487],[-122.811365,49.130507],[-122.811395,49.130527],[-122.81143,49.13054],[-122.811469,49.130545],[-122.811517,49.130541],[-122.81156,49.130529],[-122.811592,49.130512],[-122.811605,49.130497]]]},"properties":{"OBJECTID":456,"FACILITYID":"1001606391","PLAYGROUND_TYPE":"Traditional","DESCRIPTION":"Playground - 063-01; T.E. Scott Park, 6998 148 St","LOCATION":"West of sportfield","PARK":"T.E. Scott Park","REF_NO":"063-01","PLAYGROUND_SURFACE_TYPE":"Sand","TARGET_AGE_GROUP":null,"WINTERIZATION_REQUIRED":null,"COMMUNITY":"Newton","SERVICE_LEVEL":null,"COMMENTS":null,"PARK_OWNERSHIP":null,"MAINTENANCE_RESPONSIBILITY":"Parks","OPERATIONAL_RESPONSIBILITY":"Parks","OPERATING_LOCATION":"T.E. Scott Park, 6998 148 St","OPERATING_LOCATION_TYPE":"Park","SHAPE.AREA":439.912962158203,"WEBLINK":null}},{"type":"Feature","id":777,"geometry":{"type":"MultiPolygon","coordinates":[[[[-122.811455,49.19747],[-122.811375,49.197486],[-122.811343,49.197492],[-122.811317,49.197499],[-122.811298,49.197508],[-122.811272,49.197526],[-122.811248,49.197545],[-122.811235,49.19756],[-122.811221,49.197579],[-122.811216,49.197593],[-122.811228,49.197611],[-122.81125,49.197628],[-122.811263,49.197636],[-122.811293,49.197644],[-122.811349,49.197653],[-122.811385,49.197652],[-122.811426,49.197644],[-122.811456,49.197627],[-122.811482,49.197604],[-122.811496,49.197584],[-122.8115,49.197557],[-122.811509,49.197473],[-122.811508,49.197464],[-122.811493,49.197463],[-122.811455,49.19747]]],[[[-122.81133,49.197309],[-122.811294,49.197325],[-122.81127,49.197347],[-122.811257,49.197372],[-122.811247,49.1974],[-122.81124,49.197426],[-122.811248,49.197438],[-122.811276,49.197455],[-122.811293,49.197462],[-122.811316,49.197465],[-122.811344,49.197463],[-122.81141,49.197452],[-122.811463,49.19744],[-122.811502,49.197432],[-122.811511,49.197424],[-122.811514,49.19741],[-122.811512,49.197375],[-122.811499,49.197358],[-122.811481,49.197339],[-122.811451,49.197317],[-122.811423,49.197311],[-122.8114,49.197306],[-122.81136,49.197305],[-122.81133,49.197309]]]]},"properties":{"OBJECTID":777,"FACILITYID":"1001608260","PLAYGROUND_TYPE":"Traditional","DESCRIPTION":"Playground - 013-05; Holly Park, 10706 148 St","LOCATION":"N.W. Corner of Park","PARK":"Holly Park","REF_NO":"013-05","PLAYGROUND_SURFACE_TYPE":"Sand","TARGET_AGE_GROUP":"0 to 12 yrs","WINTERIZATION_REQUIRED":null,"COMMUNITY":"Guildford","SERVICE_LEVEL":null,"COMMENTS":null,"PARK_OWNERSHIP":null,"MAINTENANCE_RESPONSIBILITY":"Parks","OPERATIONAL_RESPONSIBILITY":"Parks","OPERATING_LOCATION":"Holly Park, 10706 148 St","OPERATING_LOCATION_TYPE":"Park","SHAPE.AREA":587.8466602752691,"WEBLINK":null}},{"type":"Feature","id":1097,"geometry":{"type":"Polygon","coordinates":[[[-122.75565,49.059683],[-122.755618,49.059705],[-122.755604,49.059718],[-122.755604,49.059734],[-122.755627,49.059752],[-122.755648,49.059765],[-122.755687,49.059774],[-122.755778,49.059784],[-122.755817,49.059777],[-122.755839,49.059761],[-122.755839,49.059729],[-122.755808,49.059703],[-122.755763,49.059692],[-122.755706,49.059691],[-122.755666,49.059683],[-122.75565,49.059683]]]},"properties":{"OBJECTID":1097,"FACILITYID":"1001720799","PLAYGROUND_TYPE":"Traditional","DESCRIPTION":"Playground - 116-01; Kensington Prairie School Grounds, 16824 32 Ave","LOCATION":"south side of site","PARK":"Kensington Prairie School Grounds","REF_NO":"116-01","PLAYGROUND_SURFACE_TYPE":"Wood Chips","TARGET_AGE_GROUP":"0 to 5 yrs","WINTERIZATION_REQUIRED":"N","COMMUNITY":"South Surrey","SERVICE_LEVEL":null,"COMMENTS":"Natural","PARK_OWNERSHIP":null,"MAINTENANCE_RESPONSIBILITY":"Parks","OPERATIONAL_RESPONSIBILITY":"Recreation","OPERATING_LOCATION":"Kensington Prairie School Grounds, 16824 32 Ave","OPERATING_LOCATION_TYPE":"Land","SHAPE.AREA":143.71541898803702,"WEBLINK":null}},{"type":"Feature","id":1737,"geometry":{"type":"Polygon","coordinates":[[[-122.869932,49.136439],[-122.869932,49.135931],[-122.869808,49.135931],[-122.869784,49.135935],[-122.869764,49.135941],[-122.869742,49.135951],[-122.869727,49.135955],[-122.869707,49.135956],[-122.869693,49.135956],[-122.869675,49.135956],[-122.869674,49.136437],[-122.869932,49.136439]]]},"properties":{"OBJECTID":1737,"FACILITYID":"1001742545","PLAYGROUND_TYPE":"Traditional","DESCRIPTION":"Playground - 050-03; Newton Athletic Park, 7395 128 St","LOCATION":"south of new parking lot","PARK":"Newton Athletic Park","REF_NO":"050-03","PLAYGROUND_SURFACE_TYPE":null,"TARGET_AGE_GROUP":null,"WINTERIZATION_REQUIRED":null,"COMMUNITY":"Newton","SERVICE_LEVEL":null,"COMMENTS":null,"PARK_OWNERSHIP":null,"MAINTENANCE_RESPONSIBILITY":"Parks","OPERATIONAL_RESPONSIBILITY":"Parks","OPERATING_LOCATION":"Newton Athletic Park, 7395 128 St","OPERATING_LOCATION_TYPE":"Park","SHAPE.AREA":1042.61453800049,"WEBLINK":null}},{"type":"Feature","id":2696,"geometry":{"type":"Polygon","coordinates":[[[-122.740911,49.007346],[-122.74087,49.007356],[-122.740839,49.00737],[-122.740799,49.007394],[-122.740746,49.007436],[-122.740702,49.007475],[-122.740681,49.007501],[-122.74066,49.007531],[-122.740644,49.007566],[-122.740649,49.007583],[-122.740672,49.007603],[-122.740719,49.007609],[-122.740782,49.007605],[-122.74087,49.00759],[-122.740971,49.007568],[-122.741053,49.007532],[-122.741079,49.007486],[-122.741075,49.007431],[-122.741058,49.007401],[-122.741021,49.00738],[-122.740985,49.00736],[-122.740941,49.007347],[-122.740911,49.007346]]]},"properties":{"OBJECTID":2696,"FACILITYID":"1001751535","PLAYGROUND_TYPE":"Traditional","DESCRIPTION":"Playground - 146-01; Dufferin Park,17375 2 Ave","LOCATION":"NE corner of Park","PARK":"Dufferin Park","REF_NO":"146-01","PLAYGROUND_SURFACE_TYPE":null,"TARGET_AGE_GROUP":null,"WINTERIZATION_REQUIRED":null,"COMMUNITY":"South Surrey","SERVICE_LEVEL":null,"COMMENTS":null,"PARK_OWNERSHIP":null,"MAINTENANCE_RESPONSIBILITY":"Parks","OPERATIONAL_RESPONSIBILITY":"Parks","OPERATING_LOCATION":"Dufferin Park,17375 2 Ave","OPERATING_LOCATION_TYPE":"Park","SHAPE.AREA":626.486575222778,"WEBLINK":null}},{"type":"Feature","id":3017,"geometry":{"type":"MultiPolygon","coordinates":[[[[-122.839995,49.140603],[-122.839926,49.140612],[-122.839894,49.140616],[-122.839811,49.140638],[-122.839783,49.140646],[-122.83981,49.140687],[-122.839838,49.140717],[-122.839864,49.140732],[-122.839896,49.140747],[-122.839923,49.140755],[-122.839956,49.14076],[-122.840005,49.140763],[-122.840069,49.140765],[-122.840069,49.140733],[-122.840067,49.140652],[-122.840066,49.140624],[-122.840057,49.140613],[-122.84004,49.140602],[-122.839995,49.140603]]],[[[-122.839958,49.140456],[-122.83971,49.140512],[-122.839707,49.140517],[-122.839749,49.140593],[-122.839757,49.140598],[-122.839774,49.140594],[-122.839983,49.140546],[-122.839995,49.140543],[-122.840007,49.140539],[-122.840007,49.140533],[-122.839964,49.140456],[-122.839958,49.140456]]]]},"properties":{"OBJECTID":3017,"FACILITYID":"1001752229","PLAYGROUND_TYPE":"Traditional","DESCRIPTION":"Playground - 052-04; Frank Hurt Park, 13828 77 Ave","LOCATION":"SW corner of park near 138 St entrance","PARK":"Frank Hurt Park","REF_NO":"052-04","PLAYGROUND_SURFACE_TYPE":null,"TARGET_AGE_GROUP":null,"WINTERIZATION_REQUIRED":null,"COMMUNITY":"Newton","SERVICE_LEVEL":null,"COMMENTS":"Parkour Court on south side, Ref# 052-50 merged in 2025","PARK_OWNERSHIP":null,"MAINTENANCE_RESPONSIBILITY":"Parks","OPERATIONAL_RESPONSIBILITY":"Parks","OPERATING_LOCATION":"Frank Hurt Park, 13828 77 Ave","OPERATING_LOCATION_TYPE":"Park","SHAPE.AREA":484.75281327819806,"WEBLINK":null}},{"type":"Feature","id":3656,"geometry":{"type":"MultiPolygon","coordinates":[[[[-122.711655,49.115329],[-122.71165,49.115334],[-122.711647,49.115337],[-122.711646,49.115339],[-122.71164,49.115355],[-122.711641,49.115372],[-122.711651,49.115374],[-122.711653,49.115399],[-122.711655,49.115402],[-122.711663,49.115412],[-122.711669,49.115419],[-122.711668,49.115433],[-122.711681,49.115437],[-122.711706,49.115437],[-122.711736,49.115444],[-122.711745,49.115447],[-122.711739,49.115453],[-122.711738,49.115453],[-122.71173,49.115458],[-122.711717,49.11547],[-122.711714,49.115487],[-122.711722,49.115501],[-122.711738,49.115509],[-122.711757,49.115511],[-122.711774,49.115515],[-122.711783,49.115507],[-122.711793,49.115502],[-122.711807,49.115496],[-122.711818,49.115484],[-122.711815,49.115468],[-122.71181,49.115458],[-122.711809,49.115448],[-122.711815,49.115429],[-122.711815,49.115411],[-122.71181,49.115398],[-122.711795,49.115377],[-122.711781,49.115365],[-122.711762,49.115352],[-122.711732,49.115341],[-122.71173,49.11534],[-122.711705,49.115334],[-122.711679,49.115325],[-122.711673,49.115322],[-122.711655,49.115329]]],[[[-122.711987,49.115257],[-122.711963,49.115261],[-122.711937,49.115268],[-122.711917,49.115278],[-122.711899,49.11529],[-122.71189,49.115299],[-122.711883,49.115309],[-122.711881,49.115319],[-122.711887,49.115334],[-122.711898,49.115345],[-122.711909,49.115353],[-122.711936,49.115364],[-122.711964,49.115369],[-122.712,49.115366],[-122.712031,49.115359],[-122.712063,49.115345],[-122.712082,49.115334],[-122.712098,49.115317],[-122.712105,49.115305],[-122.712105,49.115291],[-122.712102,49.11528],[-122.712091,49.11527],[-122.712077,49.115261],[-122.712056,49.115258],[-122.712021,49.115256],[-122.711987,49.115257]]]]},"properties":{"OBJECTID":3656,"FACILITYID":"1001757853","PLAYGROUND_TYPE":"Traditional","DESCRIPTION":"Playground - 078-06; Don Christian Park, 6220 184 St","LOCATION":"W end of park","PARK":"Don Christian Park","REF_NO":"078-06","PLAYGROUND_SURFACE_TYPE":null,"TARGET_AGE_GROUP":null,"WINTERIZATION_REQUIRED":null,"COMMUNITY":"Cloverdale","SERVICE_LEVEL":null,"COMMENTS":"Natural - Ref# 078-07 merged in 2025","PARK_OWNERSHIP":null,"MAINTENANCE_RESPONSIBILITY":"Parks","OPERATIONAL_RESPONSIBILITY":"Parks","OPERATING_LOCATION":"Don Christian Park, 6220 184 St","OPERATING_LOCATION_TYPE":"Park","SHAPE.AREA":323.45019352417,"WEBLINK":null}},{"type":"Feature","id":3658,"geometry":{"type":"Polygon","coordinates":[[[-122.802673,49.137934],[-122.802629,49.137933],[-122.802596,49.137936],[-122.802561,49.137942],[-122.80252,49.137956],[-122.802496,49.137974],[-122.802485,49.137989],[-122.802484,49.138005],[-122.802485,49.138028],[-122.802492,49.13805],[-122.802511,49.138069],[-122.802541,49.138085],[-122.802568,49.138096],[-122.802594,49.138103],[-122.802631,49.138103],[-122.802655,49.138103],[-122.802687,49.138099],[-122.802717,49.138087],[-122.802744,49.138067],[-122.802757,49.138044],[-122.802766,49.138028],[-122.802768,49.138009],[-122.802751,49.137982],[-122.802735,49.137963],[-122.802709,49.137941],[-122.802673,49.137934]]]},"properties":{"OBJECTID":3658,"FACILITYID":"1001757857","PLAYGROUND_TYPE":"Traditional","DESCRIPTION":"Playground - 053-01; Chimney Hill Park - 53A, 15070 - 76 Ave","LOCATION":"east of 150A st entrance","PARK":"Chimney Hill Park","REF_NO":"053-01","PLAYGROUND_SURFACE_TYPE":"Sand","TARGET_AGE_GROUP":null,"WINTERIZATION_REQUIRED":null,"COMMUNITY":"Newton","SERVICE_LEVEL":null,"COMMENTS":null,"PARK_OWNERSHIP":null,"MAINTENANCE_RESPONSIBILITY":"PARKS","OPERATIONAL_RESPONSIBILITY":"PARKS","OPERATING_LOCATION":"Chimney Hill Park, 15070 76 Ave","OPERATING_LOCATION_TYPE":"Park","SHAPE.AREA":313.034495654297,"WEBLINK":null}},{"type":"Feature","id":3976,"geometry":{"type":"Polygon","coordinates":[[[-122.695684,49.131977],[-122.695693,49.131976],[-122.695701,49.131974],[-122.695709,49.13197],[-122.695716,49.131965],[-122.695722,49.131959],[-122.695728,49.131952],[-122.695731,49.131944],[-122.695734,49.131936],[-122.695734,49.131927],[-122.695734,49.131918],[-122.695731,49.13191],[-122.695728,49.131902],[-122.695723,49.131895],[-122.695717,49.131889],[-122.69571,49.131884],[-122.695702,49.13188],[-122.695693,49.131878],[-122.695685,49.131877],[-122.695676,49.131878],[-122.695668,49.13188],[-122.69566,49.131884],[-122.695653,49.131888],[-122.695646,49.131895],[-122.695641,49.131902],[-122.695638,49.13191],[-122.695635,49.131918],[-122.695635,49.131927],[-122.695635,49.131935],[-122.695637,49.131944],[-122.695641,49.131952],[-122.695646,49.131959],[-122.695652,49.131965],[-122.695659,49.13197],[-122.695667,49.131974],[-122.695675,49.131976],[-122.695684,49.131977]]]},"properties":{"OBJECTID":3976,"FACILITYID":"1001799743","PLAYGROUND_TYPE":"Water","DESCRIPTION":"Water Playground; Hazelgrove Park, 7080 190 St","LOCATION":"south of washroom","PARK":"Hazelgrove Park","REF_NO":"1","PLAYGROUND_SURFACE_TYPE":"Asphalt","TARGET_AGE_GROUP":null,"WINTERIZATION_REQUIRED":null,"COMMUNITY":"Cloverdale","SERVICE_LEVEL":null,"COMMENTS":null,"PARK_OWNERSHIP":null,"MAINTENANCE_RESPONSIBILITY":"Parks","OPERATIONAL_RESPONSIBILITY":"Parks","OPERATING_LOCATION":"Hazelgrove Park, 7080 190 St","OPERATING_LOCATION_TYPE":"Park","SHAPE.AREA":96.10716011657709,"WEBLINK":null}},{"type":"Feature","id":3977,"geometry":{"type":"Polygon","coordinates":[[[-122.695708,49.131789],[-122.695708,49.131748],[-122.695703,49.131738],[-122.695693,49.131732],[-122.69568,49.131727],[-122.695666,49.131725],[-122.695327,49.131724],[-122.695316,49.131725],[-122.695302,49.131727],[-122.695286,49.13173],[-122.695274,49.131736],[-122.695263,49.131745],[-122.695258,49.131753],[-122.695255,49.131761],[-122.695251,49.131771],[-122.69525,49.131779],[-122.695255,49.131791],[-122.695274,49.131815],[-122.695339,49.131897],[-122.695365,49.13193],[-122.695368,49.131934],[-122.695375,49.131937],[-122.695382,49.13194],[-122.695392,49.131942],[-122.695477,49.131942],[-122.695477,49.131918],[-122.695481,49.131903],[-122.695485,49.131889],[-122.695492,49.131874],[-122.695507,49.131858],[-122.695523,49.131841],[-122.695547,49.131825],[-122.69557,49.131814],[-122.695599,49.131803],[-122.695623,49.131796],[-122.695664,49.131789],[-122.695708,49.131789]]]},"properties":{"OBJECTID":3977,"FACILITYID":"1001799744","PLAYGROUND_TYPE":"Traditional","DESCRIPTION":"Playground - 068-05; Hazelgrove Park, 7080 190 St","LOCATION":"south of water playground","PARK":"Hazelgrove Park","REF_NO":"068-05","PLAYGROUND_SURFACE_TYPE":null,"TARGET_AGE_GROUP":null,"WINTERIZATION_REQUIRED":null,"COMMUNITY":"Cloverdale","SERVICE_LEVEL":null,"COMMENTS":null,"PARK_OWNERSHIP":null,"MAINTENANCE_RESPONSIBILITY":"Parks","OPERATIONAL_RESPONSIBILITY":"Parks","OPERATING_LOCATION":"Hazelgrove Park, 7080 190 St","OPERATING_LOCATION_TYPE":"Park","SHAPE.AREA":483.718341040039,"WEBLINK":null}},{"type":"Feature","id":4296,"geometry":{"type":"Polygon","coordinates":[[[-122.841456,49.131769],[-122.841452,49.131763],[-122.84144,49.131762],[-122.841407,49.131762],[-122.841373,49.131762],[-122.841344,49.131765],[-122.841341,49.13177],[-122.84134,49.131778],[-122.84134,49.131801],[-122.841341,49.131831],[-122.841348,49.131838],[-122.841372,49.131829],[-122.841417,49.131804],[-122.841449,49.13178],[-122.841456,49.131769]]]},"properties":{"OBJECTID":4296,"FACILITYID":"1001879019","PLAYGROUND_TYPE":"Traditional","DESCRIPTION":"Playground - 062-01; Newton Ice Arena Grounds, 7120 136b St","LOCATION":"adjacent to day care centre","PARK":"Newton Ice Arena Grounds","REF_NO":"062-01","PLAYGROUND_SURFACE_TYPE":null,"TARGET_AGE_GROUP":null,"WINTERIZATION_REQUIRED":null,"COMMUNITY":"Newton","SERVICE_LEVEL":null,"COMMENTS":null,"PARK_OWNERSHIP":null,"MAINTENANCE_RESPONSIBILITY":"Parks","OPERATIONAL_RESPONSIBILITY":"Parks","OPERATING_LOCATION":"Newton Ice Arena Grounds, 7120 136b St","OPERATING_LOCATION_TYPE":"Land","SHAPE.AREA":45.8263848144531,"WEBLINK":null}},{"type":"Feature","id":4617,"geometry":{"type":"MultiPolygon","coordinates":[[[[-122.851285,49.196503],[-122.851308,49.196504],[-122.851352,49.196503],[-122.851389,49.196504],[-122.851403,49.196501],[-122.851416,49.196496],[-122.851431,49.196486],[-122.851437,49.196474],[-122.851437,49.196453],[-122.851439,49.196407],[-122.851438,49.196388],[-122.851434,49.19638],[-122.851426,49.196373],[-122.851413,49.196367],[-122.851386,49.196361],[-122.851334,49.196359],[-122.851306,49.196359],[-122.851272,49.19636],[-122.851231,49.196384],[-122.851229,49.196403],[-122.851227,49.196429],[-122.851227,49.19645],[-122.851226,49.19647],[-122.851232,49.196481],[-122.851241,49.19649],[-122.851247,49.196495],[-122.851255,49.196499],[-122.851269,49.196502],[-122.851285,49.196503]]],[[[-122.851541,49.196387],[-122.8515,49.196388],[-122.851458,49.196388],[-122.851458,49.196412],[-122.851457,49.196445],[-122.851458,49.196469],[-122.851463,49.196476],[-122.851488,49.196478],[-122.851516,49.196478],[-122.851586,49.196477],[-122.851601,49.196477],[-122.851611,49.196475],[-122.851615,49.19647],[-122.851617,49.196466],[-122.851618,49.196459],[-122.851619,49.196444],[-122.851619,49.196415],[-122.851619,49.196404],[-122.851616,49.196399],[-122.851609,49.196394],[-122.851598,49.196389],[-122.85157,49.196387],[-122.851541,49.196387]]]]},"properties":{"OBJECTID":4617,"FACILITYID":"1001879020","PLAYGROUND_TYPE":"Traditional","DESCRIPTION":"Playground - 011-01; Whalley Athletic Park, 13350 - 105A Ave","LOCATION":"Adjacent to S.E. Corner of Parking Lot","PARK":"Whalley Athletic Park","REF_NO":"011-01","PLAYGROUND_SURFACE_TYPE":"Sand","TARGET_AGE_GROUP":"0 to 12 yrs","WINTERIZATION_REQUIRED":null,"COMMUNITY":"Whalley","SERVICE_LEVEL":null,"COMMENTS":null,"PARK_OWNERSHIP":null,"MAINTENANCE_RESPONSIBILITY":"Parks","OPERATIONAL_RESPONSIBILITY":"Parks","OPERATING_LOCATION":"Whalley Athletic Park, 13351 105A Ave","OPERATING_LOCATION_TYPE":"Park","SHAPE.AREA":343.742029571533,"WEBLINK":null}},{"type":"Feature","id":4944,"geometry":{"type":"MultiPolygon","coordinates":[[[[-122.866458,49.02914],[-122.866448,49.029168],[-122.866434,49.029215],[-122.866421,49.029264],[-122.866433,49.029274],[-122.86645,49.029291],[-122.866456,49.029304],[-122.866462,49.029313],[-122.866498,49.029324],[-122.866552,49.029337],[-122.866595,49.029345],[-122.866619,49.029349],[-122.866637,49.029347],[-122.866652,49.029344],[-122.866663,49.029341],[-122.866668,49.029331],[-122.866672,49.029318],[-122.866678,49.029298],[-122.866687,49.029269],[-122.866699,49.029226],[-122.866703,49.029198],[-122.866702,49.029173],[-122.866698,49.02915],[-122.866694,49.029138],[-122.866685,49.02913],[-122.866674,49.029129],[-122.866653,49.02913],[-122.866628,49.029134],[-122.866601,49.029134],[-122.866567,49.029127],[-122.866542,49.029124],[-122.866508,49.029126],[-122.866487,49.029128],[-122.866468,49.029131],[-122.866458,49.02914]]],[[[-122.866598,49.029118],[-122.866676,49.029108],[-122.866751,49.02909],[-122.866771,49.029078],[-122.866785,49.029036],[-122.866783,49.029023],[-122.866766,49.028988],[-122.866747,49.028973],[-122.866681,49.028949],[-122.866613,49.028943],[-122.866488,49.028933],[-122.866471,49.029108],[-122.866535,49.029108],[-122.866598,49.029118]]]]},"properties":{"OBJECTID":4944,"FACILITYID":"1001440968","PLAYGROUND_TYPE":"Traditional","DESCRIPTION":"Playground - 131-01; Fun Fun Park, 1472 - 128 St","LOCATION":"Near 14A Ave/128A St Entrance","PARK":"Fun Fun Park","REF_NO":"131-01","PLAYGROUND_SURFACE_TYPE":"Sand","TARGET_AGE_GROUP":"0 to 12 yrs","WINTERIZATION_REQUIRED":"N","COMMUNITY":"South Surrey","SERVICE_LEVEL":null,"COMMENTS":"Natural - Ref#131-02 merged in 2025","PARK_OWNERSHIP":null,"MAINTENANCE_RESPONSIBILITY":"PARKS","OPERATIONAL_RESPONSIBILITY":"PARKS","OPERATING_LOCATION":"Fun Fun Park, 1472 128 St","OPERATING_LOCATION_TYPE":"Park","SHAPE.AREA":794.6743893981931,"WEBLINK":null}},{"type":"Feature","id":5898,"geometry":{"type":"Polygon","coordinates":[[[-122.861617,49.108774],[-122.861536,49.108774],[-122.8615,49.108775],[-122.861466,49.10878],[-122.861443,49.108795],[-122.861434,49.108809],[-122.861431,49.108824],[-122.861432,49.108892],[-122.861433,49.108939],[-122.861443,49.108969],[-122.861454,49.108979],[-122.861472,49.108987],[-122.861502,49.10899],[-122.861643,49.108988],[-122.861702,49.108989],[-122.861741,49.108985],[-122.861763,49.108977],[-122.861775,49.108968],[-122.861794,49.108949],[-122.861797,49.108926],[-122.861797,49.108842],[-122.861796,49.108816],[-122.861785,49.108799],[-122.861766,49.108783],[-122.861746,49.108775],[-122.861715,49.108773],[-122.861617,49.108774]]]},"properties":{"OBJECTID":5898,"FACILITYID":"1001844301","PLAYGROUND_TYPE":"Traditional","DESCRIPTION":"Playground - 071-03; West Newton Cricket Park, 13008 59 Ave","LOCATION":"South of parking lot","PARK":"West Newton Cricket Park","REF_NO":"071-03","PLAYGROUND_SURFACE_TYPE":null,"TARGET_AGE_GROUP":null,"WINTERIZATION_REQUIRED":null,"COMMUNITY":"Newton","SERVICE_LEVEL":null,"COMMENTS":null,"PARK_OWNERSHIP":null,"MAINTENANCE_RESPONSIBILITY":"Parks","OPERATIONAL_RESPONSIBILITY":"Parks","OPERATING_LOCATION":"West Newton Cricket Park, 13008 59 Ave","OPERATING_LOCATION_TYPE":"Park","SHAPE.AREA":608.682431045532,"WEBLINK":null}},{"type":"Feature","id":5900,"geometry":{"type":"Polygon","coordinates":[[[-122.866052,49.112663],[-122.866034,49.11269],[-122.865998,49.112737],[-122.865988,49.11274],[-122.865948,49.112792],[-122.865943,49.112802],[-122.865943,49.112807],[-122.865955,49.112812],[-122.866022,49.11283],[-122.866053,49.112838],[-122.866068,49.112842],[-122.86608,49.112841],[-122.866084,49.112837],[-122.866105,49.112801],[-122.866112,49.112791],[-122.866122,49.112788],[-122.866133,49.112786],[-122.866139,49.112776],[-122.866182,49.112708],[-122.866185,49.112701],[-122.86618,49.112697],[-122.866166,49.112692],[-122.866113,49.112677],[-122.866071,49.112665],[-122.866061,49.112663],[-122.866052,49.112663]]]},"properties":{"OBJECTID":5900,"FACILITYID":"1001844323","PLAYGROUND_TYPE":"Traditional","DESCRIPTION":"Playground - 071-04; Panorama Park,12941 60 Ave","LOCATION":"west side of park","PARK":"Panorama Park","REF_NO":"071-04","PLAYGROUND_SURFACE_TYPE":null,"TARGET_AGE_GROUP":null,"WINTERIZATION_REQUIRED":null,"COMMUNITY":"Newton","SERVICE_LEVEL":null,"COMMENTS":null,"PARK_OWNERSHIP":null,"MAINTENANCE_RESPONSIBILITY":"Parks","OPERATIONAL_RESPONSIBILITY":"Parks","OPERATING_LOCATION":"Panorama Park,12941 60 Ave","OPERATING_LOCATION_TYPE":null,"SHAPE.AREA":199.07657392273,"WEBLINK":null}},{"type":"Feature","id":6536,"geometry":{"type":"Polygon","coordinates":[[[-122.903872,49.180482],[-122.903829,49.180496],[-122.903756,49.180522],[-122.903701,49.180546],[-122.903665,49.180564],[-122.903632,49.180584],[-122.903594,49.180609],[-122.903567,49.180633],[-122.903554,49.18065],[-122.903541,49.180673],[-122.903535,49.180691],[-122.903534,49.180708],[-122.903538,49.180725],[-122.903545,49.18074],[-122.903556,49.180754],[-122.903565,49.180761],[-122.903575,49.180763],[-122.903591,49.180763],[-122.903608,49.180759],[-122.903627,49.180752],[-122.903646,49.180745],[-122.90367,49.180735],[-122.90369,49.180725],[-122.903717,49.180712],[-122.903748,49.18069],[-122.903774,49.18067],[-122.903798,49.180648],[-122.903816,49.180628],[-122.903833,49.180605],[-122.903849,49.180579],[-122.90386,49.180555],[-122.903867,49.180528],[-122.903872,49.180482]]]},"properties":{"OBJECTID":6536,"FACILITYID":"1001876286","PLAYGROUND_TYPE":"Traditional","DESCRIPTION":"Playground - 019-01; Royal Heights Park, 9780 - Crown Cres","LOCATION":"East end of Park","PARK":"Royal Heights Park","REF_NO":"019-01","PLAYGROUND_SURFACE_TYPE":null,"TARGET_AGE_GROUP":null,"WINTERIZATION_REQUIRED":null,"COMMUNITY":"Whalley","SERVICE_LEVEL":null,"COMMENTS":null,"PARK_OWNERSHIP":null,"MAINTENANCE_RESPONSIBILITY":"Parks","OPERATIONAL_RESPONSIBILITY":"Parks","OPERATING_LOCATION":"Royal Heights Park, 9780 Crown Cres","OPERATING_LOCATION_TYPE":"Park","SHAPE.AREA":386.700683905029,"WEBLINK":null}},{"type":"Feature","id":6857,"geometry":{"type":"Polygon","coordinates":[[[-122.793425,49.064187],[-122.793451,49.064203],[-122.793467,49.064218],[-122.793475,49.064231],[-122.793474,49.064248],[-122.79347,49.064265],[-122.793465,49.064279],[-122.793468,49.064291],[-122.793486,49.064306],[-122.793521,49.064316],[-122.793549,49.064324],[-122.793584,49.064326],[-122.793613,49.064325],[-122.793625,49.064319],[-122.793635,49.064309],[-122.79364,49.064291],[-122.793642,49.064261],[-122.793644,49.064222],[-122.793649,49.064192],[-122.793658,49.064164],[-122.793668,49.064125],[-122.793672,49.064101],[-122.793668,49.064075],[-122.793658,49.064044],[-122.793632,49.064023],[-122.793613,49.06401],[-122.79359,49.064016],[-122.793563,49.064023],[-122.793541,49.06403],[-122.793522,49.064031],[-122.793504,49.064029],[-122.793485,49.064017],[-122.793472,49.064002],[-122.793462,49.063988],[-122.793445,49.063979],[-122.79343,49.063975],[-122.793409,49.063973],[-122.79339,49.063977],[-122.793373,49.063987],[-122.79335,49.064001],[-122.793334,49.064016],[-122.793319,49.064029],[-122.793305,49.064046],[-122.793296,49.064066],[-122.793291,49.06409],[-122.793294,49.064116],[-122.793296,49.064133],[-122.793303,49.064158],[-122.793323,49.064179],[-122.793361,49.064187],[-122.793373,49.064183],[-122.793403,49.064182],[-122.793425,49.064187]]]},"properties":{"OBJECTID":6857,"FACILITYID":"1001877394","PLAYGROUND_TYPE":"Traditional","DESCRIPTION":"Playground - 104-02; Blumsen Park, 3536 Rosemary Heights Dr","LOCATION":null,"PARK":"Blumsen Park","REF_NO":"104-02","PLAYGROUND_SURFACE_TYPE":"Wood Chips","TARGET_AGE_GROUP":"0 to 12 yrs","WINTERIZATION_REQUIRED":"N","COMMUNITY":"South Surrey","SERVICE_LEVEL":null,"COMMENTS":null,"PARK_OWNERSHIP":null,"MAINTENANCE_RESPONSIBILITY":"Parks","OPERATIONAL_RESPONSIBILITY":"Parks","OPERATING_LOCATION":"Blumsen Park, 3536 Rosemary Heights Dr","OPERATING_LOCATION_TYPE":"Park","SHAPE.AREA":709.462429486084,"WEBLINK":null}},{"type":"Feature","id":6861,"geometry":{"type":"Polygon","coordinates":[[[-122.882899,49.125011],[-122.882859,49.125014],[-122.882835,49.125037],[-122.882835,49.125071],[-122.882839,49.125127],[-122.882847,49.125172],[-122.882848,49.125185],[-122.882854,49.125198],[-122.882869,49.125204],[-122.88289,49.125206],[-122.882931,49.125205],[-122.882964,49.125204],[-122.88298,49.125199],[-122.882991,49.125192],[-122.882998,49.125184],[-122.883001,49.125164],[-122.882986,49.125021],[-122.882964,49.125008],[-122.882899,49.125011]]]},"properties":{"OBJECTID":6861,"FACILITYID":"1001877401","PLAYGROUND_TYPE":"Traditional","DESCRIPTION":"Playground - 060-01; Beaver Creek Heights Park, 6722 122A St","LOCATION":null,"PARK":"Beaver Creek Heights Park","REF_NO":"060-01","PLAYGROUND_SURFACE_TYPE":"Sand","TARGET_AGE_GROUP":"0 to 5 yrs","WINTERIZATION_REQUIRED":"N","COMMUNITY":"Newton","SERVICE_LEVEL":null,"COMMENTS":null,"PARK_OWNERSHIP":null,"MAINTENANCE_RESPONSIBILITY":"PARKS","OPERATIONAL_RESPONSIBILITY":"PARKS","OPERATING_LOCATION":"Beaver Creek Heights Park, 6722 122A St","OPERATING_LOCATION_TYPE":"Park","SHAPE.AREA":237.245985437012,"WEBLINK":null}},{"type":"Feature","id":6863,"geometry":{"type":"Polygon","coordinates":[[[-122.886614,49.139968],[-122.886595,49.13997],[-122.886562,49.13998],[-122.886533,49.139998],[-122.886505,49.14002],[-122.886488,49.140041],[-122.88647,49.140066],[-122.886465,49.140077],[-122.886472,49.140092],[-122.886479,49.140106],[-122.886494,49.140116],[-122.886506,49.140119],[-122.886524,49.14012],[-122.886568,49.14011],[-122.886637,49.140096],[-122.886665,49.140083],[-122.886683,49.140072],[-122.886699,49.140054],[-122.886705,49.140041],[-122.88671,49.140025],[-122.886712,49.140007],[-122.886703,49.139989],[-122.886685,49.139974],[-122.886667,49.139968],[-122.886633,49.139967],[-122.886614,49.139968]]]},"properties":{"OBJECTID":6863,"FACILITYID":"1001877404","PLAYGROUND_TYPE":"Traditional","DESCRIPTION":"Playground - 050-04; R.A. Nicholson Park, 12140 - 75A Ave","LOCATION":null,"PARK":"R.A. Nicholson Park","REF_NO":"050-04","PLAYGROUND_SURFACE_TYPE":"Bark Mulch","TARGET_AGE_GROUP":"0 to 12 yrs","WINTERIZATION_REQUIRED":"N","COMMUNITY":"Newton","SERVICE_LEVEL":null,"COMMENTS":null,"PARK_OWNERSHIP":null,"MAINTENANCE_RESPONSIBILITY":"PARKS","OPERATIONAL_RESPONSIBILITY":"PARKS","OPERATING_LOCATION":"R.A. Nicholson Park, 12140 75A Ave","OPERATING_LOCATION_TYPE":"Park","SHAPE.AREA":213.035108203125,"WEBLINK":null}},{"type":"Feature","id":6866,"geometry":{"type":"Polygon","coordinates":[[[-122.832264,49.124342],[-122.832228,49.124345],[-122.832213,49.124352],[-122.832204,49.124359],[-122.832198,49.124369],[-122.832197,49.124381],[-122.832198,49.124391],[-122.832202,49.124401],[-122.83221,49.124409],[-122.832226,49.124416],[-122.832251,49.124419],[-122.832289,49.12442],[-122.832331,49.12442],[-122.832381,49.124419],[-122.832401,49.124416],[-122.832415,49.12441],[-122.832423,49.124401],[-122.832428,49.124392],[-122.832428,49.12438],[-122.832424,49.124367],[-122.832415,49.124358],[-122.832402,49.12435],[-122.832389,49.124345],[-122.832368,49.124342],[-122.832318,49.124341],[-122.832264,49.124342]]]},"properties":{"OBJECTID":6866,"FACILITYID":"1001877409","PLAYGROUND_TYPE":"Traditional","DESCRIPTION":"Playground - 062-02; Tom Thumb Tot-Lot, 6703 - 141 St","LOCATION":"Central Area Of Site","PARK":"Tom Thumb Tot Lot","REF_NO":"062-02","PLAYGROUND_SURFACE_TYPE":"Sand","TARGET_AGE_GROUP":"0 to 12 yrs","WINTERIZATION_REQUIRED":"N","COMMUNITY":"Newton","SERVICE_LEVEL":null,"COMMENTS":null,"PARK_OWNERSHIP":null,"MAINTENANCE_RESPONSIBILITY":"PARKS","OPERATIONAL_RESPONSIBILITY":"PARKS","OPERATING_LOCATION":"Tom Thumb Tot-Lot, 6703 141 St","OPERATING_LOCATION_TYPE":"Park","SHAPE.AREA":131.07199052124,"WEBLINK":null}},{"type":"Feature","id":7179,"geometry":{"type":"Polygon","coordinates":[[[-122.870047,49.135629],[-122.870023,49.135636],[-122.869984,49.135655],[-122.869966,49.135669],[-122.869958,49.13568],[-122.869954,49.135691],[-122.869955,49.135712],[-122.869957,49.135735],[-122.869961,49.135743],[-122.86997,49.135758],[-122.869995,49.135774],[-122.870017,49.135781],[-122.870036,49.135786],[-122.870079,49.135782],[-122.870126,49.135775],[-122.870179,49.135764],[-122.870195,49.13575],[-122.8702,49.135742],[-122.870206,49.135729],[-122.870203,49.135713],[-122.870189,49.135698],[-122.870161,49.135675],[-122.870135,49.135654],[-122.870115,49.135636],[-122.870089,49.13563],[-122.870068,49.135628],[-122.870047,49.135629]]]},"properties":{"OBJECTID":7179,"FACILITYID":"1001883987","PLAYGROUND_TYPE":"Water","DESCRIPTION":"Water Playground; Newton Athletic Park, 7395 128 St","LOCATION":"west of new washroom","PARK":"Newton Athletic Park","REF_NO":null,"PLAYGROUND_SURFACE_TYPE":null,"TARGET_AGE_GROUP":null,"WINTERIZATION_REQUIRED":null,"COMMUNITY":"Newton","SERVICE_LEVEL":null,"COMMENTS":null,"PARK_OWNERSHIP":null,"MAINTENANCE_RESPONSIBILITY":"Parks","OPERATIONAL_RESPONSIBILITY":"Parks","OPERATING_LOCATION":"Newton Athletic Park, 7395 128 St","OPERATING_LOCATION_TYPE":"Park","SHAPE.AREA":240.25327250366203,"WEBLINK":null}},{"type":"Feature","id":7817,"geometry":{"type":"Polygon","coordinates":[[[-122.718412,49.125269],[-122.718392,49.125278],[-122.718372,49.125289],[-122.718362,49.125303],[-122.71836,49.125321],[-122.718368,49.125336],[-122.718385,49.125349],[-122.718416,49.125369],[-122.718439,49.125388],[-122.718446,49.125404],[-122.718452,49.125425],[-122.71847,49.125446],[-122.71849,49.125457],[-122.718524,49.125465],[-122.718554,49.125465],[-122.718578,49.12546],[-122.718598,49.125447],[-122.718614,49.125436],[-122.718619,49.125418],[-122.718617,49.125398],[-122.718611,49.125385],[-122.718603,49.125373],[-122.718585,49.125363],[-122.718561,49.125352],[-122.718547,49.125346],[-122.718517,49.125315],[-122.718494,49.125296],[-122.718472,49.125276],[-122.718456,49.12527],[-122.71844,49.125267],[-122.718412,49.125269]]]},"properties":{"OBJECTID":7817,"FACILITYID":"1001887101","PLAYGROUND_TYPE":"Traditional","DESCRIPTION":"Playground - 067-02; Adams Road Park, 18160 68 Ave","LOCATION":"NE portion of site","PARK":"Adams Road Park","REF_NO":"067-02","PLAYGROUND_SURFACE_TYPE":"Wood Chips","TARGET_AGE_GROUP":null,"WINTERIZATION_REQUIRED":"N","COMMUNITY":null,"SERVICE_LEVEL":null,"COMMENTS":null,"PARK_OWNERSHIP":null,"MAINTENANCE_RESPONSIBILITY":"Parks","OPERATIONAL_RESPONSIBILITY":"Parks","OPERATING_LOCATION":"Adams Road Park, 18160 68 Ave","OPERATING_LOCATION_TYPE":"Park","SHAPE.AREA":234.93456218261701,"WEBLINK":null}},{"type":"Feature","id":8136,"geometry":{"type":"Polygon","coordinates":[[[-122.87134,49.211125],[-122.871378,49.211141],[-122.871417,49.211116],[-122.871491,49.211117],[-122.871491,49.21108],[-122.871756,49.21108],[-122.871756,49.21097],[-122.871688,49.210948],[-122.871689,49.210889],[-122.871527,49.210888],[-122.871527,49.211022],[-122.871498,49.21104],[-122.871341,49.21104],[-122.87134,49.211125]]]},"properties":{"OBJECTID":8136,"FACILITYID":"1001888646","PLAYGROUND_TYPE":"Traditional","DESCRIPTION":"Playground - 001-02; Bridgeview Park, 11475 126A St","LOCATION":"attached to Bridgeview Community Centre","PARK":"Bridgeview Park","REF_NO":"000-02","PLAYGROUND_SURFACE_TYPE":null,"TARGET_AGE_GROUP":null,"WINTERIZATION_REQUIRED":null,"COMMUNITY":null,"SERVICE_LEVEL":null,"COMMENTS":"Reno done in 2026","PARK_OWNERSHIP":null,"MAINTENANCE_RESPONSIBILITY":"Parks","OPERATIONAL_RESPONSIBILITY":"Parks","OPERATING_LOCATION":"Bridgeview Park, 11475 126A St","OPERATING_LOCATION_TYPE":"Park","SHAPE.AREA":432.30782142334004,"WEBLINK":null}},{"type":"Feature","id":8137,"geometry":{"type":"Polygon","coordinates":[[[-122.830485,49.17892],[-122.830475,49.17893],[-122.830459,49.178942],[-122.830423,49.178979],[-122.830434,49.178998],[-122.830449,49.179002],[-122.830488,49.179],[-122.830524,49.178982],[-122.830553,49.178972],[-122.830574,49.178956],[-122.830576,49.178934],[-122.830541,49.17892],[-122.830508,49.178918],[-122.830485,49.17892]]]},"properties":{"OBJECTID":8137,"FACILITYID":"1001888672","PLAYGROUND_TYPE":"Traditional","DESCRIPTION":"Play Structure - 022-01; Surrey Nature Centre at Green Timbers Park, 14225 Green Timbers Way","LOCATION":"adjacent to admin building","PARK":"Surrey Nature Centre at Green Timbers Park","REF_NO":"022-01","PLAYGROUND_SURFACE_TYPE":null,"TARGET_AGE_GROUP":null,"WINTERIZATION_REQUIRED":null,"COMMUNITY":null,"SERVICE_LEVEL":null,"COMMENTS":"Natural Bumble bee play structure","PARK_OWNERSHIP":null,"MAINTENANCE_RESPONSIBILITY":"Parks","OPERATIONAL_RESPONSIBILITY":"Parks","OPERATING_LOCATION":"Surrey Nature Centre at Green Timbers Park, 14225 Green Timbers Way","OPERATING_LOCATION_TYPE":"Park","SHAPE.AREA":68.10477319335939,"WEBLINK":null}},{"type":"Feature","id":8138,"geometry":{"type":"MultiPolygon","coordinates":[[[[-122.831198,49.178696],[-122.831169,49.178712],[-122.831119,49.178742],[-122.831082,49.178786],[-122.831113,49.178808],[-122.831134,49.178822],[-122.831197,49.178839],[-122.831256,49.178831],[-122.831278,49.178811],[-122.831291,49.178791],[-122.831291,49.178765],[-122.831291,49.178744],[-122.831272,49.178722],[-122.831248,49.178704],[-122.831224,49.178696],[-122.831198,49.178696]]],[[[-122.831514,49.178485],[-122.831464,49.178494],[-122.831419,49.178504],[-122.831404,49.178511],[-122.831403,49.178529],[-122.83141,49.178551],[-122.831426,49.178574],[-122.831462,49.178597],[-122.83149,49.178614],[-122.831518,49.178611],[-122.831549,49.178595],[-122.831573,49.178558],[-122.831583,49.178539],[-122.831585,49.178519],[-122.831582,49.178502],[-122.831557,49.178487],[-122.831534,49.178485],[-122.831514,49.178485]]]]},"properties":{"OBJECTID":8138,"FACILITYID":"1001888686","PLAYGROUND_TYPE":"Traditional","DESCRIPTION":"Play Structure - 022-02; Surrey Nature Centre at Green Timbers Park, 14225 Green Timbers Way","LOCATION":"next to lawn area","PARK":"Surrey Nature Centre at Green Timbers Park","REF_NO":"022-02","PLAYGROUND_SURFACE_TYPE":null,"TARGET_AGE_GROUP":null,"WINTERIZATION_REQUIRED":null,"COMMUNITY":null,"SERVICE_LEVEL":null,"COMMENTS":"Natural Tree pole play structure and Natural Tree stump play structure on south end - Ref# 022-03 merged in 2025","PARK_OWNERSHIP":null,"MAINTENANCE_RESPONSIBILITY":"Parks","OPERATIONAL_RESPONSIBILITY":"Parks","OPERATING_LOCATION":"Surrey Nature Centre at Green Timbers Park, 14225 Green Timbers Way","OPERATING_LOCATION_TYPE":"Park","SHAPE.AREA":308.62286949768105,"WEBLINK":null}},{"type":"Feature","id":9097,"geometry":{"type":"Polygon","coordinates":[[[-122.859396,49.205016],[-122.859362,49.205024],[-122.859343,49.205035],[-122.859327,49.205051],[-122.859316,49.205074],[-122.859312,49.205096],[-122.859315,49.205117],[-122.859323,49.205132],[-122.859336,49.205145],[-122.859372,49.205156],[-122.859416,49.20516],[-122.859454,49.205159],[-122.859486,49.205153],[-122.859507,49.205144],[-122.859524,49.205133],[-122.859533,49.205122],[-122.859535,49.205103],[-122.859532,49.205084],[-122.859518,49.205062],[-122.8595,49.205042],[-122.859491,49.205032],[-122.859471,49.205021],[-122.859447,49.205016],[-122.859423,49.205015],[-122.859396,49.205016]]]},"properties":{"OBJECTID":9097,"FACILITYID":"1001891840","PLAYGROUND_TYPE":"Traditional","DESCRIPTION":"Playground - 011-02; Poplar Park, 13074 - 112 Ave","LOCATION":null,"PARK":"Poplar Park","REF_NO":"011-02","PLAYGROUND_SURFACE_TYPE":"Sand","TARGET_AGE_GROUP":"0 to 12 yrs","WINTERIZATION_REQUIRED":"N","COMMUNITY":"Whalley","SERVICE_LEVEL":null,"COMMENTS":null,"PARK_OWNERSHIP":null,"MAINTENANCE_RESPONSIBILITY":"PARKS","OPERATIONAL_RESPONSIBILITY":"PARKS","OPERATING_LOCATION":"Poplar Park, 13074 112 Ave","OPERATING_LOCATION_TYPE":"Park","SHAPE.AREA":211.70260254211402,"WEBLINK":null}},{"type":"Feature","id":9100,"geometry":{"type":"Polygon","coordinates":[[[-122.860931,49.192576],[-122.860931,49.192664],[-122.860936,49.192788],[-122.860985,49.192786],[-122.861088,49.192784],[-122.861151,49.19277],[-122.861178,49.192761],[-122.861225,49.192743],[-122.861255,49.192725],[-122.861268,49.192711],[-122.861279,49.192695],[-122.861288,49.192669],[-122.86129,49.192644],[-122.861285,49.192619],[-122.861273,49.192602],[-122.861237,49.192577],[-122.861194,49.192554],[-122.861144,49.192536],[-122.861107,49.192529],[-122.861072,49.192528],[-122.86095,49.192521],[-122.860931,49.192576]]]},"properties":{"OBJECTID":9100,"FACILITYID":"1001891844","PLAYGROUND_TYPE":"Traditional","DESCRIPTION":"Playground - 011-03; Royal Kwantlen Park, 13035 104 Ave","LOCATION":"Adjacent to Outdoor Pool","PARK":"Royal Kwantlen Park","REF_NO":"011-03","PLAYGROUND_SURFACE_TYPE":"Bark Mulch","TARGET_AGE_GROUP":"0 to 12 yrs","WINTERIZATION_REQUIRED":"N","COMMUNITY":"Whalley","SERVICE_LEVEL":null,"COMMENTS":null,"PARK_OWNERSHIP":null,"MAINTENANCE_RESPONSIBILITY":"PARKS","OPERATIONAL_RESPONSIBILITY":"PARKS","OPERATING_LOCATION":"Royal Kwantlen Park, 13035 104 Ave","OPERATING_LOCATION_TYPE":"Park","SHAPE.AREA":637.06465774231,"WEBLINK":null}},{"type":"Feature","id":9418,"geometry":{"type":"Polygon","coordinates":[[[-122.776448,49.200548],[-122.77646,49.200615],[-122.776438,49.200642],[-122.776442,49.200669],[-122.776475,49.200771],[-122.776587,49.200757],[-122.776553,49.200617],[-122.776563,49.2006],[-122.776547,49.200539],[-122.776448,49.200548]]]},"properties":{"OBJECTID":9418,"FACILITYID":"1001892037","PLAYGROUND_TYPE":"Traditional","DESCRIPTION":"Playground - 015-02; North Point Park, 16088 - 109 Ave","LOCATION":"109 Ave Ent. To Central Section Of Park","PARK":"North Point Park","REF_NO":"015-02","PLAYGROUND_SURFACE_TYPE":"Pea Gravel","TARGET_AGE_GROUP":"6 to 12 yrs","WINTERIZATION_REQUIRED":"N","COMMUNITY":"Guildford","SERVICE_LEVEL":null,"COMMENTS":null,"PARK_OWNERSHIP":null,"MAINTENANCE_RESPONSIBILITY":"PARKS","OPERATIONAL_RESPONSIBILITY":"PARKS","OPERATING_LOCATION":"North Point Park, 16088 109 Ave","OPERATING_LOCATION_TYPE":"Park","SHAPE.AREA":201.96384004516602,"WEBLINK":"Install Date Unknown"}},{"type":"Feature","id":9737,"geometry":{"type":"Polygon","coordinates":[[[-122.781299,49.186393],[-122.781226,49.186455],[-122.781226,49.186487],[-122.781273,49.186512],[-122.781328,49.186513],[-122.781386,49.186464],[-122.781404,49.186443],[-122.78139,49.1864],[-122.781333,49.186384],[-122.781299,49.186393]]]},"properties":{"OBJECTID":9737,"FACILITYID":"1001892505","PLAYGROUND_TYPE":"Traditional","DESCRIPTION":"Playground - 024-02; 24N - Tot-Lot - VIP Site, 10126 - 159 St","LOCATION":"Central Area Of Site","PARK":"24N - Tot Lot","REF_NO":"024-02","PLAYGROUND_SURFACE_TYPE":"Sand","TARGET_AGE_GROUP":"0 to 5 yrs","WINTERIZATION_REQUIRED":"N","COMMUNITY":"Guildford","SERVICE_LEVEL":null,"COMMENTS":null,"PARK_OWNERSHIP":null,"MAINTENANCE_RESPONSIBILITY":"PARKS","OPERATIONAL_RESPONSIBILITY":"PARKS","OPERATING_LOCATION":"24N - Tot-Lot - VIP Site, 10126 159 St","OPERATING_LOCATION_TYPE":"Park","SHAPE.AREA":127.62454327392601,"WEBLINK":"Install Date Unknown"}},{"type":"Feature","id":9740,"geometry":{"type":"Polygon","coordinates":[[[-122.854991,49.172652],[-122.85498,49.172663],[-122.854966,49.172691],[-122.854962,49.172714],[-122.854963,49.172737],[-122.854972,49.172761],[-122.854982,49.172783],[-122.85509,49.172771],[-122.855158,49.172761],[-122.85516,49.172754],[-122.855167,49.172737],[-122.855171,49.172721],[-122.855167,49.172707],[-122.855161,49.172698],[-122.855159,49.172697],[-122.855155,49.172692],[-122.855141,49.172682],[-122.855125,49.172675],[-122.855099,49.172664],[-122.855069,49.172655],[-122.855036,49.17265],[-122.855031,49.172651],[-122.85503,49.172651],[-122.854991,49.172652]]]},"properties":{"OBJECTID":9740,"FACILITYID":"1001892564","PLAYGROUND_TYPE":"Traditional","DESCRIPTION":"Playground - 031-04; Cottontail Tot-Lot, 9356 - 132A St","LOCATION":"Middle Of Site","PARK":"Cottontail Tot Lot","REF_NO":"031-04","PLAYGROUND_SURFACE_TYPE":"Sand","TARGET_AGE_GROUP":"0 to 12 yrs","WINTERIZATION_REQUIRED":"N","COMMUNITY":"Whalley","SERVICE_LEVEL":null,"COMMENTS":null,"PARK_OWNERSHIP":null,"MAINTENANCE_RESPONSIBILITY":"PARKS","OPERATIONAL_RESPONSIBILITY":"PARKS","OPERATING_LOCATION":"Cottontail Tot-Lot, 9352 132A St","OPERATING_LOCATION_TYPE":"Park","SHAPE.AREA":174.751973599243,"WEBLINK":"Install Date Unknown"}},{"type":"Feature","id":10057,"geometry":{"type":"Polygon","coordinates":[[[-122.686758,49.160572],[-122.686744,49.16058],[-122.686736,49.160591],[-122.68673,49.160621],[-122.686726,49.160666],[-122.686716,49.160779],[-122.68672,49.160788],[-122.686729,49.1608],[-122.686745,49.160807],[-122.686784,49.16081],[-122.686925,49.160811],[-122.68694,49.160809],[-122.686961,49.160785],[-122.686985,49.160733],[-122.686989,49.160706],[-122.686989,49.160672],[-122.686984,49.160624],[-122.686969,49.160595],[-122.686957,49.160588],[-122.686906,49.160583],[-122.68682,49.160575],[-122.686771,49.160569],[-122.686758,49.160572]]]},"properties":{"OBJECTID":10057,"FACILITYID":"1001893965","PLAYGROUND_TYPE":"Traditional","DESCRIPTION":"Playground - 049-01; Port Kells Park, 19340 - 88 Ave","LOCATION":"South End of Park","PARK":"Port Kells Park","REF_NO":"049-01","PLAYGROUND_SURFACE_TYPE":"Sand","TARGET_AGE_GROUP":"0 to 12 yrs","WINTERIZATION_REQUIRED":"N","COMMUNITY":"Guildford","SERVICE_LEVEL":null,"COMMENTS":null,"PARK_OWNERSHIP":null,"MAINTENANCE_RESPONSIBILITY":"PARKS","OPERATIONAL_RESPONSIBILITY":"PARKS","OPERATING_LOCATION":"Port Kells Park, 19340 88 Ave","OPERATING_LOCATION_TYPE":"Park","SHAPE.AREA":471.343728588867,"WEBLINK":null}},{"type":"Feature","id":10376,"geometry":{"type":"Polygon","coordinates":[[[-122.837042,49.122004],[-122.837011,49.121996],[-122.836988,49.121986],[-122.836975,49.121977],[-122.836965,49.121968],[-122.836948,49.12196],[-122.836925,49.121948],[-122.836893,49.121943],[-122.836873,49.121945],[-122.836848,49.121951],[-122.836813,49.12196],[-122.836778,49.121966],[-122.836746,49.121975],[-122.836725,49.121988],[-122.836711,49.121998],[-122.836699,49.122018],[-122.8367,49.122036],[-122.83671,49.122047],[-122.836727,49.122058],[-122.836741,49.122065],[-122.836758,49.12207],[-122.836781,49.122074],[-122.836798,49.122081],[-122.836806,49.122091],[-122.836811,49.122105],[-122.836819,49.122114],[-122.836834,49.122122],[-122.836858,49.122126],[-122.836884,49.122123],[-122.836902,49.122119],[-122.836934,49.122116],[-122.836947,49.122119],[-122.836962,49.122124],[-122.836969,49.1221],[-122.836982,49.122081],[-122.837042,49.122004]]]},"properties":{"OBJECTID":10376,"FACILITYID":"1001898126","PLAYGROUND_TYPE":"Traditional","DESCRIPTION":"Playground - 062-03; Hyland Creek Park, 6542 138 St","LOCATION":"within park","PARK":"Hyland Park","REF_NO":"062-03","PLAYGROUND_SURFACE_TYPE":null,"TARGET_AGE_GROUP":null,"WINTERIZATION_REQUIRED":null,"COMMUNITY":null,"SERVICE_LEVEL":null,"COMMENTS":null,"PARK_OWNERSHIP":null,"MAINTENANCE_RESPONSIBILITY":"Parks","OPERATIONAL_RESPONSIBILITY":"Parks","OPERATING_LOCATION":"Hyland Creek Park, 6542 138 St","OPERATING_LOCATION_TYPE":"Park","SHAPE.AREA":331.71140463867204,"WEBLINK":null}},{"type":"Feature","id":10696,"geometry":{"type":"Polygon","coordinates":[[[-122.816449,49.040435],[-122.816422,49.040444],[-122.816396,49.040456],[-122.816365,49.040476],[-122.816343,49.040494],[-122.816326,49.040514],[-122.816315,49.040531],[-122.816306,49.040551],[-122.816299,49.040571],[-122.816298,49.040587],[-122.816302,49.040607],[-122.816306,49.040622],[-122.816317,49.040644],[-122.816329,49.040662],[-122.816345,49.040677],[-122.816359,49.040688],[-122.816374,49.040685],[-122.816416,49.040671],[-122.816447,49.040656],[-122.816471,49.040643],[-122.816486,49.040631],[-122.816509,49.040612],[-122.816526,49.040588],[-122.816538,49.04056],[-122.81654,49.040526],[-122.816536,49.040505],[-122.816527,49.04048],[-122.816518,49.040463],[-122.816502,49.040444],[-122.816484,49.040427],[-122.816449,49.040435]]]},"properties":{"OBJECTID":10696,"FACILITYID":"1001908344","PLAYGROUND_TYPE":"Water","DESCRIPTION":"Water Playground; South Surrey Athletic Park, 1925 148 St","LOCATION":"adjacent to Rotary Field House","PARK":null,"REF_NO":"4","PLAYGROUND_SURFACE_TYPE":null,"TARGET_AGE_GROUP":null,"WINTERIZATION_REQUIRED":null,"COMMUNITY":null,"SERVICE_LEVEL":null,"COMMENTS":null,"PARK_OWNERSHIP":null,"MAINTENANCE_RESPONSIBILITY":"Parks","OPERATIONAL_RESPONSIBILITY":"Parks","OPERATING_LOCATION":"South Surrey Athletic Park, 1925 148 St","OPERATING_LOCATION_TYPE":"Park","SHAPE.AREA":354.527398034668,"WEBLINK":null}},{"type":"Feature","id":11658,"geometry":{"type":"Polygon","coordinates":[[[-122.796312,49.116507],[-122.796377,49.116507],[-122.796419,49.116505],[-122.79644,49.116498],[-122.796452,49.116486],[-122.796451,49.116461],[-122.796453,49.116404],[-122.796452,49.116363],[-122.79644,49.116349],[-122.796428,49.116338],[-122.79639,49.116336],[-122.796146,49.116335],[-122.796098,49.116341],[-122.796088,49.116346],[-122.796074,49.11638],[-122.796076,49.116462],[-122.796075,49.116488],[-122.796087,49.116501],[-122.796103,49.116506],[-122.796126,49.116506],[-122.796312,49.116507]]]},"properties":{"OBJECTID":11658,"FACILITYID":"1001947450","PLAYGROUND_TYPE":"Traditional","DESCRIPTION":"Playground - 074-01; Sullivan Park, 6272 152 St","LOCATION":"East of Tennis Courts","PARK":"Sullivan Park","REF_NO":"074-01","PLAYGROUND_SURFACE_TYPE":null,"TARGET_AGE_GROUP":null,"WINTERIZATION_REQUIRED":"N","COMMUNITY":"Newton","SERVICE_LEVEL":null,"COMMENTS":null,"PARK_OWNERSHIP":null,"MAINTENANCE_RESPONSIBILITY":"PARKS","OPERATIONAL_RESPONSIBILITY":"PARKS","OPERATING_LOCATION":"Sullivan Park, 6272 152 St","OPERATING_LOCATION_TYPE":"Park","SHAPE.AREA":510.22913990478503,"WEBLINK":null}},{"type":"Feature","id":11992,"geometry":{"type":"Polygon","coordinates":[[[-122.818942,49.039318],[-122.818921,49.039349],[-122.818914,49.039379],[-122.818929,49.039426],[-122.818949,49.03946],[-122.818989,49.039483],[-122.819053,49.039488],[-122.819089,49.039477],[-122.819106,49.039442],[-122.819104,49.039404],[-122.819078,49.039363],[-122.819038,49.039329],[-122.819005,49.039314],[-122.818962,49.039308],[-122.818942,49.039318]]]},"properties":{"OBJECTID":11992,"FACILITYID":"1001950666","PLAYGROUND_TYPE":"Traditional","DESCRIPTION":"Playground - 123-03; South Surrey Athletic Park, 1925 148 St","LOCATION":"behind Community Centre","PARK":"South Surrey Athletic Park","REF_NO":"123-03","PLAYGROUND_SURFACE_TYPE":null,"TARGET_AGE_GROUP":null,"WINTERIZATION_REQUIRED":null,"COMMUNITY":null,"SERVICE_LEVEL":null,"COMMENTS":"Natural","PARK_OWNERSHIP":null,"MAINTENANCE_RESPONSIBILITY":"Parks","OPERATIONAL_RESPONSIBILITY":"Parks","OPERATING_LOCATION":"South Surrey Athletic Park, 1925 148 St","OPERATING_LOCATION_TYPE":"Park","SHAPE.AREA":207.528622952271,"WEBLINK":null}},{"type":"Feature","id":12937,"geometry":{"type":"Polygon","coordinates":[[[-122.870332,49.129686],[-122.870436,49.129686],[-122.870457,49.129685],[-122.870475,49.129679],[-122.870487,49.129671],[-122.870497,49.129643],[-122.870499,49.129623],[-122.870495,49.129606],[-122.870479,49.129596],[-122.870464,49.129592],[-122.870427,49.12959],[-122.870278,49.129589],[-122.870197,49.129585],[-122.870151,49.129591],[-122.870128,49.129622],[-122.870126,49.129666],[-122.870132,49.129677],[-122.87015,49.129683],[-122.870223,49.129683],[-122.870332,49.129686]]]},"properties":{"OBJECTID":12937,"FACILITYID":"1001953109","PLAYGROUND_TYPE":"Traditional","DESCRIPTION":"Playground - 060-02; Evershine Park, 12688 70 Ave","LOCATION":"NE corner of park","PARK":"Evershine Park","REF_NO":"060-02","PLAYGROUND_SURFACE_TYPE":"Pea Gravel","TARGET_AGE_GROUP":"0 to 5 yrs","WINTERIZATION_REQUIRED":"N","COMMUNITY":"Newton","SERVICE_LEVEL":null,"COMMENTS":null,"PARK_OWNERSHIP":null,"MAINTENANCE_RESPONSIBILITY":"PARKS","OPERATIONAL_RESPONSIBILITY":"PARKS","OPERATING_LOCATION":"Evershine Park, 12688 70 Ave","OPERATING_LOCATION_TYPE":"Park","SHAPE.AREA":275.667866049194,"WEBLINK":null}},{"type":"Feature","id":13256,"geometry":{"type":"Polygon","coordinates":[[[-122.782269,49.056047],[-122.782202,49.056062],[-122.782132,49.056088],[-122.782076,49.056117],[-122.782043,49.056154],[-122.782026,49.056182],[-122.782032,49.056204],[-122.782041,49.056218],[-122.782059,49.056227],[-122.782094,49.056237],[-122.782142,49.056243],[-122.782201,49.056241],[-122.782277,49.056224],[-122.782327,49.056207],[-122.782366,49.056187],[-122.782397,49.056173],[-122.782425,49.056143],[-122.782442,49.056113],[-122.782445,49.056102],[-122.782445,49.05609],[-122.782437,49.056079],[-122.782426,49.056068],[-122.78241,49.05606],[-122.782388,49.056051],[-122.782346,49.056046],[-122.782269,49.056047]]]},"properties":{"OBJECTID":13256,"FACILITYID":"1001953786","PLAYGROUND_TYPE":"Traditional","DESCRIPTION":"Playground - 114-04; Mountain View Park, 3029 160 St","LOCATION":"along Mountain View Dr","PARK":"Mountain View Park","REF_NO":"114-04","PLAYGROUND_SURFACE_TYPE":null,"TARGET_AGE_GROUP":null,"WINTERIZATION_REQUIRED":null,"COMMUNITY":null,"SERVICE_LEVEL":null,"COMMENTS":null,"PARK_OWNERSHIP":null,"MAINTENANCE_RESPONSIBILITY":"Parks","OPERATIONAL_RESPONSIBILITY":"Parks","OPERATING_LOCATION":"Mountain View Park, 3029 160 St","OPERATING_LOCATION_TYPE":"Park","SHAPE.AREA":474.16486572265603,"WEBLINK":null}},{"type":"Feature","id":13577,"geometry":{"type":"Polygon","coordinates":[[[-122.835685,49.195605],[-122.835713,49.195618],[-122.835748,49.195633],[-122.83577,49.195648],[-122.835774,49.195669],[-122.835774,49.195678],[-122.835773,49.195686],[-122.835766,49.195694],[-122.835758,49.195701],[-122.835743,49.195708],[-122.835724,49.195714],[-122.835698,49.195718],[-122.835672,49.195723],[-122.835677,49.195745],[-122.835689,49.195755],[-122.835717,49.195759],[-122.835746,49.195763],[-122.835775,49.195764],[-122.835805,49.195763],[-122.835824,49.195759],[-122.835845,49.195753],[-122.83586,49.195743],[-122.835869,49.19573],[-122.835872,49.195712],[-122.835874,49.195698],[-122.835878,49.195685],[-122.835893,49.195671],[-122.835901,49.195666],[-122.835923,49.195653],[-122.835952,49.195642],[-122.835989,49.195636],[-122.836016,49.195633],[-122.83605,49.195634],[-122.836079,49.19564],[-122.836107,49.195647],[-122.836133,49.195655],[-122.83615,49.19566],[-122.836164,49.195657],[-122.836171,49.195653],[-122.836179,49.195647],[-122.836188,49.195637],[-122.836199,49.195627],[-122.836201,49.19562],[-122.836202,49.195615],[-122.836202,49.195609],[-122.836198,49.195598],[-122.836181,49.195583],[-122.836109,49.19555],[-122.836093,49.195545],[-122.836063,49.195537],[-122.836011,49.195525],[-122.835953,49.195519],[-122.835916,49.195518],[-122.835881,49.195519],[-122.835857,49.195524],[-122.83583,49.195532],[-122.835804,49.195542],[-122.835779,49.19555],[-122.835756,49.195556],[-122.835727,49.195557],[-122.835695,49.195558],[-122.835681,49.19556],[-122.835665,49.195565],[-122.835657,49.195569],[-122.835653,49.195576],[-122.835656,49.19559],[-122.835674,49.195601],[-122.835685,49.195605]]]},"properties":{"OBJECTID":13577,"FACILITYID":"1001954984","PLAYGROUND_TYPE":"Traditional","DESCRIPTION":"Playground - 012-02; Forsyth Park, 10620 139 St","LOCATION":"near 139 St","PARK":"Forsyth Park","REF_NO":"012-02","PLAYGROUND_SURFACE_TYPE":null,"TARGET_AGE_GROUP":null,"WINTERIZATION_REQUIRED":null,"COMMUNITY":"Whalley","SERVICE_LEVEL":null,"COMMENTS":null,"PARK_OWNERSHIP":null,"MAINTENANCE_RESPONSIBILITY":"Patks","OPERATIONAL_RESPONSIBILITY":"Parks","OPERATING_LOCATION":"Forsyth Park, 10620 139 St","OPERATING_LOCATION_TYPE":"Park","SHAPE.AREA":558.529354644775,"WEBLINK":null}},{"type":"Feature","id":13897,"geometry":{"type":"Polygon","coordinates":[[[-122.841537,49.132652],[-122.841537,49.132699],[-122.841692,49.132699],[-122.841693,49.132594],[-122.841588,49.132594],[-122.841579,49.132598],[-122.841537,49.132652]]]},"properties":{"OBJECTID":13897,"FACILITYID":"1001985184","PLAYGROUND_TYPE":"Traditional","DESCRIPTION":"Playground - 062-04; Newton Library Admin Grounds, 13742 72 Ave","LOCATION":"Next to Newton Recreation Centre","PARK":"Newton Library Admin Grounds, 13742 72 Ave","REF_NO":"062-04","PLAYGROUND_SURFACE_TYPE":null,"TARGET_AGE_GROUP":null,"WINTERIZATION_REQUIRED":null,"COMMUNITY":null,"SERVICE_LEVEL":null,"COMMENTS":null,"PARK_OWNERSHIP":null,"MAINTENANCE_RESPONSIBILITY":"Parks","OPERATIONAL_RESPONSIBILITY":"Parks","OPERATING_LOCATION":"Newton Library Admin Grounds, 13742 72 Ave","OPERATING_LOCATION_TYPE":"Land","SHAPE.AREA":122.53838117675801,"WEBLINK":null}},{"type":"Feature","id":14216,"geometry":{"type":"MultiPolygon","coordinates":[[[[-122.771705,49.151398],[-122.771691,49.151406],[-122.771656,49.151433],[-122.77165,49.151448],[-122.771649,49.151486],[-122.771647,49.151531],[-122.771636,49.151576],[-122.771623,49.15163],[-122.771647,49.151653],[-122.771711,49.151667],[-122.771803,49.151656],[-122.771836,49.151634],[-122.771843,49.151624],[-122.771855,49.151594],[-122.771855,49.151558],[-122.771851,49.15152],[-122.771833,49.151489],[-122.771817,49.151465],[-122.7718,49.151436],[-122.77179,49.151415],[-122.771766,49.151399],[-122.771748,49.151393],[-122.771722,49.151392],[-122.771705,49.151398]]],[[[-122.771638,49.151386],[-122.771642,49.151411],[-122.771667,49.151404],[-122.771692,49.151384],[-122.771731,49.151381],[-122.771771,49.151385],[-122.771803,49.151403],[-122.771815,49.151376],[-122.771824,49.151315],[-122.771814,49.151263],[-122.771775,49.151241],[-122.771738,49.15126],[-122.771708,49.151267],[-122.771689,49.151277],[-122.77168,49.151283],[-122.771647,49.15131],[-122.771638,49.151346],[-122.771638,49.151386]]]]},"properties":{"OBJECTID":14216,"FACILITYID":"1002064749","PLAYGROUND_TYPE":"Traditional","DESCRIPTION":"Playground - 045-04; Walnut Park, 16175 80A Ave","LOCATION":"off 82 Ave entrance","PARK":"Walnut Park","REF_NO":"045-04","PLAYGROUND_SURFACE_TYPE":null,"TARGET_AGE_GROUP":null,"WINTERIZATION_REQUIRED":null,"COMMUNITY":"Fleetwood","SERVICE_LEVEL":null,"COMMENTS":"Ref# 045-05 merged in 2025","PARK_OWNERSHIP":null,"MAINTENANCE_RESPONSIBILITY":"Parks","OPERATIONAL_RESPONSIBILITY":"Parks","OPERATING_LOCATION":"Walnut Park, 16175 80A Ave","OPERATING_LOCATION_TYPE":"Park","SHAPE.AREA":571.123069830322,"WEBLINK":null}},{"type":"Feature","id":15180,"geometry":{"type":"Polygon","coordinates":[[[-122.81588,49.040287],[-122.815859,49.040299],[-122.815846,49.040311],[-122.815839,49.040325],[-122.815834,49.04034],[-122.815836,49.04035],[-122.815844,49.040367],[-122.815847,49.040375],[-122.815851,49.040387],[-122.815856,49.040401],[-122.815857,49.040418],[-122.815863,49.040433],[-122.815878,49.040449],[-122.815905,49.040465],[-122.815934,49.040472],[-122.815965,49.040472],[-122.815997,49.040467],[-122.816017,49.04046],[-122.816034,49.040448],[-122.816049,49.040431],[-122.816069,49.040415],[-122.816082,49.040404],[-122.816095,49.040397],[-122.816108,49.040389],[-122.816127,49.040379],[-122.816151,49.04037],[-122.816174,49.040361],[-122.816196,49.040354],[-122.81622,49.04035],[-122.816263,49.040346],[-122.816284,49.040343],[-122.816304,49.040335],[-122.816314,49.040328],[-122.816324,49.040317],[-122.816329,49.040307],[-122.816332,49.040298],[-122.816329,49.040288],[-122.816326,49.040283],[-122.816319,49.040274],[-122.816308,49.040267],[-122.816297,49.04026],[-122.816285,49.040255],[-122.816273,49.040252],[-122.816254,49.040254],[-122.816234,49.040255],[-122.816208,49.04026],[-122.816174,49.040268],[-122.816146,49.040273],[-122.816114,49.040277],[-122.816093,49.040278],[-122.816063,49.040281],[-122.816032,49.040281],[-122.816006,49.040281],[-122.815982,49.040279],[-122.81596,49.040276],[-122.815938,49.040276],[-122.81592,49.040277],[-122.815901,49.04028],[-122.81588,49.040287]]]},"properties":{"OBJECTID":15180,"FACILITYID":"1002135846","PLAYGROUND_TYPE":"Traditional","DESCRIPTION":"Playground - 123-04; South Surrey Athletic Park, 1925 148 St","LOCATION":"adjacent to Rotary Field House","PARK":"South Surrey Athletic Park","REF_NO":"123-04","PLAYGROUND_SURFACE_TYPE":null,"TARGET_AGE_GROUP":null,"WINTERIZATION_REQUIRED":null,"COMMUNITY":null,"SERVICE_LEVEL":null,"COMMENTS":null,"PARK_OWNERSHIP":null,"MAINTENANCE_RESPONSIBILITY":"Parks","OPERATIONAL_RESPONSIBILITY":"Parks","OPERATING_LOCATION":"South Surrey Athletic Park, 1925 148 St","OPERATING_LOCATION_TYPE":"Park","SHAPE.AREA":512.322888082886,"WEBLINK":null}},{"type":"Feature","id":15497,"geometry":{"type":"Polygon","coordinates":[[[-122.767001,49.115703],[-122.766943,49.115707],[-122.766913,49.115711],[-122.766896,49.115863],[-122.76694,49.115888],[-122.76697,49.115894],[-122.767124,49.115904],[-122.767156,49.115848],[-122.767169,49.115834],[-122.767213,49.115758],[-122.767205,49.115729],[-122.76719,49.115724],[-122.767162,49.115712],[-122.767139,49.115707],[-122.767091,49.115703],[-122.767045,49.115701],[-122.767001,49.115703]]]},"properties":{"OBJECTID":15497,"FACILITYID":"1002136008","PLAYGROUND_TYPE":"Traditional","DESCRIPTION":"Playground - 075-02; Bose Forest Park, 6203 164 St","LOCATION":"along 62 Ave","PARK":"Bose Forest Park","REF_NO":"075-02","PLAYGROUND_SURFACE_TYPE":null,"TARGET_AGE_GROUP":null,"WINTERIZATION_REQUIRED":null,"COMMUNITY":null,"SERVICE_LEVEL":null,"COMMENTS":null,"PARK_OWNERSHIP":null,"MAINTENANCE_RESPONSIBILITY":"Parks","OPERATIONAL_RESPONSIBILITY":"Parks","OPERATING_LOCATION":"Bose Forest Park, 6203 164 St","OPERATING_LOCATION_TYPE":"Park","SHAPE.AREA":420.41937373046903,"WEBLINK":null}},{"type":"Feature","id":15817,"geometry":{"type":"MultiPolygon","coordinates":[[[[-122.833516,49.126746],[-122.833492,49.126751],[-122.833466,49.126762],[-122.833445,49.126773],[-122.833431,49.126782],[-122.833419,49.126791],[-122.833412,49.126799],[-122.833409,49.126807],[-122.833408,49.126818],[-122.833409,49.126827],[-122.833416,49.126845],[-122.833421,49.12686],[-122.833433,49.126875],[-122.833445,49.126883],[-122.833466,49.126894],[-122.833484,49.126901],[-122.833504,49.126903],[-122.833524,49.126903],[-122.833548,49.126901],[-122.83357,49.126897],[-122.833609,49.126886],[-122.833633,49.126879],[-122.833659,49.126869],[-122.833671,49.12686],[-122.833685,49.126845],[-122.833689,49.126834],[-122.833688,49.12682],[-122.833682,49.126803],[-122.833673,49.126789],[-122.833663,49.126778],[-122.833653,49.12677],[-122.833637,49.126763],[-122.833612,49.126757],[-122.833579,49.12675],[-122.833557,49.126747],[-122.833533,49.126745],[-122.833516,49.126746]]],[[[-122.833433,49.127177],[-122.833404,49.127181],[-122.833382,49.127189],[-122.83336,49.127202],[-122.833342,49.127217],[-122.833332,49.127228],[-122.833328,49.127244],[-122.83333,49.127261],[-122.833337,49.127273],[-122.833347,49.12729],[-122.833363,49.127302],[-122.833378,49.12731],[-122.833403,49.127317],[-122.833428,49.127322],[-122.833457,49.127322],[-122.833476,49.12732],[-122.833496,49.127314],[-122.833516,49.127303],[-122.833537,49.12729],[-122.83356,49.127273],[-122.83358,49.127255],[-122.833596,49.127237],[-122.8336,49.127226],[-122.833599,49.127215],[-122.833592,49.127204],[-122.833579,49.127193],[-122.833565,49.127186],[-122.833547,49.127181],[-122.833529,49.127178],[-122.833498,49.127177],[-122.833462,49.127176],[-122.833433,49.127177]]]]},"properties":{"OBJECTID":15817,"FACILITYID":"1002136020","PLAYGROUND_TYPE":"Traditional","DESCRIPTION":"Playground - 062-05; Hazelnut Meadows Community Park, 14069 68 Ave","LOCATION":"East of parking lot","PARK":"Hazelnut Meadows Community Park","REF_NO":"062-05","PLAYGROUND_SURFACE_TYPE":"Sand","TARGET_AGE_GROUP":"6 to 12 yrs","WINTERIZATION_REQUIRED":"N","COMMUNITY":"Newton","SERVICE_LEVEL":null,"COMMENTS":"Ref# 062-06 merged in 2025","PARK_OWNERSHIP":null,"MAINTENANCE_RESPONSIBILITY":"PARKS","OPERATIONAL_RESPONSIBILITY":"PARKS","OPERATING_LOCATION":"Hazelnut Meadows Community Park, 14069 68 Ave","OPERATING_LOCATION_TYPE":"Park","SHAPE.AREA":521.577862103272,"WEBLINK":null}},{"type":"Feature","id":16141,"geometry":{"type":"MultiPolygon","coordinates":[[[[-122.843474,49.20986],[-122.843481,49.209859],[-122.843488,49.209858],[-122.843495,49.209855],[-122.843501,49.20985],[-122.843506,49.209845],[-122.84351,49.209839],[-122.843513,49.209833],[-122.843515,49.209826],[-122.843516,49.209819],[-122.843515,49.209811],[-122.843513,49.209804],[-122.84351,49.209798],[-122.843506,49.209792],[-122.843501,49.209787],[-122.843495,49.209782],[-122.843489,49.209779],[-122.843482,49.209777],[-122.843474,49.209777],[-122.843467,49.209777],[-122.84346,49.209779],[-122.843454,49.209782],[-122.843448,49.209786],[-122.843442,49.209792],[-122.843438,49.209798],[-122.843435,49.209804],[-122.843433,49.209811],[-122.843433,49.209818],[-122.843433,49.209826],[-122.843435,49.209833],[-122.843438,49.209839],[-122.843442,49.209845],[-122.843447,49.20985],[-122.843453,49.209854],[-122.84346,49.209857],[-122.843467,49.209859],[-122.843474,49.20986]]],[[[-122.843732,49.209837],[-122.843715,49.209843],[-122.843703,49.209849],[-122.843693,49.209856],[-122.843685,49.20986],[-122.843676,49.209864],[-122.84366,49.209869],[-122.843648,49.209871],[-122.843631,49.209871],[-122.843613,49.209872],[-122.843597,49.209872],[-122.843583,49.209873],[-122.843572,49.209875],[-122.843561,49.20988],[-122.843548,49.209887],[-122.843539,49.209895],[-122.843534,49.209904],[-122.843533,49.209915],[-122.843538,49.209928],[-122.843545,49.209939],[-122.843552,49.209947],[-122.843558,49.209953],[-122.843569,49.209961],[-122.843578,49.209966],[-122.843588,49.20997],[-122.843604,49.209975],[-122.843622,49.209977],[-122.843636,49.209979],[-122.843655,49.209979],[-122.84367,49.209978],[-122.843689,49.209975],[-122.843711,49.209969],[-122.843733,49.209962],[-122.843755,49.209953],[-122.843765,49.209948],[-122.843784,49.209938],[-122.843806,49.209922],[-122.843817,49.20991],[-122.843828,49.209893],[-122.843829,49.209883],[-122.843825,49.209872],[-122.843818,49.209862],[-122.843807,49.20985],[-122.843792,49.209842],[-122.843777,49.209838],[-122.843764,49.209836],[-122.843748,49.209836],[-122.843732,49.209837]]]]},"properties":{"OBJECTID":16141,"FACILITYID":"1002138341","PLAYGROUND_TYPE":"Traditional","DESCRIPTION":"Playground #001-02; Bolivar Park, 13591 Crestview Dr","LOCATION":"@ 114 Ave & 136a St side of park","PARK":"Bolivar Park","REF_NO":"001-02","PLAYGROUND_SURFACE_TYPE":null,"TARGET_AGE_GROUP":null,"WINTERIZATION_REQUIRED":null,"COMMUNITY":"Whalley","SERVICE_LEVEL":null,"COMMENTS":null,"PARK_OWNERSHIP":null,"MAINTENANCE_RESPONSIBILITY":"Parks","OPERATIONAL_RESPONSIBILITY":"Parks","OPERATING_LOCATION":"Bolivar Park, 13591 Crestview Dr","OPERATING_LOCATION_TYPE":"Park","SHAPE.AREA":299.288782159424,"WEBLINK":null}},{"type":"Feature","id":16776,"geometry":{"type":"Polygon","coordinates":[[[-122.754087,49.060075],[-122.754076,49.060101],[-122.754081,49.060124],[-122.754093,49.060143],[-122.754115,49.060158],[-122.754153,49.060162],[-122.754205,49.060149],[-122.754222,49.060122],[-122.754202,49.060092],[-122.75417,49.060067],[-122.754125,49.060058],[-122.754087,49.060075]]]},"properties":{"OBJECTID":16776,"FACILITYID":"1002192023","PLAYGROUND_TYPE":"Traditional","DESCRIPTION":"Playground - 116-02; Kensington Prairie School Grounds, 16824 32 Ave","LOCATION":"north-east corner of site","PARK":"Kensington Prairie School Grounds","REF_NO":"116-02","PLAYGROUND_SURFACE_TYPE":null,"TARGET_AGE_GROUP":null,"WINTERIZATION_REQUIRED":null,"COMMUNITY":"South Surrey","SERVICE_LEVEL":null,"COMMENTS":null,"PARK_OWNERSHIP":null,"MAINTENANCE_RESPONSIBILITY":"Parks","OPERATIONAL_RESPONSIBILITY":"Recreation","OPERATING_LOCATION":"Kensington Prairie School Grounds, 16824 32 Ave","OPERATING_LOCATION_TYPE":"Land","SHAPE.AREA":88.7922763427734,"WEBLINK":null}},{"type":"Feature","id":16777,"geometry":{"type":"Polygon","coordinates":[[[-122.754221,49.060019],[-122.75425,49.060036],[-122.754281,49.060013],[-122.75425,49.059995],[-122.754221,49.060019]]]},"properties":{"OBJECTID":16777,"FACILITYID":"1002192024","PLAYGROUND_TYPE":"Traditional","DESCRIPTION":"Playground - 116-03; Kensington Prairie School Grounds, 16824 32 Ave","LOCATION":"adjacent to playground ref #116-02","PARK":null,"REF_NO":null,"PLAYGROUND_SURFACE_TYPE":null,"TARGET_AGE_GROUP":null,"WINTERIZATION_REQUIRED":null,"COMMUNITY":"South Surrey","SERVICE_LEVEL":null,"COMMENTS":"sandbox","PARK_OWNERSHIP":null,"MAINTENANCE_RESPONSIBILITY":"Parks","OPERATIONAL_RESPONSIBILITY":"Recreation","OPERATING_LOCATION":"Kensington Prairie School Grounds, 16824 32 Ave","OPERATING_LOCATION_TYPE":"Land","SHAPE.AREA":9.887852270507809,"WEBLINK":null}},{"type":"Feature","id":17419,"geometry":{"type":"MultiPolygon","coordinates":[[[[-122.779648,49.15411],[-122.779652,49.15411],[-122.779657,49.154109],[-122.779661,49.154107],[-122.779664,49.154104],[-122.779667,49.154101],[-122.77967,49.154098],[-122.779672,49.154094],[-122.779673,49.154089],[-122.779673,49.154085],[-122.779673,49.154081],[-122.779672,49.154076],[-122.77967,49.154072],[-122.779668,49.154069],[-122.779664,49.154065],[-122.779661,49.154063],[-122.779657,49.154061],[-122.779652,49.15406],[-122.779648,49.154059],[-122.779644,49.15406],[-122.779639,49.154061],[-122.779635,49.154063],[-122.779632,49.154065],[-122.779628,49.154068],[-122.779626,49.154072],[-122.779624,49.154076],[-122.779623,49.15408],[-122.779622,49.154085],[-122.779623,49.154089],[-122.779624,49.154093],[-122.779626,49.154098],[-122.779628,49.154101],[-122.779631,49.154104],[-122.779635,49.154107],[-122.779639,49.154109],[-122.779643,49.15411],[-122.779648,49.15411]]],[[[-122.779302,49.154177],[-122.779297,49.154202],[-122.779301,49.154222],[-122.779308,49.154239],[-122.779321,49.154255],[-122.779352,49.154278],[-122.779396,49.154299],[-122.779436,49.154312],[-122.779491,49.154327],[-122.779537,49.154337],[-122.77956,49.15434],[-122.77958,49.15434],[-122.779603,49.154339],[-122.779624,49.15433],[-122.779643,49.154316],[-122.779647,49.154305],[-122.779646,49.154291],[-122.779642,49.154282],[-122.779627,49.154265],[-122.779601,49.154237],[-122.779616,49.15423],[-122.779623,49.154221],[-122.779628,49.154216],[-122.779631,49.154205],[-122.77963,49.154195],[-122.779625,49.154185],[-122.779614,49.154173],[-122.7796,49.154167],[-122.779589,49.154165],[-122.779574,49.154162],[-122.779552,49.154163],[-122.77955,49.154156],[-122.779541,49.154136],[-122.779522,49.154114],[-122.779492,49.154098],[-122.779461,49.154092],[-122.779425,49.154089],[-122.779391,49.154094],[-122.779366,49.154101],[-122.779334,49.154122],[-122.779313,49.154148],[-122.779302,49.154177]]]]},"properties":{"OBJECTID":17419,"FACILITYID":"1002196072","PLAYGROUND_TYPE":"Traditional","DESCRIPTION":"Playground - 044-02; Francis Park, 15951 83 Ave","LOCATION":"NE corner of Francis Park","PARK":"Francis Park","REF_NO":"044-02","PLAYGROUND_SURFACE_TYPE":null,"TARGET_AGE_GROUP":null,"WINTERIZATION_REQUIRED":null,"COMMUNITY":"Fleetwood","SERVICE_LEVEL":null,"COMMENTS":"rubber service on west side - sand box south west","PARK_OWNERSHIP":null,"MAINTENANCE_RESPONSIBILITY":"Parks","OPERATIONAL_RESPONSIBILITY":"Parks","OPERATING_LOCATION":"Francis Park, 15951 83 Ave","OPERATING_LOCATION_TYPE":"Park","SHAPE.AREA":525.188971243286,"WEBLINK":null}},{"type":"Feature","id":18056,"geometry":{"type":"Polygon","coordinates":[[[-122.709092,49.130148],[-122.709038,49.130072],[-122.708948,49.1301],[-122.709008,49.130174],[-122.709092,49.130148]]]},"properties":{"OBJECTID":18056,"FACILITYID":"1002237266","PLAYGROUND_TYPE":"Playground","DESCRIPTION":"Playground; Clayton Park, 18513 70 Ave","LOCATION":"next to daycare","PARK":"Cllayton Park","REF_NO":null,"PLAYGROUND_SURFACE_TYPE":null,"TARGET_AGE_GROUP":null,"WINTERIZATION_REQUIRED":null,"COMMUNITY":null,"SERVICE_LEVEL":null,"COMMENTS":"Maintained by Rec Services. for daycare use","PARK_OWNERSHIP":null,"MAINTENANCE_RESPONSIBILITY":"Rec","OPERATIONAL_RESPONSIBILITY":"Rec","OPERATING_LOCATION":"Clayton Park, 18513 70 Ave","OPERATING_LOCATION_TYPE":"Park","SHAPE.AREA":65.16184903564451,"WEBLINK":null}},{"type":"Feature","id":18376,"geometry":{"type":"Polygon","coordinates":[[[-122.758716,49.047196],[-122.758685,49.047207],[-122.758657,49.047221],[-122.758626,49.047245],[-122.758589,49.047286],[-122.758576,49.047328],[-122.758573,49.04736],[-122.758593,49.047376],[-122.758636,49.047396],[-122.758671,49.047401],[-122.758689,49.047409],[-122.75871,49.047416],[-122.758738,49.047422],[-122.758769,49.047422],[-122.75879,49.04742],[-122.758808,49.047417],[-122.758826,49.047411],[-122.758844,49.047404],[-122.758871,49.047389],[-122.75889,49.047374],[-122.758903,49.047358],[-122.758915,49.047335],[-122.758921,49.047307],[-122.758918,49.047283],[-122.75891,49.047269],[-122.758899,49.047255],[-122.758866,49.047225],[-122.758826,49.04721],[-122.758765,49.047196],[-122.758716,49.047196]]]},"properties":{"OBJECTID":18376,"FACILITYID":"1002238252","PLAYGROUND_TYPE":"Playground","DESCRIPTION":"Playground - 115-01; Orchard Grove Park, 16685 24 Ave","LOCATION":"north end of parks","PARK":"Orchard Grove Park","REF_NO":"115-01","PLAYGROUND_SURFACE_TYPE":null,"TARGET_AGE_GROUP":null,"WINTERIZATION_REQUIRED":null,"COMMUNITY":"South Surrey","SERVICE_LEVEL":null,"COMMENTS":null,"PARK_OWNERSHIP":null,"MAINTENANCE_RESPONSIBILITY":"Parks","OPERATIONAL_RESPONSIBILITY":"Parks","OPERATING_LOCATION":"Orchard Grove Park, 16685 24 Ave","OPERATING_LOCATION_TYPE":"Park","SHAPE.AREA":485.35516300048806,"WEBLINK":null}},{"type":"Feature","id":18697,"geometry":{"type":"Polygon","coordinates":[[[-122.853139,49.127038],[-122.853243,49.127083],[-122.853267,49.127091],[-122.853282,49.127093],[-122.853298,49.127088],[-122.853311,49.127081],[-122.853316,49.127076],[-122.853316,49.127053],[-122.853299,49.126828],[-122.853296,49.126748],[-122.853292,49.12673],[-122.853288,49.126723],[-122.85328,49.126714],[-122.853267,49.126708],[-122.853252,49.126706],[-122.853236,49.126708],[-122.853201,49.126718],[-122.853093,49.126746],[-122.852796,49.126821],[-122.852758,49.126832],[-122.852747,49.126838],[-122.85274,49.126849],[-122.852738,49.126858],[-122.852741,49.126868],[-122.852753,49.126877],[-122.8529,49.126936],[-122.852886,49.126951],[-122.852881,49.126963],[-122.852875,49.126975],[-122.852875,49.126989],[-122.852877,49.127002],[-122.85288,49.127016],[-122.852892,49.127032],[-122.852911,49.127048],[-122.85294,49.127062],[-122.852964,49.127068],[-122.852992,49.127071],[-122.853017,49.12707],[-122.853036,49.127066],[-122.853054,49.127062],[-122.853084,49.127053],[-122.853099,49.127039],[-122.853107,49.127027],[-122.853139,49.127038]]]},"properties":{"OBJECTID":18697,"FACILITYID":"1002270555","PLAYGROUND_TYPE":"Traditional","DESCRIPTION":"Playground - 061-01; Unwin Park, 13313 68 Ave","LOCATION":"NE of water park","PARK":"Unwin Park","REF_NO":"061-01","PLAYGROUND_SURFACE_TYPE":"Sand","TARGET_AGE_GROUP":null,"WINTERIZATION_REQUIRED":"N","COMMUNITY":"Newton","SERVICE_LEVEL":null,"COMMENTS":null,"PARK_OWNERSHIP":null,"MAINTENANCE_RESPONSIBILITY":"Parks","OPERATIONAL_RESPONSIBILITY":"Parks","OPERATING_LOCATION":"Unwin Park, 13313 68 Ave","OPERATING_LOCATION_TYPE":"Park","SHAPE.AREA":1170.99330217285,"WEBLINK":null}},{"type":"Feature","id":19016,"geometry":{"type":"Polygon","coordinates":[[[-122.771837,49.042917],[-122.771937,49.043001],[-122.772002,49.042961],[-122.771895,49.042879],[-122.771837,49.042917]]]},"properties":{"OBJECTID":19016,"FACILITYID":"1002284742","PLAYGROUND_TYPE":"Playground","DESCRIPTION":"Playground - 125-01; Oak Meadows Park; 16271 22 Ave","LOCATION":"adjacent to natural area","PARK":"Oak Meadows Park","REF_NO":"125-01","PLAYGROUND_SURFACE_TYPE":"Wood Chips","TARGET_AGE_GROUP":null,"WINTERIZATION_REQUIRED":null,"COMMUNITY":"South Surrey","SERVICE_LEVEL":null,"COMMENTS":null,"PARK_OWNERSHIP":null,"MAINTENANCE_RESPONSIBILITY":"Parks","OPERATIONAL_RESPONSIBILITY":"Parks","OPERATING_LOCATION":"Oak Meadows Park; 16271 22 Ave","OPERATING_LOCATION_TYPE":"Park","SHAPE.AREA":73.81117836914059,"WEBLINK":null}},{"type":"Feature","id":19336,"geometry":{"type":"Polygon","coordinates":[[[-122.871325,49.202227],[-122.871528,49.202099],[-122.871289,49.201947],[-122.871289,49.202199],[-122.871325,49.202227]]]},"properties":{"OBJECTID":19336,"FACILITYID":"1002288465","PLAYGROUND_TYPE":"Playground","DESCRIPTION":"Playground - Rock Climbing - 010-01; North Surrey Sports & Ice Centre Grounds, 10950 126A St","LOCATION":"adjacent to complex","PARK":"North Surrey Sports & Ice Centre Grounds","REF_NO":"010-01","PLAYGROUND_SURFACE_TYPE":null,"TARGET_AGE_GROUP":null,"WINTERIZATION_REQUIRED":null,"COMMUNITY":"Whalley","SERVICE_LEVEL":null,"COMMENTS":"Rock climbing","PARK_OWNERSHIP":null,"MAINTENANCE_RESPONSIBILITY":"Parks","OPERATIONAL_RESPONSIBILITY":"Parks","OPERATING_LOCATION":"North Surrey Sports & Ice Centre Grounds, 10950 126A St","OPERATING_LOCATION_TYPE":"Land","SHAPE.AREA":284.17490492858906,"WEBLINK":null}},{"type":"Feature","id":19656,"geometry":{"type":"Polygon","coordinates":[[[-122.849308,49.191174],[-122.849681,49.191229],[-122.849685,49.191198],[-122.849382,49.191083],[-122.849308,49.191174]]]},"properties":{"OBJECTID":19656,"FACILITYID":"1002289059","PLAYGROUND_TYPE":"Playground","DESCRIPTION":"Playground - 021-05; City Hall Grounds, 13450 104 Ave","LOCATION":"north of plaza","PARK":"City Hall Grounds","REF_NO":"021-05","PLAYGROUND_SURFACE_TYPE":null,"TARGET_AGE_GROUP":null,"WINTERIZATION_REQUIRED":null,"COMMUNITY":"Whalley","SERVICE_LEVEL":null,"COMMENTS":null,"PARK_OWNERSHIP":null,"MAINTENANCE_RESPONSIBILITY":"Parks","OPERATIONAL_RESPONSIBILITY":"Parks","OPERATING_LOCATION":"City Hall Grounds, 13450 104 Ave","OPERATING_LOCATION_TYPE":"Land","SHAPE.AREA":194.02071257629402,"WEBLINK":null}},{"type":"Feature","id":19657,"geometry":{"type":"Polygon","coordinates":[[[-122.854574,49.190862],[-122.854564,49.190873],[-122.854549,49.190874],[-122.854537,49.190891],[-122.854509,49.190895],[-122.854496,49.190912],[-122.854473,49.190914],[-122.854464,49.190932],[-122.854473,49.190941],[-122.854464,49.190947],[-122.85452,49.190985],[-122.854596,49.190974],[-122.854624,49.190926],[-122.854581,49.190895],[-122.854589,49.190888],[-122.854599,49.190885],[-122.854606,49.190878],[-122.854604,49.190868],[-122.854587,49.190862],[-122.854574,49.190862]]]},"properties":{"OBJECTID":19657,"FACILITYID":"1002289060","PLAYGROUND_TYPE":"Playground","DESCRIPTION":"Playground - 021-06; West Village Park, 13231 103A Ave","LOCATION":"east side of park","PARK":"West Village Park","REF_NO":"021-06","PLAYGROUND_SURFACE_TYPE":null,"TARGET_AGE_GROUP":null,"WINTERIZATION_REQUIRED":null,"COMMUNITY":"Whalley","SERVICE_LEVEL":null,"COMMENTS":null,"PARK_OWNERSHIP":null,"MAINTENANCE_RESPONSIBILITY":"Parks","OPERATIONAL_RESPONSIBILITY":"Parks","OPERATING_LOCATION":"West Village Park, 13231 103A Ave","OPERATING_LOCATION_TYPE":"Park","SHAPE.AREA":97.2258763824463,"WEBLINK":null}},{"type":"Feature","id":19976,"geometry":{"type":"Polygon","coordinates":[[[-122.886553,49.138717],[-122.886534,49.138797],[-122.88661,49.138801],[-122.886632,49.138806],[-122.886677,49.13884],[-122.886773,49.138772],[-122.886788,49.138752],[-122.886746,49.138695],[-122.88668,49.138678],[-122.886621,49.138674],[-122.886553,49.138717]]]},"properties":{"OBJECTID":19976,"FACILITYID":"1002294837","PLAYGROUND_TYPE":"Traditional","DESCRIPTION":"Playground - 050-05; R.A. Nicholson Park, 12140 75A Ave","LOCATION":null,"PARK":"R.A. Nicholson Park","REF_NO":"050-05","PLAYGROUND_SURFACE_TYPE":null,"TARGET_AGE_GROUP":null,"WINTERIZATION_REQUIRED":null,"COMMUNITY":"Newton","SERVICE_LEVEL":null,"COMMENTS":null,"PARK_OWNERSHIP":null,"MAINTENANCE_RESPONSIBILITY":"Parks","OPERATIONAL_RESPONSIBILITY":"Parks","OPERATING_LOCATION":"R.A. Nicholson Park, 12140 75A Ave","OPERATING_LOCATION_TYPE":"Park","SHAPE.AREA":218.75061463317903,"WEBLINK":null}},{"type":"Feature","id":20296,"geometry":{"type":"Polygon","coordinates":[[[-122.764895,49.043561],[-122.764966,49.043564],[-122.765017,49.04357],[-122.765057,49.043566],[-122.765098,49.043552],[-122.765159,49.043532],[-122.76521,49.043533],[-122.765249,49.043528],[-122.765276,49.043517],[-122.765303,49.043504],[-122.765322,49.043485],[-122.765333,49.043467],[-122.765336,49.043441],[-122.765331,49.043419],[-122.765323,49.0434],[-122.765313,49.04339],[-122.765306,49.043378],[-122.765273,49.04336],[-122.765237,49.043353],[-122.765196,49.043352],[-122.765164,49.043356],[-122.765134,49.043361],[-122.765104,49.043317],[-122.765116,49.043304],[-122.765129,49.043296],[-122.76514,49.043278],[-122.765149,49.043234],[-122.765168,49.043186],[-122.765183,49.043133],[-122.765179,49.043109],[-122.765156,49.043084],[-122.765116,49.043057],[-122.765073,49.043056],[-122.765028,49.043067],[-122.765001,49.043081],[-122.764971,49.043104],[-122.764956,49.04313],[-122.764948,49.043154],[-122.764947,49.04318],[-122.76495,49.043211],[-122.764962,49.043242],[-122.764975,49.043256],[-122.764975,49.043271],[-122.764923,49.043308],[-122.764894,49.043309],[-122.76487,49.043314],[-122.764833,49.043334],[-122.764818,49.043351],[-122.764812,49.043364],[-122.76481,49.043383],[-122.764814,49.043403],[-122.764822,49.043416],[-122.764838,49.043434],[-122.764852,49.043447],[-122.764761,49.043466],[-122.764674,49.043465],[-122.764615,49.043465],[-122.764586,49.043474],[-122.764568,49.043485],[-122.764559,49.043501],[-122.764558,49.043516],[-122.764564,49.043533],[-122.764578,49.043547],[-122.764598,49.043556],[-122.764616,49.043559],[-122.764652,49.04356],[-122.764738,49.04356],[-122.764895,49.043561]]]},"properties":{"OBJECTID":20296,"FACILITYID":"1002306091","PLAYGROUND_TYPE":"Playground","DESCRIPTION":"Playground - 125-02; Edgewood Park, 2284 165 St","LOCATION":"north west corner of park","PARK":"Edgewood Park","REF_NO":"125-02","PLAYGROUND_SURFACE_TYPE":null,"TARGET_AGE_GROUP":null,"WINTERIZATION_REQUIRED":null,"COMMUNITY":"South Surrey","SERVICE_LEVEL":null,"COMMENTS":null,"PARK_OWNERSHIP":null,"MAINTENANCE_RESPONSIBILITY":"Parks","OPERATIONAL_RESPONSIBILITY":"Parks","OPERATING_LOCATION":"Edgewood Park, 2284 165 St","OPERATING_LOCATION_TYPE":"Park","SHAPE.AREA":1466.79175636292,"WEBLINK":null}},{"type":"Feature","id":20619,"geometry":{"type":"MultiPolygon","coordinates":[[[[-122.714505,49.10496],[-122.714458,49.104991],[-122.714462,49.105053],[-122.714494,49.105065],[-122.71462,49.105058],[-122.714673,49.105031],[-122.714676,49.104995],[-122.714628,49.10497],[-122.714566,49.104958],[-122.714505,49.10496]]],[[[-122.714349,49.104931],[-122.71433,49.104954],[-122.714339,49.104977],[-122.714367,49.104997],[-122.714427,49.104986],[-122.714435,49.104959],[-122.714422,49.104936],[-122.714387,49.104923],[-122.714349,49.104931]]]]},"properties":{"OBJECTID":20619,"FACILITYID":"1002320640","PLAYGROUND_TYPE":"Traditional","DESCRIPTION":"Playground - 077-03; 77G - Tot-Lot, 18335 - 56A Ave","LOCATION":"Central Area Of Site","PARK":"77G - Tot Lot","REF_NO":"077-03","PLAYGROUND_SURFACE_TYPE":"Sand","TARGET_AGE_GROUP":"0 to 5 yrs","WINTERIZATION_REQUIRED":"N","COMMUNITY":"Cloverdale","SERVICE_LEVEL":null,"COMMENTS":"Renovated 2021","PARK_OWNERSHIP":null,"MAINTENANCE_RESPONSIBILITY":"PARKS","OPERATIONAL_RESPONSIBILITY":"PARKS","OPERATING_LOCATION":"77G - Tot-Lot, 18335 56A Ave","OPERATING_LOCATION_TYPE":"Park","SHAPE.AREA":198.303100704956,"WEBLINK":null}},{"type":"Feature","id":20938,"geometry":{"type":"Polygon","coordinates":[[[-122.884006,49.056087],[-122.884027,49.056076],[-122.884049,49.056073],[-122.884071,49.056087],[-122.884108,49.056063],[-122.884135,49.056039],[-122.88419,49.055988],[-122.884243,49.055945],[-122.884238,49.055933],[-122.884208,49.055907],[-122.884156,49.055882],[-122.884069,49.055844],[-122.88388,49.055997],[-122.883875,49.056031],[-122.884006,49.056087]]]},"properties":{"OBJECTID":20938,"FACILITYID":"1002320731","PLAYGROUND_TYPE":"Traditional","DESCRIPTION":"Playground - 110-01; Alexandra Tot-Lot, 12210 - Agar St","LOCATION":"SE corner of site","PARK":"Alexandra Tot Lot","REF_NO":"110-01","PLAYGROUND_SURFACE_TYPE":"Sand","TARGET_AGE_GROUP":"0 to 12 yrs","WINTERIZATION_REQUIRED":"N","COMMUNITY":"South Surrey","SERVICE_LEVEL":null,"COMMENTS":"Renovated 2021, joint use agreement with Alexandra House","PARK_OWNERSHIP":null,"MAINTENANCE_RESPONSIBILITY":"PARKS","OPERATIONAL_RESPONSIBILITY":"PARKS","OPERATING_LOCATION":"Alexandra Tot-Lot, 12210 Agar St","OPERATING_LOCATION_TYPE":"Park","SHAPE.AREA":414.154615744019,"WEBLINK":null}},{"type":"Feature","id":20940,"geometry":{"type":"Polygon","coordinates":[[[-122.830708,49.14187],[-122.830663,49.141889],[-122.83064,49.1419],[-122.830634,49.141916],[-122.830634,49.141934],[-122.830643,49.14195],[-122.830672,49.141966],[-122.830764,49.141997],[-122.830781,49.141994],[-122.830799,49.141987],[-122.830817,49.14196],[-122.830821,49.141921],[-122.830804,49.141886],[-122.830763,49.141865],[-122.830708,49.14187]]]},"properties":{"OBJECTID":20940,"FACILITYID":"1002320734","PLAYGROUND_TYPE":"Traditional","DESCRIPTION":"Playground - 052-03; Goodrich Place Park - 52D, 7645 - Goodrich Pl","LOCATION":"Central Area Of Park","PARK":"Goodrich Place Park","REF_NO":"052-03","PLAYGROUND_SURFACE_TYPE":null,"TARGET_AGE_GROUP":null,"WINTERIZATION_REQUIRED":"N","COMMUNITY":"Newton","SERVICE_LEVEL":null,"COMMENTS":"Renovated 2021","PARK_OWNERSHIP":null,"MAINTENANCE_RESPONSIBILITY":"PARKS","OPERATIONAL_RESPONSIBILITY":"PARKS","OPERATING_LOCATION":"Goodrich Place Park, 7645 Goodrich Pl","OPERATING_LOCATION_TYPE":"Park","SHAPE.AREA":146.486206365967,"WEBLINK":null}},{"type":"Feature","id":21896,"geometry":{"type":"Polygon","coordinates":[[[-122.825678,49.208079],[-122.825703,49.207989],[-122.825679,49.207971],[-122.825554,49.207947],[-122.825506,49.207961],[-122.825494,49.208003],[-122.825455,49.208012],[-122.825443,49.208058],[-122.825473,49.208075],[-122.825644,49.208093],[-122.825678,49.208079]]]},"properties":{"OBJECTID":21896,"FACILITYID":"1002321916","PLAYGROUND_TYPE":"Traditional","DESCRIPTION":"Playground - 002-01; Invergarry Park, 14400 Currie Dr","LOCATION":"Corner of Currie Dr and 143A St","PARK":"Invergarry Park","REF_NO":"002-01","PLAYGROUND_SURFACE_TYPE":null,"TARGET_AGE_GROUP":null,"WINTERIZATION_REQUIRED":null,"COMMUNITY":"Whalley","SERVICE_LEVEL":null,"COMMENTS":null,"PARK_OWNERSHIP":null,"MAINTENANCE_RESPONSIBILITY":"Parks","OPERATIONAL_RESPONSIBILITY":"Parks","OPERATING_LOCATION":"Invergarry Park, 14400 Currie Dr","OPERATING_LOCATION_TYPE":"Park","SHAPE.AREA":221.360850772095,"WEBLINK":null}},{"type":"Feature","id":22856,"geometry":{"type":"Polygon","coordinates":[[[-122.705117,49.132877],[-122.705265,49.132878],[-122.705273,49.132869],[-122.705288,49.13286],[-122.705296,49.132843],[-122.705293,49.132828],[-122.705283,49.132809],[-122.705303,49.132806],[-122.705303,49.13278],[-122.70528,49.132764],[-122.705274,49.132751],[-122.705281,49.132735],[-122.705262,49.132731],[-122.705213,49.13273],[-122.705167,49.132733],[-122.705118,49.132713],[-122.705117,49.132877]]]},"properties":{"OBJECTID":22856,"FACILITYID":"1002336477","PLAYGROUND_TYPE":"Playground","DESCRIPTION":"Playground - 068 -07; Clayton Community Centre Grounds, 7155 187A St","LOCATION":"adjacent to community centre","PARK":"Clayton Community Centre Grounds","REF_NO":"068-07","PLAYGROUND_SURFACE_TYPE":"Wood Chips","TARGET_AGE_GROUP":null,"WINTERIZATION_REQUIRED":null,"COMMUNITY":"Cloverdale","SERVICE_LEVEL":null,"COMMENTS":null,"PARK_OWNERSHIP":null,"MAINTENANCE_RESPONSIBILITY":"Parks","OPERATIONAL_RESPONSIBILITY":"Parks","OPERATING_LOCATION":"Clayton Community Centre Grounds, 7155 187A St","OPERATING_LOCATION_TYPE":"Park","SHAPE.AREA":206.04608984375002,"WEBLINK":null}},{"type":"Feature","id":22857,"geometry":{"type":"Polygon","coordinates":[[[-122.73359,49.114895],[-122.733589,49.115003],[-122.733622,49.115003],[-122.733622,49.114895],[-122.73359,49.114895]]]},"properties":{"OBJECTID":22857,"FACILITYID":"1002336478","PLAYGROUND_TYPE":"Playground","DESCRIPTION":"Playground - 077-05; Cloverdale Rec Centre Grounds, 6188 176 St","LOCATION":"South East corner of rec centre","PARK":"Cloverdale Rec Centre Grounds","REF_NO":"077-05","PLAYGROUND_SURFACE_TYPE":null,"TARGET_AGE_GROUP":null,"WINTERIZATION_REQUIRED":null,"COMMUNITY":"Cloverdale","SERVICE_LEVEL":null,"COMMENTS":null,"PARK_OWNERSHIP":null,"MAINTENANCE_RESPONSIBILITY":"Parks","OPERATIONAL_RESPONSIBILITY":"Parks","OPERATING_LOCATION":"Cloverdale Rec Centre Grounds, 6188 176 St","OPERATING_LOCATION_TYPE":"Land","SHAPE.AREA":28.509329589843798,"WEBLINK":null}},{"type":"Feature","id":23503,"geometry":{"type":"MultiPolygon","coordinates":[[[[-122.803707,49.161592],[-122.803679,49.161602],[-122.803666,49.16161],[-122.803653,49.161623],[-122.803647,49.161638],[-122.803646,49.161653],[-122.803652,49.161669],[-122.803661,49.161681],[-122.80368,49.161698],[-122.803705,49.161708],[-122.803718,49.161711],[-122.803749,49.161711],[-122.803766,49.161709],[-122.803787,49.161702],[-122.803806,49.161692],[-122.803821,49.161682],[-122.803827,49.16167],[-122.803835,49.161655],[-122.803823,49.161627],[-122.803812,49.161611],[-122.803774,49.161588],[-122.803707,49.161592]]],[[[-122.803738,49.161728],[-122.803744,49.161761],[-122.803808,49.161749],[-122.8038,49.161714],[-122.803738,49.161728]]]]},"properties":{"OBJECTID":23503,"FACILITYID":"1002346180","PLAYGROUND_TYPE":"Traditional","DESCRIPTION":"Playground - 043-02; Evergreen Tot-Lot - VIP Site, 15112 87B Ave","LOCATION":"S. End Of Site","PARK":"Evergreen Tot Lot","REF_NO":"043-02","PLAYGROUND_SURFACE_TYPE":null,"TARGET_AGE_GROUP":null,"WINTERIZATION_REQUIRED":"N","COMMUNITY":"Fleetwood","SERVICE_LEVEL":null,"COMMENTS":"sandbox added in 2022 to north of original playground","PARK_OWNERSHIP":null,"MAINTENANCE_RESPONSIBILITY":"PARKS","OPERATIONAL_RESPONSIBILITY":"PARKS","OPERATING_LOCATION":"Evergreen Tot-Lot - VIP Site, 15112 87B Ave","OPERATING_LOCATION_TYPE":"Park","SHAPE.AREA":163.925605877686,"WEBLINK":"Install Date Unknown"}},{"type":"Feature","id":23818,"geometry":{"type":"Polygon","coordinates":[[[-122.760285,49.033749],[-122.760282,49.033902],[-122.760461,49.033906],[-122.760494,49.033885],[-122.760519,49.033852],[-122.760531,49.033807],[-122.760535,49.03376],[-122.760507,49.03374],[-122.760314,49.033732],[-122.760285,49.033749]]]},"properties":{"OBJECTID":23818,"FACILITYID":"1002485262","PLAYGROUND_TYPE":"Playground","DESCRIPTION":"Playground - 125- 03; 125G - Neighbourhood Park; 1765 167 St","LOCATION":"east side of park","PARK":"125G - Neighbourhood Park","REF_NO":"125-03","PLAYGROUND_SURFACE_TYPE":null,"TARGET_AGE_GROUP":null,"WINTERIZATION_REQUIRED":null,"COMMUNITY":"South Surrey","SERVICE_LEVEL":null,"COMMENTS":null,"PARK_OWNERSHIP":null,"MAINTENANCE_RESPONSIBILITY":"Parks","OPERATIONAL_RESPONSIBILITY":"Parks","OPERATING_LOCATION":"125G - Neighbourhood Park; 1765 167 St","OPERATING_LOCATION_TYPE":"Park","SHAPE.AREA":318.84384519043,"WEBLINK":null}},{"type":"Feature","id":24456,"geometry":{"type":"MultiPolygon","coordinates":[[[[-122.695887,49.13483],[-122.695903,49.134842],[-122.695912,49.134856],[-122.695926,49.134915],[-122.695986,49.134949],[-122.696072,49.134951],[-122.696072,49.134862],[-122.695995,49.134834],[-122.69596,49.134792],[-122.695964,49.134705],[-122.695642,49.134701],[-122.695616,49.134702],[-122.6956,49.134703],[-122.695592,49.134709],[-122.695576,49.134757],[-122.695558,49.134818],[-122.695587,49.134823],[-122.695606,49.134829],[-122.69562,49.134841],[-122.695627,49.134855],[-122.695628,49.134868],[-122.695628,49.13489],[-122.69563,49.1349],[-122.695649,49.134923],[-122.695685,49.134936],[-122.69573,49.134937],[-122.695766,49.134923],[-122.695789,49.134896],[-122.695789,49.134857],[-122.695798,49.134834],[-122.695824,49.134824],[-122.695858,49.134824],[-122.695887,49.13483]]],[[[-122.695508,49.134748],[-122.695482,49.134752],[-122.695458,49.134758],[-122.695444,49.134764],[-122.695432,49.134776],[-122.695426,49.134786],[-122.695425,49.134801],[-122.695426,49.134809],[-122.69543,49.134815],[-122.695439,49.13482],[-122.695451,49.134824],[-122.695469,49.134825],[-122.695484,49.134821],[-122.695492,49.134814],[-122.695497,49.1348],[-122.695504,49.134792],[-122.695513,49.134786],[-122.695525,49.134782],[-122.695538,49.134781],[-122.69554,49.134757],[-122.695531,49.134749],[-122.695521,49.134746],[-122.695508,49.134748]]]]},"properties":{"OBJECTID":24456,"FACILITYID":"1002502756","PLAYGROUND_TYPE":"Traditional","DESCRIPTION":"Playground - 058-01; Salmonberry Park, 19027 72A Ave","LOCATION":"Off 72A Ave park entrance","PARK":"Salmonberry Park","REF_NO":"058-01","PLAYGROUND_SURFACE_TYPE":null,"TARGET_AGE_GROUP":null,"WINTERIZATION_REQUIRED":null,"COMMUNITY":"Cloverdale","SERVICE_LEVEL":null,"COMMENTS":null,"PARK_OWNERSHIP":null,"MAINTENANCE_RESPONSIBILITY":"PARKS","OPERATIONAL_RESPONSIBILITY":"PARKS","OPERATING_LOCATION":"Salmonberry Park, 19027 72A Ave","OPERATING_LOCATION_TYPE":"Park","SHAPE.AREA":706.262430557251,"WEBLINK":null}},{"type":"Feature","id":24459,"geometry":{"type":"Polygon","coordinates":[[[-122.84947,49.196208],[-122.849476,49.196109],[-122.849439,49.196087],[-122.849363,49.196089],[-122.849334,49.196109],[-122.849332,49.196209],[-122.849355,49.196215],[-122.84947,49.196208]]]},"properties":{"OBJECTID":24459,"FACILITYID":"1002503467","PLAYGROUND_TYPE":"Traditional","DESCRIPTION":"Playground - 011-04; Tom Binnie Park, 13458 107A Ave","LOCATION":"south of skate park","PARK":"Tom Binnie Park","REF_NO":"011-04","PLAYGROUND_SURFACE_TYPE":null,"TARGET_AGE_GROUP":null,"WINTERIZATION_REQUIRED":null,"COMMUNITY":null,"SERVICE_LEVEL":null,"COMMENTS":null,"PARK_OWNERSHIP":null,"MAINTENANCE_RESPONSIBILITY":"Parks","OPERATIONAL_RESPONSIBILITY":"Parks","OPERATING_LOCATION":"Tom Binnie Park, 13458 107A Ave","OPERATING_LOCATION_TYPE":"Park","SHAPE.AREA":134.91197873229999,"WEBLINK":null}},{"type":"Feature","id":24776,"geometry":{"type":"Polygon","coordinates":[[[-122.84123,49.115023],[-122.841216,49.115024],[-122.841208,49.115027],[-122.841203,49.115031],[-122.841189,49.11504],[-122.841174,49.115056],[-122.841165,49.115059],[-122.84115,49.115064],[-122.841138,49.115069],[-122.841128,49.115078],[-122.841119,49.115085],[-122.841112,49.115096],[-122.841108,49.115105],[-122.841107,49.115116],[-122.841106,49.115126],[-122.841109,49.115134],[-122.841116,49.115142],[-122.841128,49.115148],[-122.841142,49.115154],[-122.841149,49.115156],[-122.841167,49.115165],[-122.841184,49.115176],[-122.841193,49.115185],[-122.841201,49.115189],[-122.84121,49.115191],[-122.841222,49.115191],[-122.84123,49.115191],[-122.841245,49.115186],[-122.841251,49.115183],[-122.841255,49.115179],[-122.84126,49.115166],[-122.84126,49.11508],[-122.841259,49.115066],[-122.841262,49.115054],[-122.841264,49.115048],[-122.841264,49.115043],[-122.841262,49.115038],[-122.841258,49.115032],[-122.841251,49.115028],[-122.84124,49.115023],[-122.84123,49.115023]]]},"properties":{"OBJECTID":24776,"FACILITYID":"1002506885","PLAYGROUND_TYPE":"Playground","DESCRIPTION":"Playground - 072-02; Whippletree Park, 6090 King George Blvd","LOCATION":"south end of park","PARK":"Wippletree Park","REF_NO":"072-02","PLAYGROUND_SURFACE_TYPE":null,"TARGET_AGE_GROUP":null,"WINTERIZATION_REQUIRED":null,"COMMUNITY":"Newton","SERVICE_LEVEL":null,"COMMENTS":null,"PARK_OWNERSHIP":null,"MAINTENANCE_RESPONSIBILITY":"Parks","OPERATIONAL_RESPONSIBILITY":"Parks","OPERATING_LOCATION":"Whippletree Park, 6090 King George Blvd","OPERATING_LOCATION_TYPE":"Park","SHAPE.AREA":151.805192553711,"WEBLINK":null}},{"type":"Feature","id":26376,"geometry":{"type":"Polygon","coordinates":[[[-122.803786,49.193399],[-122.803786,49.193573],[-122.803872,49.193573],[-122.803873,49.193399],[-122.803786,49.193399]]]},"properties":{"OBJECTID":26376,"FACILITYID":"1002562835","PLAYGROUND_TYPE":"Playground","DESCRIPTION":"Playground - 013-06; Guildford Recreation Centre & Library Grounds, 15101 105 Ave","LOCATION":"west side of recreation centre","PARK":"Guildford Recreation Centre & Library Grounds","REF_NO":"013-06","PLAYGROUND_SURFACE_TYPE":null,"TARGET_AGE_GROUP":null,"WINTERIZATION_REQUIRED":null,"COMMUNITY":"Guildford","SERVICE_LEVEL":null,"COMMENTS":"Note: Rec playground, and not open to the public. These sites are only maintained by PFO as part of a service agreement.","PARK_OWNERSHIP":null,"MAINTENANCE_RESPONSIBILITY":"Parks","OPERATIONAL_RESPONSIBILITY":"Parks","OPERATING_LOCATION":"Guildford Recreation Centre & Library Grounds, 15101 105 Ave","OPERATING_LOCATION_TYPE":"Land","SHAPE.AREA":121.18779824523901,"WEBLINK":null}},{"type":"Feature","id":26696,"geometry":{"type":"Polygon","coordinates":[[[-122.77755,49.194906],[-122.777551,49.194859],[-122.777362,49.194857],[-122.777361,49.194904],[-122.77755,49.194906]]]},"properties":{"OBJECTID":26696,"FACILITYID":"1002562954","PLAYGROUND_TYPE":"Playground","DESCRIPTION":"Playground - 015-03; Fraser Heights Park, 10588 160 St","LOCATION":"south side of Fraser Heights Rec Centre","PARK":"Fraser Heights Park","REF_NO":"015-03","PLAYGROUND_SURFACE_TYPE":null,"TARGET_AGE_GROUP":null,"WINTERIZATION_REQUIRED":null,"COMMUNITY":"Guildford","SERVICE_LEVEL":null,"COMMENTS":"Centre Rec Operated, Parks maintained","PARK_OWNERSHIP":null,"MAINTENANCE_RESPONSIBILITY":"Parks","OPERATIONAL_RESPONSIBILITY":"Parks","OPERATING_LOCATION":"Fraser Heights Park, 10588 160 St","OPERATING_LOCATION_TYPE":"Land","SHAPE.AREA":71.9391974121094,"WEBLINK":null}},{"type":"Feature","id":27338,"geometry":{"type":"MultiPolygon","coordinates":[[[[-122.802038,49.107053],[-122.802101,49.1071],[-122.802188,49.107121],[-122.80228,49.107096],[-122.802321,49.10702],[-122.802116,49.106948],[-122.802038,49.107053]]],[[[-122.802233,49.106969],[-122.802435,49.107034],[-122.80248,49.106972],[-122.802274,49.106909],[-122.802233,49.106969]]]]},"properties":{"OBJECTID":27338,"FACILITYID":"1002565952","PLAYGROUND_TYPE":"Playground","DESCRIPTION":"Playground - 073-03; Edmund Park, 15149 Edmund Dr","LOCATION":"along edge of Edmund Dr","PARK":"Edmund Dr","REF_NO":"073-03","PLAYGROUND_SURFACE_TYPE":null,"TARGET_AGE_GROUP":null,"WINTERIZATION_REQUIRED":null,"COMMUNITY":"Newton","SERVICE_LEVEL":null,"COMMENTS":null,"PARK_OWNERSHIP":null,"MAINTENANCE_RESPONSIBILITY":"Parks","OPERATIONAL_RESPONSIBILITY":"Parks","OPERATING_LOCATION":"Edmund Park, 15149 Edmund Dr","OPERATING_LOCATION_TYPE":"Park","SHAPE.AREA":368.752754864502,"WEBLINK":null}},{"type":"Feature","id":29256,"geometry":{"type":"Polygon","coordinates":[[[-122.710944,49.115361],[-122.71089,49.115384],[-122.710825,49.11543],[-122.710833,49.115464],[-122.711141,49.11541],[-122.711119,49.115327],[-122.710944,49.115361]]]},"properties":{"OBJECTID":29256,"FACILITYID":"1002608346","PLAYGROUND_TYPE":"Playground","DESCRIPTION":"Playground - 078-09; Don Christian Park, 6220 184 St","LOCATION":"Adjacent to day care building","PARK":"Don Christian Park","REF_NO":"078-09","PLAYGROUND_SURFACE_TYPE":null,"TARGET_AGE_GROUP":null,"WINTERIZATION_REQUIRED":null,"COMMUNITY":"Cloverdale","SERVICE_LEVEL":null,"COMMENTS":null,"PARK_OWNERSHIP":null,"MAINTENANCE_RESPONSIBILITY":"Parks","OPERATIONAL_RESPONSIBILITY":"Parks","OPERATING_LOCATION":"Don Christian Park, 6220 184 St","OPERATING_LOCATION_TYPE":"Park","SHAPE.AREA":188.688826644897,"WEBLINK":null}}]}