{"type":"FeatureCollection","name":"Public-plan proposed-building massing examples","metadata":{"checked_date":"2026-09-29","projects":8,"physical_buildings":30,"massing_components":50,"status":"illustrative_public_plan_massing","disclaimer":"Public-plan demonstration massing, not an approved or survey-accurate 3D model. Footprints are approximate traces aligned to public application boundaries; terrain, facade, balconies, roof plant and exact stepped roofs are omitted. City validation and current drawings are needed before production."},"features":[{"type":"Feature","id":1,"geometry":{"type":"Polygon","coordinates":[[[-122.84149409,49.1903794],[-122.84149409,49.19033551],[-122.84160868,49.19033551],[-122.84160868,49.19012043],[-122.84149409,49.19012043],[-122.84149409,49.19007566],[-122.84139416,49.19007566],[-122.84139416,49.19012043],[-122.84128756,49.19012043],[-122.84128756,49.19033551],[-122.84139416,49.19033551],[-122.84139416,49.1903794],[-122.84149409,49.1903794]]]},"properties":{"model_id":1,"name":"Whalley / Central — 37-storey tower","project_no":"22-0372-00","height_m":122,"base_m":0,"storeys":37,"source_url":"https://cosmos.surrey.ca/geo_ref/Images/DevelopmentApplicationDocuments/PLR_7922-0372-00.pdf","height_basis":"122 metres /37 storeys stated in City planning report, 19 June 2023, PDF p. 5 and zoning table p. 11. Height is reported proposal height, not surveyed construction.","footprint_basis":"Approximate plan trace: PDF p. 24, roof-site plan A102; aligned to application parcel envelope. Ground-level footprint and roof outline differ.","model_note":"Public-plan demonstration massing, not an approved or survey-accurate 3D model. Footprints are approximate traces aligned to public application boundaries; terrain, facade, balconies, roof plant and exact stepped roofs are omitted. City validation and current drawings are needed before production.","component":"building","checked_date":"2026-09-27","is_production_verified":false,"area":"City Centre"}},{"type":"Feature","id":2,"geometry":{"type":"Polygon","coordinates":[[[-122.84165132,49.19044348],[-122.84165132,49.18985444],[-122.84125425,49.18985444],[-122.84125425,49.19044348],[-122.84165132,49.19044348]],[[-122.84149409,49.1903794],[-122.84139416,49.1903794],[-122.84139416,49.19033551],[-122.84128756,49.19033551],[-122.84128756,49.19012043],[-122.84139416,49.19012043],[-122.84139416,49.19007566],[-122.84149409,49.19007566],[-122.84149409,49.19012043],[-122.84160868,49.19012043],[-122.84160868,49.19033551],[-122.84149409,49.19033551],[-122.84149409,49.1903794]]]},"properties":{"model_id":2,"name":"Whalley / Central — podium (estimated height)","project_no":"22-0372-00","height_m":18,"base_m":0,"storeys":5,"source_url":"https://cosmos.surrey.ca/geo_ref/Images/DevelopmentApplicationDocuments/PLR_7922-0372-00.pdf","height_basis":"Estimated 18m: report describes 5 storeys; assumed 3.6m per storey. Podium height not verified in metres.","footprint_basis":"Approximate podium envelope from PDF p. 24, A102; tower removed as a hole.","model_note":"Public-plan demonstration massing, not an approved or survey-accurate 3D model. Footprints are approximate traces aligned to public application boundaries; terrain, facade, balconies, roof plant and exact stepped roofs are omitted. City validation and current drawings are needed before production. Report describes a 5-storey podium while roof-site drawing labels a 6-storey podium. The discrepancy must be resolved against current City-approved drawings; the demo follows the report count.","component":"podium","checked_date":"2026-09-27","is_production_verified":false,"area":"City Centre"}},{"type":"Feature","id":3,"geometry":{"type":"Polygon","coordinates":[[[-122.84609595,49.18036947],[-122.84609595,49.18028026],[-122.84622094,49.18028026],[-122.84622094,49.1802003],[-122.84609595,49.1802003],[-122.84609595,49.18010646],[-122.8460519,49.18010646],[-122.8460519,49.18011638],[-122.84599042,49.18011638],[-122.84599042,49.18015404],[-122.84595969,49.18015404],[-122.84595047,49.18024986],[-122.84596584,49.18033709],[-122.84599555,49.18033709],[-122.84599555,49.18036088],[-122.84605087,49.18036088],[-122.84605087,49.18036947],[-122.84609595,49.18036947]]]},"properties":{"model_id":3,"name":"King George /98 Avenue — 34-storey tower","project_no":"23-0041-00","height_m":118,"base_m":0,"storeys":34,"source_url":"https://www.surrey.ca/sites/default/files/planning-reports/PLR_7923-0041-00.pdf","height_basis":"118 metres /34 storeys stated in City planning report, 10 July 2023, PDF p. 11. Reported proposal height; simplified to a single level. Source discrepancy: the narrative on PDF p. 5 gives 117m for the tower and 21m for the rental building; the proposed zoning table on PDF p. 11 gives 118m and 22m. The demo uses the latter values; current drawings must resolve this difference.","footprint_basis":"Approximate roof envelope traced from PDF p. 26, plan A104; matched to public parcel extent. Stepped roof heights simplified to reported maximum.","model_note":"Public-plan demonstration massing, not an approved or survey-accurate 3D model. Footprints are approximate traces aligned to public application boundaries; terrain, facade, balconies, roof plant and exact stepped roofs are omitted. City validation and current drawings are needed before production.","component":"building","checked_date":"2026-09-28","is_production_verified":false,"area":"City Centre"}},{"type":"Feature","id":4,"geometry":{"type":"Polygon","coordinates":[[[-122.84646682,49.18037608],[-122.84646682,49.18009589],[-122.84592895,49.18009589],[-122.84592895,49.18028621],[-122.8459392,49.18037608],[-122.84646682,49.18037608]],[[-122.84609595,49.18036947],[-122.84605087,49.18036947],[-122.84605087,49.18036088],[-122.84599555,49.18036088],[-122.84599555,49.18033709],[-122.84596584,49.18033709],[-122.84595047,49.18024986],[-122.84595969,49.18015404],[-122.84599042,49.18015404],[-122.84599042,49.18011638],[-122.8460519,49.18011638],[-122.8460519,49.18010646],[-122.84609595,49.18010646],[-122.84609595,49.1802003],[-122.84622094,49.1802003],[-122.84622094,49.18028026],[-122.84609595,49.18028026],[-122.84609595,49.18036947]]]},"properties":{"model_id":4,"name":"King George /98 Avenue — podium (estimated height)","project_no":"23-0041-00","height_m":16,"base_m":0,"storeys":4,"source_url":"https://www.surrey.ca/sites/default/files/planning-reports/PLR_7923-0041-00.pdf","height_basis":"Estimated 16m: report describes 4-storey podium, assumed 4m per storey. Podium height not verified in metres.","footprint_basis":"Approximate podium envelope from PDF p. 26, A104; tower removed as a hole.","model_note":"Public-plan demonstration massing, not an approved or survey-accurate 3D model. Footprints are approximate traces aligned to public application boundaries; terrain, facade, balconies, roof plant and exact stepped roofs are omitted. City validation and current drawings are needed before production.","component":"podium","checked_date":"2026-09-27","is_production_verified":false,"area":"City Centre"}},{"type":"Feature","id":5,"geometry":{"type":"Polygon","coordinates":[[[-122.84721267,49.18035625],[-122.84721267,49.18018048],[-122.84661025,49.18018048],[-122.84661025,49.18035625],[-122.84721267,49.18035625]]]},"properties":{"model_id":5,"name":"98 Avenue — 6-storey rental building","project_no":"23-0041-00","height_m":22,"base_m":0,"storeys":6,"source_url":"https://www.surrey.ca/sites/default/files/planning-reports/PLR_7923-0041-00.pdf","height_basis":"22 metres /6 storeys stated in City planning report, 10 July 2023, PDF p. 11. Reported proposal height. Source discrepancy: the narrative on PDF p. 5 gives 117m for the tower and 21m for the rental building; the proposed zoning table on PDF p. 11 gives 118m and 22m. The demo uses the latter values; current drawings must resolve this difference.","footprint_basis":"Approximate rectangular roof trace from PDF p. 26, plan A104, aligned to public parcel. Roof elevator overrun omitted.","model_note":"Public-plan demonstration massing, not an approved or survey-accurate 3D model. Footprints are approximate traces aligned to public application boundaries; terrain, facade, balconies, roof plant and exact stepped roofs are omitted. City validation and current drawings are needed before production.","component":"building","checked_date":"2026-09-28","is_production_verified":false,"area":"City Centre"}},{"type":"Feature","id":6,"properties":{"model_id":6,"name":"Fleetwood /152 Street — proposed 48-storey tower","project_no":"23-0085-00","height_m":148,"base_m":0,"storeys":48,"source_url":"https://www.surrey.ca/sites/default/files/planning-reports/B.6-7923-0085-00.pdf","height_basis":"148m stated in City report dated 20 October 2025, PDF p. 5; 48 storeys described on pp. 1 and5. Proposed maximum height, not an approved or built measurement.","footprint_basis":"Approximate tower floorplate trace from PDF p. 17, level 8 plan A210 (May 23, 2024); aligned to public application boundary and street orientation.","model_note":"Public-plan demonstration massing, not an approved or survey-accurate 3D model. Approximate footprints traced from a published City plan and aligned to the public application boundary. Exact roof steps, facade details and terrain are omitted. Current City-approved drawings and location checks are needed for production. The report recommends referring the proposal back for refinement; this illustrates the submitted 148m scheme, not an approval. Commercial area is project-wide ground-floor space, not tower floorplate or currently available space.","component":"building","area":"Fleetwood","checked_date":"2026-09-27","is_production_verified":false,"commercial_size_m2":1052.7,"residential_size_m2":42897.5,"total_floor_area_m2":43950.2,"units":589,"area_basis":"City report PDF p. 5, project-wide proposed floor areas; not space available for lease.","status_at_source":"Initial Review / report recommends refinement"},"geometry":{"type":"Polygon","coordinates":[[[-122.80213309,49.16806824],[-122.80213309,49.16781358],[-122.80209855,49.16781358],[-122.80209855,49.16779557],[-122.80166574,49.16779557],[-122.80166574,49.16806824],[-122.80213309,49.16806824]]]}},{"type":"Feature","id":7,"properties":{"model_id":7,"name":"Fleetwood /152 Street — podium (estimated height)","project_no":"23-0085-00","height_m":28,"base_m":0,"storeys":8,"source_url":"https://www.surrey.ca/sites/default/files/planning-reports/B.6-7923-0085-00.pdf","height_basis":"Estimated 28m: 8 storeys stated in project data on PDF p. 14, A002; assumed 3.5m per storey. Actual podium elevation in metres is not verified.","footprint_basis":"Simplified podium envelope based on PDF p. 16, level 1 plan A205, with tower hole from p. 17, A210. Courtyard/recesses/terraces simplified.","model_note":"Public-plan demonstration massing, not an approved or survey-accurate 3D model. Approximate footprints traced from a published City plan and aligned to the public application boundary. Exact roof steps, facade details and terrain are omitted. Current City-approved drawings and location checks are needed for production. Same unapproved application as tower;8-storey podium is part of one physical building, not another project.","component":"podium","area":"Fleetwood","checked_date":"2026-09-27","is_production_verified":false,"status_at_source":"Initial Review / report recommends refinement"},"geometry":{"type":"Polygon","coordinates":[[[-122.80218592,49.16816599],[-122.80218592,49.16746245],[-122.8016251,49.16746245],[-122.8016251,49.16816599],[-122.80218592,49.16816599]],[[-122.80213309,49.16806824],[-122.80166574,49.16806824],[-122.80166574,49.16779557],[-122.80209855,49.16779557],[-122.80209855,49.16781358],[-122.80213309,49.16781358],[-122.80213309,49.16806824]]]}},{"type":"Feature","id":8,"properties":{"model_id":8,"name":"Campbell Heights /190 Street — industrial building","project_no":"23-0196-00","height_m":12,"base_m":0,"storeys":2,"source_url":"https://www.surrey.ca/sites/default/files/planning-reports/PLR_7923-0196-00.pdf","height_basis":"12m proposed building height in City report dated 25 September 2023, PDF pp. 5 and8. Building includes a partial mezzanine, not two complete floors.","footprint_basis":"Simplified trace of the actual notched building outline on PDF p. 28, site plan A-1.0, revision 7; aligned to original site boundary and190 Street / 191 Street lane.","model_note":"Public-plan demonstration massing, not an approved or survey-accurate 3D model. Approximate footprints traced from a published City plan and aligned to the public application boundary. Exact roof steps, facade details and terrain are omitted. Current City-approved drawings and location checks are needed for production. A single multi-tenant building with nine units. The source distinguishes industrial and commercial proposed floor areas; these are not advertised available rental space.","component":"building","area":"Campbell Heights","checked_date":"2026-09-27","is_production_verified":false,"industrial_size_m2":6659,"commercial_size_m2":3058,"total_floor_area_m2":9717,"area_basis":"City report PDF p. 5; entire proposed building, industrial 6659m² plus commercial 3058m².","status_at_source":"Conditional Approval in public development dataset"},"geometry":{"type":"Polygon","coordinates":[[[-122.69666362,49.05803703],[-122.69666362,49.05756838],[-122.69587914,49.05756838],[-122.69587914,49.05752034],[-122.69518504,49.05752034],[-122.69518504,49.05756838],[-122.69442364,49.05756838],[-122.69442364,49.05803703],[-122.69459092,49.05803703],[-122.69459092,49.05795394],[-122.69471589,49.05795394],[-122.69471589,49.05803703],[-122.69483126,49.05803703],[-122.69483126,49.05795394],[-122.69506968,49.05795394],[-122.69506968,49.05803703],[-122.69529656,49.05803703],[-122.69529656,49.05795394],[-122.6955369,49.05795394],[-122.6955369,49.05803703],[-122.69576186,49.05803703],[-122.69576186,49.05795394],[-122.69600028,49.05795394],[-122.69600028,49.05803703],[-122.69622716,49.05803703],[-122.69622716,49.05795394],[-122.6964675,49.05795394],[-122.6964675,49.05803703],[-122.69666362,49.05803703]]]}},{"type":"Feature","id":9,"properties":{"model_id":9,"name":"South Campbell Heights /16 Avenue — Lot C industrial building","project_no":"22-0152-00","height_m":14,"base_m":0,"storeys":null,"source_url":"https://www.surrey.ca/sites/default/files/planning-reports/PLR_7922-0152-00.pdf","height_basis":"14m proposed building height in City report dated 27 January 2025, PDF p. 11 (printed report p. 5); no storey count inferred.","footprint_basis":"Approximate building outline traced from PDF p. 22, Lot C site plan A4.0. The plan is rotated:16 Avenue is at left; north is right. Trace includes loading-bay recesses and aligns to public site boundary.","model_note":"Public-plan demonstration massing, not an approved or survey-accurate 3D model. Approximate footprints traced from a published City plan and aligned to the public application boundary. Exact roof steps, facade details and terrain are omitted. Current City-approved drawings and location checks are needed for production. Only the Lot C building is modelled. Other buildings pictured in the wider masterplan are separate applications and omitted.","component":"building","area":"South Campbell Heights","checked_date":"2026-09-27","is_production_verified":false,"industrial_size_m2":18968,"total_floor_area_m2":18968,"area_basis":"City report PDF p. 11 (printed p. 5); total proposed industrial floor area, not a statement of available lease space.","status_at_source":"Conditional Approval in public development dataset"},"geometry":{"type":"Polygon","coordinates":[[[-122.69584227,49.03129484],[-122.69534919,49.03129484],[-122.69534919,49.03145997],[-122.69518767,49.03145997],[-122.69518767,49.0316251],[-122.69534919,49.0316251],[-122.69534919,49.03178472],[-122.69518767,49.03178472],[-122.69518767,49.03193884],[-122.69534919,49.03193884],[-122.69534919,49.03210397],[-122.69518767,49.03210397],[-122.69518767,49.0322636],[-122.69534919,49.0322636],[-122.69534919,49.03242873],[-122.69518767,49.03242873],[-122.69518767,49.03258285],[-122.69534919,49.03258285],[-122.69534919,49.03274798],[-122.69518767,49.03274798],[-122.69518767,49.0329076],[-122.69534919,49.0329076],[-122.69534919,49.03308374],[-122.69518767,49.03308374],[-122.69518767,49.03323786],[-122.69534919,49.03323786],[-122.69534919,49.03339749],[-122.69518767,49.03339749],[-122.69518767,49.03356261],[-122.69534919,49.03356261],[-122.69534919,49.03372774],[-122.69518767,49.03372774],[-122.69518767,49.03388187],[-122.69534919,49.03388187],[-122.69534919,49.0340525],[-122.69518767,49.0340525],[-122.69518767,49.03421212],[-122.69534919,49.03421212],[-122.69534919,49.03437175],[-122.69518767,49.03437175],[-122.69518767,49.03452587],[-122.69571475,49.03452587],[-122.69571475,49.03437725],[-122.69584227,49.03437725],[-122.69584227,49.03420662],[-122.69595279,49.03420662],[-122.69595279,49.03371123],[-122.69585077,49.03371123],[-122.69585077,49.03322685],[-122.69595279,49.03322685],[-122.69595279,49.0329021],[-122.69585077,49.0329021],[-122.69585077,49.03225809],[-122.69595279,49.03225809],[-122.69595279,49.03193334],[-122.69584227,49.03193334],[-122.69584227,49.03129484]]]}},{"type":"Feature","id":10,"properties":{"model_id":10,"name":"Bristol Estates — Tower 1 (33 storeys)","project_no":"25-0208-00","height_m":117,"base_m":0,"storeys":33,"source_url":"https://cosmos.surrey.ca/geo_ref/Images/DevelopmentApplicationDocuments/PLR_7925-0208-00.pdf","height_basis":"117m and 33 storeys from PDF p. 36 (masterplan p. 6) and p89 (masterplan p. 59), individual tower statistics. Height to top slab of top residential floor; mechanical penthouse excluded. p. 82 roof-plan labels differ and are not used. Report p. 20 gives block zoning maxima of 156/178/105 m, not individual tower heights.","footprint_basis":"Manual simplified tower outline trace from Bristol PDF p. 58 (printed masterplan p. 28), Figure 22 Overall Plan with Setbacks, rendered at 1400 px width; georeferenced by original site corners to official application polygon. North is up; exact facade articulations omitted.","model_note":"Illustrative public-plan massing, not approved or survey-accurate architecture. Approximate traced footprints are aligned to the official application boundary. Facades, balconies, roof plant, terrain and exact roof steps are omitted. Current City drawings and geolocation review are required for production. Subsequent Detailed Development Permits are required for Towers 1, 2, 4, 5, 6 (report p. 24); Tower 3 has the detailed-permit package.","component":"building","area":"City Centre","checked_date":"2026-09-29","is_production_verified":false,"status_at_source":"Conditional Approval in public development dataset","phase":2,"phase_basis":"PDF p. 89 building-statistics table and p. 86 phasing diagram conflict for Towers 2 and 4; their phase is left unknown. Other phases agree. Sequence must be reconciled before production.","building_id":"bristol-t1","units":383,"height_status":"stated_in_architect_statistics","footprint_source_page":58,"height_source_pages":[36,89],"model_scheme_date":"2025-07-28","source_container_date":"2025-12-15","source_component_id":"bristol-t1"},"geometry":{"type":"Polygon","coordinates":[[[-122.85340847,49.19207461],[-122.85340728,49.19182551],[-122.85306346,49.1918242],[-122.85306458,49.1920733],[-122.85340847,49.19207461]]]}},{"type":"Feature","id":11,"properties":{"model_id":11,"name":"Bristol Estates — Tower 2 (35 storeys)","project_no":"25-0208-00","height_m":122,"base_m":0,"storeys":35,"source_url":"https://cosmos.surrey.ca/geo_ref/Images/DevelopmentApplicationDocuments/PLR_7925-0208-00.pdf","height_basis":"122m and 35 storeys from PDF p. 36 (masterplan p. 6) and p89 (masterplan p. 59), individual tower statistics. Height to top slab of top residential floor; mechanical penthouse excluded. p. 82 roof-plan labels differ and are not used. Report p. 20 gives block zoning maxima of 156/178/105 m, not individual tower heights.","footprint_basis":"Manual simplified tower outline trace from Bristol PDF p. 58 (printed masterplan p. 28), Figure 22 Overall Plan with Setbacks, rendered at 1400 px width; georeferenced by original site corners to official application polygon. North is up; exact facade articulations omitted.","model_note":"Illustrative public-plan massing, not approved or survey-accurate architecture. Approximate traced footprints are aligned to the official application boundary. Facades, balconies, roof plant, terrain and exact roof steps are omitted. Current City drawings and geolocation review are required for production. Subsequent Detailed Development Permits are required for Towers 1, 2, 4, 5, 6 (report p. 24); Tower 3 has the detailed-permit package.","component":"building","area":"City Centre","checked_date":"2026-09-29","is_production_verified":false,"status_at_source":"Conditional Approval in public development dataset","phase":null,"phase_basis":"PDF p. 89 building-statistics table and p. 86 phasing diagram conflict for Towers 2 and 4; their phase is left unknown. Other phases agree. Sequence must be reconciled before production.","building_id":"bristol-t2","units":367,"height_status":"stated_in_architect_statistics","footprint_source_page":58,"height_source_pages":[36,89],"model_scheme_date":"2025-07-28","source_container_date":"2025-12-15","source_component_id":"bristol-t2"},"geometry":{"type":"Polygon","coordinates":[[[-122.85384072,49.19254122],[-122.85383952,49.19230873],[-122.85350063,49.19230744],[-122.85350176,49.19253993],[-122.85384072,49.19254122]]]}},{"type":"Feature","id":12,"properties":{"model_id":12,"name":"Bristol Estates — Tower 3 (32 storeys)","project_no":"25-0208-00","height_m":102.2,"base_m":0,"storeys":32,"source_url":"https://cosmos.surrey.ca/geo_ref/Images/DevelopmentApplicationDocuments/PLR_7925-0208-00.pdf","height_basis":"102.2m and 32 storeys from PDF p. 36 (masterplan p. 6) and p89 (masterplan p. 59), individual tower statistics. Height to top slab of top residential floor; mechanical penthouse excluded. p. 82 roof-plan labels differ and are not used. Report p. 20 gives block zoning maxima of 156/178/105 m, not individual tower heights.","footprint_basis":"Manual simplified tower outline trace from Bristol PDF p. 58 (printed masterplan p. 28), Figure 22 Overall Plan with Setbacks, rendered at 1400 px width; georeferenced by original site corners to official application polygon. North is up; exact facade articulations omitted.","model_note":"Illustrative public-plan massing, not approved or survey-accurate architecture. Approximate traced footprints are aligned to the official application boundary. Facades, balconies, roof plant, terrain and exact roof steps are omitted. Current City drawings and geolocation review are required for production. Subsequent Detailed Development Permits are required for Towers 1, 2, 4, 5, 6 (report p. 24); Tower 3 has the detailed-permit package.","component":"building","area":"City Centre","checked_date":"2026-09-29","is_production_verified":false,"status_at_source":"Conditional Approval in public development dataset","phase":1,"phase_basis":"PDF p. 89 building-statistics table and p. 86 phasing diagram conflict for Towers 2 and 4; their phase is left unknown. Other phases agree. Sequence must be reconciled before production.","building_id":"bristol-t3","units":378,"height_status":"stated_in_architect_statistics","footprint_source_page":58,"height_source_pages":[36,89],"model_scheme_date":"2025-07-28","source_container_date":"2025-12-15","source_component_id":"bristol-t3"},"geometry":{"type":"Polygon","coordinates":[[[-122.85240248,49.19216709],[-122.85240149,49.191918],[-122.85206776,49.19191672],[-122.85206868,49.19216582],[-122.85240248,49.19216709]]]}},{"type":"Feature","id":13,"properties":{"model_id":13,"name":"Bristol Estates — Tower 4 (52 storeys)","project_no":"25-0208-00","height_m":176,"base_m":0,"storeys":52,"source_url":"https://cosmos.surrey.ca/geo_ref/Images/DevelopmentApplicationDocuments/PLR_7925-0208-00.pdf","height_basis":"176m and 52 storeys from PDF p. 36 (masterplan p. 6) and p89 (masterplan p. 59), individual tower statistics. Height to top slab of top residential floor; mechanical penthouse excluded. p. 82 roof-plan labels differ and are not used. Report p. 20 gives block zoning maxima of 156/178/105 m, not individual tower heights.","footprint_basis":"Manual simplified tower outline trace from Bristol PDF p. 58 (printed masterplan p. 28), Figure 22 Overall Plan with Setbacks, rendered at 1400 px width; georeferenced by original site corners to official application polygon. North is up; exact facade articulations omitted.","model_note":"Illustrative public-plan massing, not approved or survey-accurate architecture. Approximate traced footprints are aligned to the official application boundary. Facades, balconies, roof plant, terrain and exact roof steps are omitted. Current City drawings and geolocation review are required for production. Subsequent Detailed Development Permits are required for Towers 1, 2, 4, 5, 6 (report p. 24); Tower 3 has the detailed-permit package. Tower 4 has 51/52-storey stepped penthouses, simplified to the stated 176 m maximum.","component":"building","area":"City Centre","checked_date":"2026-09-29","is_production_verified":false,"status_at_source":"Conditional Approval in public development dataset","phase":null,"phase_basis":"PDF p. 89 building-statistics table and p. 86 phasing diagram conflict for Towers 2 and 4; their phase is left unknown. Other phases agree. Sequence must be reconciled before production.","building_id":"bristol-t4","units":578,"height_status":"stated_in_architect_statistics","footprint_source_page":58,"height_source_pages":[36,89],"model_scheme_date":"2025-07-28","source_container_date":"2025-12-15","source_component_id":"bristol-t4"},"geometry":{"type":"Polygon","coordinates":[[[-122.85287489,49.19264382],[-122.85287381,49.19239473],[-122.8525096,49.19239334],[-122.8525106,49.19264243],[-122.85287489,49.19264382]]]}},{"type":"Feature","id":14,"properties":{"model_id":14,"name":"Bristol Estates — Tower 5 (46 storeys)","project_no":"25-0208-00","height_m":158,"base_m":0,"storeys":46,"source_url":"https://cosmos.surrey.ca/geo_ref/Images/DevelopmentApplicationDocuments/PLR_7925-0208-00.pdf","height_basis":"158m and 46 storeys from PDF p. 36 (masterplan p. 6) and p89 (masterplan p. 59), individual tower statistics. Height to top slab of top residential floor; mechanical penthouse excluded. p. 82 roof-plan labels differ and are not used. Report p. 20 gives block zoning maxima of 156/178/105 m, not individual tower heights.","footprint_basis":"Manual simplified tower outline trace from Bristol PDF p. 58 (printed masterplan p. 28), Figure 22 Overall Plan with Setbacks, rendered at 1400 px width; georeferenced by original site corners to official application polygon. North is up; exact facade articulations omitted.","model_note":"Illustrative public-plan massing, not approved or survey-accurate architecture. Approximate traced footprints are aligned to the official application boundary. Facades, balconies, roof plant, terrain and exact roof steps are omitted. Current City drawings and geolocation review are required for production. Subsequent Detailed Development Permits are required for Towers 1, 2, 4, 5, 6 (report p. 24); Tower 3 has the detailed-permit package.","component":"building","area":"City Centre","checked_date":"2026-09-29","is_production_verified":false,"status_at_source":"Conditional Approval in public development dataset","phase":5,"phase_basis":"PDF p. 89 building-statistics table and p. 86 phasing diagram conflict for Towers 2 and 4; their phase is left unknown. Other phases agree. Sequence must be reconciled before production.","building_id":"bristol-t5","units":518,"height_status":"stated_in_architect_statistics","footprint_source_page":58,"height_source_pages":[36,89],"model_scheme_date":"2025-07-28","source_container_date":"2025-12-15","source_component_id":"bristol-t5"},"geometry":{"type":"Polygon","coordinates":[[[-122.85230996,49.19309335],[-122.85230899,49.19284094],[-122.85196488,49.19283963],[-122.85196578,49.19309204],[-122.85230996,49.19309335]]]}},{"type":"Feature","id":15,"properties":{"model_id":15,"name":"Bristol Estates — Tower 6 (44 storeys)","project_no":"25-0208-00","height_m":154,"base_m":0,"storeys":44,"source_url":"https://cosmos.surrey.ca/geo_ref/Images/DevelopmentApplicationDocuments/PLR_7925-0208-00.pdf","height_basis":"154m and 44 storeys from PDF p. 36 (masterplan p. 6) and p89 (masterplan p. 59), individual tower statistics. Height to top slab of top residential floor; mechanical penthouse excluded. p. 82 roof-plan labels differ and are not used. Report p. 20 gives block zoning maxima of 156/178/105 m, not individual tower heights.","footprint_basis":"Manual simplified tower outline trace from Bristol PDF p. 58 (printed masterplan p. 28), Figure 22 Overall Plan with Setbacks, rendered at 1400 px width; georeferenced by original site corners to official application polygon. North is up; exact facade articulations omitted.","model_note":"Illustrative public-plan massing, not approved or survey-accurate architecture. Approximate traced footprints are aligned to the official application boundary. Facades, balconies, roof plant, terrain and exact roof steps are omitted. Current City drawings and geolocation review are required for production. Subsequent Detailed Development Permits are required for Towers 1, 2, 4, 5, 6 (report p. 24); Tower 3 has the detailed-permit package.","component":"building","area":"City Centre","checked_date":"2026-09-29","is_production_verified":false,"status_at_source":"Conditional Approval in public development dataset","phase":6,"phase_basis":"PDF p. 89 building-statistics table and p. 86 phasing diagram conflict for Towers 2 and 4; their phase is left unknown. Other phases agree. Sequence must be reconciled before production.","building_id":"bristol-t6","units":506,"height_status":"stated_in_architect_statistics","footprint_source_page":58,"height_source_pages":[36,89],"model_scheme_date":"2025-07-28","source_container_date":"2025-12-15","source_component_id":"bristol-t6"},"geometry":{"type":"Polygon","coordinates":[[[-122.85349941,49.19309788],[-122.85349819,49.19284546],[-122.85315408,49.19284415],[-122.85315523,49.19309657],[-122.85349941,49.19309788]]]}},{"type":"Feature","id":16,"properties":{"model_id":16,"name":"Bristol Estates — Tower 1 podium (estimated height)","project_no":"25-0208-00","height_m":10.5,"base_m":0,"storeys":3,"source_url":"https://cosmos.surrey.ca/geo_ref/Images/DevelopmentApplicationDocuments/PLR_7925-0208-00.pdf","height_basis":"Estimated 10.5m: 3-storey podium portion labelled in PDF p. 82 (masterplan p. 52) roof plan; assumed 3.5 m per storey. Stepped 1/3/6-storey portions are simplified to the local highest podium roof; actual podium metre height is unverified.","footprint_basis":"Simplified exposed podium outline from PDF p. 58 (masterplan p. 28), checked against roof plan p82. Tower areas excluded by boundary tracing; smaller recesses and setbacks omitted.","model_note":"Illustrative public-plan massing, not approved or survey-accurate architecture. Approximate traced footprints are aligned to the official application boundary. Facades, balconies, roof plant, terrain and exact roof steps are omitted. Current City drawings and geolocation review are required for production.","component":"podium","area":"City Centre","checked_date":"2026-09-29","is_production_verified":false,"status_at_source":"Conditional Approval in public development dataset","building_id":"bristol-t1","height_status":"estimated_from_stated_storeys","footprint_source_page":58,"height_source_pages":[82],"model_scheme_date":"2025-07-28","source_container_date":"2025-12-15","source_component_id":"bristol-podium-1"},"geometry":{"type":"Polygon","coordinates":[[[-122.85392492,49.19219614],[-122.853923,49.19182748],[-122.85340728,49.19182551],[-122.85340847,49.19207461],[-122.8534995,49.19207495],[-122.85350008,49.19219452],[-122.85392492,49.19219614]]]}},{"type":"Feature","id":17,"properties":{"model_id":17,"name":"Bristol Estates — Tower 2 podium (estimated height)","project_no":"25-0208-00","height_m":21.0,"base_m":0,"storeys":6,"source_url":"https://cosmos.surrey.ca/geo_ref/Images/DevelopmentApplicationDocuments/PLR_7925-0208-00.pdf","height_basis":"Estimated 21m: 6-storey podium portion labelled in PDF p. 82 (masterplan p. 52) roof plan; assumed 3.5 m per storey. Stepped 1/3/6-storey portions are simplified to the local highest podium roof; actual podium metre height is unverified.","footprint_basis":"Simplified exposed podium outline from PDF p. 58 (masterplan p. 28), checked against roof plan p82. Tower areas excluded by boundary tracing; smaller recesses and setbacks omitted.","model_note":"Illustrative public-plan massing, not approved or survey-accurate architecture. Approximate traced footprints are aligned to the official application boundary. Facades, balconies, roof plant, terrain and exact roof steps are omitted. Current City drawings and geolocation review are required for production.","component":"podium","area":"City Centre","checked_date":"2026-09-29","is_production_verified":false,"status_at_source":"Conditional Approval in public development dataset","building_id":"bristol-t2","height_status":"estimated_from_stated_storeys","footprint_source_page":58,"height_source_pages":[82],"model_scheme_date":"2025-07-28","source_container_date":"2025-12-15","source_component_id":"bristol-podium-2"},"geometry":{"type":"Polygon","coordinates":[[[-122.85393711,49.1925914],[-122.85393563,49.1923091],[-122.85383952,49.19230873],[-122.85384072,49.19254122],[-122.85350176,49.19253993],[-122.853502,49.19258975],[-122.85393711,49.1925914]]]}},{"type":"Feature","id":18,"properties":{"model_id":18,"name":"Bristol Estates — Tower 3 podium (estimated height)","project_no":"25-0208-00","height_m":10.5,"base_m":0,"storeys":3,"source_url":"https://cosmos.surrey.ca/geo_ref/Images/DevelopmentApplicationDocuments/PLR_7925-0208-00.pdf","height_basis":"Estimated 10.5m: 3-storey podium portion labelled in PDF p. 82 (masterplan p. 52) roof plan; assumed 3.5 m per storey. Stepped 1/3/6-storey portions are simplified to the local highest podium roof; actual podium metre height is unverified.","footprint_basis":"Simplified exposed podium outline from PDF p. 58 (masterplan p. 28), checked against roof plan p82. Tower areas excluded by boundary tracing; smaller recesses and setbacks omitted.","model_note":"Illustrative public-plan massing, not approved or survey-accurate architecture. Approximate traced footprints are aligned to the official application boundary. Facades, balconies, roof plant, terrain and exact roof steps are omitted. Current City drawings and geolocation review are required for production.","component":"podium","area":"City Centre","checked_date":"2026-09-29","is_production_verified":false,"status_at_source":"Conditional Approval in public development dataset","building_id":"bristol-t3","height_status":"estimated_from_stated_storeys","footprint_source_page":58,"height_source_pages":[82],"model_scheme_date":"2025-07-28","source_container_date":"2025-12-15","source_component_id":"bristol-podium-3"},"geometry":{"type":"Polygon","coordinates":[[[-122.85264992,49.19207836],[-122.85264886,49.19182262],[-122.85196629,49.19182002],[-122.85196688,49.19198609],[-122.85206802,49.19198647],[-122.85206776,49.19191672],[-122.85240149,49.191918],[-122.85240212,49.19207742],[-122.85264992,49.19207836]]]}},{"type":"Feature","id":19,"properties":{"model_id":19,"name":"Bristol Estates — Tower 4 podium (estimated height)","project_no":"25-0208-00","height_m":21.0,"base_m":0,"storeys":6,"source_url":"https://cosmos.surrey.ca/geo_ref/Images/DevelopmentApplicationDocuments/PLR_7925-0208-00.pdf","height_basis":"Estimated 21m: 6-storey podium portion labelled in PDF p. 82 (masterplan p. 52) roof plan; assumed 3.5 m per storey. Stepped 1/3/6-storey portions are simplified to the local highest podium roof; actual podium metre height is unverified.","footprint_basis":"Simplified exposed podium outline from PDF p. 58 (masterplan p. 28), checked against roof plan p82. Tower areas excluded by boundary tracing; smaller recesses and setbacks omitted.","model_note":"Illustrative public-plan massing, not approved or survey-accurate architecture. Approximate traced footprints are aligned to the official application boundary. Facades, balconies, roof plant, terrain and exact roof steps are omitted. Current City drawings and geolocation review are required for production.","component":"podium","area":"City Centre","checked_date":"2026-09-29","is_production_verified":false,"status_at_source":"Conditional Approval in public development dataset","building_id":"bristol-t4","height_status":"estimated_from_stated_storeys","footprint_source_page":58,"height_source_pages":[82],"model_scheme_date":"2025-07-28","source_container_date":"2025-12-15","source_component_id":"bristol-podium-4"},"geometry":{"type":"Polygon","coordinates":[[[-122.85287503,49.19267703],[-122.85287489,49.19264382],[-122.8525106,49.19264243],[-122.8525096,49.19239334],[-122.85287381,49.19239473],[-122.85287359,49.19234491],[-122.8523273,49.19234283],[-122.85232859,49.19267495],[-122.85287503,49.19267703]]]}},{"type":"Feature","id":20,"properties":{"model_id":20,"name":"Bristol Estates — Tower 5 podium (estimated height)","project_no":"25-0208-00","height_m":21.0,"base_m":0,"storeys":6,"source_url":"https://cosmos.surrey.ca/geo_ref/Images/DevelopmentApplicationDocuments/PLR_7925-0208-00.pdf","height_basis":"Estimated 21m: 6-storey podium portion labelled in PDF p. 82 (masterplan p. 52) roof plan; assumed 3.5 m per storey. Stepped 1/3/6-storey portions are simplified to the local highest podium roof; actual podium metre height is unverified.","footprint_basis":"Simplified exposed podium outline from PDF p. 58 (masterplan p. 28), checked against roof plan p82. Tower areas excluded by boundary tracing; smaller recesses and setbacks omitted.","model_note":"Illustrative public-plan massing, not approved or survey-accurate architecture. Approximate traced footprints are aligned to the official application boundary. Facades, balconies, roof plant, terrain and exact roof steps are omitted. Current City drawings and geolocation review are required for production.","component":"podium","area":"City Centre","checked_date":"2026-09-29","is_production_verified":false,"status_at_source":"Conditional Approval in public development dataset","building_id":"bristol-t5","height_status":"estimated_from_stated_storeys","footprint_source_page":58,"height_source_pages":[82],"model_scheme_date":"2025-07-28","source_container_date":"2025-12-15","source_component_id":"bristol-podium-5"},"geometry":{"type":"Polygon","coordinates":[[[-122.85274019,49.19309499],[-122.85273943,49.19291564],[-122.85230927,49.192914],[-122.85230996,49.19309335],[-122.85274019,49.19309499]]]}},{"type":"Feature","id":21,"properties":{"model_id":21,"name":"Bristol Estates — Tower 5 podium (estimated height)","project_no":"25-0208-00","height_m":21.0,"base_m":0,"storeys":6,"source_url":"https://cosmos.surrey.ca/geo_ref/Images/DevelopmentApplicationDocuments/PLR_7925-0208-00.pdf","height_basis":"Estimated 21m: 6-storey podium portion labelled in PDF p. 82 (masterplan p. 52) roof plan; assumed 3.5 m per storey. Stepped 1/3/6-storey portions are simplified to the local highest podium roof; actual podium metre height is unverified.","footprint_basis":"Simplified exposed podium outline from PDF p. 58 (masterplan p. 28), checked against roof plan p82. Tower areas excluded by boundary tracing; smaller recesses and setbacks omitted.","model_note":"Illustrative public-plan massing, not approved or survey-accurate architecture. Approximate traced footprints are aligned to the official application boundary. Facades, balconies, roof plant, terrain and exact roof steps are omitted. Current City drawings and geolocation review are required for production.","component":"podium","area":"City Centre","checked_date":"2026-09-29","is_production_verified":false,"status_at_source":"Conditional Approval in public development dataset","building_id":"bristol-t5","height_status":"estimated_from_stated_storeys","footprint_source_page":58,"height_source_pages":[82],"model_scheme_date":"2025-07-28","source_container_date":"2025-12-15","source_component_id":"bristol-podium-6"},"geometry":{"type":"Polygon","coordinates":[[[-122.85230899,49.19284094],[-122.85230877,49.19278448],[-122.85196468,49.19278317],[-122.85196488,49.19283963],[-122.85230899,49.19284094]]]}},{"type":"Feature","id":22,"properties":{"model_id":22,"name":"Bristol Estates — Tower 6 podium (estimated height)","project_no":"25-0208-00","height_m":21.0,"base_m":0,"storeys":6,"source_url":"https://cosmos.surrey.ca/geo_ref/Images/DevelopmentApplicationDocuments/PLR_7925-0208-00.pdf","height_basis":"Estimated 21m: 6-storey podium portion labelled in PDF p. 82 (masterplan p. 52) roof plan; assumed 3.5 m per storey. Stepped 1/3/6-storey portions are simplified to the local highest podium roof; actual podium metre height is unverified.","footprint_basis":"Simplified exposed podium outline from PDF p. 58 (masterplan p. 28), checked against roof plan p82. Tower areas excluded by boundary tracing; smaller recesses and setbacks omitted.","model_note":"Illustrative public-plan massing, not approved or survey-accurate architecture. Approximate traced footprints are aligned to the official application boundary. Facades, balconies, roof plant, terrain and exact roof steps are omitted. Current City drawings and geolocation review are required for production.","component":"podium","area":"City Centre","checked_date":"2026-09-29","is_production_verified":false,"status_at_source":"Conditional Approval in public development dataset","building_id":"bristol-t6","height_status":"estimated_from_stated_storeys","footprint_source_page":58,"height_source_pages":[82],"model_scheme_date":"2025-07-28","source_container_date":"2025-12-15","source_component_id":"bristol-podium-7"},"geometry":{"type":"Polygon","coordinates":[[[-122.85393976,49.19309956],[-122.8539377,49.19270433],[-122.85350761,49.19270269],[-122.85350831,49.1928455],[-122.85349819,49.19284546],[-122.85349941,49.19309788],[-122.85393976,49.19309956]]]}},{"type":"Feature","id":23,"properties":{"model_id":23,"name":"Georgetown West — Tower 1","project_no":"22-0103-00","height_m":108,"base_m":0,"storeys":33,"source_url":"https://www.surrey.ca/sites/default/files/planning-reports/PLR_7922-0103-00.pdf","height_basis":"108m / 33 storeys stated in City PDF p. 15 (original July 28, 2025 report printed p. 8), for Tower 1. This is the proposal building height, not a surveyed built height; official report values take precedence over reproduced plan text.","footprint_basis":"Simplified footprint traced from Arcadis/Anthem Georgetown masterplan/phasing drawing reproduced in STOREYS 1 August 2025 (980x748 image). Approximate affine alignment to original application NW/NE/SW corners. Original City drawing appendices were not available in the current 32-page PDF (pp. 5 and 32 say omitted). Reproduced drawing revision is unverified; tracing is lower confidence than a City-issued plan.","model_note":"Illustrative public-plan massing, not approved or survey-accurate architecture. Approximate traced footprints are aligned to the official application boundary. Facades, balconies, roof plant, terrain and exact roof steps are omitted. Current City drawings and geolocation review are required for production.","component":"building","area":"City Centre","checked_date":"2026-09-29","is_production_verified":false,"status_at_source":"Conditional Approval in public development dataset","phase":1,"phase_basis":"City PDF pp. 14–15: Phase 1 Towers 1/2; Phase 2 Tower 3 and Lowrise 1; Phase 3 Tower 4; Phase 4 Tower 5. Labels corroborated by reproduced Arcadis/Anthem phasing plan.","building_id":"georgetown-1","height_status":"stated_in_city_report","height_source_pages":[15],"footprint_source_url":"https://storeys.com/media-library/an-overview-of-the-georgetown-master-plan-in-surrey-and-its-phases.jpg?id=61417400&width=980","footprint_source_publication":"https://storeys.com/anthem-properties-georgetown-west-master-plan/","footprint_confidence":"approximate_reproduced_architect_plan","model_scheme_date":"2025-07-28","source_container_date":"2025-09-29","source_component_id":"georgetown-1"},"geometry":{"type":"Polygon","coordinates":[[[-122.84281114,49.18924881],[-122.84305049,49.18907974],[-122.84278517,49.18893517],[-122.84252521,49.18910404],[-122.84281114,49.18924881]]]}},{"type":"Feature","id":24,"properties":{"model_id":24,"name":"Georgetown West — Tower 2","project_no":"22-0103-00","height_m":96,"base_m":0,"storeys":30,"source_url":"https://www.surrey.ca/sites/default/files/planning-reports/PLR_7922-0103-00.pdf","height_basis":"96m / 30 storeys stated in City PDF p. 15 (original July 28, 2025 report printed p. 8), for Tower 2. This is the proposal building height, not a surveyed built height; official report values take precedence over reproduced plan text.","footprint_basis":"Simplified footprint traced from Arcadis/Anthem Georgetown masterplan/phasing drawing reproduced in STOREYS 1 August 2025 (980x748 image). Approximate affine alignment to original application NW/NE/SW corners. Original City drawing appendices were not available in the current 32-page PDF (pp. 5 and 32 say omitted). Reproduced drawing revision is unverified; tracing is lower confidence than a City-issued plan.","model_note":"Illustrative public-plan massing, not approved or survey-accurate architecture. Approximate traced footprints are aligned to the official application boundary. Facades, balconies, roof plant, terrain and exact roof steps are omitted. Current City drawings and geolocation review are required for production.","component":"building","area":"City Centre","checked_date":"2026-09-29","is_production_verified":false,"status_at_source":"Conditional Approval in public development dataset","phase":1,"phase_basis":"City PDF pp. 14–15: Phase 1 Towers 1/2; Phase 2 Tower 3 and Lowrise 1; Phase 3 Tower 4; Phase 4 Tower 5. Labels corroborated by reproduced Arcadis/Anthem phasing plan.","building_id":"georgetown-2","height_status":"stated_in_city_report","height_source_pages":[15],"footprint_source_url":"https://storeys.com/media-library/an-overview-of-the-georgetown-master-plan-in-surrey-and-its-phases.jpg?id=61417400&width=980","footprint_source_publication":"https://storeys.com/anthem-properties-georgetown-west-master-plan/","footprint_confidence":"approximate_reproduced_architect_plan","model_scheme_date":"2025-07-28","source_container_date":"2025-09-29","source_component_id":"georgetown-2"},"geometry":{"type":"Polygon","coordinates":[[[-122.84282047,49.18979492],[-122.84296642,49.18958947],[-122.84260893,49.18947959],[-122.84245788,49.18968823],[-122.84282047,49.18979492]]]}},{"type":"Feature","id":25,"properties":{"model_id":25,"name":"Georgetown West — Tower 3","project_no":"22-0103-00","height_m":146,"base_m":0,"storeys":47,"source_url":"https://www.surrey.ca/sites/default/files/planning-reports/PLR_7922-0103-00.pdf","height_basis":"146m / 47 storeys stated in City PDF p. 15 (original July 28, 2025 report printed p. 8), for Tower 3. This is the proposal building height, not a surveyed built height; official report values take precedence over reproduced plan text.","footprint_basis":"Simplified footprint traced from Arcadis/Anthem Georgetown masterplan/phasing drawing reproduced in STOREYS 1 August 2025 (980x748 image). Approximate affine alignment to original application NW/NE/SW corners. Original City drawing appendices were not available in the current 32-page PDF (pp. 5 and 32 say omitted). Reproduced drawing revision is unverified; tracing is lower confidence than a City-issued plan.","model_note":"Illustrative public-plan massing, not approved or survey-accurate architecture. Approximate traced footprints are aligned to the official application boundary. Facades, balconies, roof plant, terrain and exact roof steps are omitted. Current City drawings and geolocation review are required for production.","component":"building","area":"City Centre","checked_date":"2026-09-29","is_production_verified":false,"status_at_source":"Conditional Approval in public development dataset","phase":2,"phase_basis":"City PDF pp. 14–15: Phase 1 Towers 1/2; Phase 2 Tower 3 and Lowrise 1; Phase 3 Tower 4; Phase 4 Tower 5. Labels corroborated by reproduced Arcadis/Anthem phasing plan.","building_id":"georgetown-3","height_status":"stated_in_city_report","height_source_pages":[15],"footprint_source_url":"https://storeys.com/media-library/an-overview-of-the-georgetown-master-plan-in-surrey-and-its-phases.jpg?id=61417400&width=980","footprint_source_publication":"https://storeys.com/anthem-properties-georgetown-west-master-plan/","footprint_confidence":"approximate_reproduced_architect_plan","model_scheme_date":"2025-07-28","source_container_date":"2025-09-29","source_component_id":"georgetown-3"},"geometry":{"type":"Polygon","coordinates":[[[-122.84381769,49.18994292],[-122.84381344,49.1896941],[-122.84345777,49.18969087],[-122.84346202,49.18993969],[-122.84381769,49.18994292]]]}},{"type":"Feature","id":26,"properties":{"model_id":26,"name":"Georgetown West — Tower 4","project_no":"22-0103-00","height_m":138,"base_m":0,"storeys":44,"source_url":"https://www.surrey.ca/sites/default/files/planning-reports/PLR_7922-0103-00.pdf","height_basis":"138m / 44 storeys stated in City PDF p. 15 (original July 28, 2025 report printed p. 8), for Tower 4. This is the proposal building height, not a surveyed built height; official report values take precedence over reproduced plan text.","footprint_basis":"Simplified footprint traced from Arcadis/Anthem Georgetown masterplan/phasing drawing reproduced in STOREYS 1 August 2025 (980x748 image). Approximate affine alignment to original application NW/NE/SW corners. Original City drawing appendices were not available in the current 32-page PDF (pp. 5 and 32 say omitted). Reproduced drawing revision is unverified; tracing is lower confidence than a City-issued plan.","model_note":"Illustrative public-plan massing, not approved or survey-accurate architecture. Approximate traced footprints are aligned to the official application boundary. Facades, balconies, roof plant, terrain and exact roof steps are omitted. Current City drawings and geolocation review are required for production.","component":"building","area":"City Centre","checked_date":"2026-09-29","is_production_verified":false,"status_at_source":"Conditional Approval in public development dataset","phase":3,"phase_basis":"City PDF pp. 14–15: Phase 1 Towers 1/2; Phase 2 Tower 3 and Lowrise 1; Phase 3 Tower 4; Phase 4 Tower 5. Labels corroborated by reproduced Arcadis/Anthem phasing plan.","building_id":"georgetown-4","height_status":"stated_in_city_report","height_source_pages":[15],"footprint_source_url":"https://storeys.com/media-library/an-overview-of-the-georgetown-master-plan-in-surrey-and-its-phases.jpg?id=61417400&width=980","footprint_source_publication":"https://storeys.com/anthem-properties-georgetown-west-master-plan/","footprint_confidence":"approximate_reproduced_architect_plan","model_scheme_date":"2025-07-28","source_container_date":"2025-09-29","source_component_id":"georgetown-4"},"geometry":{"type":"Polygon","coordinates":[[[-122.84494034,49.18928756],[-122.84493643,49.18905813],[-122.84453952,49.18905452],[-122.84454344,49.18928395],[-122.84494034,49.18928756]]]}},{"type":"Feature","id":27,"properties":{"model_id":27,"name":"Georgetown West — Tower 5","project_no":"22-0103-00","height_m":126,"base_m":0,"storeys":40,"source_url":"https://www.surrey.ca/sites/default/files/planning-reports/PLR_7922-0103-00.pdf","height_basis":"126m / 40 storeys stated in City PDF p. 15 (original July 28, 2025 report printed p. 8), for Tower 5. This is the proposal building height, not a surveyed built height; official report values take precedence over reproduced plan text.","footprint_basis":"Simplified footprint traced from Arcadis/Anthem Georgetown masterplan/phasing drawing reproduced in STOREYS 1 August 2025 (980x748 image). Approximate affine alignment to original application NW/NE/SW corners. Original City drawing appendices were not available in the current 32-page PDF (pp. 5 and 32 say omitted). Reproduced drawing revision is unverified; tracing is lower confidence than a City-issued plan.","model_note":"Illustrative public-plan massing, not approved or survey-accurate architecture. Approximate traced footprints are aligned to the official application boundary. Facades, balconies, roof plant, terrain and exact roof steps are omitted. Current City drawings and geolocation review are required for production.","component":"building","area":"City Centre","checked_date":"2026-09-29","is_production_verified":false,"status_at_source":"Conditional Approval in public development dataset","phase":4,"phase_basis":"City PDF pp. 14–15: Phase 1 Towers 1/2; Phase 2 Tower 3 and Lowrise 1; Phase 3 Tower 4; Phase 4 Tower 5. Labels corroborated by reproduced Arcadis/Anthem phasing plan.","building_id":"georgetown-5","height_status":"stated_in_city_report","height_source_pages":[15],"footprint_source_url":"https://storeys.com/media-library/an-overview-of-the-georgetown-master-plan-in-surrey-and-its-phases.jpg?id=61417400&width=980","footprint_source_publication":"https://storeys.com/anthem-properties-georgetown-west-master-plan/","footprint_confidence":"approximate_reproduced_architect_plan","model_scheme_date":"2025-07-28","source_container_date":"2025-09-29","source_component_id":"georgetown-5"},"geometry":{"type":"Polygon","coordinates":[[[-122.84495182,49.18995971],[-122.84494746,49.18970442],[-122.8445454,49.18970076],[-122.84454976,49.18995605],[-122.84495182,49.18995971]]]}},{"type":"Feature","id":28,"properties":{"model_id":28,"name":"Georgetown West — six-storey mixed-use lowrise","project_no":"22-0103-00","height_m":24,"base_m":0,"storeys":6,"source_url":"https://www.surrey.ca/sites/default/files/planning-reports/PLR_7922-0103-00.pdf","height_basis":"24m / 6 storeys stated in City PDF p. 15 (original July 28, 2025 report printed p. 8), for six-storey mixed-use lowrise. This is the proposal building height, not a surveyed built height; official report values take precedence over reproduced plan text.","footprint_basis":"Simplified footprint traced from Arcadis/Anthem Georgetown masterplan/phasing drawing reproduced in STOREYS 1 August 2025 (980x748 image). Approximate affine alignment to original application NW/NE/SW corners. Original City drawing appendices were not available in the current 32-page PDF (pp. 5 and 32 say omitted). Reproduced drawing revision is unverified; tracing is lower confidence than a City-issued plan.","model_note":"Illustrative public-plan massing, not approved or survey-accurate architecture. Approximate traced footprints are aligned to the official application boundary. Facades, balconies, roof plant, terrain and exact roof steps are omitted. Current City drawings and geolocation review are required for production.","component":"building","area":"City Centre","checked_date":"2026-09-29","is_production_verified":false,"status_at_source":"Conditional Approval in public development dataset","phase":2,"phase_basis":"City PDF pp. 14–15: Phase 1 Towers 1/2; Phase 2 Tower 3 and Lowrise 1; Phase 3 Tower 4; Phase 4 Tower 5. Labels corroborated by reproduced Arcadis/Anthem phasing plan.","building_id":"georgetown-lowrise","height_status":"stated_in_city_report","height_source_pages":[15],"footprint_source_url":"https://storeys.com/media-library/an-overview-of-the-georgetown-master-plan-in-surrey-and-its-phases.jpg?id=61417400&width=980","footprint_source_publication":"https://storeys.com/anthem-properties-georgetown-west-master-plan/","footprint_confidence":"approximate_reproduced_architect_plan","model_scheme_date":"2025-07-28","source_container_date":"2025-09-29","source_component_id":"georgetown-lowrise"},"geometry":{"type":"Polygon","coordinates":[[[-122.84406709,49.18945732],[-122.84406411,49.18928282],[-122.84349194,49.18927762],[-122.84349492,49.18945212],[-122.84406709,49.18945732]]]}},{"type":"Feature","id":29,"properties":{"model_id":29,"name":"Georgetown West — Phase 1 shared podium (estimated height)","project_no":"22-0103-00","height_m":8,"base_m":0,"storeys":2,"source_url":"https://www.surrey.ca/sites/default/files/planning-reports/PLR_7922-0103-00.pdf","height_basis":"Estimated 8 m for two storeys (assumed 4 m/storey). City PDF p. 27 describes a second-level amenity pavilion and two-storey townhouse units; exact metre height and 1/2-storey roof changes are unverified.","footprint_basis":"Simplified footprint traced from Arcadis/Anthem Georgetown masterplan/phasing drawing reproduced in STOREYS 1 August 2025 (980x748 image). Approximate affine alignment to original application NW/NE/SW corners. Original City drawing appendices were not available in the current 32-page PDF (pp. 5 and 32 say omitted). Reproduced drawing revision is unverified; tracing is lower confidence than a City-issued plan. Shared podium traced around the two eastern towers; simplified outer curvature.","model_note":"Illustrative public-plan massing, not approved or survey-accurate architecture. Approximate traced footprints are aligned to the official application boundary. Facades, balconies, roof plant, terrain and exact roof steps are omitted. Current City drawings and geolocation review are required for production.","component":"podium","area":"City Centre","checked_date":"2026-09-29","is_production_verified":false,"status_at_source":"Conditional Approval in public development dataset","building_id":"georgetown-phase1-podium","related_building_ids":["georgetown-1","georgetown-2"],"phase":1,"height_status":"estimated_from_stated_storeys","height_source_pages":[27],"footprint_source_url":"https://storeys.com/media-library/an-overview-of-the-georgetown-master-plan-in-surrey-and-its-phases.jpg?id=61417400&width=980","footprint_confidence":"approximate_reproduced_architect_plan","model_scheme_date":"2025-07-28","source_container_date":"2025-09-29","source_component_id":"georgetown-phase1-podium"},"geometry":{"type":"Polygon","coordinates":[[[-122.8431155,49.18986869],[-122.84310027,49.18897681],[-122.84286709,49.1889036],[-122.84278989,49.18890936],[-122.84223404,49.18925648],[-122.84210201,49.18937159],[-122.84205245,49.18948746],[-122.84206414,49.18956834],[-122.84212172,49.18962055],[-122.84306445,49.1898973],[-122.8431155,49.18986869]],[[-122.84281114,49.18924881],[-122.84252521,49.18910404],[-122.84278517,49.18893517],[-122.84305049,49.18907974],[-122.84281114,49.18924881]],[[-122.84282047,49.18979492],[-122.84245788,49.18968823],[-122.84260893,49.18947959],[-122.84296642,49.18958947],[-122.84282047,49.18979492]]]}},{"type":"Feature","id":30,"properties":{"model_id":30,"name":"Regency Gardens — Tower A (48 storeys)","project_no":"24-0084-00","physical_building_id":"24-0084-00-A","building_label":"A","height_m":145,"base_m":0,"storeys":48,"source_url":"https://cosmos.surrey.ca/geo_ref/Images/DevelopmentApplicationDocuments/PLR_7924-0084-00.pdf","height_basis":"145 m proposed maximum for Lot 1 in City report PDF p.5 (23 February 2026); 48 storeys and building A identification are corroborated by PDF pp.21 and 33. Appendix p.21 gives the tower height as 143 m, 2 m lower than the report table. This model consistently uses the report maximum; it does not resolve that source discrepancy.","footprint_basis":"Manual simplified trace of PDF p.33, Site Plan (drawing sheet 18, revised 12 February 2026), aligned by four original property-line corners to the City public application polygon. Pixel traces and georeferencing controls are retained in build_regency.py; setbacks and courtyard spaces are retained approximately.","model_note":"Public-plan demonstration massing, not an approved or survey-accurate 3D model. Simplified plan traces are aligned approximately to the City application boundary. Terrain, balconies, facade details, rooftop plant and exact roof steps are omitted. Detailed Development Permits are required for later phases; this is the February 2026 general development proposal.","component":"building","area":"City Centre","checked_date":"2026-09-29","is_production_verified":false,"status_at_source":"Conditional Approval in public development dataset; general development proposal, not final phase architecture","source_component_id":"24-0084-00-A"},"geometry":{"type":"Polygon","coordinates":[[[-122.8527204,49.19370654],[-122.85271979,49.19354622],[-122.85273287,49.19354624],[-122.85273235,49.19341154],[-122.85268004,49.19341146],[-122.85268001,49.19340505],[-122.85240205,49.19340465],[-122.85240291,49.19361846],[-122.85241926,49.19361848],[-122.8524196,49.19370612],[-122.8527204,49.19370654]]]}},{"type":"Feature","id":31,"properties":{"model_id":31,"name":"Regency Gardens — Midrise B (6 storeys)","project_no":"24-0084-00","physical_building_id":"24-0084-00-B","building_label":"B","height_m":19.5,"base_m":0,"storeys":6,"source_url":"https://cosmos.surrey.ca/geo_ref/Images/DevelopmentApplicationDocuments/PLR_7924-0084-00.pdf","height_basis":"19.5 m expressly stated for six-storey woodframe buildings in PDF p.21, Development Statistics (sheet 4, revised 12 February 2026). Six storeys and building label corroborated by PDF p.33. The report p.5 gives a 22 m Lot 7 maximum; this mass uses the more specific drawn woodframe height, not a storey conversion estimate.","footprint_basis":"Manual simplified trace of PDF p.33, Site Plan (drawing sheet 18, revised 12 February 2026), aligned by four original property-line corners to the City public application polygon. Pixel traces and georeferencing controls are retained in build_regency.py; setbacks and courtyard spaces are retained approximately.","model_note":"Public-plan demonstration massing, not an approved or survey-accurate 3D model. Simplified plan traces are aligned approximately to the City application boundary. Terrain, balconies, facade details, rooftop plant and exact roof steps are omitted. Detailed Development Permits are required for later phases; this is the February 2026 general development proposal.","component":"building","area":"City Centre","checked_date":"2026-09-29","is_production_verified":false,"status_at_source":"Conditional Approval in public development dataset; general development proposal, not final phase architecture","source_component_id":"24-0084-00-B"},"geometry":{"type":"Polygon","coordinates":[[[-122.85215522,49.193834],[-122.85215347,49.19340643],[-122.85191464,49.19340608],[-122.85191644,49.19383367],[-122.85215522,49.193834]]]}},{"type":"Feature","id":32,"properties":{"model_id":32,"name":"Regency Gardens — Tower C (26 storeys)","project_no":"24-0084-00","physical_building_id":"24-0084-00-C","building_label":"C","height_m":80,"base_m":0,"storeys":26,"source_url":"https://cosmos.surrey.ca/geo_ref/Images/DevelopmentApplicationDocuments/PLR_7924-0084-00.pdf","height_basis":"80 m proposed maximum for Lot 2 in City report PDF p.5 (23 February 2026); 26 storeys and building C identification are corroborated by PDF pp.21 and 33. Appendix p.21 gives the tower height as 78 m, 2 m lower than the report table. This model consistently uses the report maximum; it does not resolve that source discrepancy.","footprint_basis":"Manual simplified trace of PDF p.33, Site Plan (drawing sheet 18, revised 12 February 2026), aligned by four original property-line corners to the City public application polygon. Pixel traces and georeferencing controls are retained in build_regency.py; setbacks and courtyard spaces are retained approximately.","model_note":"Public-plan demonstration massing, not an approved or survey-accurate 3D model. Simplified plan traces are aligned approximately to the City application boundary. Terrain, balconies, facade details, rooftop plant and exact roof steps are omitted. Detailed Development Permits are required for later phases; this is the February 2026 general development proposal.","component":"building","area":"City Centre","checked_date":"2026-09-29","is_production_verified":false,"status_at_source":"Conditional Approval in public development dataset; general development proposal, not final phase architecture","source_component_id":"24-0084-00-C"},"geometry":{"type":"Polygon","coordinates":[[[-122.85226478,49.19423582],[-122.85226373,49.19397732],[-122.85221795,49.19397726],[-122.85221782,49.19394521],[-122.85194962,49.19394485],[-122.85194984,49.19399827],[-122.85192367,49.19399824],[-122.85192467,49.19423538],[-122.85226478,49.19423582]]]}},{"type":"Feature","id":33,"properties":{"model_id":33,"name":"Regency Gardens — Midrise D (6 storeys)","project_no":"24-0084-00","physical_building_id":"24-0084-00-D","building_label":"D","height_m":19.5,"base_m":0,"storeys":6,"source_url":"https://cosmos.surrey.ca/geo_ref/Images/DevelopmentApplicationDocuments/PLR_7924-0084-00.pdf","height_basis":"19.5 m expressly stated for six-storey woodframe buildings in PDF p.21, Development Statistics (sheet 4, revised 12 February 2026). Six storeys and building label corroborated by PDF p.33. The report p.5 gives a 22 m Lot 7 maximum; this mass uses the more specific drawn woodframe height, not a storey conversion estimate.","footprint_basis":"Manual simplified trace of PDF p.33, Site Plan (drawing sheet 18, revised 12 February 2026), aligned by four original property-line corners to the City public application polygon. Pixel traces and georeferencing controls are retained in build_regency.py; setbacks and courtyard spaces are retained approximately.","model_note":"Public-plan demonstration massing, not an approved or survey-accurate 3D model. Simplified plan traces are aligned approximately to the City application boundary. Terrain, balconies, facade details, rooftop plant and exact roof steps are omitted. Detailed Development Permits are required for later phases; this is the February 2026 general development proposal.","component":"building","area":"City Centre","checked_date":"2026-09-29","is_production_verified":false,"status_at_source":"Conditional Approval in public development dataset; general development proposal, not final phase architecture","source_component_id":"24-0084-00-D"},"geometry":{"type":"Polygon","coordinates":[[[-122.85330261,49.19383557],[-122.85330144,49.19350857],[-122.85336679,49.19350866],[-122.85336643,49.19340818],[-122.85304943,49.19340772],[-122.85305101,49.19383522],[-122.85330261,49.19383557]]]}},{"type":"Feature","id":34,"properties":{"model_id":34,"name":"Regency Gardens — Tower E (43 storeys)","project_no":"24-0084-00","physical_building_id":"24-0084-00-E","building_label":"E","height_m":130,"base_m":0,"storeys":43,"source_url":"https://cosmos.surrey.ca/geo_ref/Images/DevelopmentApplicationDocuments/PLR_7924-0084-00.pdf","height_basis":"130 m proposed maximum for Lot 3 in City report PDF p.5 (23 February 2026); 43 storeys and building E identification are corroborated by PDF pp.21 and 33. Appendix p.21 gives the tower height as 128 m, 2 m lower than the report table. This model consistently uses the report maximum; it does not resolve that source discrepancy.","footprint_basis":"Manual simplified trace of PDF p.33, Site Plan (drawing sheet 18, revised 12 February 2026), aligned by four original property-line corners to the City public application polygon. Pixel traces and georeferencing controls are retained in build_regency.py; setbacks and courtyard spaces are retained approximately.","model_note":"Public-plan demonstration massing, not an approved or survey-accurate 3D model. Simplified plan traces are aligned approximately to the City application boundary. Terrain, balconies, facade details, rooftop plant and exact roof steps are omitted. Detailed Development Permits are required for later phases; this is the February 2026 general development proposal.","component":"building","area":"City Centre","checked_date":"2026-09-29","is_production_verified":false,"status_at_source":"Conditional Approval in public development dataset; general development proposal, not final phase architecture","source_component_id":"24-0084-00-E"},"geometry":{"type":"Polygon","coordinates":[[[-122.85388355,49.19369961],[-122.85389314,49.19363765],[-122.85389291,49.19356926],[-122.85390924,49.19356928],[-122.85390896,49.19348378],[-122.85388283,49.19348375],[-122.85388257,49.19340251],[-122.85361799,49.19340213],[-122.85361804,49.19341709],[-122.85359844,49.19341707],[-122.85359941,49.19369921],[-122.85388355,49.19369961]]]}},{"type":"Feature","id":35,"properties":{"model_id":35,"name":"Regency Gardens — Tower F (24 storeys)","project_no":"24-0084-00","physical_building_id":"24-0084-00-F","building_label":"F","height_m":75,"base_m":0,"storeys":24,"source_url":"https://cosmos.surrey.ca/geo_ref/Images/DevelopmentApplicationDocuments/PLR_7924-0084-00.pdf","height_basis":"75 m proposed maximum for Lot 4 in City report PDF p.5 (23 February 2026); 24 storeys and building F identification are corroborated by PDF pp.21 and 33. Appendix p.21 gives the tower height as 73 m, 2 m lower than the report table. This model consistently uses the report maximum; it does not resolve that source discrepancy.","footprint_basis":"Manual simplified trace of PDF p.33, Site Plan (drawing sheet 18, revised 12 February 2026), aligned by four original property-line corners to the City public application polygon. Pixel traces and georeferencing controls are retained in build_regency.py; setbacks and courtyard spaces are retained approximately.","model_note":"Public-plan demonstration massing, not an approved or survey-accurate 3D model. Simplified plan traces are aligned approximately to the City application boundary. Terrain, balconies, facade details, rooftop plant and exact roof steps are omitted. Detailed Development Permits are required for later phases; this is the February 2026 general development proposal.","component":"building","area":"City Centre","checked_date":"2026-09-29","is_production_verified":false,"status_at_source":"Conditional Approval in public development dataset; general development proposal, not final phase architecture","source_component_id":"24-0084-00-F"},"geometry":{"type":"Polygon","coordinates":[[[-122.853402,49.19422875],[-122.85340112,49.19397885],[-122.85334559,49.19397877],[-122.85334546,49.19394459],[-122.85309389,49.19394425],[-122.85309401,49.1939763],[-122.85305479,49.19397625],[-122.85305572,49.1942283],[-122.853402,49.19422875]]]}},{"type":"Feature","id":36,"properties":{"model_id":36,"name":"Regency Gardens — Tower G (33 storeys)","project_no":"24-0084-00","physical_building_id":"24-0084-00-G","building_label":"G","height_m":101,"base_m":0,"storeys":33,"source_url":"https://cosmos.surrey.ca/geo_ref/Images/DevelopmentApplicationDocuments/PLR_7924-0084-00.pdf","height_basis":"101 m proposed maximum for Lot 5 in City report PDF p.5 (23 February 2026); 33 storeys and building G identification are corroborated by PDF pp.21 and 33. Appendix p.21 gives the tower height as 99 m, 2 m lower than the report table. This model consistently uses the report maximum; it does not resolve that source discrepancy.","footprint_basis":"Manual simplified trace of PDF p.33, Site Plan (drawing sheet 18, revised 12 February 2026), aligned by four original property-line corners to the City public application polygon. Pixel traces and georeferencing controls are retained in build_regency.py; setbacks and courtyard spaces are retained approximately.","model_note":"Public-plan demonstration massing, not an approved or survey-accurate 3D model. Simplified plan traces are aligned approximately to the City application boundary. Terrain, balconies, facade details, rooftop plant and exact roof steps are omitted. Detailed Development Permits are required for later phases; this is the February 2026 general development proposal.","component":"building","area":"City Centre","checked_date":"2026-09-29","is_production_verified":false,"status_at_source":"Conditional Approval in public development dataset; general development proposal, not final phase architecture","source_component_id":"24-0084-00-G"},"geometry":{"type":"Polygon","coordinates":[[[-122.85496392,49.19370752],[-122.85496374,49.19364128],[-122.85498331,49.19364131],[-122.85498307,49.19355584],[-122.8549635,49.19355581],[-122.85496314,49.19342972],[-122.85493378,49.19342968],[-122.85493372,49.19341044],[-122.85465961,49.19341005],[-122.85466049,49.1937071],[-122.85496392,49.19370752]]]}},{"type":"Feature","id":37,"properties":{"model_id":37,"name":"Regency Gardens — Tower H (20 storeys)","project_no":"24-0084-00","physical_building_id":"24-0084-00-H","building_label":"H","height_m":63,"base_m":0,"storeys":20,"source_url":"https://cosmos.surrey.ca/geo_ref/Images/DevelopmentApplicationDocuments/PLR_7924-0084-00.pdf","height_basis":"63 m proposed maximum for Lot 6 in City report PDF p.5 (23 February 2026); 20 storeys and building H identification are corroborated by PDF pp.21 and 33. Appendix p.21 gives the tower height as 61 m, 2 m lower than the report table. This model consistently uses the report maximum; it does not resolve that source discrepancy.","footprint_basis":"Manual simplified trace of PDF p.33, Site Plan (drawing sheet 18, revised 12 February 2026), aligned by four original property-line corners to the City public application polygon. Pixel traces and georeferencing controls are retained in build_regency.py; setbacks and courtyard spaces are retained approximately.","model_note":"Public-plan demonstration massing, not an approved or survey-accurate 3D model. Simplified plan traces are aligned approximately to the City application boundary. Terrain, balconies, facade details, rooftop plant and exact roof steps are omitted. Detailed Development Permits are required for later phases; this is the February 2026 general development proposal.","component":"building","area":"City Centre","checked_date":"2026-09-29","is_production_verified":false,"status_at_source":"Conditional Approval in public development dataset; general development proposal, not final phase architecture","source_component_id":"24-0084-00-H"},"geometry":{"type":"Polygon","coordinates":[[[-122.85438481,49.19426844],[-122.85438448,49.19416169],[-122.85439753,49.1941617],[-122.85439728,49.19407842],[-122.8543777,49.19407839],[-122.85437752,49.19402073],[-122.85434162,49.19402068],[-122.8543415,49.19398224],[-122.85409669,49.19398191],[-122.8540968,49.19401395],[-122.85404783,49.19401389],[-122.85404865,49.19426801],[-122.85438481,49.19426844]]]}},{"type":"Feature","id":38,"properties":{"model_id":38,"name":"Regency Gardens — Midrise I (6 storeys)","project_no":"24-0084-00","physical_building_id":"24-0084-00-I","building_label":"I","height_m":19.5,"base_m":0,"storeys":6,"source_url":"https://cosmos.surrey.ca/geo_ref/Images/DevelopmentApplicationDocuments/PLR_7924-0084-00.pdf","height_basis":"19.5 m expressly stated for six-storey woodframe buildings in PDF p.21, Development Statistics (sheet 4, revised 12 February 2026). Six storeys and building label corroborated by PDF p.33. The report p.5 gives a 22 m Lot 7 maximum; this mass uses the more specific drawn woodframe height, not a storey conversion estimate.","footprint_basis":"Manual simplified trace of PDF p.33, Site Plan (drawing sheet 18, revised 12 February 2026), aligned by four original property-line corners to the City public application polygon. Pixel traces and georeferencing controls are retained in build_regency.py; setbacks and courtyard spaces are retained approximately.","model_note":"Public-plan demonstration massing, not an approved or survey-accurate 3D model. Simplified plan traces are aligned approximately to the City application boundary. Terrain, balconies, facade details, rooftop plant and exact roof steps are omitted. Detailed Development Permits are required for later phases; this is the February 2026 general development proposal.","component":"building","area":"City Centre","checked_date":"2026-09-29","is_production_verified":false,"status_at_source":"Conditional Approval in public development dataset; general development proposal, not final phase architecture","source_component_id":"24-0084-00-I"},"geometry":{"type":"Polygon","coordinates":[[[-122.85497531,49.19427774],[-122.85497403,49.19382076],[-122.85473587,49.19382043],[-122.8547372,49.19427743],[-122.85497531,49.19427774]]]}},{"type":"Feature","id":39,"properties":{"model_id":39,"name":"Regency Gardens — Tower J (16 storeys)","project_no":"24-0084-00","physical_building_id":"24-0084-00-J","building_label":"J","height_m":50,"base_m":0,"storeys":16,"source_url":"https://cosmos.surrey.ca/geo_ref/Images/DevelopmentApplicationDocuments/PLR_7924-0084-00.pdf","height_basis":"50 m proposed maximum for Lot 8 in City report PDF p.5 (23 February 2026); 16 storeys and building J identification are corroborated by PDF pp.21 and 33. Appendix p.21 gives the tower height as 48 m, 2 m lower than the report table. This model consistently uses the report maximum; it does not resolve that source discrepancy.","footprint_basis":"Manual simplified trace of PDF p.33, Site Plan (drawing sheet 18, revised 12 February 2026), aligned by four original property-line corners to the City public application polygon. Pixel traces and georeferencing controls are retained in build_regency.py; setbacks and courtyard spaces are retained approximately.","model_note":"Public-plan demonstration massing, not an approved or survey-accurate 3D model. Simplified plan traces are aligned approximately to the City application boundary. Terrain, balconies, facade details, rooftop plant and exact roof steps are omitted. Detailed Development Permits are required for later phases; this is the February 2026 general development proposal.","component":"building","area":"City Centre","checked_date":"2026-09-29","is_production_verified":false,"status_at_source":"Conditional Approval in public development dataset; general development proposal, not final phase architecture","source_component_id":"24-0084-00-J"},"geometry":{"type":"Polygon","coordinates":[[[-122.85560455,49.19427001],[-122.85560429,49.19416754],[-122.85562059,49.19416756],[-122.85562037,49.19408003],[-122.85560081,49.19408],[-122.85560066,49.19402022],[-122.85555176,49.19402015],[-122.85555167,49.19398385],[-122.85531366,49.19398354],[-122.85531376,49.19402197],[-122.85527463,49.19402192],[-122.85527529,49.19426958],[-122.85560455,49.19427001]]]}},{"type":"Feature","id":40,"properties":{"model_id":40,"name":"Regency Gardens — Midrise K (6 storeys)","project_no":"24-0084-00","physical_building_id":"24-0084-00-K","building_label":"K","height_m":19.5,"base_m":0,"storeys":6,"source_url":"https://cosmos.surrey.ca/geo_ref/Images/DevelopmentApplicationDocuments/PLR_7924-0084-00.pdf","height_basis":"19.5 m expressly stated for six-storey woodframe buildings in PDF p.21, Development Statistics (sheet 4, revised 12 February 2026). Six storeys and building label corroborated by PDF p.33. The report p.5 gives a 22 m Lot 7 maximum; this mass uses the more specific drawn woodframe height, not a storey conversion estimate.","footprint_basis":"Manual simplified trace of PDF p.33, Site Plan (drawing sheet 18, revised 12 February 2026), aligned by four original property-line corners to the City public application polygon. Pixel traces and georeferencing controls are retained in build_regency.py; setbacks and courtyard spaces are retained approximately.","model_note":"Public-plan demonstration massing, not an approved or survey-accurate 3D model. Simplified plan traces are aligned approximately to the City application boundary. Terrain, balconies, facade details, rooftop plant and exact roof steps are omitted. Detailed Development Permits are required for later phases; this is the February 2026 general development proposal.","component":"building","area":"City Centre","checked_date":"2026-09-29","is_production_verified":false,"status_at_source":"Conditional Approval in public development dataset; general development proposal, not final phase architecture","source_component_id":"24-0084-00-K"},"geometry":{"type":"Polygon","coordinates":[[[-122.8561472,49.19359167],[-122.85614028,49.19341218],[-122.85527953,49.19341094],[-122.85528033,49.19371437],[-122.85555425,49.19371475],[-122.85555393,49.19359083],[-122.8561472,49.19359167]]]}},{"type":"Feature","id":41,"properties":{"model_id":41,"name":"Regency Gardens — Midrise L (6 storeys)","project_no":"24-0084-00","physical_building_id":"24-0084-00-L","building_label":"L","height_m":19.5,"base_m":0,"storeys":6,"source_url":"https://cosmos.surrey.ca/geo_ref/Images/DevelopmentApplicationDocuments/PLR_7924-0084-00.pdf","height_basis":"19.5 m expressly stated for six-storey woodframe buildings in PDF p.21, Development Statistics (sheet 4, revised 12 February 2026). Six storeys and building label corroborated by PDF p.33. The report p.5 gives a 22 m Lot 7 maximum; this mass uses the more specific drawn woodframe height, not a storey conversion estimate.","footprint_basis":"Manual simplified trace of PDF p.33, Site Plan (drawing sheet 18, revised 12 February 2026), aligned by four original property-line corners to the City public application polygon. Pixel traces and georeferencing controls are retained in build_regency.py; setbacks and courtyard spaces are retained approximately.","model_note":"Public-plan demonstration massing, not an approved or survey-accurate 3D model. Simplified plan traces are aligned approximately to the City application boundary. Terrain, balconies, facade details, rooftop plant and exact roof steps are omitted. Detailed Development Permits are required for later phases; this is the February 2026 general development proposal.","component":"building","area":"City Centre","checked_date":"2026-09-29","is_production_verified":false,"status_at_source":"Conditional Approval in public development dataset; general development proposal, not final phase architecture","source_component_id":"24-0084-00-L"},"geometry":{"type":"Polygon","coordinates":[[[-122.856142,49.19416824],[-122.85614096,49.19371342],[-122.85589002,49.19371307],[-122.85589075,49.1940206],[-122.85598541,49.19408478],[-122.85606687,49.19408489],[-122.85606706,49.19416814],[-122.856142,49.19416824]]]}},{"type":"Feature","id":42,"properties":{"model_id":42,"name":"Regency Gardens — Tower A 6-storey podium wing","project_no":"24-0084-00","physical_building_id":"24-0084-00-A","building_label":"A","height_m":18,"base_m":0,"storeys":6,"source_url":"https://cosmos.surrey.ca/geo_ref/Images/DevelopmentApplicationDocuments/PLR_7924-0084-00.pdf","height_basis":"18 m for 6-storey podiums expressly stated on PDF p.21, Development Statistics (sheet 4); this 6-storey wing is labelled on PDF p.33 Site Plan. Source-reported nominal component height, not an estimate from floor count.","footprint_basis":"Manual simplified trace of PDF p.33, Site Plan (drawing sheet 18, revised 12 February 2026), aligned by four original property-line corners to the City public application polygon. Pixel traces and georeferencing controls are retained in build_regency.py; setbacks and courtyard spaces are retained approximately.","model_note":"Public-plan demonstration massing, not an approved or survey-accurate 3D model. Simplified plan traces are aligned approximately to the City application boundary. Terrain, balconies, facade details, rooftop plant and exact roof steps are omitted. Detailed Development Permits are required for later phases; this is the February 2026 general development proposal.","component":"podium","area":"City Centre","checked_date":"2026-09-29","is_production_verified":false,"status_at_source":"Conditional Approval in public development dataset; general development proposal, not final phase architecture","source_component_id":"24-0084-00-A-north"},"geometry":{"type":"Polygon","coordinates":[[[-122.85272083,49.19381768],[-122.8527204,49.19370654],[-122.85242614,49.19370613],[-122.85242659,49.19381727],[-122.85272083,49.19381768]]]}},{"type":"Feature","id":43,"properties":{"model_id":43,"name":"Regency Gardens — Tower C 8-storey podium wing","project_no":"24-0084-00","physical_building_id":"24-0084-00-C","building_label":"C","height_m":25,"base_m":0,"storeys":8,"source_url":"https://cosmos.surrey.ca/geo_ref/Images/DevelopmentApplicationDocuments/PLR_7924-0084-00.pdf","height_basis":"25 m for 8-storey podiums expressly stated on PDF p.21, Development Statistics (sheet 4); this 8-storey wing is labelled on PDF p.33 Site Plan. Source-reported nominal component height, not an estimate from floor count.","footprint_basis":"Manual simplified trace of PDF p.33, Site Plan (drawing sheet 18, revised 12 February 2026), aligned by four original property-line corners to the City public application polygon. Pixel traces and georeferencing controls are retained in build_regency.py; setbacks and courtyard spaces are retained approximately.","model_note":"Public-plan demonstration massing, not an approved or survey-accurate 3D model. Simplified plan traces are aligned approximately to the City application boundary. Terrain, balconies, facade details, rooftop plant and exact roof steps are omitted. Detailed Development Permits are required for later phases; this is the February 2026 general development proposal.","component":"podium","area":"City Centre","checked_date":"2026-09-29","is_production_verified":false,"status_at_source":"Conditional Approval in public development dataset; general development proposal, not final phase architecture","source_component_id":"24-0084-00-C-west"},"geometry":{"type":"Polygon","coordinates":[[[-122.85255193,49.19409735],[-122.85226421600584,49.19409697000793],[-122.85226478,49.19423582],[-122.85193448,49.1942354],[-122.8519346,49.19426316],[-122.85270947,49.19426416],[-122.85270821,49.19393519],[-122.85255129,49.19393498],[-122.85255193,49.19409735]]]}},{"type":"Feature","id":44,"properties":{"model_id":44,"name":"Regency Gardens — Tower E 2-storey townhouse wing","project_no":"24-0084-00","physical_building_id":"24-0084-00-E","building_label":"E","height_m":6,"base_m":0,"storeys":2,"source_url":"https://cosmos.surrey.ca/geo_ref/Images/DevelopmentApplicationDocuments/PLR_7924-0084-00.pdf","height_basis":"6 m for 2-storey podiums expressly stated on PDF p.21, Development Statistics (sheet 4); this 2-storey wing is labelled on PDF p.33 Site Plan. Source-reported nominal component height, not an estimate from floor count.","footprint_basis":"Manual simplified trace of PDF p.33, Site Plan (drawing sheet 18, revised 12 February 2026), aligned by four original property-line corners to the City public application polygon. Pixel traces and georeferencing controls are retained in build_regency.py; setbacks and courtyard spaces are retained approximately.","model_note":"Public-plan demonstration massing, not an approved or survey-accurate 3D model. Simplified plan traces are aligned approximately to the City application boundary. Terrain, balconies, facade details, rooftop plant and exact roof steps are omitted. Detailed Development Permits are required for later phases; this is the February 2026 general development proposal.","component":"podium","area":"City Centre","checked_date":"2026-09-29","is_production_verified":false,"status_at_source":"Conditional Approval in public development dataset; general development proposal, not final phase architecture","source_component_id":"24-0084-00-E-townhouse"},"geometry":{"type":"Polygon","coordinates":[[[-122.85381526,49.19378712],[-122.85388355,49.19369961],[-122.85359941,49.19369921],[-122.85359951,49.19372913],[-122.8536715,49.1937677],[-122.8535771,49.19386158],[-122.85368828,49.19390232],[-122.85381526,49.19378712]]]}},{"type":"Feature","id":45,"properties":{"model_id":45,"name":"Regency Gardens — Tower F 8-storey podium wing","project_no":"24-0084-00","physical_building_id":"24-0084-00-F","building_label":"F","height_m":25,"base_m":0,"storeys":8,"source_url":"https://cosmos.surrey.ca/geo_ref/Images/DevelopmentApplicationDocuments/PLR_7924-0084-00.pdf","height_basis":"25 m for 8-storey podiums expressly stated on PDF p.21, Development Statistics (sheet 4); this 8-storey wing is labelled on PDF p.33 Site Plan. Source-reported nominal component height, not an estimate from floor count.","footprint_basis":"Manual simplified trace of PDF p.33, Site Plan (drawing sheet 18, revised 12 February 2026), aligned by four original property-line corners to the City public application polygon. Pixel traces and georeferencing controls are retained in build_regency.py; setbacks and courtyard spaces are retained approximately.","model_note":"Public-plan demonstration massing, not an approved or survey-accurate 3D model. Simplified plan traces are aligned approximately to the City application boundary. Terrain, balconies, facade details, rooftop plant and exact roof steps are omitted. Detailed Development Permits are required for later phases; this is the February 2026 general development proposal.","component":"podium","area":"City Centre","checked_date":"2026-09-29","is_production_verified":false,"status_at_source":"Conditional Approval in public development dataset; general development proposal, not final phase architecture","source_component_id":"24-0084-00-F-west"},"geometry":{"type":"Polygon","coordinates":[[[-122.85359418,49.1940795],[-122.85340147351423,49.19407924000474],[-122.853402,49.19422875],[-122.85321254001401,49.19422850379175],[-122.85321269,49.19426908],[-122.85355564,49.19426952],[-122.85359418,49.1940795]]]}},{"type":"Feature","id":46,"properties":{"model_id":46,"name":"Regency Gardens — Tower G 8-storey podium wing","project_no":"24-0084-00","physical_building_id":"24-0084-00-G","building_label":"G","height_m":25,"base_m":0,"storeys":8,"source_url":"https://cosmos.surrey.ca/geo_ref/Images/DevelopmentApplicationDocuments/PLR_7924-0084-00.pdf","height_basis":"25 m for 8-storey podiums expressly stated on PDF p.21, Development Statistics (sheet 4); this 8-storey wing is labelled on PDF p.33 Site Plan. Source-reported nominal component height, not an estimate from floor count.","footprint_basis":"Manual simplified trace of PDF p.33, Site Plan (drawing sheet 18, revised 12 February 2026), aligned by four original property-line corners to the City public application polygon. Pixel traces and georeferencing controls are retained in build_regency.py; setbacks and courtyard spaces are retained approximately.","model_note":"Public-plan demonstration massing, not an approved or survey-accurate 3D model. Simplified plan traces are aligned approximately to the City application boundary. Terrain, balconies, facade details, rooftop plant and exact roof steps are omitted. Detailed Development Permits are required for later phases; this is the February 2026 general development proposal.","component":"podium","area":"City Centre","checked_date":"2026-09-29","is_production_verified":false,"status_at_source":"Conditional Approval in public development dataset; general development proposal, not final phase architecture","source_component_id":"24-0084-00-G-east"},"geometry":{"type":"Polygon","coordinates":[[[-122.85466012,49.19358316],[-122.85465961,49.19341005],[-122.85433973,49.19340959],[-122.85434027,49.19358271],[-122.85466012,49.19358316]]]}},{"type":"Feature","id":47,"properties":{"model_id":47,"name":"Regency Gardens — Tower H 6-storey podium wing","project_no":"24-0084-00","physical_building_id":"24-0084-00-H","building_label":"H","height_m":18,"base_m":0,"storeys":6,"source_url":"https://cosmos.surrey.ca/geo_ref/Images/DevelopmentApplicationDocuments/PLR_7924-0084-00.pdf","height_basis":"18 m for 6-storey podiums expressly stated on PDF p.21, Development Statistics (sheet 4); this 6-storey wing is labelled on PDF p.33 Site Plan. Source-reported nominal component height, not an estimate from floor count.","footprint_basis":"Manual simplified trace of PDF p.33, Site Plan (drawing sheet 18, revised 12 February 2026), aligned by four original property-line corners to the City public application polygon. Pixel traces and georeferencing controls are retained in build_regency.py; setbacks and courtyard spaces are retained approximately.","model_note":"Public-plan demonstration massing, not an approved or survey-accurate 3D model. Simplified plan traces are aligned approximately to the City application boundary. Terrain, balconies, facade details, rooftop plant and exact roof steps are omitted. Detailed Development Permits are required for later phases; this is the February 2026 general development proposal.","component":"podium","area":"City Centre","checked_date":"2026-09-29","is_production_verified":false,"status_at_source":"Conditional Approval in public development dataset; general development proposal, not final phase architecture","source_component_id":"24-0084-00-H-west"},"geometry":{"type":"Polygon","coordinates":[[[-122.8543975,49.19415103],[-122.85439753,49.1941617],[-122.85438448,49.19416169],[-122.85438480341547,49.19426631000434],[-122.85457405,49.19426655],[-122.85457371,49.19415126],[-122.8543975,49.19415103]]]}},{"type":"Feature","id":48,"properties":{"model_id":48,"name":"Regency Gardens — Tower H 8-storey podium wing","project_no":"24-0084-00","physical_building_id":"24-0084-00-H","building_label":"H","height_m":25,"base_m":0,"storeys":8,"source_url":"https://cosmos.surrey.ca/geo_ref/Images/DevelopmentApplicationDocuments/PLR_7924-0084-00.pdf","height_basis":"25 m for 8-storey podiums expressly stated on PDF p.21, Development Statistics (sheet 4); this 8-storey wing is labelled on PDF p.33 Site Plan. Source-reported nominal component height, not an estimate from floor count.","footprint_basis":"Manual simplified trace of PDF p.33, Site Plan (drawing sheet 18, revised 12 February 2026), aligned by four original property-line corners to the City public application polygon. Pixel traces and georeferencing controls are retained in build_regency.py; setbacks and courtyard spaces are retained approximately.","model_note":"Public-plan demonstration massing, not an approved or survey-accurate 3D model. Simplified plan traces are aligned approximately to the City application boundary. Terrain, balconies, facade details, rooftop plant and exact roof steps are omitted. Detailed Development Permits are required for later phases; this is the February 2026 general development proposal.","component":"podium","area":"City Centre","checked_date":"2026-09-29","is_production_verified":false,"status_at_source":"Conditional Approval in public development dataset; general development proposal, not final phase architecture","source_component_id":"24-0084-00-H-south"},"geometry":{"type":"Polygon","coordinates":[[[-122.85412597,49.19394991],[-122.85411138009022,49.19398192980201],[-122.8543415,49.19398224],[-122.85434160002082,49.194014280000026],[-122.85437097,49.19401432],[-122.85446196,49.19388628],[-122.85428225,49.19381981],[-122.85412597,49.19394991]]]}},{"type":"Feature","id":49,"properties":{"model_id":49,"name":"Regency Gardens — Tower J 6-storey podium wing","project_no":"24-0084-00","physical_building_id":"24-0084-00-J","building_label":"J","height_m":18,"base_m":0,"storeys":6,"source_url":"https://cosmos.surrey.ca/geo_ref/Images/DevelopmentApplicationDocuments/PLR_7924-0084-00.pdf","height_basis":"18 m for 6-storey podiums expressly stated on PDF p.21, Development Statistics (sheet 4); this 6-storey wing is labelled on PDF p.33 Site Plan. Source-reported nominal component height, not an estimate from floor count.","footprint_basis":"Manual simplified trace of PDF p.33, Site Plan (drawing sheet 18, revised 12 February 2026), aligned by four original property-line corners to the City public application polygon. Pixel traces and georeferencing controls are retained in build_regency.py; setbacks and courtyard spaces are retained approximately.","model_note":"Public-plan demonstration massing, not an approved or survey-accurate 3D model. Simplified plan traces are aligned approximately to the City application boundary. Terrain, balconies, facade details, rooftop plant and exact roof steps are omitted. Detailed Development Permits are required for later phases; this is the February 2026 general development proposal.","component":"podium","area":"City Centre","checked_date":"2026-09-29","is_production_verified":false,"status_at_source":"Conditional Approval in public development dataset; general development proposal, not final phase architecture","source_component_id":"24-0084-00-J-west"},"geometry":{"type":"Polygon","coordinates":[[[-122.85584532,49.19410168],[-122.8556204236616,49.19410138000488],[-122.85562059,49.19416756],[-122.85560429,49.19416754],[-122.85560454457013,49.19426787000591],[-122.85599887,49.19426838],[-122.85599879,49.19423636],[-122.85589447,49.19421488],[-122.85589429,49.19414017],[-122.85584532,49.19410168]]]}},{"type":"Feature","id":50,"properties":{"model_id":50,"name":"Regency Gardens — Tower J 6-storey podium wing","project_no":"24-0084-00","physical_building_id":"24-0084-00-J","building_label":"J","height_m":18,"base_m":0,"storeys":6,"source_url":"https://cosmos.surrey.ca/geo_ref/Images/DevelopmentApplicationDocuments/PLR_7924-0084-00.pdf","height_basis":"18 m for 6-storey podiums expressly stated on PDF p.21, Development Statistics (sheet 4); this 6-storey wing is labelled on PDF p.33 Site Plan. Source-reported nominal component height, not an estimate from floor count.","footprint_basis":"Manual simplified trace of PDF p.33, Site Plan (drawing sheet 18, revised 12 February 2026), aligned by four original property-line corners to the City public application polygon. Pixel traces and georeferencing controls are retained in build_regency.py; setbacks and courtyard spaces are retained approximately.","model_note":"Public-plan demonstration massing, not an approved or survey-accurate 3D model. Simplified plan traces are aligned approximately to the City application boundary. Terrain, balconies, facade details, rooftop plant and exact roof steps are omitted. Detailed Development Permits are required for later phases; this is the February 2026 general development proposal.","component":"podium","area":"City Centre","checked_date":"2026-09-29","is_production_verified":false,"status_at_source":"Conditional Approval in public development dataset; general development proposal, not final phase architecture","source_component_id":"24-0084-00-J-south"},"geometry":{"type":"Polygon","coordinates":[[[-122.85527456,49.19399416],[-122.85531368776475,49.19399420999714],[-122.85531366,49.19398354],[-122.85555167,49.19398385],[-122.8555517,49.19399453],[-122.85555496,49.19399454],[-122.85555451,49.19381941],[-122.85527409,49.19381903],[-122.85527456,49.19399416]]]}},{"type":"Feature","id":1000,"geometry":{"type":"Polygon","coordinates":[[[-122.84605052712122,49.19108099019889],[-122.84605652871957,49.19080523513741],[-122.84572905044023,49.19080397164731],[-122.84572304884188,49.19107972670879],[-122.84605052712122,49.19108099019889]]]},"properties":{"model_id":1000,"name":"City Parkway & 104 Avenue — northeast Tower 1","project_no":"25-0393-00","physical_building_id":"25-0393-00-T1","building_label":"T1","component":"building","height_m":137.9,"base_m":0,"storeys":42,"source_url":"https://www.surrey.ca/sites/default/files/planning-reports/PLR_7925-0393-00.pdf","height_basis":"137.9m top of appurtenance measured from lobby level, City May 11 2026 report architectural statistics PDF p.25. Floors/phase identity from pp.16 and26; report p.5 rounds the height range to132–162m.","footprint_basis":"Approximate trace of Arcadis/Wesgroup Plan Level 15, printed sheet 98; identities on PDF p.16 and floor/height statistics p.25–26, PDF p.37; see source register for image control points and limitations.","model_note":"Simplified proposal massing traced from a public architectural plan, approximately aligned to the City application boundary. Not an approved, as-built, surveyed or production-verified model. Flat ground; facades, balconies, roof plant geometry, small setbacks and sloped/stepped roofs are simplified.","checked_date":"2026-09-30","model_scheme_date":"2026-05-11","is_production_verified":false,"area":"City Centre","proposal_status":"Conditional Approval","phase":1}},{"type":"Feature","id":1001,"geometry":{"type":"Polygon","coordinates":[[[-122.84644393727915,49.19049969677128],[-122.84644877856849,49.190277254355024],[-122.84604941481318,49.19027571351344],[-122.84604457352384,49.190498155929696],[-122.84644393727915,49.19049969677128]]]},"properties":{"model_id":1001,"name":"City Parkway & 104 Avenue — southeast Tower 2","project_no":"25-0393-00","physical_building_id":"25-0393-00-T2","building_label":"T2","component":"building","height_m":132,"base_m":0,"storeys":40,"source_url":"https://www.surrey.ca/sites/default/files/planning-reports/PLR_7925-0393-00.pdf","height_basis":"132m top of appurtenance measured from lobby level, City May 11 2026 report architectural statistics PDF p.25. Floors/phase identity from pp.16 and26; report p.5 rounds the height range to132–162m.","footprint_basis":"Approximate trace of Arcadis/Wesgroup Plan Level 15, printed sheet 98; identities on PDF p.16 and floor/height statistics p.25–26, PDF p.37; see source register for image control points and limitations.","model_note":"Simplified proposal massing traced from a public architectural plan, approximately aligned to the City application boundary. Not an approved, as-built, surveyed or production-verified model. Flat ground; facades, balconies, roof plant geometry, small setbacks and sloped/stepped roofs are simplified.","checked_date":"2026-09-30","model_scheme_date":"2026-05-11","is_production_verified":false,"area":"City Centre","proposal_status":"Conditional Approval","phase":2}},{"type":"Feature","id":1002,"geometry":{"type":"Polygon","coordinates":[[[-122.84726418596506,49.19061501129661],[-122.84727014755276,49.1903410946022],[-122.8469346819983,49.19033980029528],[-122.8469287204106,49.19061371698968],[-122.84726418596506,49.19061501129661]]]},"properties":{"model_id":1002,"name":"City Parkway & 104 Avenue — southwest Tower 3","project_no":"25-0393-00","physical_building_id":"25-0393-00-T3","building_label":"T3","component":"building","height_m":161,"base_m":0,"storeys":49,"source_url":"https://www.surrey.ca/sites/default/files/planning-reports/PLR_7925-0393-00.pdf","height_basis":"161m top of appurtenance measured from lobby level, City May 11 2026 report architectural statistics PDF p.25. Floors/phase identity from pp.16 and26; report p.5 rounds the height range to132–162m.","footprint_basis":"Approximate trace of Arcadis/Wesgroup Plan Level 15, printed sheet 98; identities on PDF p.16 and floor/height statistics p.25–26, PDF p.37; see source register for image control points and limitations.","model_note":"Simplified proposal massing traced from a public architectural plan, approximately aligned to the City application boundary. Not an approved, as-built, surveyed or production-verified model. Flat ground; facades, balconies, roof plant geometry, small setbacks and sloped/stepped roofs are simplified.","checked_date":"2026-09-30","model_scheme_date":"2026-05-11","is_production_verified":false,"area":"City Centre","proposal_status":"Conditional Approval","phase":3}},{"type":"Feature","id":1003,"geometry":{"type":"Polygon","coordinates":[[[-122.84727440584655,49.19136884452075],[-122.84727916711459,49.191150078838646],[-122.84689045305943,49.191148579086175],[-122.84688569179139,49.19136734476828],[-122.84727440584655,49.19136884452075]]]},"properties":{"model_id":1003,"name":"City Parkway & 104 Avenue — northwest Tower 4","project_no":"25-0393-00","physical_building_id":"25-0393-00-T4","building_label":"T4","component":"building","height_m":161.2,"base_m":0,"storeys":50,"source_url":"https://www.surrey.ca/sites/default/files/planning-reports/PLR_7925-0393-00.pdf","height_basis":"161.2m top of appurtenance measured from lobby level, City May 11 2026 report architectural statistics PDF p.25. Floors/phase identity from pp.16 and26; report p.5 rounds the height range to132–162m.","footprint_basis":"Approximate trace of Arcadis/Wesgroup Plan Level 15, printed sheet 98; identities on PDF p.16 and floor/height statistics p.25–26, PDF p.37; see source register for image control points and limitations.","model_note":"Simplified proposal massing traced from a public architectural plan, approximately aligned to the City application boundary. Not an approved, as-built, surveyed or production-verified model. Flat ground; facades, balconies, roof plant geometry, small setbacks and sloped/stepped roofs are simplified.","checked_date":"2026-09-30","model_scheme_date":"2026-05-11","is_production_verified":false,"area":"City Centre","proposal_status":"Conditional Approval","phase":4}},{"type":"Feature","id":1004,"geometry":{"type":"Polygon","coordinates":[[[-122.85029050708566,49.198069634485286],[-122.85029233390172,49.197779428608754],[-122.85024768031225,49.19777901541402],[-122.85024776228477,49.19776599335546],[-122.85018227035353,49.19776538733651],[-122.85018218838101,49.19777840939507],[-122.85009585810803,49.19777761055192],[-122.85009594008055,49.19776458849336],[-122.85002449433739,49.19776392738177],[-122.85002441236487,49.19777694944033],[-122.84997678186943,49.197776508699285],[-122.84997496676372,49.19806485428174],[-122.85002259725917,49.198065295022786],[-122.85002251528665,49.19807831708135],[-122.85009396102981,49.19807897819293],[-122.85009403129197,49.19806781642845],[-122.85018036156495,49.1980686152716],[-122.85018027959244,49.19808163733017],[-122.85024577152367,49.19808224334912],[-122.85024585349619,49.19806922129055],[-122.85029050708566,49.198069634485286]]]},"properties":{"model_id":1004,"name":"Gateway at 107A Avenue — west tower","project_no":"20-0220-00","physical_building_id":"20-0220-00-W","building_label":"W","component":"building","height_m":155,"base_m":0,"storeys":50,"source_url":"https://www.surrey.ca/sites/default/files/planning-reports/PLR_7920-0220-00.pdf","height_basis":"155m and50storeys expressly reported for West Tower, July 10 2023 City report PDF p.6. Zoning maximum162m is not substituted.","footprint_basis":"Approximate trace of MCM A101 Tower Separation Plan, May 10 2023 revision; A103 pedestrian/vehicular plan PDF p.34, PDF p.32; see source register for image control points and limitations.","model_note":"Simplified proposal massing traced from a public architectural plan, approximately aligned to the City application boundary. Not an approved, as-built, surveyed or production-verified model. Flat ground; facades, balconies, roof plant geometry, small setbacks and sloped/stepped roofs are simplified.","checked_date":"2026-09-30","model_scheme_date":"2023-07-10","is_production_verified":false,"area":"City Centre","proposal_status":"Conditional Approval","phase":2}},{"type":"Feature","id":1005,"geometry":{"type":"Polygon","coordinates":[[[-122.84941666684401,49.197843881461054],[-122.849418458529,49.19755925646676],[-122.84937380493952,49.19755884327202],[-122.84937388691203,49.19754582121345],[-122.84930244116887,49.197545160101875],[-122.84930235919636,49.19755818216044],[-122.84920412129952,49.19755727313202],[-122.84920420327204,49.19754425107345],[-122.84914168824677,49.19754367260082],[-122.84914160627426,49.19755669465939],[-122.84910588340267,49.1975563641036],[-122.84910409171768,49.19784098909789],[-122.84913683768329,49.19784129210736],[-122.84913675571077,49.19785431416592],[-122.84919927073605,49.19785489263856],[-122.84919934099821,49.19784373087408],[-122.84929757889505,49.1978446399025],[-122.84929749692253,49.19785766196106],[-122.84937191957165,49.19785835061895],[-122.84937201325452,49.19784346826631],[-122.84941666684401,49.197843881461054]]]},"properties":{"model_id":1005,"name":"Gateway at 107A Avenue — east tower","project_no":"20-0220-00","physical_building_id":"20-0220-00-E","building_label":"E","component":"building","height_m":140,"base_m":0,"storeys":46,"source_url":"https://www.surrey.ca/sites/default/files/planning-reports/PLR_7920-0220-00.pdf","height_basis":"140m and46storeys expressly reported for East Tower, July 10 2023 City report PDF p.6. Zoning maximum147m is not substituted.","footprint_basis":"Approximate trace of MCM A101 Tower Separation Plan, May 10 2023 revision; A103 pedestrian/vehicular plan PDF p.34, PDF p.32; see source register for image control points and limitations.","model_note":"Simplified proposal massing traced from a public architectural plan, approximately aligned to the City application boundary. Not an approved, as-built, surveyed or production-verified model. Flat ground; facades, balconies, roof plant geometry, small setbacks and sloped/stepped roofs are simplified.","checked_date":"2026-09-30","model_scheme_date":"2023-07-10","is_production_verified":false,"area":"City Centre","proposal_status":"Conditional Approval","phase":1}},{"type":"Feature","id":1006,"geometry":{"type":"Polygon","coordinates":[[[-122.84997495505337,49.198066714575816],[-122.84997335073413,49.19832157486483],[-122.85036034850958,49.198325155885875],[-122.85036098086898,49.19822470000553],[-122.85012282839179,49.198222496300275],[-122.85012380035162,49.19806809189161],[-122.85009403129197,49.19806781642845],[-122.85009396102981,49.19807897819293],[-122.85002251528665,49.19807831708135],[-122.85002258554881,49.19806715531686],[-122.84997495505337,49.198066714575816]]]},"properties":{"model_id":1006,"name":"Gateway at 107A Avenue — west north podium arm","project_no":"20-0220-00","physical_building_id":"20-0220-00-W","building_label":"W","component":"podium","height_m":35,"base_m":0,"storeys":10,"source_url":"https://www.surrey.ca/sites/default/files/planning-reports/PLR_7920-0220-00.pdf","height_basis":"Estimated35m = explicitly labelled10F podium on A101 PDF p.32 ×3.5m/storey. Not a surveyed or reported metre height.","footprint_basis":"Approximate trace of MCM A101 Tower Separation Plan, May 10 2023 revision; A103 pedestrian/vehicular plan PDF p.34, PDF p.32; see source register for image control points and limitations.","model_note":"Simplified proposal massing traced from a public architectural plan, approximately aligned to the City application boundary. Not an approved, as-built, surveyed or production-verified model. Flat ground; facades, balconies, roof plant geometry, small setbacks and sloped/stepped roofs are simplified.","checked_date":"2026-09-30","model_scheme_date":"2023-07-10","is_production_verified":false,"area":"City Centre","proposal_status":"Conditional Approval","phase":2}},{"type":"Feature","id":1007,"geometry":{"type":"Polygon","coordinates":[[[-122.85025958793611,49.19777912559928],[-122.85026043108199,49.1976451844255],[-122.85036462279076,49.197646148546546],[-122.85036522001909,49.19755127354845],[-122.84989486887662,49.197546921230554],[-122.8498942716483,49.19764179622865],[-122.84997762501531,49.1976425675255],[-122.84997678186943,49.197776508699285],[-122.85002441236487,49.19777694944033],[-122.85002449433739,49.19776392738177],[-122.85009594008055,49.19776458849336],[-122.85009585810803,49.19777761055192],[-122.85018218838101,49.19777840939507],[-122.85018227035353,49.19776538733651],[-122.85024776228477,49.19776599335546],[-122.85024768031225,49.19777901541402],[-122.85025958793611,49.19777912559928]]]},"properties":{"model_id":1007,"name":"Gateway at 107A Avenue — west south podium arm","project_no":"20-0220-00","physical_building_id":"20-0220-00-W","building_label":"W","component":"podium","height_m":35,"base_m":0,"storeys":10,"source_url":"https://www.surrey.ca/sites/default/files/planning-reports/PLR_7920-0220-00.pdf","height_basis":"Estimated35m = explicitly labelled10F podium on A101 PDF p.32 ×3.5m/storey. Roof steps simplified.","footprint_basis":"Approximate trace of MCM A101 Tower Separation Plan, May 10 2023 revision; A103 pedestrian/vehicular plan PDF p.34, PDF p.32; see source register for image control points and limitations.","model_note":"Simplified proposal massing traced from a public architectural plan, approximately aligned to the City application boundary. Not an approved, as-built, surveyed or production-verified model. Flat ground; facades, balconies, roof plant geometry, small setbacks and sloped/stepped roofs are simplified.","checked_date":"2026-09-30","model_scheme_date":"2023-07-10","is_production_verified":false,"area":"City Centre","proposal_status":"Conditional Approval","phase":2}},{"type":"Feature","id":1008,"geometry":{"type":"Polygon","coordinates":[[[-122.8495839356753,49.197756129938874],[-122.84958515355267,49.19756265935452],[-122.84941844681863,49.19756111676084],[-122.84941722894126,49.197754587345194],[-122.8495839356753,49.197756129938874]]]},"properties":{"model_id":1008,"name":"Gateway at 107A Avenue — east west podium arm","project_no":"20-0220-00","physical_building_id":"20-0220-00-E","building_label":"E","component":"podium","height_m":31.5,"base_m":0,"storeys":9,"source_url":"https://www.surrey.ca/sites/default/files/planning-reports/PLR_7920-0220-00.pdf","height_basis":"Estimated31.5m = explicitly labelled9F podium on A101 PDF p.32 ×3.5m/storey.","footprint_basis":"Approximate trace of MCM A101 Tower Separation Plan, May 10 2023 revision; A103 pedestrian/vehicular plan PDF p.34, PDF p.32; see source register for image control points and limitations.","model_note":"Simplified proposal massing traced from a public architectural plan, approximately aligned to the City application boundary. Not an approved, as-built, surveyed or production-verified model. Flat ground; facades, balconies, roof plant geometry, small setbacks and sloped/stepped roofs are simplified.","checked_date":"2026-09-30","model_scheme_date":"2023-07-10","is_production_verified":false,"area":"City Centre","proposal_status":"Conditional Approval","phase":1}},{"type":"Feature","id":1009,"geometry":{"type":"Polygon","coordinates":[[[-122.84205293092563,49.187244278129825],[-122.84205033840016,49.187012352926594],[-122.84202838991791,49.18698175975929],[-122.84176634415084,49.187013794148896],[-122.84169317798658,49.18724265632888],[-122.84205293092563,49.187244278129825]]]},"properties":{"model_id":1009,"name":"Whalley Boulevard at 101 Avenue — Block A","project_no":"18-0289-00","physical_building_id":"18-0289-00-A","building_label":"A","component":"building","height_m":43.55,"base_m":0,"storeys":13,"source_url":"https://www.surrey.ca/sites/default/files/planning-reports/PLR_7918-0289-00.pdf","height_basis":"43.55m building height including top of appurtenance in architectural City Data Sheet PDF p.86, November2019 set. Ground levels and roof slopes are collapsed to a flat-base maximum-height mass.","footprint_basis":"Approximate trace of Alison Brooks Architects roof plan 2463_ABA_X_10_150 revision4,21 November2019, PDF p.52; see source register for image control points and limitations.","model_note":"Simplified proposal massing traced from a public architectural plan, approximately aligned to the City application boundary. Not an approved, as-built, surveyed or production-verified model. Flat ground; facades, balconies, roof plant geometry, small setbacks and sloped/stepped roofs are simplified.","checked_date":"2026-09-30","model_scheme_date":"2019-12-02","is_production_verified":false,"area":"City Centre","proposal_status":"Conditional Approval","phase":1}},{"type":"Feature","id":1010,"geometry":{"type":"Polygon","coordinates":[[[-122.84187243904749,49.186804258765314],[-122.84172310034712,49.18666632987319],[-122.84146423316939,49.186666470041054],[-122.84141613170752,49.186817471430594],[-122.8414206626404,49.18700940856542],[-122.84150674696008,49.18703852933295],[-122.84187243904749,49.186804258765314]]]},"properties":{"model_id":1010,"name":"Whalley Boulevard at 101 Avenue — Tower B","project_no":"18-0289-00","physical_building_id":"18-0289-00-B","building_label":"B","component":"building","height_m":73,"base_m":0,"storeys":23,"source_url":"https://www.surrey.ca/sites/default/files/planning-reports/PLR_7918-0289-00.pdf","height_basis":"73m building height including top of appurtenance in architectural City Data Sheet PDF p.86, November2019 set. Ground levels and roof slopes are collapsed to a flat-base maximum-height mass.","footprint_basis":"Approximate trace of Alison Brooks Architects roof plan 2463_ABA_X_10_150 revision4,21 November2019, PDF p.52; see source register for image control points and limitations.","model_note":"Simplified proposal massing traced from a public architectural plan, approximately aligned to the City application boundary. Not an approved, as-built, surveyed or production-verified model. Flat ground; facades, balconies, roof plant geometry, small setbacks and sloped/stepped roofs are simplified.","checked_date":"2026-09-30","model_scheme_date":"2019-12-02","is_production_verified":false,"area":"City Centre","proposal_status":"Conditional Approval","phase":1}},{"type":"Feature","id":1011,"geometry":{"type":"Polygon","coordinates":[[[-122.84231311839632,49.18624552272273],[-122.84142468781539,49.186240865975876],[-122.84147884042537,49.18654176821476],[-122.84184149824964,49.18654874418725],[-122.84184169394013,49.186526995269375],[-122.84192358471593,49.18652693133124],[-122.84194063863201,49.18660379700672],[-122.84223107187208,49.18657747938763],[-122.84228726647969,49.1864642782543],[-122.84231266835103,49.186312108531276],[-122.84231311839632,49.18624552272273]],[[-122.84213554812969,49.186316654725736],[-122.84208753757473,49.18651375071819],[-122.84193030012284,49.18651822652173],[-122.84193073519077,49.18646749309361],[-122.84163434409076,49.18646775477149],[-122.84160492108758,49.186317260501866],[-122.84213554812969,49.186316654725736]]]},"properties":{"model_id":1011,"name":"Whalley Boulevard at 101 Avenue — Mansion Block C","project_no":"18-0289-00","physical_building_id":"18-0289-00-C","building_label":"C","component":"building","height_m":24.79,"base_m":0,"storeys":6,"source_url":"https://www.surrey.ca/sites/default/files/planning-reports/PLR_7918-0289-00.pdf","height_basis":"24.79m building height including top of appurtenance in architectural City Data Sheet PDF p.87, November2019 set. Ground levels and roof slopes are collapsed to a flat-base maximum-height mass.","footprint_basis":"Approximate trace of Alison Brooks Architects roof plan 2463_ABA_X_10_150 revision4,21 November2019, PDF p.52; see source register for image control points and limitations.","model_note":"Simplified proposal massing traced from a public architectural plan, approximately aligned to the City application boundary. Not an approved, as-built, surveyed or production-verified model. Flat ground; facades, balconies, roof plant geometry, small setbacks and sloped/stepped roofs are simplified.","checked_date":"2026-09-30","model_scheme_date":"2019-12-02","is_production_verified":false,"area":"City Centre","proposal_status":"Conditional Approval","phase":2}},{"type":"Feature","id":1012,"geometry":{"type":"Polygon","coordinates":[[[-122.84288325749469,49.18662208183226],[-122.84293273898162,49.186465156794654],[-122.84293569533244,49.186270814063455],[-122.84291580196141,49.18625200425455],[-122.84262911524354,49.1863813081971],[-122.84247108695793,49.186487325141655],[-122.84262785115696,49.18662223923511],[-122.84288325749469,49.18662208183226]]]},"properties":{"model_id":1012,"name":"Whalley Boulevard at 101 Avenue — Tower D","project_no":"18-0289-00","physical_building_id":"18-0289-00-D","building_label":"D","component":"building","height_m":100.5,"base_m":0,"storeys":32,"source_url":"https://www.surrey.ca/sites/default/files/planning-reports/PLR_7918-0289-00.pdf","height_basis":"100.5m building height including top of appurtenance in architectural City Data Sheet PDF p.87, November2019 set. Ground levels and roof slopes are collapsed to a flat-base maximum-height mass.","footprint_basis":"Approximate trace of Alison Brooks Architects roof plan 2463_ABA_X_10_150 revision4,21 November2019, PDF p.52; see source register for image control points and limitations.","model_note":"Simplified proposal massing traced from a public architectural plan, approximately aligned to the City application boundary. Not an approved, as-built, surveyed or production-verified model. Flat ground; facades, balconies, roof plant geometry, small setbacks and sloped/stepped roofs are simplified.","checked_date":"2026-09-30","model_scheme_date":"2019-12-02","is_production_verified":false,"area":"City Centre","proposal_status":"Conditional Approval","phase":2}},{"type":"Feature","id":1013,"geometry":{"type":"Polygon","coordinates":[[[-122.84293088851102,49.18695258824996],[-122.8429338809948,49.18675006484686],[-122.84270060607977,49.186726879765686],[-122.84253614545703,49.186745858923075],[-122.84258635219976,49.18690597435558],[-122.84293088851102,49.18695258824996]]]},"properties":{"model_id":1013,"name":"Whalley Boulevard at 101 Avenue — Block E","project_no":"18-0289-00","physical_building_id":"18-0289-00-E","building_label":"E","component":"building","height_m":44.92,"base_m":0,"storeys":13,"source_url":"https://www.surrey.ca/sites/default/files/planning-reports/PLR_7918-0289-00.pdf","height_basis":"44.92m building height including top of appurtenance in architectural City Data Sheet PDF p.88, November2019 set. Ground levels and roof slopes are collapsed to a flat-base maximum-height mass.","footprint_basis":"Approximate trace of Alison Brooks Architects roof plan 2463_ABA_X_10_150 revision4,21 November2019, PDF p.52; see source register for image control points and limitations.","model_note":"Simplified proposal massing traced from a public architectural plan, approximately aligned to the City application boundary. Not an approved, as-built, surveyed or production-verified model. Flat ground; facades, balconies, roof plant geometry, small setbacks and sloped/stepped roofs are simplified.","checked_date":"2026-09-30","model_scheme_date":"2019-12-02","is_production_verified":false,"area":"City Centre","proposal_status":"Conditional Approval","phase":3}},{"type":"Feature","id":1014,"geometry":{"type":"Polygon","coordinates":[[[-122.8427939355383,49.18722560688873],[-122.84263224826452,49.187056147582005],[-122.84243722248635,49.18694678412536],[-122.8422188632625,49.18704297283596],[-122.8422176372959,49.187213682804966],[-122.84245761825794,49.18724884479514],[-122.84276485744259,49.187251910103654],[-122.8427939355383,49.18722560688873]]]},"properties":{"model_id":1014,"name":"Whalley Boulevard at 101 Avenue — Tower F","project_no":"18-0289-00","physical_building_id":"18-0289-00-F","building_label":"F","component":"building","height_m":119.85,"base_m":0,"storeys":38,"source_url":"https://www.surrey.ca/sites/default/files/planning-reports/PLR_7918-0289-00.pdf","height_basis":"119.85m building height including top of appurtenance in architectural City Data Sheet PDF p.88, November2019 set. Ground levels and roof slopes are collapsed to a flat-base maximum-height mass. Appendix lists38storeys; report narrative says39. This conflict is unresolved.","footprint_basis":"Approximate trace of Alison Brooks Architects roof plan 2463_ABA_X_10_150 revision4,21 November2019, PDF p.52; see source register for image control points and limitations.","model_note":"Simplified proposal massing traced from a public architectural plan, approximately aligned to the City application boundary. Not an approved, as-built, surveyed or production-verified model. Flat ground; facades, balconies, roof plant geometry, small setbacks and sloped/stepped roofs are simplified.","checked_date":"2026-09-30","model_scheme_date":"2019-12-02","is_production_verified":false,"area":"City Centre","proposal_status":"Conditional Approval","phase":3}},{"type":"Feature","id":1015,"geometry":{"type":"Polygon","coordinates":[[[-122.84086496920068,49.19130875554497],[-122.84086495915884,49.19104097132182],[-122.84081245076698,49.191040915808955],[-122.84081245177677,49.1910678438314],[-122.84075537743779,49.19106778349133],[-122.84075537710119,49.19105880748384],[-122.84057730516356,49.19105861922282],[-122.84057730550016,49.19106759523031],[-122.84052708008186,49.191067542131044],[-122.84052708114774,49.19109596615473],[-122.84047000680876,49.191095905814656],[-122.84047000894056,49.19115275386203],[-122.84045402812563,49.19115273696681],[-122.84045403177211,49.19124997704784],[-122.84047229556059,49.19124999635667],[-122.84047229836557,49.191324796419],[-122.84057959812286,49.19132490985833],[-122.84057959761796,49.19131144584711],[-122.84075538658203,49.19131163169453],[-122.84075538703084,49.1913235997045],[-122.84081017839627,49.191323657630974],[-122.84081017783527,49.19130869761851],[-122.84086496920068,49.19130875554497]]]},"properties":{"model_id":1015,"name":"104 Avenue & Central Avenue — Tower C","project_no":"19-0060-00","physical_building_id":"19-0060-00-C","building_label":"C","component":"building","height_m":105,"base_m":0,"storeys":33,"source_url":"https://www.surrey.ca/sites/default/files/planning-reports/PLR_7919-0060-00.pdf","height_basis":"105m/33storeys expressly reported for Phase1 TowerC, City April6 2020 report PDF p.5 and zoning table p.13.","footprint_basis":"Approximate trace of ACAI 104 Plaza Site Plan1.0, April6 2020; legal property geometry PDF pp.25–26, PDF p.27; see source register for image control points and limitations.","model_note":"Simplified proposal massing traced from a public architectural plan, approximately aligned to the City application boundary. Not an approved, as-built, surveyed or production-verified model. Flat ground; facades, balconies, roof plant geometry, small setbacks and sloped/stepped roofs are simplified.","checked_date":"2026-09-30","model_scheme_date":"2020-04-06","is_production_verified":false,"area":"City Centre","proposal_status":"Conditional Approval","phase":1}},{"type":"Feature","id":1016,"geometry":{"type":"Polygon","coordinates":[[[-122.84095626284208,49.19063415552684],[-122.8409562601493,49.190562347467],[-122.84093799636082,49.19056232815818],[-122.84093799198504,49.190445640060936],[-122.84095625577352,49.19044565936976],[-122.84095625313684,49.19037534731117],[-122.84062065602362,49.19037499251156],[-122.84062065753831,49.19041538454522],[-122.84058869590848,49.190415350754776],[-122.84058870264045,49.19059487090437],[-122.84062066427028,49.19059490469481],[-122.84062066572886,49.19063380072723],[-122.84095626284208,49.19063415552684]]]},"properties":{"model_id":1016,"name":"104 Avenue & Central Avenue — Tower B","project_no":"19-0060-00","physical_building_id":"19-0060-00-B","building_label":"B","component":"building","height_m":120,"base_m":0,"storeys":36,"source_url":"https://www.surrey.ca/sites/default/files/planning-reports/PLR_7919-0060-00.pdf","height_basis":"120m/36storeys expressly reported for Phase2 TowerB, City April6 2020 report PDF p.5 and zoning table p.13.","footprint_basis":"Approximate trace of ACAI 104 Plaza Site Plan1.0, April6 2020; legal property geometry PDF pp.25–26, PDF p.27; see source register for image control points and limitations.","model_note":"Simplified proposal massing traced from a public architectural plan, approximately aligned to the City application boundary. Not an approved, as-built, surveyed or production-verified model. Flat ground; facades, balconies, roof plant geometry, small setbacks and sloped/stepped roofs are simplified.","checked_date":"2026-09-30","model_scheme_date":"2020-04-06","is_production_verified":false,"area":"City Centre","proposal_status":"Conditional Approval","phase":2}},{"type":"Feature","id":1017,"geometry":{"type":"Polygon","coordinates":[[[-122.84056128833261,49.190098169527246],[-122.84056128687402,49.19005927349483],[-122.8405909655303,49.19005930487167],[-122.84059095801294,49.189858840704616],[-122.84056127935666,49.18985880932778],[-122.84056127857126,49.189837865310324],[-122.84022796443159,49.18983751292431],[-122.8402279658902,49.18987640895673],[-122.84020513615461,49.1898763848207],[-122.84020513755709,49.18991378485187],[-122.84023025026625,49.189913811401496],[-122.84023025441763,49.19002451549375],[-122.84020742468203,49.19002449135772],[-122.84020742602843,49.19006039538764],[-122.84022797279046,49.19006041711007],[-122.84022797419294,49.190097817141236],[-122.84056128833261,49.190098169527246]]]},"properties":{"model_id":1017,"name":"104 Avenue & Central Avenue — Tower A","project_no":"19-0060-00","physical_building_id":"19-0060-00-A","building_label":"A","component":"building","height_m":100,"base_m":0,"storeys":31,"source_url":"https://www.surrey.ca/sites/default/files/planning-reports/PLR_7919-0060-00.pdf","height_basis":"100m/31storeys expressly reported for Phase3 TowerA, City April6 2020 report PDF p.5 and zoning table p.13.","footprint_basis":"Approximate trace of ACAI 104 Plaza Site Plan1.0, April6 2020; legal property geometry PDF pp.25–26, PDF p.27; see source register for image control points and limitations.","model_note":"Simplified proposal massing traced from a public architectural plan, approximately aligned to the City application boundary. Not an approved, as-built, surveyed or production-verified model. Flat ground; facades, balconies, roof plant geometry, small setbacks and sloped/stepped roofs are simplified.","checked_date":"2026-09-30","model_scheme_date":"2020-04-06","is_production_verified":false,"area":"City Centre","proposal_status":"Conditional Approval","phase":3}},{"type":"Feature","id":1018,"geometry":{"type":"Polygon","coordinates":[[[-122.84086496992998,49.19132820356118],[-122.84118686920185,49.19132854387918],[-122.84118686291868,49.19116099173956],[-122.84086496364681,49.191160651421555],[-122.84086496920068,49.19130875554497],[-122.84086496992998,49.19132820356118]]]},"properties":{"model_id":1018,"name":"104 Avenue & Central Avenue — C northwest podium","project_no":"19-0060-00","physical_building_id":"19-0060-00-C","building_label":"C","component":"podium","height_m":17.5,"base_m":0,"storeys":5,"source_url":"https://www.surrey.ca/sites/default/files/planning-reports/PLR_7919-0060-00.pdf","height_basis":"Estimated17.5m = 5storeys labelled on ACAI site plan PDF p.27 ×3.5m/storey. The plan labels roof terrace at level6; these are podium estimates, not report metre heights.","footprint_basis":"Approximate trace of ACAI 104 Plaza Site Plan1.0, April6 2020; legal property geometry PDF pp.25–26, PDF p.27; see source register for image control points and limitations.","model_note":"Simplified proposal massing traced from a public architectural plan, approximately aligned to the City application boundary. Not an approved, as-built, surveyed or production-verified model. Flat ground; facades, balconies, roof plant geometry, small setbacks and sloped/stepped roofs are simplified.","checked_date":"2026-09-30","model_scheme_date":"2020-04-06","is_production_verified":false,"area":"City Centre","proposal_status":"Conditional Approval","phase":1}},{"type":"Feature","id":1019,"geometry":{"type":"Polygon","coordinates":[[[-122.84118686291868,49.19116099173956],[-122.84118685517691,49.190954543567514],[-122.84086495590505,49.19095420324951],[-122.84086495915884,49.19104097132182],[-122.84086496364681,49.191160651421555],[-122.84118686291868,49.19116099173956]]]},"properties":{"model_id":1019,"name":"104 Avenue & Central Avenue — C southwest podium","project_no":"19-0060-00","physical_building_id":"19-0060-00-C","building_label":"C","component":"podium","height_m":7.0,"base_m":0,"storeys":2,"source_url":"https://www.surrey.ca/sites/default/files/planning-reports/PLR_7919-0060-00.pdf","height_basis":"Estimated7.0m = 2storeys labelled on ACAI site plan PDF p.27 ×3.5m/storey. The plan labels roof terrace at level3; these are podium estimates, not report metre heights.","footprint_basis":"Approximate trace of ACAI 104 Plaza Site Plan1.0, April6 2020; legal property geometry PDF pp.25–26, PDF p.27; see source register for image control points and limitations.","model_note":"Simplified proposal massing traced from a public architectural plan, approximately aligned to the City application boundary. Not an approved, as-built, surveyed or production-verified model. Flat ground; facades, balconies, roof plant geometry, small setbacks and sloped/stepped roofs are simplified.","checked_date":"2026-09-30","model_scheme_date":"2020-04-06","is_production_verified":false,"area":"City Centre","proposal_status":"Conditional Approval","phase":1}},{"type":"Feature","id":1020,"geometry":{"type":"Polygon","coordinates":[[[-122.84052708099901,49.191092000011885],[-122.84052708008186,49.191067542131044],[-122.84057730550016,49.19106759523031],[-122.84057730516356,49.19105861922282],[-122.84075537710119,49.19105880748384],[-122.84075537743779,49.19106778349133],[-122.84081245177677,49.1910678438314],[-122.84081245076698,49.191040915808955],[-122.84086495915884,49.19104097132182],[-122.84086495590505,49.19095420324951],[-122.84043803984946,49.19095375190579],[-122.84043804517893,49.19109587202422],[-122.84047000680876,49.191095905814656],[-122.84047228978231,49.19109590822826],[-122.84052708099901,49.191092000011885]]]},"properties":{"model_id":1020,"name":"104 Avenue & Central Avenue — C southeast podium","project_no":"19-0060-00","physical_building_id":"19-0060-00-C","building_label":"C","component":"podium","height_m":17.5,"base_m":0,"storeys":5,"source_url":"https://www.surrey.ca/sites/default/files/planning-reports/PLR_7919-0060-00.pdf","height_basis":"Estimated17.5m = 5storeys labelled on ACAI site plan PDF p.27 ×3.5m/storey. The plan labels roof terrace at level6; these are podium estimates, not report metre heights.","footprint_basis":"Approximate trace of ACAI 104 Plaza Site Plan1.0, April6 2020; legal property geometry PDF pp.25–26, PDF p.27; see source register for image control points and limitations.","model_note":"Simplified proposal massing traced from a public architectural plan, approximately aligned to the City application boundary. Not an approved, as-built, surveyed or production-verified model. Flat ground; facades, balconies, roof plant geometry, small setbacks and sloped/stepped roofs are simplified.","checked_date":"2026-09-30","model_scheme_date":"2020-04-06","is_production_verified":false,"area":"City Centre","proposal_status":"Conditional Approval","phase":1}},{"type":"Feature","id":1021,"geometry":{"type":"Polygon","coordinates":[[[-122.84080558843846,49.19068336427019],[-122.84044944456319,49.190682987748154],[-122.84044944764868,49.19076526781672],[-122.84095626777886,49.190765803636545],[-122.84095626284208,49.19063415552684],[-122.84080558658717,49.19063399622905],[-122.84080558843846,49.19068336427019]]]},"properties":{"model_id":1021,"name":"104 Avenue & Central Avenue — B north podium","project_no":"19-0060-00","physical_building_id":"19-0060-00-B","building_label":"B","component":"podium","height_m":21.0,"base_m":0,"storeys":6,"source_url":"https://www.surrey.ca/sites/default/files/planning-reports/PLR_7919-0060-00.pdf","height_basis":"Estimated21.0m = 6storeys labelled on ACAI site plan PDF p.27 ×3.5m/storey. The plan labels roof terrace at level7; these are podium estimates, not report metre heights.","footprint_basis":"Approximate trace of ACAI 104 Plaza Site Plan1.0, April6 2020; legal property geometry PDF pp.25–26, PDF p.27; see source register for image control points and limitations.","model_note":"Simplified proposal massing traced from a public architectural plan, approximately aligned to the City application boundary. Not an approved, as-built, surveyed or production-verified model. Flat ground; facades, balconies, roof plant geometry, small setbacks and sloped/stepped roofs are simplified.","checked_date":"2026-09-30","model_scheme_date":"2020-04-06","is_production_verified":false,"area":"City Centre","proposal_status":"Conditional Approval","phase":2}},{"type":"Feature","id":1022,"geometry":{"type":"Polygon","coordinates":[[[-122.84062065557481,49.190363024501586],[-122.84040833903379,49.19036280003652],[-122.84040834290467,49.190466024122536],[-122.84044943642873,49.19046606756739],[-122.84044944456319,49.190682987748154],[-122.84080558843846,49.19068336427019],[-122.84080558658717,49.19063399622905],[-122.84062066572886,49.19063380072723],[-122.84062066427028,49.19059490469481],[-122.84058870264045,49.19059487090437],[-122.84058869590848,49.190415350754776],[-122.84062065753831,49.19041538454522],[-122.84062065602362,49.19037499251156],[-122.84062065557481,49.190363024501586]]]},"properties":{"model_id":1022,"name":"104 Avenue & Central Avenue — B east podium","project_no":"19-0060-00","physical_building_id":"19-0060-00-B","building_label":"B","component":"podium","height_m":14.0,"base_m":0,"storeys":4,"source_url":"https://www.surrey.ca/sites/default/files/planning-reports/PLR_7919-0060-00.pdf","height_basis":"Estimated14.0m = 4storeys labelled on ACAI site plan PDF p.27 ×3.5m/storey. The plan labels roof terrace at level5; these are podium estimates, not report metre heights.","footprint_basis":"Approximate trace of ACAI 104 Plaza Site Plan1.0, April6 2020; legal property geometry PDF pp.25–26, PDF p.27; see source register for image control points and limitations.","model_note":"Simplified proposal massing traced from a public architectural plan, approximately aligned to the City application boundary. Not an approved, as-built, surveyed or production-verified model. Flat ground; facades, balconies, roof plant geometry, small setbacks and sloped/stepped roofs are simplified.","checked_date":"2026-09-30","model_scheme_date":"2020-04-06","is_production_verified":false,"area":"City Centre","proposal_status":"Conditional Approval","phase":2}},{"type":"Feature","id":1023,"geometry":{"type":"Polygon","coordinates":[[[-122.84023254636713,49.19026387810682],[-122.84032158233595,49.190263972237325],[-122.84032158323355,49.190287908257275],[-122.84059097411355,49.19028819306241],[-122.8405909655864,49.190060800872914],[-122.84056128693013,49.19006076949608],[-122.84056128833261,49.190098169527246],[-122.84023254014006,49.19009782196844],[-122.84023254636713,49.19026387810682]]]},"properties":{"model_id":1023,"name":"104 Avenue & Central Avenue — A north podium","project_no":"19-0060-00","physical_building_id":"19-0060-00-A","building_label":"A","component":"podium","height_m":21.0,"base_m":0,"storeys":6,"source_url":"https://www.surrey.ca/sites/default/files/planning-reports/PLR_7919-0060-00.pdf","height_basis":"Estimated21.0m = 6storeys labelled on ACAI site plan PDF p.27 ×3.5m/storey. The plan labels roof terrace at level7; these are podium estimates, not report metre heights.","footprint_basis":"Approximate trace of ACAI 104 Plaza Site Plan1.0, April6 2020; legal property geometry PDF pp.25–26, PDF p.27; see source register for image control points and limitations.","model_note":"Simplified proposal massing traced from a public architectural plan, approximately aligned to the City application boundary. Not an approved, as-built, surveyed or production-verified model. Flat ground; facades, balconies, roof plant geometry, small setbacks and sloped/stepped roofs are simplified.","checked_date":"2026-09-30","model_scheme_date":"2020-04-06","is_production_verified":false,"area":"City Centre","proposal_status":"Conditional Approval","phase":3}},{"type":"Feature","id":2000,"properties":{"model_id":2000,"name":"Fleetwood at 161 Street — Phase 1","project_no":"19-0366-00","physical_building_id":"19-0366-00-Phase 1","building_label":"Phase 1","height_m":128,"base_m":0,"storeys":37,"source_url":"https://www.surrey.ca/sites/default/files/planning-reports/PLR_7919-0366-00.pdf","height_basis":"128 m / 37 storeys expressly stated for Phase 1 in the City report, PDF p.6. Reported proposal height, represented as one maximum level.","footprint_basis":"Simplified hand trace of PDF p.23, Fleetwood Orion site plan P0.05, report appendix; affine alignment to original City application boundary corners. Explicit pixel trace and control points retained in build_models.py.","model_note":"Public-plan demonstration massing, not approved or survey-accurate geometry. Hand-traced building outlines are aligned approximately to public application boundaries. Terrain, balconies, facade detail, roof plant, exact roof steps and untraced podiums are omitted; current City drawings and survey control must be verified before production. Three primary building volumes are represented. Shared commercial/office podiums are omitted because their heights were not established by this trace. The plan titleblock carries 24 June 2019 although reproduced in the October 2022 report.","component":"building","area":"Fleetwood","checked_date":"2026-09-30","is_production_verified":false,"status_at_source":"Public proposal in cited planning report; not a claim of current approved or constructed architecture","source_component_id":"19-0366-00-Phase 1"},"geometry":{"type":"Polygon","coordinates":[[[-122.77560456,49.15693589],[-122.77523771,49.15693578],[-122.77523692,49.15719193],[-122.77560376,49.15719205],[-122.77560456,49.15693589]]]}},{"type":"Feature","id":2001,"properties":{"model_id":2001,"name":"Fleetwood at 161 Street — Phase 2","project_no":"19-0366-00","physical_building_id":"19-0366-00-Phase 2","building_label":"Phase 2","height_m":143,"base_m":0,"storeys":42,"source_url":"https://www.surrey.ca/sites/default/files/planning-reports/PLR_7919-0366-00.pdf","height_basis":"143 m / 42 storeys expressly stated for Phase 2 in the City report, PDF p.6. Reported proposal height, represented as one maximum level.","footprint_basis":"Simplified hand trace of PDF p.23, Fleetwood Orion site plan P0.05, report appendix; affine alignment to original City application boundary corners. Explicit pixel trace and control points retained in build_models.py.","model_note":"Public-plan demonstration massing, not approved or survey-accurate geometry. Hand-traced building outlines are aligned approximately to public application boundaries. Terrain, balconies, facade detail, roof plant, exact roof steps and untraced podiums are omitted; current City drawings and survey control must be verified before production. Three primary building volumes are represented. Shared commercial/office podiums are omitted because their heights were not established by this trace. The plan titleblock carries 24 June 2019 although reproduced in the October 2022 report.","component":"building","area":"Fleetwood","checked_date":"2026-09-30","is_production_verified":false,"status_at_source":"Public proposal in cited planning report; not a claim of current approved or constructed architecture","source_component_id":"19-0366-00-Phase 2"},"geometry":{"type":"Polygon","coordinates":[[[-122.77652052,49.15682757],[-122.77619574,49.1567291],[-122.77603994,49.15695447],[-122.77638559,49.15705704],[-122.77652052,49.15682757]]]}},{"type":"Feature","id":2002,"properties":{"model_id":2002,"name":"Fleetwood at 161 Street — Phase 3","project_no":"19-0366-00","physical_building_id":"19-0366-00-Phase 3","building_label":"Phase 3","height_m":54,"base_m":0,"storeys":15,"source_url":"https://www.surrey.ca/sites/default/files/planning-reports/PLR_7919-0366-00.pdf","height_basis":"54 m / 15 storeys expressly stated for Phase 3 in the City report, PDF p.6. Reported proposal height, represented as one maximum level.","footprint_basis":"Simplified hand trace of PDF p.23, Fleetwood Orion site plan P0.05, report appendix; affine alignment to original City application boundary corners. Explicit pixel trace and control points retained in build_models.py.","model_note":"Public-plan demonstration massing, not approved or survey-accurate geometry. Hand-traced building outlines are aligned approximately to public application boundaries. Terrain, balconies, facade detail, roof plant, exact roof steps and untraced podiums are omitted; current City drawings and survey control must be verified before production. Three primary building volumes are represented. Shared commercial/office podiums are omitted because their heights were not established by this trace. The plan titleblock carries 24 June 2019 although reproduced in the October 2022 report.","component":"building","area":"Fleetwood","checked_date":"2026-09-30","is_production_verified":false,"status_at_source":"Public proposal in cited planning report; not a claim of current approved or constructed architecture","source_component_id":"19-0366-00-Phase 3"},"geometry":{"type":"Polygon","coordinates":[[[-122.77602869,49.15769424],[-122.77562936,49.1575896],[-122.77548246,49.15783342],[-122.77561358,49.15787034],[-122.77562853,49.15785805],[-122.77572986,49.15788062],[-122.77576283,49.1578294],[-122.77592077,49.15787044],[-122.77602869,49.15769424]]]}},{"type":"Feature","id":2003,"properties":{"model_id":2003,"name":"Barker Street & King George Boulevard — North tower","project_no":"17-0397-00","physical_building_id":"17-0397-00-NT","building_label":"NT","height_m":77,"base_m":0,"storeys":26,"source_url":"https://cosmos.surrey.ca/geo_ref/Images/DevelopmentApplicationDocuments/PLR_7917-0397-00.pdf","height_basis":"77 m and 26 storeys stated on report PDF p.8. Elevation A-301 p.34 gives 129.620 m maximum point minus 52.520 m Level 1 = 77.1 m; report rounded 77 m is used. Roof datum alone is lower.","footprint_basis":"Simplified hand trace of PDF p.33, A-243 roof plan; December 2019 Cosmos report (not April 2018 concept); affine alignment to original City application boundary corners. Explicit pixel trace and control points retained in build_models.py.","model_note":"Public-plan demonstration massing, not approved or survey-accurate geometry. Hand-traced building outlines are aligned approximately to public application boundaries. Terrain, balconies, facade detail, roof plant, exact roof steps and untraced podiums are omitted; current City drawings and survey control must be verified before production. Five named physical buildings are traced. The later-phase elevations are June 2019 appendix drawings, while the roof/phasing plan appears in the December report; their final current revisions are unverified. Report pp.8/23 gives 26/37/31 storeys and 77/110 m where specified; p.17 uses 26/36/30. Elevations label 25/36/30 plus penthouse. South-tower height is an elevation difference, not an assumed floor conversion. Main podium wings are simplified to sourced elevation differences; other roof steps are omitted.","component":"building","area":"City Centre","checked_date":"2026-09-30","is_production_verified":false,"status_at_source":"Public proposal in cited planning report; not a claim of current approved or constructed architecture","source_component_id":"17-0397-00-North tower"},"geometry":{"type":"Polygon","coordinates":[[[-122.85246436,49.20428919],[-122.85247695,49.20428098],[-122.85244029,49.20425749],[-122.85242981,49.20426433],[-122.85232597,49.20419777],[-122.85198203,49.20442209],[-122.85209198,49.20449256],[-122.8520794,49.20450077],[-122.85212419,49.20452948],[-122.85213677,49.20452128],[-122.85220193,49.20456304],[-122.85236132,49.20445909],[-122.85237761,49.20446953],[-122.85248247,49.20440114],[-122.85246618,49.2043907],[-122.85254377,49.20434009],[-122.85246436,49.20428919]]]}},{"type":"Feature","id":2004,"properties":{"model_id":2004,"name":"Barker Street & King George Boulevard — West tower","project_no":"17-0397-00","physical_building_id":"17-0397-00-WT","building_label":"WT","height_m":110,"base_m":0,"storeys":37,"source_url":"https://cosmos.surrey.ca/geo_ref/Images/DevelopmentApplicationDocuments/PLR_7917-0397-00.pdf","height_basis":"110 m / 37 storeys stated in development data PDF p.23. Source discrepancy: elevation A-302 p.35 maximum 162.520 m minus Level 1 55.520 m equals 107 m. Model uses report 110 m; resolve against current drawings.","footprint_basis":"Simplified hand trace of PDF p.33, A-243 roof plan; December 2019 Cosmos report (not April 2018 concept); affine alignment to original City application boundary corners. Explicit pixel trace and control points retained in build_models.py.","model_note":"Public-plan demonstration massing, not approved or survey-accurate geometry. Hand-traced building outlines are aligned approximately to public application boundaries. Terrain, balconies, facade detail, roof plant, exact roof steps and untraced podiums are omitted; current City drawings and survey control must be verified before production. Five named physical buildings are traced. The later-phase elevations are June 2019 appendix drawings, while the roof/phasing plan appears in the December report; their final current revisions are unverified. Report pp.8/23 gives 26/37/31 storeys and 77/110 m where specified; p.17 uses 26/36/30. Elevations label 25/36/30 plus penthouse. South-tower height is an elevation difference, not an assumed floor conversion. Main podium wings are simplified to sourced elevation differences; other roof steps are omitted.","component":"building","area":"City Centre","checked_date":"2026-09-30","is_production_verified":false,"status_at_source":"Public proposal in cited planning report; not a claim of current approved or constructed architecture","source_component_id":"17-0397-00-West tower"},"geometry":{"type":"Polygon","coordinates":[[[-122.85204452,49.20367566],[-122.85180335,49.20383295],[-122.85190108,49.2038956],[-122.85188221,49.20390791],[-122.85196976,49.20396403],[-122.85198864,49.20395172],[-122.85209655,49.20402089],[-122.85233773,49.20386359],[-122.85204452,49.20367566]]]}},{"type":"Feature","id":2005,"properties":{"model_id":2005,"name":"Barker Street & King George Boulevard — South tower","project_no":"17-0397-00","physical_building_id":"17-0397-00-ST","building_label":"ST","height_m":90.2,"base_m":0,"storeys":31,"source_url":"https://cosmos.surrey.ca/geo_ref/Images/DevelopmentApplicationDocuments/PLR_7917-0397-00.pdf","height_basis":"Derived from printed elevation A-307 PDF p.40: maximum point 145.720 m minus Level 1 55.520 m = 90.2 m. Drawing labels 30 storeys + penthouse, consistent with 31 including penthouse in report p.8. This is drawing-relative maximum height, not survey elevation.","footprint_basis":"Simplified hand trace of PDF p.33, A-243 roof plan; December 2019 Cosmos report (not April 2018 concept); affine alignment to original City application boundary corners. Explicit pixel trace and control points retained in build_models.py.","model_note":"Public-plan demonstration massing, not approved or survey-accurate geometry. Hand-traced building outlines are aligned approximately to public application boundaries. Terrain, balconies, facade detail, roof plant, exact roof steps and untraced podiums are omitted; current City drawings and survey control must be verified before production. Five named physical buildings are traced. The later-phase elevations are June 2019 appendix drawings, while the roof/phasing plan appears in the December report; their final current revisions are unverified. Report pp.8/23 gives 26/37/31 storeys and 77/110 m where specified; p.17 uses 26/36/30. Elevations label 25/36/30 plus penthouse. South-tower height is an elevation difference, not an assumed floor conversion. Main podium wings are simplified to sourced elevation differences; other roof steps are omitted.","component":"building","area":"City Centre","checked_date":"2026-09-30","is_production_verified":false,"status_at_source":"Public proposal in cited planning report; not a claim of current approved or constructed architecture","source_component_id":"17-0397-00-South tower"},"geometry":{"type":"Polygon","coordinates":[[[-122.85116237,49.20358483],[-122.85092749,49.20373803],[-122.85120237,49.20391421],[-122.85143725,49.20376102],[-122.85116237,49.20358483]]]}},{"type":"Feature","id":2006,"properties":{"model_id":2006,"name":"Barker Street & King George Boulevard — North apartment","project_no":"17-0397-00","physical_building_id":"17-0397-00-NA","building_label":"NA","height_m":21,"base_m":0,"storeys":6,"source_url":"https://cosmos.surrey.ca/geo_ref/Images/DevelopmentApplicationDocuments/PLR_7917-0397-00.pdf","height_basis":"Derived from elevation A-304 PDF p.37: N Apt Roof 71.870 m minus N Apt Level 1 50.870 m = 21 m. Report and drawing identify this physical building as six storeys; step in lowest occupied floor is collapsed.","footprint_basis":"Simplified hand trace of PDF p.33, A-243 roof plan; December 2019 Cosmos report (not April 2018 concept); affine alignment to original City application boundary corners. Explicit pixel trace and control points retained in build_models.py.","model_note":"Public-plan demonstration massing, not approved or survey-accurate geometry. Hand-traced building outlines are aligned approximately to public application boundaries. Terrain, balconies, facade detail, roof plant, exact roof steps and untraced podiums are omitted; current City drawings and survey control must be verified before production. Five named physical buildings are traced. The later-phase elevations are June 2019 appendix drawings, while the roof/phasing plan appears in the December report; their final current revisions are unverified. Report pp.8/23 gives 26/37/31 storeys and 77/110 m where specified; p.17 uses 26/36/30. Elevations label 25/36/30 plus penthouse. South-tower height is an elevation difference, not an assumed floor conversion. Main podium wings are simplified to sourced elevation differences; other roof steps are omitted.","component":"building","area":"City Centre","checked_date":"2026-09-30","is_production_verified":false,"status_at_source":"Public proposal in cited planning report; not a claim of current approved or constructed architecture","source_component_id":"17-0397-00-North apartment"},"geometry":{"type":"Polygon","coordinates":[[[-122.85178463,49.20474305],[-122.85179721,49.20473484],[-122.85169133,49.20466698],[-122.85167875,49.20467518],[-122.85157898,49.20461123],[-122.85159156,49.20460302],[-122.85148976,49.20453777],[-122.85147717,49.20454598],[-122.85117786,49.20435413],[-122.85101847,49.20445808],[-122.85131982,49.20465123],[-122.85130305,49.20466218],[-122.85140282,49.20472613],[-122.85141959,49.20471518],[-122.8515214,49.20478044],[-122.85150462,49.20479138],[-122.85160236,49.20485403],[-122.85161914,49.20484308],[-122.85172502,49.20491095],[-122.8518844,49.204807],[-122.85178463,49.20474305]]]}},{"type":"Feature","id":2007,"properties":{"model_id":2007,"name":"Barker Street & King George Boulevard — South apartment","project_no":"17-0397-00","physical_building_id":"17-0397-00-SA","building_label":"SA","height_m":21,"base_m":0,"storeys":6,"source_url":"https://cosmos.surrey.ca/geo_ref/Images/DevelopmentApplicationDocuments/PLR_7917-0397-00.pdf","height_basis":"Derived from elevation A-304 PDF p.37: maximum rooftop point 76.370 m minus S Apt Level 1 55.370 m = 21 m. Main roof at 73.370 m is 18 m above Level 1; model collapses roof steps to the maximum.","footprint_basis":"Simplified hand trace of PDF p.33, A-243 roof plan; December 2019 Cosmos report (not April 2018 concept); affine alignment to original City application boundary corners. Explicit pixel trace and control points retained in build_models.py.","model_note":"Public-plan demonstration massing, not approved or survey-accurate geometry. Hand-traced building outlines are aligned approximately to public application boundaries. Terrain, balconies, facade detail, roof plant, exact roof steps and untraced podiums are omitted; current City drawings and survey control must be verified before production. Five named physical buildings are traced. The later-phase elevations are June 2019 appendix drawings, while the roof/phasing plan appears in the December report; their final current revisions are unverified. Report pp.8/23 gives 26/37/31 storeys and 77/110 m where specified; p.17 uses 26/36/30. Elevations label 25/36/30 plus penthouse. South-tower height is an elevation difference, not an assumed floor conversion. Main podium wings are simplified to sourced elevation differences; other roof steps are omitted.","component":"building","area":"City Centre","checked_date":"2026-09-30","is_production_verified":false,"status_at_source":"Public proposal in cited planning report; not a claim of current approved or constructed architecture","source_component_id":"17-0397-00-South apartment"},"geometry":{"type":"Polygon","coordinates":[[[-122.85097424,49.20422362],[-122.85098683,49.20421541],[-122.85088909,49.20415276],[-122.85087651,49.20416097],[-122.85077267,49.20409441],[-122.85078525,49.2040862],[-122.85068141,49.20401964],[-122.85066882,49.20402785],[-122.85056702,49.2039626],[-122.85038875,49.20407886],[-122.8504926,49.20414542],[-122.85051357,49.20413174],[-122.85061538,49.204197],[-122.85059441,49.20421067],[-122.85070029,49.20427854],[-122.85072126,49.20426486],[-122.85081696,49.2043262],[-122.85079808,49.20433851],[-122.85084695,49.20436983],[-122.85102311,49.20425494],[-122.85097424,49.20422362]]]}},{"type":"Feature","id":2008,"properties":{"model_id":2008,"name":"Barker Street & King George Boulevard — North tower podium wing","project_no":"17-0397-00","physical_building_id":"17-0397-00-NT","building_label":"NT","height_m":18.3,"base_m":0,"storeys":6,"source_url":"https://cosmos.surrey.ca/geo_ref/Images/DevelopmentApplicationDocuments/PLR_7917-0397-00.pdf","height_basis":"Elevation A-307 PDF p.40 labels the north podium as six storeys. A-301 p.34 Level 7 70.820 m minus Level 1 52.520 m = 18.3 m; simplified roof level excludes parapets.","footprint_basis":"Simplified hand trace of PDF p.33, A-243 roof plan; December 2019 Cosmos report (not April 2018 concept); affine alignment to original City application boundary corners. Explicit pixel trace and control points retained in build_models.py.","model_note":"Public-plan demonstration massing, not approved or survey-accurate geometry. Hand-traced building outlines are aligned approximately to public application boundaries. Terrain, balconies, facade detail, roof plant, exact roof steps and untraced podiums are omitted; current City drawings and survey control must be verified before production. Five named physical buildings are traced. The later-phase elevations are June 2019 appendix drawings, while the roof/phasing plan appears in the December report; their final current revisions are unverified. Report pp.8/23 gives 26/37/31 storeys and 77/110 m where specified; p.17 uses 26/36/30. Elevations label 25/36/30 plus penthouse. South-tower height is an elevation difference, not an assumed floor conversion. Main podium wings are simplified to sourced elevation differences; other roof steps are omitted.","component":"podium","area":"City Centre","checked_date":"2026-09-30","is_production_verified":false,"status_at_source":"Public proposal in cited planning report; not a claim of current approved or constructed architecture","source_component_id":"17-0397-00-North tower podium wing"},"geometry":{"type":"Polygon","coordinates":[[[-122.85260489,49.20401585],[-122.85233855,49.20418956],[-122.85255845,49.20433051],[-122.85282479,49.2041568],[-122.85260489,49.20401585]]]}},{"type":"Feature","id":2009,"properties":{"model_id":2009,"name":"Barker Street & King George Boulevard — West tower podium wing","project_no":"17-0397-00","physical_building_id":"17-0397-00-WT","building_label":"WT","height_m":18,"base_m":0,"storeys":6,"source_url":"https://cosmos.surrey.ca/geo_ref/Images/DevelopmentApplicationDocuments/PLR_7917-0397-00.pdf","height_basis":"A-302 PDF p.35 labels King George podium six storeys: W Tower Level 7 73.520 m minus Level 1 55.520 m = 18 m. Report p.8 calls the west podium seven storeys; model follows labelled six-storey drawn wing and discloses the conflict.","footprint_basis":"Simplified hand trace of PDF p.33, A-243 roof plan; December 2019 Cosmos report (not April 2018 concept); affine alignment to original City application boundary corners. Explicit pixel trace and control points retained in build_models.py.","model_note":"Public-plan demonstration massing, not approved or survey-accurate geometry. Hand-traced building outlines are aligned approximately to public application boundaries. Terrain, balconies, facade detail, roof plant, exact roof steps and untraced podiums are omitted; current City drawings and survey control must be verified before production. Five named physical buildings are traced. The later-phase elevations are June 2019 appendix drawings, while the roof/phasing plan appears in the December report; their final current revisions are unverified. Report pp.8/23 gives 26/37/31 storeys and 77/110 m where specified; p.17 uses 26/36/30. Elevations label 25/36/30 plus penthouse. South-tower height is an elevation difference, not an assumed floor conversion. Main podium wings are simplified to sourced elevation differences; other roof steps are omitted.","component":"podium","area":"City Centre","checked_date":"2026-09-30","is_production_verified":false,"status_at_source":"Public proposal in cited planning report; not a claim of current approved or constructed architecture","source_component_id":"17-0397-00-West tower podium wing"},"geometry":{"type":"Polygon","coordinates":[[[-122.85181827,49.20354148],[-122.85184134,49.20352644],[-122.85163365,49.20339332],[-122.85161058,49.20340836],[-122.85151895,49.20334963],[-122.85131553,49.20348231],[-122.85140715,49.20354104],[-122.85143861,49.20352052],[-122.85165037,49.20365625],[-122.85161891,49.20367677],[-122.85171665,49.20373941],[-122.85192007,49.20360674],[-122.85181827,49.20354148]]]}},{"type":"Feature","id":2010,"properties":{"model_id":2010,"name":"16 Avenue & Highway 99 — Building 1","project_no":"18-0156-00","physical_building_id":"18-0156-00-1","building_label":"1","height_m":27,"base_m":0,"storeys":6,"source_url":"https://www.surrey.ca/sites/default/files/planning-reports/PLR_7918-0156-00.pdf","height_basis":"27.0 m expressly stated for Building 1 in PDF p.51 per-building height table, not estimated from storeys. Floor count/use is supported by pp.16,20-21,49-51. Table values conflict with report summary of 26 m on pp.9/16; drawing-specific value is used.","footprint_basis":"Simplified hand trace of PDF p.48, DF Architecture Preliminary Site Plan, printed p.19, revision 26 November 2024; affine alignment to original City application boundary corners. Explicit pixel trace and control points retained in build_models.py.","model_note":"Public-plan demonstration massing, not approved or survey-accurate geometry. Hand-traced building outlines are aligned approximately to public application boundaries. Terrain, balconies, facade detail, roof plant, exact roof steps and untraced podiums are omitted; current City drawings and survey control must be verified before production. All 16 named footprints in the drawing are represented, including commercial Buildings 6.1/13 and amenity Building 14; two single-family lots have no invented house geometry. Report headline says 15 buildings, but p.48 plan and p.51 table separately label 16 including 6.1 and 11.1/11.2; this discrepancy is preserved. Heights follow the per-building table p.51: 27 m typical, 31 m B7, 6 m B6.1/B13, 10 m B14. This conflicts materially with the 26 m report summary on p.9/p.16 and must be verified before production. Site topography drops approximately 10 m; flat-ground massing omits that slope. Broad ground envelopes are simplified; upper-storey setbacks and shared suspended-slab podiums are omitted.","component":"building","area":"South Surrey","checked_date":"2026-09-30","is_production_verified":false,"status_at_source":"Public proposal in cited planning report; not a claim of current approved or constructed architecture","source_component_id":"18-0156-00-Building 1"},"geometry":{"type":"Polygon","coordinates":[[[-122.76735559,49.03067452],[-122.76658165,49.03067459],[-122.76658149,49.03088412],[-122.76735544,49.03088406],[-122.76735559,49.03067452]]]}},{"type":"Feature","id":2011,"properties":{"model_id":2011,"name":"16 Avenue & Highway 99 — Building 2","project_no":"18-0156-00","physical_building_id":"18-0156-00-2","building_label":"2","height_m":27,"base_m":0,"storeys":6,"source_url":"https://www.surrey.ca/sites/default/files/planning-reports/PLR_7918-0156-00.pdf","height_basis":"27.0 m expressly stated for Building 2 in PDF p.51 per-building height table, not estimated from storeys. Floor count/use is supported by pp.16,20-21,49-51. Table values conflict with report summary of 26 m on pp.9/16; drawing-specific value is used.","footprint_basis":"Simplified hand trace of PDF p.48, DF Architecture Preliminary Site Plan, printed p.19, revision 26 November 2024; affine alignment to original City application boundary corners. Explicit pixel trace and control points retained in build_models.py.","model_note":"Public-plan demonstration massing, not approved or survey-accurate geometry. Hand-traced building outlines are aligned approximately to public application boundaries. Terrain, balconies, facade detail, roof plant, exact roof steps and untraced podiums are omitted; current City drawings and survey control must be verified before production. All 16 named footprints in the drawing are represented, including commercial Buildings 6.1/13 and amenity Building 14; two single-family lots have no invented house geometry. Report headline says 15 buildings, but p.48 plan and p.51 table separately label 16 including 6.1 and 11.1/11.2; this discrepancy is preserved. Heights follow the per-building table p.51: 27 m typical, 31 m B7, 6 m B6.1/B13, 10 m B14. This conflicts materially with the 26 m report summary on p.9/p.16 and must be verified before production. Site topography drops approximately 10 m; flat-ground massing omits that slope. Broad ground envelopes are simplified; upper-storey setbacks and shared suspended-slab podiums are omitted.","component":"building","area":"South Surrey","checked_date":"2026-09-30","is_production_verified":false,"status_at_source":"Public proposal in cited planning report; not a claim of current approved or constructed architecture","source_component_id":"18-0156-00-Building 2"},"geometry":{"type":"Polygon","coordinates":[[[-122.76645458,49.0306746],[-122.7656633,49.03067466],[-122.76566315,49.03088419],[-122.76645442,49.03088413],[-122.76645458,49.0306746]]]}},{"type":"Feature","id":2012,"properties":{"model_id":2012,"name":"16 Avenue & Highway 99 — Building 3","project_no":"18-0156-00","physical_building_id":"18-0156-00-3","building_label":"3","height_m":27,"base_m":0,"storeys":6,"source_url":"https://www.surrey.ca/sites/default/files/planning-reports/PLR_7918-0156-00.pdf","height_basis":"27.0 m expressly stated for Building 3 in PDF p.51 per-building height table, not estimated from storeys. Floor count/use is supported by pp.16,20-21,49-51. Table values conflict with report summary of 26 m on pp.9/16; drawing-specific value is used.","footprint_basis":"Simplified hand trace of PDF p.48, DF Architecture Preliminary Site Plan, printed p.19, revision 26 November 2024; affine alignment to original City application boundary corners. Explicit pixel trace and control points retained in build_models.py.","model_note":"Public-plan demonstration massing, not approved or survey-accurate geometry. Hand-traced building outlines are aligned approximately to public application boundaries. Terrain, balconies, facade detail, roof plant, exact roof steps and untraced podiums are omitted; current City drawings and survey control must be verified before production. All 16 named footprints in the drawing are represented, including commercial Buildings 6.1/13 and amenity Building 14; two single-family lots have no invented house geometry. Report headline says 15 buildings, but p.48 plan and p.51 table separately label 16 including 6.1 and 11.1/11.2; this discrepancy is preserved. Heights follow the per-building table p.51: 27 m typical, 31 m B7, 6 m B6.1/B13, 10 m B14. This conflicts materially with the 26 m report summary on p.9/p.16 and must be verified before production. Site topography drops approximately 10 m; flat-ground massing omits that slope. Broad ground envelopes are simplified; upper-storey setbacks and shared suspended-slab podiums are omitted.","component":"building","area":"South Surrey","checked_date":"2026-09-30","is_production_verified":false,"status_at_source":"Public proposal in cited planning report; not a claim of current approved or constructed architecture","source_component_id":"18-0156-00-Building 3"},"geometry":{"type":"Polygon","coordinates":[[[-122.76552468,49.03067467],[-122.7647103,49.03067474],[-122.76471015,49.03088427],[-122.76552453,49.03088421],[-122.76552468,49.03067467]]]}},{"type":"Feature","id":2013,"properties":{"model_id":2013,"name":"16 Avenue & Highway 99 — Building 4","project_no":"18-0156-00","physical_building_id":"18-0156-00-4","building_label":"4","height_m":27,"base_m":0,"storeys":6,"source_url":"https://www.surrey.ca/sites/default/files/planning-reports/PLR_7918-0156-00.pdf","height_basis":"27.0 m expressly stated for Building 4 in PDF p.51 per-building height table, not estimated from storeys. Floor count/use is supported by pp.16,20-21,49-51. Table values conflict with report summary of 26 m on pp.9/16; drawing-specific value is used.","footprint_basis":"Simplified hand trace of PDF p.48, DF Architecture Preliminary Site Plan, printed p.19, revision 26 November 2024; affine alignment to original City application boundary corners. Explicit pixel trace and control points retained in build_models.py.","model_note":"Public-plan demonstration massing, not approved or survey-accurate geometry. Hand-traced building outlines are aligned approximately to public application boundaries. Terrain, balconies, facade detail, roof plant, exact roof steps and untraced podiums are omitted; current City drawings and survey control must be verified before production. All 16 named footprints in the drawing are represented, including commercial Buildings 6.1/13 and amenity Building 14; two single-family lots have no invented house geometry. Report headline says 15 buildings, but p.48 plan and p.51 table separately label 16 including 6.1 and 11.1/11.2; this discrepancy is preserved. Heights follow the per-building table p.51: 27 m typical, 31 m B7, 6 m B6.1/B13, 10 m B14. This conflicts materially with the 26 m report summary on p.9/p.16 and must be verified before production. Site topography drops approximately 10 m; flat-ground massing omits that slope. Broad ground envelopes are simplified; upper-storey setbacks and shared suspended-slab podiums are omitted.","component":"building","area":"South Surrey","checked_date":"2026-09-30","is_production_verified":false,"status_at_source":"Public proposal in cited planning report; not a claim of current approved or constructed architecture","source_component_id":"18-0156-00-Building 4"},"geometry":{"type":"Polygon","coordinates":[[[-122.76422514,49.03067478],[-122.76335301,49.03067485],[-122.76335292,49.03078914],[-122.76362431,49.03088817],[-122.76422499,49.03088812],[-122.76422514,49.03067478]]]}},{"type":"Feature","id":2014,"properties":{"model_id":2014,"name":"16 Avenue & Highway 99 — Building 5","project_no":"18-0156-00","physical_building_id":"18-0156-00-5","building_label":"5","height_m":27,"base_m":0,"storeys":6,"source_url":"https://www.surrey.ca/sites/default/files/planning-reports/PLR_7918-0156-00.pdf","height_basis":"27.0 m expressly stated for Building 5 in PDF p.51 per-building height table, not estimated from storeys. Floor count/use is supported by pp.16,20-21,49-51. Table values conflict with report summary of 26 m on pp.9/16; drawing-specific value is used.","footprint_basis":"Simplified hand trace of PDF p.48, DF Architecture Preliminary Site Plan, printed p.19, revision 26 November 2024; affine alignment to original City application boundary corners. Explicit pixel trace and control points retained in build_models.py.","model_note":"Public-plan demonstration massing, not approved or survey-accurate geometry. Hand-traced building outlines are aligned approximately to public application boundaries. Terrain, balconies, facade detail, roof plant, exact roof steps and untraced podiums are omitted; current City drawings and survey control must be verified before production. All 16 named footprints in the drawing are represented, including commercial Buildings 6.1/13 and amenity Building 14; two single-family lots have no invented house geometry. Report headline says 15 buildings, but p.48 plan and p.51 table separately label 16 including 6.1 and 11.1/11.2; this discrepancy is preserved. Heights follow the per-building table p.51: 27 m typical, 31 m B7, 6 m B6.1/B13, 10 m B14. This conflicts materially with the 26 m report summary on p.9/p.16 and must be verified before production. Site topography drops approximately 10 m; flat-ground massing omits that slope. Broad ground envelopes are simplified; upper-storey setbacks and shared suspended-slab podiums are omitted.","component":"building","area":"South Surrey","checked_date":"2026-09-30","is_production_verified":false,"status_at_source":"Public proposal in cited planning report; not a claim of current approved or constructed architecture","source_component_id":"18-0156-00-Building 5"},"geometry":{"type":"Polygon","coordinates":[[[-122.76646636,49.0303584],[-122.76635091,49.03027459],[-122.76565782,49.03027465],[-122.76565767,49.03048037],[-122.76646627,49.0304803],[-122.76646636,49.0303584]]]}},{"type":"Feature","id":2015,"properties":{"model_id":2015,"name":"16 Avenue & Highway 99 — Building 6","project_no":"18-0156-00","physical_building_id":"18-0156-00-6","building_label":"6","height_m":27,"base_m":0,"storeys":6,"source_url":"https://www.surrey.ca/sites/default/files/planning-reports/PLR_7918-0156-00.pdf","height_basis":"27.0 m expressly stated for Building 6 in PDF p.51 per-building height table, not estimated from storeys. Floor count/use is supported by pp.16,20-21,49-51. Table values conflict with report summary of 26 m on pp.9/16; drawing-specific value is used.","footprint_basis":"Simplified hand trace of PDF p.48, DF Architecture Preliminary Site Plan, printed p.19, revision 26 November 2024; affine alignment to original City application boundary corners. Explicit pixel trace and control points retained in build_models.py.","model_note":"Public-plan demonstration massing, not approved or survey-accurate geometry. Hand-traced building outlines are aligned approximately to public application boundaries. Terrain, balconies, facade detail, roof plant, exact roof steps and untraced podiums are omitted; current City drawings and survey control must be verified before production. All 16 named footprints in the drawing are represented, including commercial Buildings 6.1/13 and amenity Building 14; two single-family lots have no invented house geometry. Report headline says 15 buildings, but p.48 plan and p.51 table separately label 16 including 6.1 and 11.1/11.2; this discrepancy is preserved. Heights follow the per-building table p.51: 27 m typical, 31 m B7, 6 m B6.1/B13, 10 m B14. This conflicts materially with the 26 m report summary on p.9/p.16 and must be verified before production. Site topography drops approximately 10 m; flat-ground massing omits that slope. Broad ground envelopes are simplified; upper-storey setbacks and shared suspended-slab podiums are omitted.","component":"building","area":"South Surrey","checked_date":"2026-09-30","is_production_verified":false,"status_at_source":"Public proposal in cited planning report; not a claim of current approved or constructed architecture","source_component_id":"18-0156-00-Building 6"},"geometry":{"type":"Polygon","coordinates":[[[-122.76552498,49.03027466],[-122.7647106,49.03027473],[-122.76471045,49.03048045],[-122.76552483,49.03048038],[-122.76552498,49.03027466]]]}},{"type":"Feature","id":2016,"properties":{"model_id":2016,"name":"16 Avenue & Highway 99 — Building 6.1","project_no":"18-0156-00","physical_building_id":"18-0156-00-6.1","building_label":"6.1","height_m":6,"base_m":0,"storeys":1,"source_url":"https://www.surrey.ca/sites/default/files/planning-reports/PLR_7918-0156-00.pdf","height_basis":"6.0 m expressly stated for Building 6.1 in PDF p.51 per-building height table, not estimated from storeys. Floor count/use is supported by pp.16,20-21,49-51. Table values conflict with report summary of 26 m on pp.9/16; drawing-specific value is used.","footprint_basis":"Simplified hand trace of PDF p.48, DF Architecture Preliminary Site Plan, printed p.19, revision 26 November 2024; affine alignment to original City application boundary corners. Explicit pixel trace and control points retained in build_models.py.","model_note":"Public-plan demonstration massing, not approved or survey-accurate geometry. Hand-traced building outlines are aligned approximately to public application boundaries. Terrain, balconies, facade detail, roof plant, exact roof steps and untraced podiums are omitted; current City drawings and survey control must be verified before production. All 16 named footprints in the drawing are represented, including commercial Buildings 6.1/13 and amenity Building 14; two single-family lots have no invented house geometry. Report headline says 15 buildings, but p.48 plan and p.51 table separately label 16 including 6.1 and 11.1/11.2; this discrepancy is preserved. Heights follow the per-building table p.51: 27 m typical, 31 m B7, 6 m B6.1/B13, 10 m B14. This conflicts materially with the 26 m report summary on p.9/p.16 and must be verified before production. Site topography drops approximately 10 m; flat-ground massing omits that slope. Broad ground envelopes are simplified; upper-storey setbacks and shared suspended-slab podiums are omitted.","component":"building","area":"South Surrey","checked_date":"2026-09-30","is_production_verified":false,"status_at_source":"Public proposal in cited planning report; not a claim of current approved or constructed architecture","source_component_id":"18-0156-00-Building 6.1"},"geometry":{"type":"Polygon","coordinates":[[[-122.76502258,49.03015279],[-122.76485517,49.03003852],[-122.76471652,49.03008043],[-122.76471641,49.0302252],[-122.76488968,49.03022519],[-122.76502258,49.03015279]]]}},{"type":"Feature","id":2017,"properties":{"model_id":2017,"name":"16 Avenue & Highway 99 — Building 7","project_no":"18-0156-00","physical_building_id":"18-0156-00-7","building_label":"7","height_m":31,"base_m":0,"storeys":7,"source_url":"https://www.surrey.ca/sites/default/files/planning-reports/PLR_7918-0156-00.pdf","height_basis":"31.0 m expressly stated for Building 7 in PDF p.51 per-building height table, not estimated from storeys. Floor count/use is supported by pp.16,20-21,49-51. Table values conflict with report summary of 26 m on pp.9/16; drawing-specific value is used.","footprint_basis":"Simplified hand trace of PDF p.48, DF Architecture Preliminary Site Plan, printed p.19, revision 26 November 2024; affine alignment to original City application boundary corners. Explicit pixel trace and control points retained in build_models.py.","model_note":"Public-plan demonstration massing, not approved or survey-accurate geometry. Hand-traced building outlines are aligned approximately to public application boundaries. Terrain, balconies, facade detail, roof plant, exact roof steps and untraced podiums are omitted; current City drawings and survey control must be verified before production. All 16 named footprints in the drawing are represented, including commercial Buildings 6.1/13 and amenity Building 14; two single-family lots have no invented house geometry. Report headline says 15 buildings, but p.48 plan and p.51 table separately label 16 including 6.1 and 11.1/11.2; this discrepancy is preserved. Heights follow the per-building table p.51: 27 m typical, 31 m B7, 6 m B6.1/B13, 10 m B14. This conflicts materially with the 26 m report summary on p.9/p.16 and must be verified before production. Site topography drops approximately 10 m; flat-ground massing omits that slope. Broad ground envelopes are simplified; upper-storey setbacks and shared suspended-slab podiums are omitted.","component":"building","area":"South Surrey","checked_date":"2026-09-30","is_production_verified":false,"status_at_source":"Public proposal in cited planning report; not a claim of current approved or constructed architecture","source_component_id":"18-0156-00-Building 7"},"geometry":{"type":"Polygon","coordinates":[[[-122.76423136,49.03006904],[-122.7635556,49.0300691],[-122.7635555,49.03020244],[-122.76361321,49.03027101],[-122.76390777,49.03027098],[-122.76390763,49.03046908],[-122.76423107,49.03046906],[-122.76423136,49.03006904]]]}},{"type":"Feature","id":2018,"properties":{"model_id":2018,"name":"16 Avenue & Highway 99 — Building 8","project_no":"18-0156-00","physical_building_id":"18-0156-00-8","building_label":"8","height_m":27,"base_m":0,"storeys":6,"source_url":"https://www.surrey.ca/sites/default/files/planning-reports/PLR_7918-0156-00.pdf","height_basis":"27.0 m expressly stated for Building 8 in PDF p.51 per-building height table, not estimated from storeys. Floor count/use is supported by pp.16,20-21,49-51. Table values conflict with report summary of 26 m on pp.9/16; drawing-specific value is used.","footprint_basis":"Simplified hand trace of PDF p.48, DF Architecture Preliminary Site Plan, printed p.19, revision 26 November 2024; affine alignment to original City application boundary corners. Explicit pixel trace and control points retained in build_models.py.","model_note":"Public-plan demonstration massing, not approved or survey-accurate geometry. Hand-traced building outlines are aligned approximately to public application boundaries. Terrain, balconies, facade detail, roof plant, exact roof steps and untraced podiums are omitted; current City drawings and survey control must be verified before production. All 16 named footprints in the drawing are represented, including commercial Buildings 6.1/13 and amenity Building 14; two single-family lots have no invented house geometry. Report headline says 15 buildings, but p.48 plan and p.51 table separately label 16 including 6.1 and 11.1/11.2; this discrepancy is preserved. Heights follow the per-building table p.51: 27 m typical, 31 m B7, 6 m B6.1/B13, 10 m B14. This conflicts materially with the 26 m report summary on p.9/p.16 and must be verified before production. Site topography drops approximately 10 m; flat-ground massing omits that slope. Broad ground envelopes are simplified; upper-storey setbacks and shared suspended-slab podiums are omitted.","component":"building","area":"South Surrey","checked_date":"2026-09-30","is_production_verified":false,"status_at_source":"Public proposal in cited planning report; not a claim of current approved or constructed architecture","source_component_id":"18-0156-00-Building 8"},"geometry":{"type":"Polygon","coordinates":[[[-122.76341121,49.0300653],[-122.76306467,49.03006533],[-122.76306422,49.03067106],[-122.76341077,49.03067104],[-122.76341121,49.0300653]]]}},{"type":"Feature","id":2019,"properties":{"model_id":2019,"name":"16 Avenue & Highway 99 — Building 9","project_no":"18-0156-00","physical_building_id":"18-0156-00-9","building_label":"9","height_m":27,"base_m":0,"storeys":6,"source_url":"https://www.surrey.ca/sites/default/files/planning-reports/PLR_7918-0156-00.pdf","height_basis":"27.0 m expressly stated for Building 9 in PDF p.51 per-building height table, not estimated from storeys. Floor count/use is supported by pp.16,20-21,49-51. Table values conflict with report summary of 26 m on pp.9/16; drawing-specific value is used.","footprint_basis":"Simplified hand trace of PDF p.48, DF Architecture Preliminary Site Plan, printed p.19, revision 26 November 2024; affine alignment to original City application boundary corners. Explicit pixel trace and control points retained in build_models.py.","model_note":"Public-plan demonstration massing, not approved or survey-accurate geometry. Hand-traced building outlines are aligned approximately to public application boundaries. Terrain, balconies, facade detail, roof plant, exact roof steps and untraced podiums are omitted; current City drawings and survey control must be verified before production. All 16 named footprints in the drawing are represented, including commercial Buildings 6.1/13 and amenity Building 14; two single-family lots have no invented house geometry. Report headline says 15 buildings, but p.48 plan and p.51 table separately label 16 including 6.1 and 11.1/11.2; this discrepancy is preserved. Heights follow the per-building table p.51: 27 m typical, 31 m B7, 6 m B6.1/B13, 10 m B14. This conflicts materially with the 26 m report summary on p.9/p.16 and must be verified before production. Site topography drops approximately 10 m; flat-ground massing omits that slope. Broad ground envelopes are simplified; upper-storey setbacks and shared suspended-slab podiums are omitted.","component":"building","area":"South Surrey","checked_date":"2026-09-30","is_production_verified":false,"status_at_source":"Public proposal in cited planning report; not a claim of current approved or constructed architecture","source_component_id":"18-0156-00-Building 9"},"geometry":{"type":"Polygon","coordinates":[[[-122.76680745,49.02992026],[-122.76670348,49.02993931],[-122.76646654,49.03011077],[-122.76685897,49.03055266],[-122.76702069,49.03055264],[-122.76723444,49.03048405],[-122.76680745,49.02992026]]]}},{"type":"Feature","id":2020,"properties":{"model_id":2020,"name":"16 Avenue & Highway 99 — Building 10","project_no":"18-0156-00","physical_building_id":"18-0156-00-10","building_label":"10","height_m":27,"base_m":0,"storeys":6,"source_url":"https://www.surrey.ca/sites/default/files/planning-reports/PLR_7918-0156-00.pdf","height_basis":"27.0 m expressly stated for Building 10 in PDF p.51 per-building height table, not estimated from storeys. Floor count/use is supported by pp.16,20-21,49-51. Table values conflict with report summary of 26 m on pp.9/16; drawing-specific value is used.","footprint_basis":"Simplified hand trace of PDF p.48, DF Architecture Preliminary Site Plan, printed p.19, revision 26 November 2024; affine alignment to original City application boundary corners. Explicit pixel trace and control points retained in build_models.py.","model_note":"Public-plan demonstration massing, not approved or survey-accurate geometry. Hand-traced building outlines are aligned approximately to public application boundaries. Terrain, balconies, facade detail, roof plant, exact roof steps and untraced podiums are omitted; current City drawings and survey control must be verified before production. All 16 named footprints in the drawing are represented, including commercial Buildings 6.1/13 and amenity Building 14; two single-family lots have no invented house geometry. Report headline says 15 buildings, but p.48 plan and p.51 table separately label 16 including 6.1 and 11.1/11.2; this discrepancy is preserved. Heights follow the per-building table p.51: 27 m typical, 31 m B7, 6 m B6.1/B13, 10 m B14. This conflicts materially with the 26 m report summary on p.9/p.16 and must be verified before production. Site topography drops approximately 10 m; flat-ground massing omits that slope. Broad ground envelopes are simplified; upper-storey setbacks and shared suspended-slab podiums are omitted.","component":"building","area":"South Surrey","checked_date":"2026-09-30","is_production_verified":false,"status_at_source":"Public proposal in cited planning report; not a claim of current approved or constructed architecture","source_component_id":"18-0156-00-Building 10"},"geometry":{"type":"Polygon","coordinates":[[[-122.76605704,49.02932601],[-122.76589532,49.02932602],[-122.76589527,49.0293946],[-122.76575661,49.02945937],[-122.76629917,49.02993935],[-122.7665765,49.02981741],[-122.76605704,49.02932601]]]}},{"type":"Feature","id":2021,"properties":{"model_id":2021,"name":"16 Avenue & Highway 99 — Building 11.1","project_no":"18-0156-00","physical_building_id":"18-0156-00-11.1","building_label":"11.1","height_m":27,"base_m":0,"storeys":6,"source_url":"https://www.surrey.ca/sites/default/files/planning-reports/PLR_7918-0156-00.pdf","height_basis":"27.0 m expressly stated for Building 11.1 in PDF p.51 per-building height table, not estimated from storeys. Floor count/use is supported by pp.16,20-21,49-51. Table values conflict with report summary of 26 m on pp.9/16; drawing-specific value is used.","footprint_basis":"Simplified hand trace of PDF p.48, DF Architecture Preliminary Site Plan, printed p.19, revision 26 November 2024; affine alignment to original City application boundary corners. Explicit pixel trace and control points retained in build_models.py.","model_note":"Public-plan demonstration massing, not approved or survey-accurate geometry. Hand-traced building outlines are aligned approximately to public application boundaries. Terrain, balconies, facade detail, roof plant, exact roof steps and untraced podiums are omitted; current City drawings and survey control must be verified before production. All 16 named footprints in the drawing are represented, including commercial Buildings 6.1/13 and amenity Building 14; two single-family lots have no invented house geometry. Report headline says 15 buildings, but p.48 plan and p.51 table separately label 16 including 6.1 and 11.1/11.2; this discrepancy is preserved. Heights follow the per-building table p.51: 27 m typical, 31 m B7, 6 m B6.1/B13, 10 m B14. This conflicts materially with the 26 m report summary on p.9/p.16 and must be verified before production. Site topography drops approximately 10 m; flat-ground massing omits that slope. Broad ground envelopes are simplified; upper-storey setbacks and shared suspended-slab podiums are omitted.","component":"building","area":"South Surrey","checked_date":"2026-09-30","is_production_verified":false,"status_at_source":"Public proposal in cited planning report; not a claim of current approved or constructed architecture","source_component_id":"18-0156-00-Building 11.1"},"geometry":{"type":"Polygon","coordinates":[[[-122.76423762,49.02940997],[-122.76393728,49.02941],[-122.76393715,49.02959667],[-122.76358483,49.0295967],[-122.76358467,49.02980623],[-122.76423733,49.02980618],[-122.76423762,49.02940997]]]}},{"type":"Feature","id":2022,"properties":{"model_id":2022,"name":"16 Avenue & Highway 99 — Building 11.2","project_no":"18-0156-00","physical_building_id":"18-0156-00-11.2","building_label":"11.2","height_m":27,"base_m":0,"storeys":6,"source_url":"https://www.surrey.ca/sites/default/files/planning-reports/PLR_7918-0156-00.pdf","height_basis":"27.0 m expressly stated for Building 11.2 in PDF p.51 per-building height table, not estimated from storeys. Floor count/use is supported by pp.16,20-21,49-51. Table values conflict with report summary of 26 m on pp.9/16; drawing-specific value is used.","footprint_basis":"Simplified hand trace of PDF p.48, DF Architecture Preliminary Site Plan, printed p.19, revision 26 November 2024; affine alignment to original City application boundary corners. Explicit pixel trace and control points retained in build_models.py.","model_note":"Public-plan demonstration massing, not approved or survey-accurate geometry. Hand-traced building outlines are aligned approximately to public application boundaries. Terrain, balconies, facade detail, roof plant, exact roof steps and untraced podiums are omitted; current City drawings and survey control must be verified before production. All 16 named footprints in the drawing are represented, including commercial Buildings 6.1/13 and amenity Building 14; two single-family lots have no invented house geometry. Report headline says 15 buildings, but p.48 plan and p.51 table separately label 16 including 6.1 and 11.1/11.2; this discrepancy is preserved. Heights follow the per-building table p.51: 27 m typical, 31 m B7, 6 m B6.1/B13, 10 m B14. This conflicts materially with the 26 m report summary on p.9/p.16 and must be verified before production. Site topography drops approximately 10 m; flat-ground massing omits that slope. Broad ground envelopes are simplified; upper-storey setbacks and shared suspended-slab podiums are omitted.","component":"building","area":"South Surrey","checked_date":"2026-09-30","is_production_verified":false,"status_at_source":"Public proposal in cited planning report; not a claim of current approved or constructed architecture","source_component_id":"18-0156-00-Building 11.2"},"geometry":{"type":"Polygon","coordinates":[[[-122.76349241,49.02959671],[-122.76318052,49.02959673],[-122.76318066,49.02941006],[-122.76287455,49.02941008],[-122.76287426,49.02980629],[-122.76349226,49.02980624],[-122.76349241,49.02959671]]]}},{"type":"Feature","id":2023,"properties":{"model_id":2023,"name":"16 Avenue & Highway 99 — Building 12","project_no":"18-0156-00","physical_building_id":"18-0156-00-12","building_label":"12","height_m":27,"base_m":0,"storeys":6,"source_url":"https://www.surrey.ca/sites/default/files/planning-reports/PLR_7918-0156-00.pdf","height_basis":"27.0 m expressly stated for Building 12 in PDF p.51 per-building height table, not estimated from storeys. Floor count/use is supported by pp.16,20-21,49-51. Table values conflict with report summary of 26 m on pp.9/16; drawing-specific value is used.","footprint_basis":"Simplified hand trace of PDF p.48, DF Architecture Preliminary Site Plan, printed p.19, revision 26 November 2024; affine alignment to original City application boundary corners. Explicit pixel trace and control points retained in build_models.py.","model_note":"Public-plan demonstration massing, not approved or survey-accurate geometry. Hand-traced building outlines are aligned approximately to public application boundaries. Terrain, balconies, facade detail, roof plant, exact roof steps and untraced podiums are omitted; current City drawings and survey control must be verified before production. All 16 named footprints in the drawing are represented, including commercial Buildings 6.1/13 and amenity Building 14; two single-family lots have no invented house geometry. Report headline says 15 buildings, but p.48 plan and p.51 table separately label 16 including 6.1 and 11.1/11.2; this discrepancy is preserved. Heights follow the per-building table p.51: 27 m typical, 31 m B7, 6 m B6.1/B13, 10 m B14. This conflicts materially with the 26 m report summary on p.9/p.16 and must be verified before production. Site topography drops approximately 10 m; flat-ground massing omits that slope. Broad ground envelopes are simplified; upper-storey setbacks and shared suspended-slab podiums are omitted.","component":"building","area":"South Surrey","checked_date":"2026-09-30","is_production_verified":false,"status_at_source":"Public proposal in cited planning report; not a claim of current approved or constructed architecture","source_component_id":"18-0156-00-Building 12"},"geometry":{"type":"Polygon","coordinates":[[[-122.76227953,49.02956252],[-122.76191566,49.02956255],[-122.76188112,49.02941016],[-122.76145372,49.0294102],[-122.76161521,49.02972258],[-122.76173067,49.02979495],[-122.76227936,49.02979491],[-122.76227953,49.02956252]]]}},{"type":"Feature","id":2024,"properties":{"model_id":2024,"name":"16 Avenue & Highway 99 — Building 13","project_no":"18-0156-00","physical_building_id":"18-0156-00-13","building_label":"13","height_m":6,"base_m":0,"storeys":1,"source_url":"https://www.surrey.ca/sites/default/files/planning-reports/PLR_7918-0156-00.pdf","height_basis":"6.0 m expressly stated for Building 13 in PDF p.51 per-building height table, not estimated from storeys. Floor count/use is supported by pp.16,20-21,49-51. Table values conflict with report summary of 26 m on pp.9/16; drawing-specific value is used.","footprint_basis":"Simplified hand trace of PDF p.48, DF Architecture Preliminary Site Plan, printed p.19, revision 26 November 2024; affine alignment to original City application boundary corners. Explicit pixel trace and control points retained in build_models.py.","model_note":"Public-plan demonstration massing, not approved or survey-accurate geometry. Hand-traced building outlines are aligned approximately to public application boundaries. Terrain, balconies, facade detail, roof plant, exact roof steps and untraced podiums are omitted; current City drawings and survey control must be verified before production. All 16 named footprints in the drawing are represented, including commercial Buildings 6.1/13 and amenity Building 14; two single-family lots have no invented house geometry. Report headline says 15 buildings, but p.48 plan and p.51 table separately label 16 including 6.1 and 11.1/11.2; this discrepancy is preserved. Heights follow the per-building table p.51: 27 m typical, 31 m B7, 6 m B6.1/B13, 10 m B14. This conflicts materially with the 26 m report summary on p.9/p.16 and must be verified before production. Site topography drops approximately 10 m; flat-ground massing omits that slope. Broad ground envelopes are simplified; upper-storey setbacks and shared suspended-slab podiums are omitted.","component":"building","area":"South Surrey","checked_date":"2026-09-30","is_production_verified":false,"status_at_source":"Public proposal in cited planning report; not a claim of current approved or constructed architecture","source_component_id":"18-0156-00-Building 13"},"geometry":{"type":"Polygon","coordinates":[[[-122.76234268,49.03009205],[-122.76215207,49.03011112],[-122.76197877,49.0301378],[-122.76230207,49.03033969],[-122.76241182,49.03032444],[-122.76234268,49.03009205]]]}},{"type":"Feature","id":2025,"properties":{"model_id":2025,"name":"16 Avenue & Highway 99 — Building 14","project_no":"18-0156-00","physical_building_id":"18-0156-00-14","building_label":"14","height_m":10,"base_m":0,"storeys":2,"source_url":"https://www.surrey.ca/sites/default/files/planning-reports/PLR_7918-0156-00.pdf","height_basis":"10.0 m expressly stated for Building 14 in PDF p.51 per-building height table, not estimated from storeys. Floor count/use is supported by pp.16,20-21,49-51. Table values conflict with report summary of 26 m on pp.9/16; drawing-specific value is used.","footprint_basis":"Simplified hand trace of PDF p.48, DF Architecture Preliminary Site Plan, printed p.19, revision 26 November 2024; affine alignment to original City application boundary corners. Explicit pixel trace and control points retained in build_models.py.","model_note":"Public-plan demonstration massing, not approved or survey-accurate geometry. Hand-traced building outlines are aligned approximately to public application boundaries. Terrain, balconies, facade detail, roof plant, exact roof steps and untraced podiums are omitted; current City drawings and survey control must be verified before production. All 16 named footprints in the drawing are represented, including commercial Buildings 6.1/13 and amenity Building 14; two single-family lots have no invented house geometry. Report headline says 15 buildings, but p.48 plan and p.51 table separately label 16 including 6.1 and 11.1/11.2; this discrepancy is preserved. Heights follow the per-building table p.51: 27 m typical, 31 m B7, 6 m B6.1/B13, 10 m B14. This conflicts materially with the 26 m report summary on p.9/p.16 and must be verified before production. Site topography drops approximately 10 m; flat-ground massing omits that slope. Broad ground envelopes are simplified; upper-storey setbacks and shared suspended-slab podiums are omitted.","component":"building","area":"South Surrey","checked_date":"2026-09-30","is_production_verified":false,"status_at_source":"Public proposal in cited planning report; not a claim of current approved or constructed architecture","source_component_id":"18-0156-00-Building 14"},"geometry":{"type":"Polygon","coordinates":[[[-122.76586607,49.02983652],[-122.76568696,49.02992035],[-122.76568684,49.03007654],[-122.76608537,49.03007651],[-122.76586607,49.02983652]]]}},{"type":"Feature","id":2026,"properties":{"model_id":2026,"name":"King George Boulevard at 106 Avenue — West tower","project_no":"19-0372-00","physical_building_id":"19-0372-00-WT","building_label":"WT","height_m":148,"base_m":0,"storeys":50,"source_url":"https://www.surrey.ca/sites/default/files/planning-reports/PLR_7919-0372-00.pdf","height_basis":"148 m / 50 storeys in report PDF p.5. Drawing statistics p.21 give 147.5 m to top of parapet; model uses report rounded value. Narrative p.15 differs at 49 storeys.","footprint_basis":"Simplified hand trace of PDF p.32, MCM A102 Site Plan Interim, November 2020 scheme; affine alignment to original City application boundary corners. Explicit pixel trace and control points retained in build_models.py.","model_note":"Public-plan demonstration massing, not approved or survey-accurate geometry. Hand-traced building outlines are aligned approximately to public application boundaries. Terrain, balconies, facade detail, roof plant, exact roof steps and untraced podiums are omitted; current City drawings and survey control must be verified before production. Two principal tower footprints use the overall interim site plan, not the parcel extent. Report p.5 gives 50/42 storeys, while p.15 describes 49/40 and plan p.32 labels 50F/41F. Heights follow p.5 (148/126 m), with p.21 drawing statistics of 147.5/125.7 m disclosed as rounding differences. Podiums and detailed ultimate road-frontage changes omitted. Two west-side vertices of the east tower fall within the narrow existing City-owned lane between the GIS multipart parcels; report PDF p.4 expressly proposes closure, acquisition and consolidation of that lane, so the drawn footprint is retained rather than clipped to the current parcel gap.","component":"building","area":"City Centre","checked_date":"2026-09-30","is_production_verified":false,"status_at_source":"Public proposal in cited planning report; not a claim of current approved or constructed architecture","source_component_id":"19-0372-00-West tower"},"geometry":{"type":"Polygon","coordinates":[[[-122.84492774,49.19628036],[-122.84460209,49.19627626],[-122.84459911,49.1965115],[-122.84492475,49.1965156],[-122.84492774,49.19628036]]]}},{"type":"Feature","id":2027,"properties":{"model_id":2027,"name":"King George Boulevard at 106 Avenue — East tower","project_no":"19-0372-00","physical_building_id":"19-0372-00-ET","building_label":"ET","height_m":126,"base_m":0,"storeys":42,"source_url":"https://www.surrey.ca/sites/default/files/planning-reports/PLR_7919-0372-00.pdf","height_basis":"126 m / 42 storeys in report PDF p.5. Drawing statistics p.21 give 125.7 m to top of parapet; model uses report rounded value. Plan p.32 labels 41F and narrative p.15 says 40 storeys.","footprint_basis":"Simplified hand trace of PDF p.32, MCM A102 Site Plan Interim, November 2020 scheme; affine alignment to original City application boundary corners. Explicit pixel trace and control points retained in build_models.py.","model_note":"Public-plan demonstration massing, not approved or survey-accurate geometry. Hand-traced building outlines are aligned approximately to public application boundaries. Terrain, balconies, facade detail, roof plant, exact roof steps and untraced podiums are omitted; current City drawings and survey control must be verified before production. Two principal tower footprints use the overall interim site plan, not the parcel extent. Report p.5 gives 50/42 storeys, while p.15 describes 49/40 and plan p.32 labels 50F/41F. Heights follow p.5 (148/126 m), with p.21 drawing statistics of 147.5/125.7 m disclosed as rounding differences. Podiums and detailed ultimate road-frontage changes omitted. Two west-side vertices of the east tower fall within the narrow existing City-owned lane between the GIS multipart parcels; report PDF p.4 expressly proposes closure, acquisition and consolidation of that lane, so the drawn footprint is retained rather than clipped to the current parcel gap.","component":"building","area":"City Centre","checked_date":"2026-09-30","is_production_verified":false,"status_at_source":"Public proposal in cited planning report; not a claim of current approved or constructed architecture","source_component_id":"19-0372-00-East tower"},"geometry":{"type":"Polygon","coordinates":[[[-122.84306363,49.19625353],[-122.84273798,49.19624943],[-122.84273641,49.19637377],[-122.84280564,49.19637464],[-122.84280451,49.1964637],[-122.84306093,49.19646692],[-122.84306363,49.19625353]]]}},{"type":"Feature","id":2028,"properties":{"model_id":2028,"name":"City Parkway & University Drive — Tower 1","project_no":"21-0343-00","physical_building_id":"21-0343-00-Tower1","building_label":"Tower1","height_m":114.2,"base_m":0,"storeys":33,"source_url":"https://www.surrey.ca/sites/default/files/planning-reports/PLR_7921-0343-00.pdf","height_basis":"114.2 m top of screen and 33 floors in PDF p.33 drawing statistics. Report p.5 uses rounded 114/143/129 m; Tower 2 floor count is 40 in statistics but 42 on report/site plan. Tower maxima simplified to single full-height extrusion.","footprint_basis":"Simplified hand trace of PDF p.30, Site Plan printed p.54, stamped 28 April 2022; Statistics printed p.106; affine alignment to original City application boundary corners. Explicit pixel trace and control points retained in build_models.py.","model_note":"Public-plan demonstration massing, not approved or survey-accurate geometry. Hand-traced building outlines are aligned approximately to public application boundaries. Terrain, balconies, facade detail, roof plant, exact roof steps and untraced podiums are omitted; current City drawings and survey control must be verified before production. Three exterior tower envelopes are traced, including the continuous balcony envelope around each tower. Small inner roof-deck loops are not mistaken for whole building footprints. Original boundary controls include the strip conveyed to the City along the SkyTrain, not only the new setback line. Heights follow p.33 drawing statistics top of screen: 114.2/142.7/128.6 m. Report p.5 gives rounded 114/143/129 m; p.33 lists Tower 2 at 40 floors while the site plan/report lists 42. Storeys follow p.33 statistics. The drawing height heading refers to lobby level and also mentions average grade 64.8 m; datum ambiguity remains. Complex stepped 2/3/5/9/12-storey podium and townhouse wings omitted. One tower-envelope vertex falls just outside the curved GIS edge at the future roundabout owing to approximate plan georeferencing; this requires survey control, not an assertion of an encroachment.","component":"building","area":"City Centre","checked_date":"2026-09-30","is_production_verified":false,"status_at_source":"Public proposal in cited planning report; not a claim of current approved or constructed architecture","source_component_id":"21-0343-00-Tower 1"},"geometry":{"type":"Polygon","coordinates":[[[-122.85170818,49.20200195],[-122.85165845,49.20196793],[-122.85162932,49.20196047],[-122.85156957,49.20194659],[-122.85150244,49.20194013],[-122.85140651,49.20193681],[-122.85131368,49.20193562],[-122.85123394,49.20196415],[-122.85117588,49.20200545],[-122.85114987,49.20204997],[-122.8511594,49.20211258],[-122.85118355,49.20215611],[-122.85125768,49.20219228],[-122.85133523,49.20219133],[-122.85143368,49.20217768],[-122.85155226,49.20212586],[-122.85168948,49.20203694],[-122.85170818,49.20200195]]]}},{"type":"Feature","id":2029,"properties":{"model_id":2029,"name":"City Parkway & University Drive — Tower 2","project_no":"21-0343-00","physical_building_id":"21-0343-00-Tower2","building_label":"Tower2","height_m":142.7,"base_m":0,"storeys":40,"source_url":"https://www.surrey.ca/sites/default/files/planning-reports/PLR_7921-0343-00.pdf","height_basis":"142.7 m top of screen and 40 floors in PDF p.33 drawing statistics. Report p.5 uses rounded 114/143/129 m; Tower 2 floor count is 40 in statistics but 42 on report/site plan. Tower maxima simplified to single full-height extrusion.","footprint_basis":"Simplified hand trace of PDF p.30, Site Plan printed p.54, stamped 28 April 2022; Statistics printed p.106; affine alignment to original City application boundary corners. Explicit pixel trace and control points retained in build_models.py.","model_note":"Public-plan demonstration massing, not approved or survey-accurate geometry. Hand-traced building outlines are aligned approximately to public application boundaries. Terrain, balconies, facade detail, roof plant, exact roof steps and untraced podiums are omitted; current City drawings and survey control must be verified before production. Three exterior tower envelopes are traced, including the continuous balcony envelope around each tower. Small inner roof-deck loops are not mistaken for whole building footprints. Original boundary controls include the strip conveyed to the City along the SkyTrain, not only the new setback line. Heights follow p.33 drawing statistics top of screen: 114.2/142.7/128.6 m. Report p.5 gives rounded 114/143/129 m; p.33 lists Tower 2 at 40 floors while the site plan/report lists 42. Storeys follow p.33 statistics. The drawing height heading refers to lobby level and also mentions average grade 64.8 m; datum ambiguity remains. Complex stepped 2/3/5/9/12-storey podium and townhouse wings omitted. One tower-envelope vertex falls just outside the curved GIS edge at the future roundabout owing to approximate plan georeferencing; this requires survey control, not an assertion of an encroachment.","component":"building","area":"City Centre","checked_date":"2026-09-30","is_production_verified":false,"status_at_source":"Public proposal in cited planning report; not a claim of current approved or constructed architecture","source_component_id":"21-0343-00-Tower 2"},"geometry":{"type":"Polygon","coordinates":[[[-122.85165862,49.20157752],[-122.85161337,49.20154032],[-122.85154824,49.20149992],[-122.85147857,49.20146057],[-122.85140911,49.20142758],[-122.85134314,49.20140945],[-122.8512852,49.20140513],[-122.8512263,49.20141884],[-122.85117252,49.20145059],[-122.85113149,49.20150145],[-122.85112205,49.2015407],[-122.85113079,49.20157784],[-122.85120207,49.20162038],[-122.8512817,49.20163746],[-122.85139298,49.20164504],[-122.85148289,49.20165048],[-122.85158025,49.20165061],[-122.85163644,49.20164751],[-122.85168,49.20162953],[-122.85168854,49.20161045],[-122.85165862,49.20157752]]]}},{"type":"Feature","id":2030,"properties":{"model_id":2030,"name":"City Parkway & University Drive — Tower 3","project_no":"21-0343-00","physical_building_id":"21-0343-00-Tower3","building_label":"Tower3","height_m":128.6,"base_m":0,"storeys":38,"source_url":"https://www.surrey.ca/sites/default/files/planning-reports/PLR_7921-0343-00.pdf","height_basis":"128.6 m top of screen and 38 floors in PDF p.33 drawing statistics. Report p.5 uses rounded 114/143/129 m; Tower 2 floor count is 40 in statistics but 42 on report/site plan. Tower maxima simplified to single full-height extrusion.","footprint_basis":"Simplified hand trace of PDF p.30, Site Plan printed p.54, stamped 28 April 2022; Statistics printed p.106; affine alignment to original City application boundary corners. Explicit pixel trace and control points retained in build_models.py.","model_note":"Public-plan demonstration massing, not approved or survey-accurate geometry. Hand-traced building outlines are aligned approximately to public application boundaries. Terrain, balconies, facade detail, roof plant, exact roof steps and untraced podiums are omitted; current City drawings and survey control must be verified before production. Three exterior tower envelopes are traced, including the continuous balcony envelope around each tower. Small inner roof-deck loops are not mistaken for whole building footprints. Original boundary controls include the strip conveyed to the City along the SkyTrain, not only the new setback line. Heights follow p.33 drawing statistics top of screen: 114.2/142.7/128.6 m. Report p.5 gives rounded 114/143/129 m; p.33 lists Tower 2 at 40 floors while the site plan/report lists 42. Storeys follow p.33 statistics. The drawing height heading refers to lobby level and also mentions average grade 64.8 m; datum ambiguity remains. Complex stepped 2/3/5/9/12-storey podium and townhouse wings omitted. One tower-envelope vertex falls just outside the curved GIS edge at the future roundabout owing to approximate plan georeferencing; this requires survey control, not an assertion of an encroachment.","component":"building","area":"City Centre","checked_date":"2026-09-30","is_production_verified":false,"status_at_source":"Public proposal in cited planning report; not a claim of current approved or constructed architecture","source_component_id":"21-0343-00-Tower 3"},"geometry":{"type":"Polygon","coordinates":[[[-122.85208546,49.20126091],[-122.85206175,49.20118237],[-122.85203707,49.20112186],[-122.85200373,49.2010762],[-122.8519632,49.20104431],[-122.85191095,49.20102726],[-122.85185302,49.20102294],[-122.85179554,49.20103347],[-122.85174156,49.20105885],[-122.85170311,49.20109487],[-122.85169251,49.20114578],[-122.85170773,49.20119566],[-122.85174878,49.20124452],[-122.85182479,49.20129237],[-122.85189749,49.20133173],[-122.85195453,49.20135621],[-122.85200949,49.20136265],[-122.85205933,49.20135105],[-122.8520814,49.20132668],[-122.85208546,49.20126091]]]}},{"type":"Feature","id":2031,"properties":{"model_id":2031,"name":"Bolivar Road & 112 Avenue — Tower 1","project_no":"23-0234-00","physical_building_id":"23-0234-00-Tower1","building_label":"Tower1","height_m":74.5,"base_m":0,"storeys":21,"source_url":"https://www.surrey.ca/sites/default/files/planning-reports/PLR_7923-0234-00.pdf","height_basis":"PDF p.67 A303 Tower 1 true elevations: 65.75 m lower height plus 8.75 m upper roof dimension = 74.5 m; east side is lower at 8.25 m and simplified to maximum.","footprint_basis":"Simplified hand trace of PDF p.43, CDA A101 Overall Site Plan / Tower Separation, submission to Council 29 January 2024; affine alignment to original City application boundary corners. Explicit pixel trace and control points retained in build_models.py.","model_note":"Public-plan demonstration massing, not approved or survey-accurate geometry. Hand-traced building outlines are aligned approximately to public application boundaries. Terrain, balconies, facade detail, roof plant, exact roof steps and untraced podiums are omitted; current City drawings and survey control must be verified before production. Three primary tower outlines are traced. Height is derived by adding printed vertical metre dimensions in individual true elevations: T1 65.75+8.75=74.5 m, T2 113+9.25=122.25 m, T3 73.25+8.5=81.75 m. T1 roof step is reduced to its higher west-elevation maximum. Zoning maxima on report p.15 (Block A124 m/Block B83 m) are not substituted for individual tower heights. Shared terraced podiums and exact roof plant are omitted. Protected riparian area remains unmodelled.","component":"building","area":"City Centre","checked_date":"2026-09-30","is_production_verified":false,"status_at_source":"Public proposal in cited planning report; not a claim of current approved or constructed architecture","source_component_id":"23-0234-00-Tower 1"},"geometry":{"type":"Polygon","coordinates":[[[-122.85318657,49.20466627],[-122.85309798,49.20459067],[-122.85303157,49.20455775],[-122.85293751,49.20453137],[-122.85267776,49.20471336],[-122.85286595,49.20482602],[-122.85303182,49.20477619],[-122.85318657,49.20466627]]]}},{"type":"Feature","id":2032,"properties":{"model_id":2032,"name":"Bolivar Road & 112 Avenue — Tower 2","project_no":"23-0234-00","physical_building_id":"23-0234-00-Tower2","building_label":"Tower2","height_m":122.25,"base_m":0,"storeys":37,"source_url":"https://www.surrey.ca/sites/default/files/planning-reports/PLR_7923-0234-00.pdf","height_basis":"PDF p.69 A305 Tower 2 true elevations: 113.00 m main dimension plus 9.25 m upper roof dimension = 122.25 m; this is an explicit drawing-dimension sum, not floor-count estimate.","footprint_basis":"Simplified hand trace of PDF p.43, CDA A101 Overall Site Plan / Tower Separation, submission to Council 29 January 2024; affine alignment to original City application boundary corners. Explicit pixel trace and control points retained in build_models.py.","model_note":"Public-plan demonstration massing, not approved or survey-accurate geometry. Hand-traced building outlines are aligned approximately to public application boundaries. Terrain, balconies, facade detail, roof plant, exact roof steps and untraced podiums are omitted; current City drawings and survey control must be verified before production. Three primary tower outlines are traced. Height is derived by adding printed vertical metre dimensions in individual true elevations: T1 65.75+8.75=74.5 m, T2 113+9.25=122.25 m, T3 73.25+8.5=81.75 m. T1 roof step is reduced to its higher west-elevation maximum. Zoning maxima on report p.15 (Block A124 m/Block B83 m) are not substituted for individual tower heights. Shared terraced podiums and exact roof plant are omitted. Protected riparian area remains unmodelled.","component":"building","area":"City Centre","checked_date":"2026-09-30","is_production_verified":false,"status_at_source":"Public proposal in cited planning report; not a claim of current approved or constructed architecture","source_component_id":"23-0234-00-Tower 2"},"geometry":{"type":"Polygon","coordinates":[[[-122.85235753,49.20520782],[-122.85240167,49.2051135],[-122.85231866,49.20508027],[-122.85226888,49.20507936],[-122.85212503,49.20504151],[-122.8520421,49.20507523],[-122.85198689,49.20516582],[-122.85200903,49.20518032],[-122.85196489,49.20527112],[-122.85224152,49.20533254],[-122.85235753,49.20520782]]]}},{"type":"Feature","id":2033,"properties":{"model_id":2033,"name":"Bolivar Road & 112 Avenue — Tower 3","project_no":"23-0234-00","physical_building_id":"23-0234-00-Tower3","building_label":"Tower3","height_m":81.75,"base_m":0,"storeys":24,"source_url":"https://www.surrey.ca/sites/default/files/planning-reports/PLR_7923-0234-00.pdf","height_basis":"PDF p.71 A307 Tower 3 true elevations: 73.25 m main dimension plus 8.50 m upper roof dimension = 81.75 m; not the 83 m zoning maximum.","footprint_basis":"Simplified hand trace of PDF p.43, CDA A101 Overall Site Plan / Tower Separation, submission to Council 29 January 2024; affine alignment to original City application boundary corners. Explicit pixel trace and control points retained in build_models.py.","model_note":"Public-plan demonstration massing, not approved or survey-accurate geometry. Hand-traced building outlines are aligned approximately to public application boundaries. Terrain, balconies, facade detail, roof plant, exact roof steps and untraced podiums are omitted; current City drawings and survey control must be verified before production. Three primary tower outlines are traced. Height is derived by adding printed vertical metre dimensions in individual true elevations: T1 65.75+8.75=74.5 m, T2 113+9.25=122.25 m, T3 73.25+8.5=81.75 m. T1 roof step is reduced to its higher west-elevation maximum. Zoning maxima on report p.15 (Block A124 m/Block B83 m) are not substituted for individual tower heights. Shared terraced podiums and exact roof plant are omitted. Protected riparian area remains unmodelled.","component":"building","area":"City Centre","checked_date":"2026-09-30","is_production_verified":false,"status_at_source":"Public proposal in cited planning report; not a claim of current approved or constructed architecture","source_component_id":"23-0234-00-Tower 3"},"geometry":{"type":"Polygon","coordinates":[[[-122.85235287,49.20594761],[-122.85238053,49.20594811],[-122.85238048,49.20590583],[-122.85235835,49.20590543],[-122.85235825,49.20582087],[-122.85229188,49.20581966],[-122.85229186,49.20580204],[-122.85207614,49.20579811],[-122.85207616,49.20581925],[-122.85198766,49.20581763],[-122.85198778,49.20591981],[-122.85196565,49.2059194],[-122.85196575,49.20600396],[-122.85204319,49.20600538],[-122.85204321,49.20602299],[-122.85219256,49.20602572],[-122.85219253,49.20600105],[-122.85235294,49.20600398],[-122.85235287,49.20594761]]]}},{"type":"Feature","id":3000,"properties":{"model_id":3000,"name":"Campbell 28 industrial centre","project_no":"22-0312-00","building_id":"22-0312-00:building-1","physical_building_id":"22-0312-00:building-1","component":"building","component_role":"building","height_m":10.66,"base_m":0,"source_url":"https://cosmos.surrey.ca/geo_ref/Images/DevelopmentApplicationDocuments/PLR_7922-0312-00.pdf","source_date":"2023-07-24","model_scheme_date":"2023-07-24","height_basis":"Reported proposed building height 10.66 metres in City planning report dated 2023-07-24, PDF p. 6. The height is not a surveyed construction measurement.","footprint_basis":"Approximate manual trace of A-1.0 site plan, revision 7; Schedule A, PDF p. 36; affine registration to visually matched corners/edges of official City application 22-0312-00. Building ring vertices and geographic control points are retained in the reproducible builder.","model_note":"Simplified public-plan demonstration massing, not an approved or survey-accurate 3D model. Manually traced building outlines are approximately aligned to official City application boundaries. Maximum reported building height is extruded uniformly; terrain, facade, minor projections, roof plant and exact stepped roofs are omitted. Current drawings and City validation are needed before production.","checked_date":"2026-09-30","is_production_verified":false,"area":"Campbell Heights","application_status":"Conditional Approval","status_checked_date":"2026-09-30","source_limitations":["Report p. 6 states 10.66 m; drawing site table rounds the proposed roof height to 36 ft (about 10.97 m). This model follows the report value.","East street/leased-strip geometry in the site drawing differs from the rectangular GIS application envelope; the approximate alignment uses that envelope and is not cadastral."]},"geometry":{"type":"Polygon","coordinates":[[[-122.68574239847759,49.05365906859646],[-122.68573892701505,49.05317512898588],[-122.68550320388766,49.05317498436212],[-122.68550355208907,49.05322352541729],[-122.6832379909203,49.053222135422274],[-122.68325749889493,49.05350750870188],[-122.68330551656904,49.05350753816227],[-122.68330621297184,49.0536046202726],[-122.68336732637525,49.05360465776765],[-122.68336792781405,49.05368850140839],[-122.68353817229493,49.05368860585888],[-122.68353757085613,49.05360476221814],[-122.68373182417407,49.05360488139883],[-122.68373242561287,49.05368872503957],[-122.68401180117125,49.05368889644551],[-122.68401119973245,49.05360505280477],[-122.68420763567194,49.05360517332456],[-122.68420823711074,49.0536890169653],[-122.68443086450883,49.05368915355441],[-122.68443026307003,49.05360530991367],[-122.68462669900951,49.053605430433464],[-122.68462730044831,49.05368927407421],[-122.68490449338515,49.053689444141035],[-122.68490389194635,49.05360560050029],[-122.68510251050739,49.0536057223592],[-122.68510311194619,49.05368956599994],[-122.68538467012613,49.053689738744986],[-122.68538406868733,49.05360589510425],[-122.68557832200526,49.05360601428494],[-122.68557870186135,49.0536589681633],[-122.68574239847759,49.05365906859646]]]}},{"type":"Feature","id":3001,"properties":{"model_id":3001,"name":"Pacific Link Industrial Park infill","project_no":"22-0362-00","building_id":"22-0362-00:building-1","physical_building_id":"22-0362-00:building-1","component":"building","component_role":"building","height_m":11,"base_m":0,"source_url":"https://cosmos.surrey.ca/geo_ref/Images/DevelopmentApplicationDocuments/PLR_7922-0362-00.pdf","source_date":"2023-09-25","model_scheme_date":"2023-09-25","height_basis":"Reported proposed building height 11 metres in City planning report dated 2023-09-25, PDF p. 5. The height is not a surveyed construction measurement.","footprint_basis":"Approximate manual trace of A10 site plan, May 26 2023; A04 base plan on p.15 used for whole-site registration, PDF p. 17; affine registration to visually matched corners/edges of official City application 22-0362-00. Building ring vertices and geographic control points are retained in the reproducible builder.","model_note":"Simplified public-plan demonstration massing, not an approved or survey-accurate 3D model. Manually traced building outlines are approximately aligned to official City application boundaries. Maximum reported building height is extruded uniformly; terrain, facade, minor projections, roof plant and exact stepped roofs are omitted. Current drawings and City validation are needed before production.","checked_date":"2026-09-30","is_production_verified":false,"area":"South Westminster","application_status":"Conditional Approval","status_checked_date":"2026-09-30","source_limitations":["Only the new southwestern building is modeled. Three existing buildings on the wider application parcel are deliberately excluded.","Whole-site control points are taken from A04 p.15; corresponding building corners transfer the alignment to detailed site plan A10 p.17."]},"geometry":{"type":"Polygon","coordinates":[[[-122.8925413938154,49.190988713403065],[-122.89253432676988,49.1908133824806],[-122.89227136003231,49.190813231394074],[-122.89227079821697,49.19079929295254],[-122.89203921434108,49.19079915989692],[-122.89203956917183,49.19080796312315],[-122.8919778856161,49.1908079276831],[-122.89197753078537,49.190799124456866],[-122.89174053607125,49.19079898829247],[-122.89173991511747,49.19078358264656],[-122.89147911271519,49.19078343280355],[-122.89148836788358,49.19101305028778],[-122.89167341855077,49.19101315660792],[-122.89167241319701,49.1909882141336],[-122.89182391666722,49.19098830117934],[-122.89182492202097,49.19101324365366],[-122.8919720968206,49.19101332821237],[-122.8919717715591,49.191005258588326],[-122.89206050930592,49.191005309572255],[-122.89206083456743,49.191013379196306],[-122.89220368069648,49.191013461268],[-122.89220267534273,49.190988518793674],[-122.89235417881294,49.19098860583941],[-122.8923562486589,49.19103995799243],[-122.89250342345854,49.191040042551144],[-122.89250135361256,49.19098869039812],[-122.8925413938154,49.190988713403065]]]}},{"type":"Feature","id":3002,"properties":{"model_id":3002,"name":"Old Yale Road industrial and office building","project_no":"23-0067-00","building_id":"23-0067-00:building-1","physical_building_id":"23-0067-00:building-1","component":"building","component_role":"building","height_m":20.2,"base_m":0,"source_url":"https://cosmos.surrey.ca/geo_ref/Images/DevelopmentApplicationDocuments/PLR_7923-0067-00.pdf","source_date":"2024-11-18","model_scheme_date":"2024-11-18","height_basis":"Reported proposed building height 20.2 metres in City planning report dated 2024-11-18, PDF p. 6. The height is not a surveyed construction measurement.","footprint_basis":"Approximate manual trace of A2.0 site plan, October 17 2024, PDF p. 17; affine registration to visually matched corners/edges of official City application 23-0067-00. Building ring vertices and geographic control points are retained in the reproducible builder.","model_note":"Simplified public-plan demonstration massing, not an approved or survey-accurate 3D model. Manually traced building outlines are approximately aligned to official City application boundaries. Maximum reported building height is extruded uniformly; terrain, facade, minor projections, roof plant and exact stepped roofs are omitted. Current drawings and City validation are needed before production.","checked_date":"2026-09-30","is_production_verified":false,"area":"South Westminster","application_status":"Conditional Approval","status_checked_date":"2026-09-30","source_limitations":["North is toward the left in the drawing after matching its sloping Old Yale Road boundary to GIS; the registration preserves that orientation.","Report p.6 describes four levels including at-grade parking and a mezzanine, while one preceding bullet calls it three-storey. The model uses the unambiguous 20.2 m height and labels four levels including the mezzanine.","The maximum height is applied uniformly to the traced primary envelope; elevated parking openings and upper-level setbacks are simplified."],"storeys":4},"geometry":{"type":"Polygon","coordinates":[[[-122.87657769252434,49.196935265510824],[-122.8766607242874,49.19693508091274],[-122.87684532077783,49.19697807808979],[-122.87694521836777,49.19697785599522],[-122.8769580193189,49.19637880298543],[-122.87656361844438,49.19637967982632],[-122.87656079852471,49.196511645127025],[-122.87669572513968,49.196511345155145],[-122.87669251562583,49.196661542503975],[-122.87658223906553,49.19666178767331],[-122.87657990150053,49.19677117996205],[-122.87658119887183,49.19677117707771],[-122.87657769252434,49.196935265510824]]]}},{"type":"Feature","id":3003,"properties":{"model_id":3003,"name":"Highpoint Industrial","project_no":"23-0081-00","building_id":"23-0081-00:building-1","physical_building_id":"23-0081-00:building-1","component":"building","component_role":"building","height_m":12.19,"base_m":0,"source_url":"https://cosmos.surrey.ca/geo_ref/Images/DevelopmentApplicationDocuments/PLR_7923-0081-00.pdf","source_date":"2023-10-30","model_scheme_date":"2023-10-30","height_basis":"Reported proposed building height 12.19 metres in City planning report dated 2023-10-30, PDF p. 5. The height is not a surveyed construction measurement.","footprint_basis":"Approximate manual trace of A-001 site plan and context plan, October 19 2023, PDF p. 12; affine registration to visually matched corners/edges of official City application 23-0081-00. Building ring vertices and geographic control points are retained in the reproducible builder.","model_note":"Simplified public-plan demonstration massing, not an approved or survey-accurate 3D model. Manually traced building outlines are approximately aligned to official City application boundaries. Maximum reported building height is extruded uniformly; terrain, facade, minor projections, roof plant and exact stepped roofs are omitted. Current drawings and City validation are needed before production.","checked_date":"2026-09-30","is_production_verified":false,"area":"Campbell Heights","application_status":"Conditional Approval","status_checked_date":"2026-09-30","source_limitations":["The 14 m figure on the drawing is the permitted zoning maximum. The modeled proposed height is 12.19 m, explicitly stated in the report and drawing project-information table."]},"geometry":{"type":"Polygon","coordinates":[[[-122.6852178585509,49.06583426649389],[-122.6852090224088,49.064621066972855],[-122.68496404296485,49.06462088238956],[-122.68496425815248,49.06465042758337],[-122.68482909707996,49.06465032574432],[-122.68482888189232,49.0646207805505],[-122.68435863399417,49.064620426235436],[-122.68435913161557,49.064688749496135],[-122.68448584512106,49.06468884497025],[-122.68448706900071,49.06485688326008],[-122.68436035549522,49.064856787785956],[-122.68436135073802,49.06499343430735],[-122.68448806424351,49.06499352978147],[-122.68448957055692,49.06520034613818],[-122.68436285705143,49.065200250664056],[-122.68436355641123,49.065296272543954],[-122.68449026991672,49.065296368018075],[-122.68449148034715,49.065462559733284],[-122.68436476684165,49.06546246425916],[-122.6843652375646,49.06552709437064],[-122.6844919510701,49.06552718984476],[-122.68449318839897,49.06569707470919],[-122.68436647489348,49.06569697923507],[-122.68436771222237,49.06586686409951],[-122.68508012370879,49.06586740087622],[-122.6850798816227,49.065834162533186],[-122.6852178585509,49.06583426649389]]]}},{"type":"Feature","id":3004,"properties":{"model_id":3004,"name":"195 Business Centre — building 200","project_no":"23-0166-00","building_id":"23-0166-00:building-200","physical_building_id":"23-0166-00:building-200","component":"building","component_role":"building","height_m":11,"base_m":0,"source_url":"https://cosmos.surrey.ca/geo_ref/Images/DevelopmentApplicationDocuments/PLR_7923-0166-00.pdf","source_date":"2023-09-25","model_scheme_date":"2023-09-25","height_basis":"Reported proposed building height 11 metres in City planning report dated 2023-09-25, PDF p. 5. The height is not a surveyed construction measurement.","footprint_basis":"Approximate manual trace of A-1.0 site plan, revision 8, PDF p. 13; affine registration to visually matched corners/edges of official City application 23-0166-00. Building ring vertices and geographic control points are retained in the reproducible builder.","model_note":"Simplified public-plan demonstration massing, not an approved or survey-accurate 3D model. Manually traced building outlines are approximately aligned to official City application boundaries. Maximum reported building height is extruded uniformly; terrain, facade, minor projections, roof plant and exact stepped roofs are omitted. Current drawings and City validation are needed before production.","checked_date":"2026-09-30","is_production_verified":false,"area":"Campbell Heights","application_status":"Conditional Approval","status_checked_date":"2026-09-30","source_limitations":["Two distinct buildings (100 and 200) are visible on the source plan and counted separately; the report cover uses the singular generic phrase industrial building."]},"geometry":{"type":"Polygon","coordinates":[[[-122.68236334184208,49.06124010218494],[-122.68236195225435,49.06101017979022],[-122.68226447679187,49.061010317941495],[-122.68226453954745,49.06102070153351],[-122.68211719291808,49.06102091036683],[-122.68211713016251,49.06101052677481],[-122.68200378660147,49.06101068741582],[-122.68200384935705,49.06102107100784],[-122.68186103647014,49.06102127341551],[-122.68186097371456,49.0610108898235],[-122.68174309641108,49.06101105689015],[-122.68174315916666,49.06102144048217],[-122.68160261315097,49.06102163967702],[-122.68160254143031,49.06100977271472],[-122.68148466412683,49.06100993978137],[-122.68148473584749,49.061021806743675],[-122.6813441898318,49.06102200593853],[-122.68134412707623,49.06101162234651],[-122.68124211787129,49.06101176692343],[-122.681243507459,49.061241689318145],[-122.68236334184208,49.06124010218494]]]}},{"type":"Feature","id":3005,"properties":{"model_id":3005,"name":"195 Business Centre — building 100","project_no":"23-0166-00","building_id":"23-0166-00:building-100","physical_building_id":"23-0166-00:building-100","component":"building","component_role":"building","height_m":11,"base_m":0,"source_url":"https://cosmos.surrey.ca/geo_ref/Images/DevelopmentApplicationDocuments/PLR_7923-0166-00.pdf","source_date":"2023-09-25","model_scheme_date":"2023-09-25","height_basis":"Reported proposed building height 11 metres in City planning report dated 2023-09-25, PDF p. 5. The height is not a surveyed construction measurement.","footprint_basis":"Approximate manual trace of A-1.0 site plan, revision 8, PDF p. 13; affine registration to visually matched corners/edges of official City application 23-0166-00. Building ring vertices and geographic control points are retained in the reproducible builder.","model_note":"Simplified public-plan demonstration massing, not an approved or survey-accurate 3D model. Manually traced building outlines are approximately aligned to official City application boundaries. Maximum reported building height is extruded uniformly; terrain, facade, minor projections, roof plant and exact stepped roofs are omitted. Current drawings and City validation are needed before production.","checked_date":"2026-09-30","is_production_verified":false,"area":"Campbell Heights","application_status":"Conditional Approval","status_checked_date":"2026-09-30","source_limitations":["Two distinct buildings (100 and 200) are visible on the source plan and counted separately; the report cover uses the singular generic phrase industrial building."]},"geometry":{"type":"Polygon","coordinates":[[[-122.68236062542222,49.06079064098752],[-122.68235897584712,49.06051770085443],[-122.68123687459283,49.060519291200464],[-122.68123852416792,49.060792231333544],[-122.68132693214554,49.06079210603356],[-122.68132701283128,49.060805456366154],[-122.68140181958155,49.06080535034309],[-122.68140173889581,49.06079200001049],[-122.68153548429785,49.06079181045409],[-122.68153556498359,49.06080516078669],[-122.68161263860509,49.0608050515508],[-122.68161255791935,49.06079170121821],[-122.68174630332138,49.06079151166181],[-122.68174638400711,49.060804861994406],[-122.68182345762862,49.06080475275852],[-122.68182337694289,49.06079140242592],[-122.68195712234491,49.060791212869525],[-122.68195720303065,49.060804563202126],[-122.68203200978094,49.06080445717905],[-122.6820319290952,49.06079110684646],[-122.68216114075479,49.0607909237157],[-122.68216122144052,49.0608042740483],[-122.68224056193326,49.06080416159959],[-122.68224048124752,49.060790811267],[-122.68236062542222,49.06079064098752]]]}},{"type":"Feature","id":3006,"properties":{"model_id":3006,"name":"192 Street industrial building","project_no":"23-0212-00","building_id":"23-0212-00:building-1","physical_building_id":"23-0212-00:building-1","component":"building","component_role":"building","height_m":12,"base_m":0,"source_url":"https://cosmos.surrey.ca/geo_ref/Images/DevelopmentApplicationDocuments/PLR_7923-0212-00.pdf","source_date":"2023-12-04","model_scheme_date":"2023-12-04","height_basis":"Reported proposed building height 12 metres in City planning report dated 2023-12-04, PDF p. 4. The height is not a surveyed construction measurement.","footprint_basis":"Approximate manual trace of A-DP 1.0 site plan, PDF p. 10; affine registration to visually matched corners/edges of official City application 23-0212-00. Building ring vertices and geographic control points are retained in the reproducible builder.","model_note":"Simplified public-plan demonstration massing, not an approved or survey-accurate 3D model. Manually traced building outlines are approximately aligned to official City application boundaries. Maximum reported building height is extruded uniformly; terrain, facade, minor projections, roof plant and exact stepped roofs are omitted. Current drawings and City validation are needed before production.","checked_date":"2026-09-30","is_production_verified":false,"area":"Campbell Heights","application_status":"Conditional Approval","status_checked_date":"2026-09-30","source_limitations":["The report proposal total is 8,408 square metres. Its floor-area table has a residential category label and inconsistent sub-total; the profile avoids presenting that ambiguous category breakdown.","GIS southwest street chamfer is represented by the intersection of its extended edge lines solely as a registration control, never as a building vertex."]},"geometry":{"type":"Polygon","coordinates":[[[-122.69086954813794,49.06584586367799],[-122.69085993199081,49.06477654195057],[-122.69001282853074,49.064776682077344],[-122.69001356309754,49.064858366375965],[-122.69015474700755,49.064858343021506],[-122.69015621614115,49.06502171161875],[-122.69001503223113,49.065021734973215],[-122.69001651805942,49.06518696003179],[-122.69015770196943,49.06518693667733],[-122.69015918779772,49.06535216173591],[-122.6900180038877,49.06535218509037],[-122.6900194730213,49.06551555368761],[-122.69016065693131,49.06551553033315],[-122.69016214275959,49.065680755391725],[-122.69002095884959,49.06568077874619],[-122.69002244467788,49.065846003804765],[-122.69086954813794,49.06584586367799]]]}},{"type":"Feature","id":3007,"properties":{"model_id":3007,"name":"104 Avenue warehouse development — building 1","project_no":"22-0170-00","building_id":"22-0170-00:building-1","physical_building_id":"22-0170-00:building-1","component":"building","component_role":"building","height_m":12.2,"base_m":0,"source_url":"https://cosmos.surrey.ca/geo_ref/Images/DevelopmentApplicationDocuments/PLR_7922-0170-00.pdf","source_date":"2024-01-15","model_scheme_date":"2024-01-15","height_basis":"Reported proposed building height 12.2 metres in City planning report dated 2024-01-15, PDF p. 6. The height is not a surveyed construction measurement.","footprint_basis":"Approximate manual trace of A1.04 site plan, January 3 2024, PDF p. 20; affine registration to visually matched corners/edges of official City application 22-0170-00. Building ring vertices and geographic control points are retained in the reproducible builder.","model_note":"Simplified public-plan demonstration massing, not an approved or survey-accurate 3D model. Manually traced building outlines are approximately aligned to official City application boundaries. Maximum reported building height is extruded uniformly; terrain, facade, minor projections, roof plant and exact stepped roofs are omitted. Current drawings and City validation are needed before production.","checked_date":"2026-09-30","is_production_verified":false,"area":"South Westminster","application_status":"Conditional Approval","status_checked_date":"2026-09-30","source_limitations":["The report describes a six-unit industrial development; plan A1.04 explicitly separates Building 1 and Building 2, which are counted as two physical buildings.","One shared maximum reported building height of 12.2 m is used for both buildings."]},"geometry":{"type":"Polygon","coordinates":[[[-122.8878818641218,49.19312612993738],[-122.88796535380716,49.193009412205754],[-122.88780728202336,49.192956424197874],[-122.88783511010351,49.192916173427484],[-122.88796526396594,49.192942841643635],[-122.88805183537536,49.19281403073175],[-122.8879464578161,49.192781395112846],[-122.88800521475768,49.19270292142016],[-122.88812298999714,49.19273963385184],[-122.88821884741564,49.19260480274563],[-122.88810726829382,49.19256811143057],[-122.88816602251295,49.19248762044811],[-122.88828999387005,49.19252435399644],[-122.88837966061583,49.19239353635311],[-122.88827117683036,49.192354838306606],[-122.88832990110241,49.19225215713678],[-122.88746554269169,49.192249211366736],[-122.88746576865597,49.192416646416916],[-122.8875772987735,49.19241702651628],[-122.8872464108662,49.1928637351035],[-122.88746956366492,49.1929330831541],[-122.88746030215799,49.19295725895629],[-122.88760906615303,49.193000128840424],[-122.88759979647872,49.19301825277333],[-122.88774236435613,49.19306110154083],[-122.88773309740428,49.19308124276349],[-122.8878818641218,49.19312612993738]]]}},{"type":"Feature","id":3008,"properties":{"model_id":3008,"name":"104 Avenue warehouse development — building 2","project_no":"22-0170-00","building_id":"22-0170-00:building-2","physical_building_id":"22-0170-00:building-2","component":"building","component_role":"building","height_m":12.2,"base_m":0,"source_url":"https://cosmos.surrey.ca/geo_ref/Images/DevelopmentApplicationDocuments/PLR_7922-0170-00.pdf","source_date":"2024-01-15","model_scheme_date":"2024-01-15","height_basis":"Reported proposed building height 12.2 metres in City planning report dated 2024-01-15, PDF p. 6. The height is not a surveyed construction measurement.","footprint_basis":"Approximate manual trace of A1.04 site plan, January 3 2024, PDF p. 20; affine registration to visually matched corners/edges of official City application 22-0170-00. Building ring vertices and geographic control points are retained in the reproducible builder.","model_note":"Simplified public-plan demonstration massing, not an approved or survey-accurate 3D model. Manually traced building outlines are approximately aligned to official City application boundaries. Maximum reported building height is extruded uniformly; terrain, facade, minor projections, roof plant and exact stepped roofs are omitted. Current drawings and City validation are needed before production.","checked_date":"2026-09-30","is_production_verified":false,"area":"South Westminster","application_status":"Conditional Approval","status_checked_date":"2026-09-30","source_limitations":["The report describes a six-unit industrial development; plan A1.04 explicitly separates Building 1 and Building 2, which are counted as two physical buildings.","One shared maximum reported building height of 12.2 m is used for both buildings."]},"geometry":{"type":"Polygon","coordinates":[[[-122.88676588777622,49.19262204108301],[-122.88695454811379,49.19238464494843],[-122.88717451029,49.19238539458884],[-122.88717433333,49.19225427075436],[-122.8864091128015,49.192251662850424],[-122.88632559589152,49.19234820768444],[-122.88602805701159,49.19225439875713],[-122.88597243624329,49.19236112506479],[-122.88676588777622,49.19262204108301]]]}},{"type":"Feature","id":3009,"properties":{"model_id":3009,"name":"103A Avenue and 143 Street homes","project_no":"23-0001-00","building_id":"23-0001-00:building-1","physical_building_id":"23-0001-00:building-1","component":"building","component_role":"building","height_m":21,"base_m":0,"source_url":"https://cosmos.surrey.ca/geo_ref/Images/DevelopmentApplicationDocuments/PLR_7923-0001-00.pdf","source_date":"2023-12-04","model_scheme_date":"2023-12-04","height_basis":"Reported proposed building height 21 metres in City planning report dated 2023-12-04, PDF p. 5. The height is not a surveyed construction measurement.","footprint_basis":"Approximate manual trace of A-1.8 site plan, November 21 2023 revision, PDF p. 22; affine registration to visually matched corners/edges of official City application 23-0001-00. Building ring vertices and geographic control points are retained in the reproducible builder.","model_note":"Simplified public-plan demonstration massing, not an approved or survey-accurate 3D model. Manually traced building outlines are approximately aligned to official City application boundaries. Maximum reported building height is extruded uniformly; terrain, facade, minor projections, roof plant and exact stepped roofs are omitted. Current drawings and City validation are needed before production.","checked_date":"2026-09-30","is_production_verified":false,"area":"Guildford","application_status":"Conditional Approval","status_checked_date":"2026-09-30","source_limitations":["Report pp.5 and 10 state a proposed height of 21 m. Drawing project statistics p.19 lists 20.4 m. The model follows the report height and discloses the difference.","The official application boundary includes the northern lane dedication, which is accounted for by registration to the original northern lot line."],"storeys":6},"geometry":{"type":"Polygon","coordinates":[[[-122.82664304490146,49.19088045119835],[-122.8266451478579,49.190675220082646],[-122.82663868782298,49.19067524876792],[-122.82663887175502,49.19065729852456],[-122.82658811433771,49.19065752390886],[-122.82658798558528,49.19067008907921],[-122.82650585085543,49.19067045379199],[-122.8265059734768,49.19065848696308],[-122.82640445864216,49.190658937731676],[-122.82640434215186,49.19067030621914],[-122.82632128455988,49.19067067502981],[-122.82632137039484,49.19066229824958],[-122.82622077842232,49.190662744920274],[-122.82622065580097,49.19067471174918],[-122.82613944393326,49.19067507236406],[-122.82613956042356,49.1906637038766],[-122.82608326583343,49.19066395384828],[-122.82608199670229,49.19078781052744],[-122.82609399391,49.19078775725478],[-122.82609368122553,49.190818272668494],[-122.8260816840178,49.190818325941144],[-122.82608140198865,49.19084584964762],[-122.82609432205851,49.190845792277074],[-122.82609377639342,49.1908990446657],[-122.82618883119314,49.190898622582374],[-122.82618892929023,49.19088904911925],[-122.82623322667261,49.19088885242023],[-122.82623357614351,49.190854746957854],[-122.82627602780164,49.19085455845462],[-122.82627611976766,49.19084558333294],[-122.82631764856364,49.19084539892761],[-122.82631757499082,49.19085257902495],[-122.82640986120414,49.19085216923531],[-122.82640994090802,49.19084439079653],[-122.82645331542828,49.1908441981954],[-122.82645322346225,49.19085317331707],[-122.82649567512038,49.190852984813844],[-122.8264953808291,49.19088170520321],[-122.82655075255708,49.19088145932943],[-122.82655061767358,49.19089462284123],[-122.82660506653943,49.19089438106534],[-122.826605207554,49.1908806192121],[-122.82664304490146,49.19088045119835]]]}},{"type":"Feature","id":3010,"properties":{"model_id":3010,"name":"Capital Tile warehouse","project_no":"21-0292-00","building_id":"21-0292-00:building-1","physical_building_id":"21-0292-00:building-1","component":"building","component_role":"building","height_m":12.2,"base_m":0,"source_url":"https://cosmos.surrey.ca/geo_ref/Images/DevelopmentApplicationDocuments/PLR_7921-0292-00.pdf","source_date":"2022-07-25","model_scheme_date":"2022-07-25","height_basis":"Reported proposed building height 12.2 metres in City planning report dated 2022-07-25, PDF p. 4. The height is not a surveyed construction measurement.","footprint_basis":"Approximate manual trace of A-100 site plan, May 2022, PDF p. 11; affine registration to visually matched corners/edges of official City application 21-0292-00. Building ring vertices and geographic control points are retained in the reproducible builder.","model_note":"Simplified public-plan demonstration massing, not an approved or survey-accurate 3D model. Manually traced building outlines are approximately aligned to official City application boundaries. Maximum reported building height is extruded uniformly; terrain, facade, minor projections, roof plant and exact stepped roofs are omitted. Current drawings and City validation are needed before production.","checked_date":"2026-09-30","is_production_verified":false,"area":"Newton","application_status":"Conditional Approval","status_checked_date":"2026-09-30","source_limitations":["North is toward the left in the source drawing, matching the 88 Avenue frontage. The small separate garbage enclosure is omitted.","Main plan loading recess and entrance steps are retained; parapet details and mezzanine structure are simplified."]},"geometry":{"type":"Polygon","coordinates":[[[-122.87138506206182,49.16255615599188],[-122.87180082205032,49.162554239671934],[-122.87180035002412,49.16248386364216],[-122.87182706552538,49.16248374050513],[-122.87182245015802,49.16179561932506],[-122.87136160776113,49.16179774343874],[-122.87136237199404,49.16191168558219],[-122.87146422484263,49.161911216122284],[-122.87146486170339,49.162006167908494],[-122.8713630088548,49.1620066373684],[-122.87136583351956,49.16242777646724],[-122.87138420042669,49.16242769181054],[-122.87138506206182,49.16255615599188]]]}},{"type":"Feature","id":3011,"properties":{"model_id":3011,"name":"103A Avenue light industrial building","project_no":"22-0296-00","building_id":"22-0296-00:building-1","physical_building_id":"22-0296-00:building-1","component":"building","component_role":"building","height_m":14,"base_m":0,"source_url":"https://cosmos.surrey.ca/geo_ref/Images/DevelopmentApplicationDocuments/PLR_7922-0296-00.pdf","source_date":"2024-09-23","model_scheme_date":"2024-09-23","height_basis":"Reported proposed building height 14 metres in City planning report dated 2024-09-23, PDF p. 9. The height is not a surveyed construction measurement.","footprint_basis":"Approximate manual trace of A100 site plan, September 19 2024, PDF p. 23; affine registration to visually matched corners/edges of official City application 22-0296-00. Building ring vertices and geographic control points are retained in the reproducible builder.","model_note":"Simplified public-plan demonstration massing, not an approved or survey-accurate 3D model. Manually traced building outlines are approximately aligned to official City application boundaries. Maximum reported building height is extruded uniformly; terrain, facade, minor projections, roof plant and exact stepped roofs are omitted. Current drawings and City validation are needed before production.","checked_date":"2026-09-30","is_production_verified":false,"area":"South Westminster","application_status":"Conditional Approval","status_checked_date":"2026-09-30","source_limitations":["North is toward the left in the site drawing; the application has an L-shaped site and a protected creek corridor, which are not modeled as buildings.","The retained City package includes September 23 replacement report pages concerning the Regional Growth Strategy notification; these do not describe a revised building massing."]},"geometry":{"type":"Polygon","coordinates":[[[-122.88147046343786,49.19006120000134],[-122.88170584654306,49.19006042623391],[-122.88170625612203,49.18997077859932],[-122.88180804341074,49.18997044399719],[-122.88181107045533,49.18930789194775],[-122.88147390006142,49.1893090003173],[-122.88147046343786,49.19006120000134]]]}}]}