{"type":"FeatureCollection","features":[{"type":"Feature","id":6436,"geometry":{"type":"LineString","coordinates":[[-122.87450382087071,49.205568255132064],[-122.8737757887814,49.20573243185],[-122.87331166629484,49.20582313536117],[-122.87286061309446,49.20590242844136],[-122.87205564956376,49.20602747695127],[-122.87194069287466,49.206045520843354],[-122.87182519091898,49.20606203486064],[-122.87170928099258,49.2060770191516],[-122.87159296310364,49.20609047371392],[-122.87085559145672,49.206247703655094]]},"properties":{"OBJECTID":6436,"ROAD_NAME":"Scott-KGB W-E Ramp","TRUCK_ROUTE":"Truck Routes","STATUS":"Open","RD_CLASS":"Arterial","MAJOR_ROAD_NETWORK":"Yes"}},{"type":"Feature","id":7882,"geometry":{"type":"LineString","coordinates":[[-122.8809073449628,49.205976412050596],[-122.87855303622918,49.20616748665314],[-122.87667289409457,49.20625552959132]]},"properties":{"OBJECTID":7882,"ROAD_NAME":"King George Blvd","TRUCK_ROUTE":"Dangerous Goods Routes","STATUS":"Open","RD_CLASS":"Arterial","MAJOR_ROAD_NETWORK":"Yes"}},{"type":"Feature","id":269455,"geometry":{"type":"LineString","coordinates":[[-122.89317855638619,49.20843126796525],[-122.89073645684286,49.20756321526186],[-122.88951449928732,49.20712883541003],[-122.88827502905394,49.20668820916948],[-122.8876211433442,49.206455747138904],[-122.88722717546251,49.20631568530395],[-122.88696697387272,49.20624498169224],[-122.88657614589546,49.20615135959126],[-122.88621731690374,49.206081877705635],[-122.8855875659463,49.20604002491279],[-122.88503970980337,49.20601600638163],[-122.88463999785418,49.205998480977826],[-122.88419249234607,49.205978858405636],[-122.88340642495001,49.2059739310723],[-122.88254199232401,49.20597479536034],[-122.88162655052842,49.20597570359583],[-122.8809073449628,49.205976412050596]]},"properties":{"OBJECTID":269455,"ROAD_NAME":"King George Blvd","TRUCK_ROUTE":"Dangerous Goods Routes","STATUS":"Open","RD_CLASS":"Arterial","MAJOR_ROAD_NETWORK":"Yes"}},{"type":"Feature","id":8395,"geometry":{"type":"LineString","coordinates":[[-122.87330340347374,49.2062641516828],[-122.87085559145672,49.206247703655094]]},"properties":{"OBJECTID":8395,"ROAD_NAME":"King George Blvd","TRUCK_ROUTE":"Dangerous Goods Routes","STATUS":"Open","RD_CLASS":"Arterial","MAJOR_ROAD_NETWORK":"Yes"}},{"type":"Feature","id":8663,"geometry":{"type":"LineString","coordinates":[[-122.87443615101385,49.206272033300635],[-122.87330340347374,49.2062641516828]]},"properties":{"OBJECTID":8663,"ROAD_NAME":"King George Blvd","TRUCK_ROUTE":"Dangerous Goods Routes","STATUS":"Open","RD_CLASS":"Arterial","MAJOR_ROAD_NETWORK":"Yes"}},{"type":"Feature","id":8743,"geometry":{"type":"LineString","coordinates":[[-122.87667289409457,49.206255529591196],[-122.87550711771455,49.20628019702832],[-122.87458620719212,49.206272104834405],[-122.87443615101385,49.206272033300635]]},"properties":{"OBJECTID":8743,"ROAD_NAME":"King George Blvd","TRUCK_ROUTE":"Dangerous Goods Routes","STATUS":"Open","RD_CLASS":"Arterial","MAJOR_ROAD_NETWORK":"Yes"}},{"type":"Feature","id":10034,"geometry":{"type":"LineString","coordinates":[[-122.87748546423148,49.20382452134802],[-122.8774991330608,49.20423713642834],[-122.8774954985683,49.20431898704881],[-122.87747086330043,49.20439937620008],[-122.87742605687377,49.204475876123425],[-122.87736561402163,49.20454669262602],[-122.87728885162464,49.20461047571933],[-122.87719769608755,49.20466542842157],[-122.87709448436225,49.20471029387913],[-122.87699048649652,49.204739956871926],[-122.87688472415847,49.20476143245276],[-122.87677911892499,49.204774902550795],[-122.87649183066873,49.20481066643866],[-122.87639693228893,49.204824597415474],[-122.87630353478417,49.20484221790211],[-122.87621177542088,49.20486352805374],[-122.87612220376919,49.204888348565596],[-122.87603616657002,49.2049271151609],[-122.87596165710231,49.204967513182],[-122.87589235465965,49.20501178464282],[-122.87583678982087,49.20505238283305],[-122.87578780556142,49.20509658610098],[-122.87574608989055,49.205143765535254],[-122.87557377952659,49.20534519277201],[-122.87540550966125,49.20554189491335]]},"properties":{"OBJECTID":10034,"ROAD_NAME":"Scott Rd","TRUCK_ROUTE":"Truck Routes","STATUS":"Open","RD_CLASS":"Arterial","MAJOR_ROAD_NETWORK":"Yes"}},{"type":"Feature","id":10616,"geometry":{"type":"LineString","coordinates":[[-122.87085559145655,49.20624770365371],[-122.86937028548594,49.2062577127933],[-122.86733123790553,49.20635359117976]]},"properties":{"OBJECTID":10616,"ROAD_NAME":"King George Blvd","TRUCK_ROUTE":"Dangerous Goods Routes","STATUS":"Open","RD_CLASS":"Arterial","MAJOR_ROAD_NETWORK":"Yes"}},{"type":"Feature","id":10849,"geometry":{"type":"LineString","coordinates":[[-122.8809073449628,49.205976412050596],[-122.87911329132592,49.206001043598214],[-122.87822109782755,49.20597003521881],[-122.87761362046402,49.20596491198988],[-122.87660901961938,49.20593686798249],[-122.87568481403048,49.20593138772382],[-122.87492504483733,49.20593956888978],[-122.87408107372558,49.205965642574014],[-122.87341391585008,49.20599640063034],[-122.87270495238228,49.20605409470077],[-122.87208401099531,49.20610288710681],[-122.87085559145672,49.206247703655215]]},"properties":{"OBJECTID":10849,"ROAD_NAME":"King George Blvd","TRUCK_ROUTE":"Dangerous Goods Routes","STATUS":"Open","RD_CLASS":"Arterial","MAJOR_ROAD_NETWORK":"Yes"}},{"type":"Feature","id":12972,"geometry":{"type":"LineString","coordinates":[[-122.86355071235904,49.20683404373862],[-122.86306166066706,49.2069301954264],[-122.86261412491338,49.20701817666777],[-122.86216823586756,49.20710579863083],[-122.86185792550893,49.207166865472914],[-122.8614372399657,49.20722351891883],[-122.86102650605383,49.20725871199376],[-122.86062688204518,49.20727727056729],[-122.86026000352574,49.20727682729779],[-122.85988951275898,49.2072692384496],[-122.85951544356746,49.2072426039799],[-122.85918499805226,49.20720412143965],[-122.85879651514888,49.20713700690261],[-122.85838628622245,49.20705320431985],[-122.85797611320207,49.206950360265346],[-122.8575987020969,49.20682375504659],[-122.85723223128936,49.206682882049236],[-122.85692020744649,49.206556355408175],[-122.85665891181483,49.206441262998396],[-122.85649937807527,49.20634760345297],[-122.85637713108271,49.20627341994219]]},"properties":{"OBJECTID":12972,"ROAD_NAME":"King George Blvd","TRUCK_ROUTE":"Dangerous Goods Routes","STATUS":"Open","RD_CLASS":"Arterial","MAJOR_ROAD_NETWORK":"Yes"}},{"type":"Feature","id":3040,"geometry":{"type":"LineString","coordinates":[[-122.84026056424099,49.111856223814236],[-122.84260993460968,49.11375334777711],[-122.84300051810017,49.11406566601273],[-122.8433765813351,49.11438510335699],[-122.84377855164756,49.114751123316545],[-122.84411055037837,49.115070599872936],[-122.84439554096815,49.11545026543702]]},"properties":{"OBJECTID":3040,"ROAD_NAME":"King George Blvd","TRUCK_ROUTE":"Dangerous Goods Routes","STATUS":"Open","RD_CLASS":"Arterial","MAJOR_ROAD_NETWORK":"Yes"}},{"type":"Feature","id":12194,"geometry":{"type":"LineString","coordinates":[[-122.87493338621107,49.2059528003114],[-122.87502977583733,49.20600210575397],[-122.87513166980337,49.20604637970774],[-122.87523865706508,49.20608526205311],[-122.87535005183724,49.206118482206044],[-122.87546489352815,49.206145859242106],[-122.8755829079785,49.20616721297472],[-122.87570285978659,49.20618245214374],[-122.87667289409457,49.206255529591196]]},"properties":{"OBJECTID":12194,"ROAD_NAME":"Scott-KGB N-W Ramp","TRUCK_ROUTE":"Truck Routes","STATUS":"Open","RD_CLASS":"Arterial","MAJOR_ROAD_NETWORK":"Yes"}},{"type":"Feature","id":12378,"geometry":{"type":"LineString","coordinates":[[-122.87748546423148,49.20382452134814],[-122.87768357692569,49.204652450736354],[-122.87770916619358,49.204741618116465],[-122.87774203494332,49.20482944390647],[-122.87778245766876,49.204915928251744],[-122.87782988500015,49.205000889757144],[-122.87788459316846,49.20508396972463],[-122.87794754540835,49.205164269624966],[-122.87801750665591,49.20524160826577],[-122.87809433965514,49.20531598548583],[-122.87817777030409,49.205387221085125],[-122.8782676622192,49.20545495510709],[-122.87835990990523,49.20551387632539],[-122.87845587544555,49.20556839327985],[-122.87855651838406,49.20561913584021],[-122.87866156422076,49.20566592512049],[-122.87877046424761,49.20570858065947],[-122.87888308138699,49.205747012362465],[-122.87899900398996,49.20578112985731],[-122.87912619914034,49.205809052337926],[-122.87925189541225,49.205832385874984],[-122.8793789737911,49.20585194290967],[-122.87950729697272,49.20586772330189],[-122.87965342134488,49.205877467784966],[-122.8798004915554,49.20588727515191],[-122.87995927252825,49.20589663713167],[-122.88011115295564,49.20590559203671],[-122.88025252201047,49.20591471431477],[-122.88039389111758,49.20592383642008],[-122.88072090410095,49.20595503777283],[-122.8809073449628,49.205976412050596]]},"properties":{"OBJECTID":12378,"ROAD_NAME":"KGB-Scott E-S Ramp","TRUCK_ROUTE":"Truck Routes","STATUS":"Open","RD_CLASS":"Arterial","MAJOR_ROAD_NETWORK":"Yes"}},{"type":"Feature","id":12407,"geometry":{"type":"LineString","coordinates":[[-122.86733123791431,49.206353591179486],[-122.86733115872879,49.2063567365824],[-122.86734947922744,49.20695514989013]]},"properties":{"OBJECTID":12407,"ROAD_NAME":"Bridgeview Dr","TRUCK_ROUTE":"Truck Routes","STATUS":"Open","RD_CLASS":"Arterial","MAJOR_ROAD_NETWORK":"Yes"}},{"type":"Feature","id":269452,"geometry":{"type":"LineString","coordinates":[[-122.73470301716148,49.17642482808731],[-122.73404036877085,49.176266303086585]]},"properties":{"OBJECTID":269452,"ROAD_NAME":null,"TRUCK_ROUTE":"Truck Routes","STATUS":"Open","RD_CLASS":"Provincial Highway","MAJOR_ROAD_NETWORK":"No"}},{"type":"Feature","id":3299,"geometry":{"type":"LineString","coordinates":[[-122.83596299673037,49.10836050231346],[-122.83741521193717,49.1095497902348]]},"properties":{"OBJECTID":3299,"ROAD_NAME":"King George Blvd","TRUCK_ROUTE":"Dangerous Goods Routes","STATUS":"Open","RD_CLASS":"Arterial","MAJOR_ROAD_NETWORK":"Yes"}},{"type":"Feature","id":34987,"geometry":{"type":"LineString","coordinates":[[-122.86464103358304,49.20900652833753],[-122.86431712801681,49.209124301849876],[-122.86386726883872,49.20928731749916],[-122.86374524424369,49.2093314945881],[-122.863398125821,49.209472280726864],[-122.86307746950197,49.209632610787004],[-122.86277941866894,49.20981454507142],[-122.8627250437137,49.20985183698109],[-122.86266907351735,49.20989188874599],[-122.86261419764911,49.20993260376204],[-122.86259918917825,49.20994419665473],[-122.86258365158359,49.20995628505314],[-122.86256989987362,49.20996723853242],[-122.86248352329552,49.21004005106302],[-122.86240422646225,49.21011424227888],[-122.86233051413714,49.210191349421216],[-122.86227690218168,49.21025337147527],[-122.86222696101211,49.210316838487174],[-122.86218054760491,49.210382268914536],[-122.86215993389757,49.2104136751882],[-122.86213988657549,49.21044583687558],[-122.86212147400587,49.2104772120293],[-122.86204901413161,49.21061506399971],[-122.861988516863,49.21075424007945],[-122.86193906402383,49.21089630209053],[-122.86192068433306,49.21096045730362],[-122.86190451488088,49.21102594473397],[-122.86188785398308,49.21109301695823],[-122.86187922163951,49.211156167432435],[-122.86187408732378,49.211229811069224]]},"properties":{"OBJECTID":34987,"ROAD_NAME":"Bridgeview Dr","TRUCK_ROUTE":"Truck Routes","STATUS":"Open","RD_CLASS":"Arterial","MAJOR_ROAD_NETWORK":"Yes"}},{"type":"Feature","id":273612,"geometry":{"type":"LineString","coordinates":[[-122.87540550966125,49.20554189491335],[-122.875384378839,49.205566596046836],[-122.87531939149405,49.205641903039826],[-122.87524740977065,49.20571423426491],[-122.87516829659086,49.20578349961986],[-122.87508273950024,49.205849250091006],[-122.87493338621104,49.2059528003114]]},"properties":{"OBJECTID":273612,"ROAD_NAME":"KGB-Scott E-S Ramp","TRUCK_ROUTE":"Truck Routes","STATUS":"Open","RD_CLASS":"Arterial","MAJOR_ROAD_NETWORK":"Yes"}},{"type":"Feature","id":273934,"geometry":{"type":"LineString","coordinates":[[-122.86666297080706,49.20640537309622],[-122.86635963268239,49.20642639374944],[-122.86585964611416,49.20646952582888],[-122.86540632553655,49.206517028368296],[-122.86494115243458,49.206581156368806],[-122.86447417416164,49.20665247668161],[-122.86399532864003,49.20674662630359],[-122.86355071235904,49.20683404373867]]},"properties":{"OBJECTID":273934,"ROAD_NAME":"King George Blvd","TRUCK_ROUTE":"Dangerous Goods Routes","STATUS":"Open","RD_CLASS":"Arterial","MAJOR_ROAD_NETWORK":"Yes"}},{"type":"Feature","id":277133,"geometry":{"type":"LineString","coordinates":[[-122.86733123790961,49.20635359118164],[-122.86666297080706,49.20640537309622]]},"properties":{"OBJECTID":277133,"ROAD_NAME":"King George Blvd","TRUCK_ROUTE":"Dangerous Goods Routes","STATUS":"Open","RD_CLASS":"Arterial","MAJOR_ROAD_NETWORK":"Yes"}},{"type":"Feature","id":8353,"geometry":{"type":"LineString","coordinates":[[-122.74419900857244,49.18394597028318],[-122.74334331391945,49.18400485774175],[-122.74177688487295,49.18366093921251],[-122.74128818953429,49.18354149491858],[-122.73828614150557,49.182792029258685],[-122.73656382353623,49.18233994593187],[-122.73521199953693,49.181981630767346],[-122.73417245649914,49.18170423075807],[-122.7338704919648,49.18163478233946],[-122.73374887306848,49.18161752597078],[-122.73360005463756,49.18160190435267],[-122.73345892750733,49.18160072993195],[-122.73333843943924,49.181614032622534],[-122.73319458581958,49.181638315649906],[-122.73308683046434,49.18166464297382],[-122.73297673738263,49.181698077124686],[-122.73287678284437,49.18174537891052],[-122.73278521452444,49.18179821722146],[-122.73270072397217,49.18185913546253],[-122.73264602716563,49.18191757621455],[-122.73259059636686,49.181982247221],[-122.73254698741385,49.18206061178106],[-122.73251556118161,49.1821394386792],[-122.73249272684896,49.18225292250226],[-122.73250620759407,49.182348131526055],[-122.73251775829324,49.182413404099414],[-122.73254116834067,49.182470807389485],[-122.73260907852645,49.18256424741185],[-122.73269254686394,49.182656141807676],[-122.73280983566602,49.182756571859855],[-122.7329065605053,49.18280437757835],[-122.73302361632355,49.182852132097096],[-122.73311151335723,49.182880345715105],[-122.73321367177815,49.18290519701297],[-122.73332573991804,49.18292196579544],[-122.73349969026377,49.182931321429336],[-122.73366027539312,49.18292659906169],[-122.7338014973205,49.182910797426835],[-122.7339168910666,49.182882204063084],[-122.73402064949394,49.18285018858956],[-122.73411086676002,49.18280795621931],[-122.73421732818343,49.18275472673727],[-122.73428619429886,49.18270989869001],[-122.73434213713574,49.182660372475794],[-122.73439941556441,49.182603210067114],[-122.734437208115,49.18255788605848],[-122.73451283385653,49.18245959888042],[-122.73456918476217,49.182333681282145],[-122.73461771889312,49.18221665812085],[-122.73464825505097,49.18207406225447],[-122.73481282151526,49.181891050911354]]},"properties":{"OBJECTID":8353,"ROAD_NAME":null,"TRUCK_ROUTE":"Dangerous Goods Routes","STATUS":"Open","RD_CLASS":"Provincial Highway","MAJOR_ROAD_NETWORK":"No"}},{"type":"Feature","id":6142,"geometry":{"type":"LineString","coordinates":[[-122.73469228952834,49.18303495660573],[-122.73427240818607,49.183059508733294],[-122.73373987885225,49.18307873061047],[-122.73343053895744,49.183087758866506],[-122.733154070803,49.18306491491422],[-122.73298712402962,49.18303351310732],[-122.73285700583766,49.183003507199544],[-122.73276843233631,49.1829723595894],[-122.73264784820974,49.18292504759651],[-122.73251421448532,49.18284676255758],[-122.7323680161302,49.1827491628854],[-122.73219062327965,49.182607223702234]]},"properties":{"OBJECTID":6142,"ROAD_NAME":null,"TRUCK_ROUTE":"Dangerous Goods Routes","STATUS":"Open","RD_CLASS":"Provincial Highway","MAJOR_ROAD_NETWORK":"No"}},{"type":"Feature","id":6574,"geometry":{"type":"LineString","coordinates":[[-122.84547739771517,49.1816687075818],[-122.84545209552992,49.182098496154744],[-122.84540596414504,49.182882074935286],[-122.84540848690995,49.18299628483957]]},"properties":{"OBJECTID":6574,"ROAD_NAME":"King George Blvd","TRUCK_ROUTE":"Dangerous Goods Routes","STATUS":"Open","RD_CLASS":"Arterial","MAJOR_ROAD_NETWORK":"Yes"}},{"type":"Feature","id":2583,"geometry":{"type":"LineString","coordinates":[[-122.82586031821707,49.191515195721955],[-122.82442175284017,49.19152122898554]]},"properties":{"OBJECTID":2583,"ROAD_NAME":"104 Ave","TRUCK_ROUTE":"Truck Routes","STATUS":"Open","RD_CLASS":"Arterial","MAJOR_ROAD_NETWORK":"Yes"}},{"type":"Feature","id":8874,"geometry":{"type":"LineString","coordinates":[[-122.83322875223605,49.10606544030892],[-122.8347668509414,49.107363763571776]]},"properties":{"OBJECTID":8874,"ROAD_NAME":"King George Blvd","TRUCK_ROUTE":"Dangerous Goods Routes","STATUS":"Open","RD_CLASS":"Arterial","MAJOR_ROAD_NETWORK":"Yes"}},{"type":"Feature","id":12166,"geometry":{"type":"LineString","coordinates":[[-122.86801889651312,49.160720053426004],[-122.86802590962361,49.16256600059187]]},"properties":{"OBJECTID":12166,"ROAD_NAME":"128 St","TRUCK_ROUTE":"Truck Routes","STATUS":"Open","RD_CLASS":"Arterial","MAJOR_ROAD_NETWORK":"Yes"}},{"type":"Feature","id":12173,"geometry":{"type":"LineString","coordinates":[[-122.85647746291694,49.19896094716425],[-122.85645100714,49.20089392548875]]},"properties":{"OBJECTID":12173,"ROAD_NAME":"132 St","TRUCK_ROUTE":"Truck Routes with Restrictions","STATUS":"Open","RD_CLASS":"Arterial","MAJOR_ROAD_NETWORK":null}},{"type":"Feature","id":12493,"geometry":{"type":"LineString","coordinates":[[-122.89027139227497,49.169176528522826],[-122.89025270363278,49.17043843814518]]},"properties":{"OBJECTID":12493,"ROAD_NAME":"120 St","TRUCK_ROUTE":"Truck Routes","STATUS":"Open","RD_CLASS":"Arterial","MAJOR_ROAD_NETWORK":"Yes"}},{"type":"Feature","id":157133,"geometry":{"type":"LineString","coordinates":[[-122.83412252049612,49.194216185497],[-122.83411898971265,49.1951618843977]]},"properties":{"OBJECTID":157133,"ROAD_NAME":"140 St","TRUCK_ROUTE":"Truck Routes","STATUS":"Open","RD_CLASS":"Arterial","MAJOR_ROAD_NETWORK":null}},{"type":"Feature","id":11770,"geometry":{"type":"LineString","coordinates":[[-122.89014993029949,49.17887224625184],[-122.89014951424711,49.179057637779366]]},"properties":{"OBJECTID":11770,"ROAD_NAME":"120 St","TRUCK_ROUTE":"Truck Routes","STATUS":"Open","RD_CLASS":"Arterial","MAJOR_ROAD_NETWORK":"Yes"}},{"type":"Feature","id":2576,"geometry":{"type":"LineString","coordinates":[[-122.90541598455269,49.184669701101974],[-122.90366201244912,49.18630200512332],[-122.90201566721805,49.18794708285317],[-122.90016557124146,49.189709795058874],[-122.89825977920157,49.191592594691905],[-122.8976649063873,49.192197353780244],[-122.89712177785678,49.192698651840296],[-122.89635513655178,49.19338321864094],[-122.89559580085972,49.19398646361047]]},"properties":{"OBJECTID":2576,"ROAD_NAME":"Hwy 17 (South Fraser Perimeter Rd)","TRUCK_ROUTE":"Dangerous Goods Routes","STATUS":"Open","RD_CLASS":"Provincial Highway","MAJOR_ROAD_NETWORK":"No"}},{"type":"Feature","id":9024,"geometry":{"type":"LineString","coordinates":[[-122.82139244517397,49.10129539523634],[-122.82166850207219,49.10140880443173],[-122.82195212505623,49.1015137688442],[-122.82220171631943,49.101596281498374],[-122.82245791983709,49.101669626956834],[-122.82271977404959,49.101733715128724],[-122.82310368735094,49.10182535726215],[-122.82349640762445,49.10189492864186],[-122.82405057771862,49.10197205226154],[-122.82573189178324,49.10219453092164],[-122.82607479865841,49.1022353455494]]},"properties":{"OBJECTID":9024,"ROAD_NAME":"King George Blvd","TRUCK_ROUTE":"Dangerous Goods Routes","STATUS":"Open","RD_CLASS":"Arterial","MAJOR_ROAD_NETWORK":"Yes"}},{"type":"Feature","id":11776,"geometry":{"type":"LineString","coordinates":[[-122.84533291118258,49.19311380859229],[-122.84531898809811,49.19444663409259]]},"properties":{"OBJECTID":11776,"ROAD_NAME":"King George Blvd","TRUCK_ROUTE":"Dangerous Goods Routes","STATUS":"Open","RD_CLASS":"Arterial","MAJOR_ROAD_NETWORK":"Yes"}},{"type":"Feature","id":12043,"geometry":{"type":"LineString","coordinates":[[-122.87642982002754,49.17717215141182],[-122.8735854525728,49.177171883370264]]},"properties":{"OBJECTID":12043,"ROAD_NAME":"96 Ave","TRUCK_ROUTE":"Truck Routes","STATUS":"Open","RD_CLASS":"Arterial","MAJOR_ROAD_NETWORK":"Yes"}},{"type":"Feature","id":10444,"geometry":{"type":"LineString","coordinates":[[-122.74615034355715,49.03116622615152],[-122.73517536845962,49.03123627780769]]},"properties":{"OBJECTID":10444,"ROAD_NAME":"16 Ave","TRUCK_ROUTE":"Truck Routes","STATUS":"Open","RD_CLASS":"Arterial","MAJOR_ROAD_NETWORK":"Yes"}},{"type":"Feature","id":12342,"geometry":{"type":"LineString","coordinates":[[-122.84563228108699,49.14084040946733],[-122.84564529765844,49.14269331319084]]},"properties":{"OBJECTID":12342,"ROAD_NAME":"King George Blvd","TRUCK_ROUTE":"Dangerous Goods Routes","STATUS":"Open","RD_CLASS":"Arterial","MAJOR_ROAD_NETWORK":"Yes"}},{"type":"Feature","id":12564,"geometry":{"type":"LineString","coordinates":[[-122.85670979400841,49.133713240762255],[-122.85671389898901,49.135523054344645]]},"properties":{"OBJECTID":12564,"ROAD_NAME":"132 St","TRUCK_ROUTE":"Truck Routes","STATUS":"Open","RD_CLASS":"Arterial","MAJOR_ROAD_NETWORK":null}},{"type":"Feature","id":11820,"geometry":{"type":"LineString","coordinates":[[-122.77607643317471,49.176918371132714],[-122.7744688920631,49.17692630637332]]},"properties":{"OBJECTID":11820,"ROAD_NAME":"96 Ave","TRUCK_ROUTE":"Truck Routes","STATUS":"Open","RD_CLASS":"Arterial","MAJOR_ROAD_NETWORK":"Yes"}},{"type":"Feature","id":12198,"geometry":{"type":"LineString","coordinates":[[-122.89025270363278,49.17043843814518],[-122.89023911857244,49.17135641773099]]},"properties":{"OBJECTID":12198,"ROAD_NAME":"120 St","TRUCK_ROUTE":"Truck Routes","STATUS":"Open","RD_CLASS":"Arterial","MAJOR_ROAD_NETWORK":"Yes"}},{"type":"Feature","id":12534,"geometry":{"type":"LineString","coordinates":[[-122.69141565367757,49.04201929282026],[-122.69144624168172,49.04556906497392],[-122.69144209886477,49.04569040467418]]},"properties":{"OBJECTID":12534,"ROAD_NAME":"192 St","TRUCK_ROUTE":"Truck Routes","STATUS":"Open","RD_CLASS":"Arterial","MAJOR_ROAD_NETWORK":null}},{"type":"Feature","id":11687,"geometry":{"type":"LineString","coordinates":[[-122.85676038747663,49.14093285295351],[-122.85678808036901,49.144544680816566]]},"properties":{"OBJECTID":11687,"ROAD_NAME":"132 St","TRUCK_ROUTE":"Truck Routes","STATUS":"Open","RD_CLASS":"Arterial","MAJOR_ROAD_NETWORK":null}},{"type":"Feature","id":12105,"geometry":{"type":"LineString","coordinates":[[-122.86530468021665,49.16259782004764],[-122.86246508428606,49.16263097038876]]},"properties":{"OBJECTID":12105,"ROAD_NAME":"88 Ave","TRUCK_ROUTE":"Truck Routes","STATUS":"Open","RD_CLASS":"Arterial","MAJOR_ROAD_NETWORK":"Yes"}},{"type":"Feature","id":8417,"geometry":{"type":"LineString","coordinates":[[-122.8085252924065,49.21111475901415],[-122.8081993478062,49.21085539221493],[-122.80772393872262,49.21049760038023],[-122.80706291834221,49.20999669608611],[-122.80632956118835,49.20941831636621],[-122.80565492953366,49.208878065842455],[-122.80509827267007,49.20839549767653],[-122.80407575284485,49.20752164792512],[-122.8028424012441,49.206364291834504],[-122.8016903803094,49.20522643777658]]},"properties":{"OBJECTID":8417,"ROAD_NAME":"No 1 Hwy","TRUCK_ROUTE":"Dangerous Goods Routes","STATUS":"Open","RD_CLASS":"Provincial Highway","MAJOR_ROAD_NETWORK":"No"}},{"type":"Feature","id":8560,"geometry":{"type":"LineString","coordinates":[[-122.73478218433559,49.12970013229068],[-122.7347523233684,49.13334071684326]]},"properties":{"OBJECTID":8560,"ROAD_NAME":"Highway 15","TRUCK_ROUTE":"Dangerous Goods Routes","STATUS":"Open","RD_CLASS":"Provincial Highway","MAJOR_ROAD_NETWORK":"No"}},{"type":"Feature","id":12388,"geometry":{"type":"LineString","coordinates":[[-122.89126566608222,49.195211063628626],[-122.89019106793543,49.194644218574346]]},"properties":{"OBJECTID":12388,"ROAD_NAME":"Tannery Rd","TRUCK_ROUTE":"Truck Routes","STATUS":"Open","RD_CLASS":"Arterial","MAJOR_ROAD_NETWORK":null}},{"type":"Feature","id":12734,"geometry":{"type":"LineString","coordinates":[[-122.79546600029238,49.17686716377006],[-122.79286716347853,49.176881320721485]]},"properties":{"OBJECTID":12734,"ROAD_NAME":"96 Ave","TRUCK_ROUTE":"Truck Routes","STATUS":"Open","RD_CLASS":"Arterial","MAJOR_ROAD_NETWORK":"Yes"}},{"type":"Feature","id":12736,"geometry":{"type":"LineString","coordinates":[[-122.77886358481892,49.16423762258799],[-122.77886387710424,49.16506420524532]]},"properties":{"OBJECTID":12736,"ROAD_NAME":"160 St","TRUCK_ROUTE":"Truck Routes","STATUS":"Open","RD_CLASS":"Arterial","MAJOR_ROAD_NETWORK":"Yes"}},{"type":"Feature","id":11873,"geometry":{"type":"LineString","coordinates":[[-122.88024714756374,49.201248945361236],[-122.87904393179608,49.20227180467408]]},"properties":{"OBJECTID":11873,"ROAD_NAME":"Scott Rd","TRUCK_ROUTE":"Truck Routes","STATUS":"Open","RD_CLASS":"Arterial","MAJOR_ROAD_NETWORK":"Yes"}},{"type":"Feature","id":11874,"geometry":{"type":"LineString","coordinates":[[-122.85675158076697,49.178943899822855],[-122.85667574854853,49.18076077918099]]},"properties":{"OBJECTID":11874,"ROAD_NAME":"132 St","TRUCK_ROUTE":"Truck Routes with Restrictions","STATUS":"Open","RD_CLASS":"Arterial","MAJOR_ROAD_NETWORK":null}},{"type":"Feature","id":8666,"geometry":{"type":"LineString","coordinates":[[-122.72382838284109,49.10416204012711],[-122.71832876802166,49.104134702114244]]},"properties":{"OBJECTID":8666,"ROAD_NAME":"Highway 10 (56 Ave)","TRUCK_ROUTE":"Dangerous Goods Routes","STATUS":"Open","RD_CLASS":"Provincial Highway","MAJOR_ROAD_NETWORK":"No"}},{"type":"Feature","id":8707,"geometry":{"type":"LineString","coordinates":[[-122.7808265717871,49.19173787574733],[-122.78069837919173,49.19167399489499],[-122.78039930814936,49.19144164767334],[-122.77994784802273,49.191250501309355],[-122.77838484528164,49.190860305351556]]},"properties":{"OBJECTID":8707,"ROAD_NAME":null,"TRUCK_ROUTE":"Truck Routes","STATUS":"Open","RD_CLASS":"Provincial Highway","MAJOR_ROAD_NETWORK":"No"}},{"type":"Feature","id":8744,"geometry":{"type":"LineString","coordinates":[[-122.723644923127,49.17860105346864],[-122.71746404555073,49.17698602024757],[-122.71743404739027,49.17697722137184]]},"properties":{"OBJECTID":8744,"ROAD_NAME":"No 1 Hwy","TRUCK_ROUTE":"Dangerous Goods Routes","STATUS":"Open","RD_CLASS":"Provincial Highway","MAJOR_ROAD_NETWORK":"No"}},{"type":"Feature","id":8776,"geometry":{"type":"LineString","coordinates":[[-122.83609783643669,49.10590581172263],[-122.83592748414726,49.10573879938246],[-122.83578622497512,49.10565118675304],[-122.83563587359538,49.10555850032609],[-122.83545545970726,49.10544552814093],[-122.83520018607311,49.10529748457207],[-122.83507287155874,49.10523197415113],[-122.83494555685719,49.105166463079726],[-122.83469718107202,49.105052012658135],[-122.83445395789029,49.104956220963196],[-122.83429920318761,49.1049021438269],[-122.83417076583613,49.10485726271979],[-122.83402224815192,49.10481030999543],[-122.83380057034407,49.104749386722126],[-122.83350579553294,49.10468179380089],[-122.83318156659467,49.10462151874495],[-122.8328467809669,49.10457502949045],[-122.83263103632531,49.104552634754114],[-122.83239074849733,49.1045357248686],[-122.83209912995942,49.10452525487365],[-122.83130149060663,49.10452200348523]]},"properties":{"OBJECTID":8776,"ROAD_NAME":"Highway 10 (56 Ave)","TRUCK_ROUTE":"Dangerous Goods Routes","STATUS":"Open","RD_CLASS":"Provincial Highway","MAJOR_ROAD_NETWORK":"No"}},{"type":"Feature","id":11888,"geometry":{"type":"LineString","coordinates":[[-122.81756446464162,49.03116519429215],[-122.81221632716364,49.0311543621638]]},"properties":{"OBJECTID":11888,"ROAD_NAME":"16 Ave","TRUCK_ROUTE":"Truck Routes","STATUS":"Open","RD_CLASS":"Arterial","MAJOR_ROAD_NETWORK":null}},{"type":"Feature","id":11905,"geometry":{"type":"LineString","coordinates":[[-122.69144978574408,49.051036917669755],[-122.6914684511966,49.05289068552095]]},"properties":{"OBJECTID":11905,"ROAD_NAME":"192 St","TRUCK_ROUTE":"Truck Routes","STATUS":"Open","RD_CLASS":"Arterial","MAJOR_ROAD_NETWORK":null}},{"type":"Feature","id":12421,"geometry":{"type":"LineString","coordinates":[[-122.84541676394123,49.117649011041955],[-122.84548695492276,49.118247426977966],[-122.8454856285361,49.119039261058425]]},"properties":{"OBJECTID":12421,"ROAD_NAME":"King George Blvd","TRUCK_ROUTE":"Dangerous Goods Routes","STATUS":"Open","RD_CLASS":"Arterial","MAJOR_ROAD_NETWORK":"Yes"}},{"type":"Feature","id":8828,"geometry":{"type":"LineString","coordinates":[[-122.75962358022295,49.016740995639246],[-122.76015914153177,49.017693776715475],[-122.76103724427598,49.019248114411184]]},"properties":{"OBJECTID":8828,"ROAD_NAME":"No 99 Hwy","TRUCK_ROUTE":"Dangerous Goods Routes","STATUS":"Open","RD_CLASS":"Provincial Highway","MAJOR_ROAD_NETWORK":"No"}},{"type":"Feature","id":9057,"geometry":{"type":"LineString","coordinates":[[-122.73495660276302,49.104146627257386],[-122.73473830290908,49.10415289991041],[-122.73446459917899,49.10415968526224],[-122.73419083258955,49.10416527176664],[-122.73391701532283,49.10416965917894],[-122.73367725766076,49.10417271297424]]},"properties":{"OBJECTID":9057,"ROAD_NAME":"Highway 10 (56 Ave)","TRUCK_ROUTE":"Dangerous Goods Routes","STATUS":"Open","RD_CLASS":"Provincial Highway","MAJOR_ROAD_NETWORK":"No"}},{"type":"Feature","id":12119,"geometry":{"type":"LineString","coordinates":[[-122.83413275746392,49.191474017411494],[-122.83210655560868,49.191483927383686]]},"properties":{"OBJECTID":12119,"ROAD_NAME":"104 Ave","TRUCK_ROUTE":"Truck Routes","STATUS":"Open","RD_CLASS":"Arterial","MAJOR_ROAD_NETWORK":"Yes"}},{"type":"Feature","id":9095,"geometry":{"type":"LineString","coordinates":[[-122.69144365819831,49.170108270956],[-122.69058328351448,49.16988468238235],[-122.68822479051516,49.169249853931596],[-122.67921581346093,49.16686284467503]]},"properties":{"OBJECTID":9095,"ROAD_NAME":"No 1 Hwy","TRUCK_ROUTE":"Dangerous Goods Routes","STATUS":"Open","RD_CLASS":"Provincial Highway","MAJOR_ROAD_NETWORK":"No"}},{"type":"Feature","id":11726,"geometry":{"type":"LineString","coordinates":[[-122.85685807670181,49.17234268379126],[-122.85683636637242,49.17584213056966]]},"properties":{"OBJECTID":11726,"ROAD_NAME":"132 St","TRUCK_ROUTE":"Truck Routes with Restrictions","STATUS":"Open","RD_CLASS":"Arterial","MAJOR_ROAD_NETWORK":null}},{"type":"Feature","id":11729,"geometry":{"type":"LineString","coordinates":[[-122.79487368255556,49.16282195173717],[-122.79478644688535,49.16282161709967],[-122.79450162946725,49.16283667340099],[-122.79425250422803,49.162877698956976],[-122.79403017867384,49.1629390111918],[-122.79364721532181,49.16307011012046]]},"properties":{"OBJECTID":11729,"ROAD_NAME":"88 Ave","TRUCK_ROUTE":"Truck Routes","STATUS":"Open","RD_CLASS":"Arterial","MAJOR_ROAD_NETWORK":"Yes"}},{"type":"Feature","id":12135,"geometry":{"type":"LineString","coordinates":[[-122.80102739394188,49.17684100888085],[-122.79970595156226,49.176847627651256]]},"properties":{"OBJECTID":12135,"ROAD_NAME":"96 Ave","TRUCK_ROUTE":"Truck Routes","STATUS":"Open","RD_CLASS":"Arterial","MAJOR_ROAD_NETWORK":"Yes"}},{"type":"Feature","id":12439,"geometry":{"type":"LineString","coordinates":[[-122.80694563605364,49.16283639815432],[-122.80423423943454,49.16284342052516]]},"properties":{"OBJECTID":12439,"ROAD_NAME":"88 Ave","TRUCK_ROUTE":"Truck Routes","STATUS":"Open","RD_CLASS":"Arterial","MAJOR_ROAD_NETWORK":"Yes"}},{"type":"Feature","id":9404,"geometry":{"type":"LineString","coordinates":[[-122.7174340473908,49.17697722137325],[-122.71679875320449,49.17678964146946],[-122.71270035791505,49.17570709803494]]},"properties":{"OBJECTID":9404,"ROAD_NAME":"No 1 Hwy","TRUCK_ROUTE":"Dangerous Goods Routes","STATUS":"Open","RD_CLASS":"Provincial Highway","MAJOR_ROAD_NETWORK":"No"}},{"type":"Feature","id":9409,"geometry":{"type":"LineString","coordinates":[[-122.76682588702786,49.19037088776555],[-122.76645109129002,49.19015116991476],[-122.7661178908051,49.18996672486036],[-122.76538611739694,49.18954687050972],[-122.764361466514,49.18912189661317],[-122.7630680896933,49.18871448829037],[-122.75937547465256,49.187585347088266]]},"properties":{"OBJECTID":9409,"ROAD_NAME":null,"TRUCK_ROUTE":"Truck Routes","STATUS":"Open","RD_CLASS":"Provincial Highway","MAJOR_ROAD_NETWORK":"No"}},{"type":"Feature","id":9530,"geometry":{"type":"LineString","coordinates":[[-122.76103724427597,49.01924811441121],[-122.76075419999971,49.0184554165173],[-122.76041977640955,49.01775078329995],[-122.76015327789513,49.01730400000078],[-122.75976933016004,49.01649674319865],[-122.75962315157967,49.0161936911941],[-122.75958447736805,49.01610935539615],[-122.75956976793759,49.01600793286266],[-122.75958236365258,49.015842602023326],[-122.7596667538375,49.015705387288826],[-122.75977946895493,49.01555353464298],[-122.76007862676313,49.015386360101765],[-122.76044610704531,49.01526859502457],[-122.76050816750686,49.01525404661512],[-122.76058350426317,49.015238970364486],[-122.76064579174914,49.01522862718055],[-122.76075682379202,49.01521878171848],[-122.76081438443386,49.01521318882628],[-122.76090884977388,49.01520838640542],[-122.76097888205338,49.01520531836771],[-122.76105504631343,49.01520630914128],[-122.76117151741133,49.01521297651082],[-122.76126916148979,49.01522501851678],[-122.76134130497019,49.01523391559178],[-122.76142746725945,49.01524599477981],[-122.7615748633635,49.01527485996988],[-122.76162039900113,49.01528685450565],[-122.76173528851362,49.01532422121862],[-122.7618645498443,49.015383038300094],[-122.76191364054512,49.015408368568416],[-122.76197063517004,49.01544561557728],[-122.76201894783455,49.01548236863416],[-122.7620643181539,49.01552911198732],[-122.76208445453726,49.015555810529996],[-122.7621275835896,49.01561730580275],[-122.7621613160424,49.01567640160009],[-122.76218568360322,49.01572643373999],[-122.76220735444923,49.015810560184555],[-122.76220669774219,49.01588161932875],[-122.76218948059876,49.01596369699399],[-122.76217033841743,49.01603208516372],[-122.76214204836491,49.01608379383535],[-122.76211199719887,49.01612538348158],[-122.76204283424275,49.01621151917934],[-122.76195045477286,49.01628495215708],[-122.7618607080306,49.016340164601004],[-122.76176443212746,49.016399393588344],[-122.76130137098481,49.01656305083042],[-122.76067830276645,49.01667739305589]]},"properties":{"OBJECTID":9530,"ROAD_NAME":null,"TRUCK_ROUTE":"Dangerous Goods Routes","STATUS":"Open","RD_CLASS":"Provincial Highway","MAJOR_ROAD_NETWORK":"No"}},{"type":"Feature","id":9582,"geometry":{"type":"LineString","coordinates":[[-122.8012016329455,49.05844242027348],[-122.80160211485122,49.058724581373966],[-122.8022280190601,49.05922032273679],[-122.80346200951782,49.060119732983416],[-122.80425840115518,49.06070019714771],[-122.80508367544006,49.061301692846335]]},"properties":{"OBJECTID":9582,"ROAD_NAME":"No 99 Hwy","TRUCK_ROUTE":"Dangerous Goods Routes","STATUS":"Open","RD_CLASS":"Provincial Highway","MAJOR_ROAD_NETWORK":"No"}},{"type":"Feature","id":5236,"geometry":{"type":"LineString","coordinates":[[-122.89053414930873,49.18398916043157],[-122.89096631663668,49.184477893326275],[-122.89142140055176,49.18499583587386],[-122.89154895188081,49.18518248899385],[-122.8916032488812,49.185306085075],[-122.89166290424461,49.18544853877983],[-122.89167602710222,49.1855311849651],[-122.89169254646839,49.18563522157556],[-122.89167273633949,49.18572130746227],[-122.89166686803117,49.185802943253876],[-122.89164644114477,49.185892439422574],[-122.89161780362835,49.185986168631295],[-122.89158421938653,49.18606848575599],[-122.89154192082462,49.18615079467539],[-122.89148508280361,49.18624022997472],[-122.89142152444806,49.186322679213006],[-122.89136418173877,49.186388841394056],[-122.89129110475638,49.18647105468753],[-122.89118847891174,49.18657734486738],[-122.89108913931534,49.186675069976644],[-122.89100179404636,49.18676709428367],[-122.89090772095449,49.1868637532057],[-122.8908331080413,49.1869446033179],[-122.89077122165457,49.18701713535637],[-122.89070531029039,49.18710361046074],[-122.89063972749447,49.18720565115266],[-122.89059162046149,49.1872862881961],[-122.89055005066812,49.18736621741485],[-122.89050153401287,49.18746779820036],[-122.8904630238941,49.187624645895795],[-122.89041360557916,49.18780548036298],[-122.89039137246586,49.18800776076966],[-122.89036349010375,49.18830166648987],[-122.89033376180588,49.188601463405746],[-122.89027859085644,49.18909057273865]]},"properties":{"OBJECTID":5236,"ROAD_NAME":"Scott Rd","TRUCK_ROUTE":"Truck Routes","STATUS":"Open","RD_CLASS":"Arterial","MAJOR_ROAD_NETWORK":"Yes"}},{"type":"Feature","id":6655,"geometry":{"type":"LineString","coordinates":[[-122.8902745267445,49.190593228318264],[-122.89027707234801,49.19075642200727],[-122.89025857193451,49.191381409748445],[-122.89020581486163,49.191722865406916],[-122.89015387496408,49.19195945920268],[-122.89010097526636,49.19211236566755]]},"properties":{"OBJECTID":6655,"ROAD_NAME":"Scott Rd","TRUCK_ROUTE":"Truck Routes","STATUS":"Open","RD_CLASS":"Arterial","MAJOR_ROAD_NETWORK":"Yes"}},{"type":"Feature","id":2179,"geometry":{"type":"LineString","coordinates":[[-122.85132841285342,49.17706995637034],[-122.84990868732123,49.17706284322854]]},"properties":{"OBJECTID":2179,"ROAD_NAME":"96 Ave","TRUCK_ROUTE":"Truck Routes","STATUS":"Open","RD_CLASS":"Arterial","MAJOR_ROAD_NETWORK":"Yes"}},{"type":"Feature","id":77036,"geometry":{"type":"LineString","coordinates":[[-122.8347668509414,49.107363763571776],[-122.83596299673037,49.10836050231346]]},"properties":{"OBJECTID":77036,"ROAD_NAME":"King George Blvd","TRUCK_ROUTE":"Dangerous Goods Routes","STATUS":"Open","RD_CLASS":"Arterial","MAJOR_ROAD_NETWORK":"Yes"}},{"type":"Feature","id":13095,"geometry":{"type":"LineString","coordinates":[[-122.79392455434538,49.19155180727168],[-122.79121289419855,49.19158256013936]]},"properties":{"OBJECTID":13095,"ROAD_NAME":"104 Ave","TRUCK_ROUTE":"Truck Routes","STATUS":"Open","RD_CLASS":"Arterial","MAJOR_ROAD_NETWORK":"Yes"}},{"type":"Feature","id":13071,"geometry":{"type":"LineString","coordinates":[[-122.87622994490866,49.133933788596615],[-122.87346725301703,49.1339210834105]]},"properties":{"OBJECTID":13071,"ROAD_NAME":"72 Ave","TRUCK_ROUTE":"Truck Routes","STATUS":"Open","RD_CLASS":"Arterial","MAJOR_ROAD_NETWORK":"Yes"}},{"type":"Feature","id":5936,"geometry":{"type":"LineString","coordinates":[[-122.68585312741232,49.031086457734354],[-122.68027073998881,49.03110520019674]]},"properties":{"OBJECTID":5936,"ROAD_NAME":"16 Ave","TRUCK_ROUTE":"Truck Routes","STATUS":"Open","RD_CLASS":"Arterial","MAJOR_ROAD_NETWORK":"Yes"}},{"type":"Feature","id":12945,"geometry":{"type":"LineString","coordinates":[[-122.76355749837894,49.02138354101273],[-122.7636528794189,49.021460561758424],[-122.7678104894272,49.02481641071779]]},"properties":{"OBJECTID":12945,"ROAD_NAME":"King George Blvd","TRUCK_ROUTE":"Dangerous Goods Routes","STATUS":"Open","RD_CLASS":"Arterial","MAJOR_ROAD_NETWORK":"Yes"}},{"type":"Feature","id":5364,"geometry":{"type":"LineString","coordinates":[[-122.81178179583578,49.06029449888983],[-122.81225991499173,49.060680533339344],[-122.81303495562946,49.061301044657355]]},"properties":{"OBJECTID":5364,"ROAD_NAME":"King George Blvd","TRUCK_ROUTE":"Dangerous Goods Routes","STATUS":"Open","RD_CLASS":"Arterial","MAJOR_ROAD_NETWORK":"Yes"}},{"type":"Feature","id":59954,"geometry":{"type":"LineString","coordinates":[[-122.76960896340604,49.01656941802193],[-122.76825057007318,49.016567758514455]]},"properties":{"OBJECTID":59954,"ROAD_NAME":"8 Ave","TRUCK_ROUTE":"Truck Routes","STATUS":"Open","RD_CLASS":"Collector","MAJOR_ROAD_NETWORK":null}},{"type":"Feature","id":13059,"geometry":{"type":"LineString","coordinates":[[-122.86644915487614,49.031291934758656],[-122.86534052135778,49.03128860820902]]},"properties":{"OBJECTID":13059,"ROAD_NAME":"16 Ave","TRUCK_ROUTE":"Truck Routes","STATUS":"Open","RD_CLASS":"Arterial","MAJOR_ROAD_NETWORK":null}},{"type":"Feature","id":12180,"geometry":{"type":"LineString","coordinates":[[-122.82881024149195,49.119107290197974],[-122.8232985712103,49.11912446838736]]},"properties":{"OBJECTID":12180,"ROAD_NAME":"64 Ave","TRUCK_ROUTE":"Truck Routes","STATUS":"Open","RD_CLASS":"Arterial","MAJOR_ROAD_NETWORK":"Yes"}},{"type":"Feature","id":63804,"geometry":{"type":"LineString","coordinates":[[-122.71136982233749,49.17726215105087],[-122.71132822433931,49.177239188794935],[-122.71101237207503,49.17712164170475],[-122.71054349481689,49.17703511076565],[-122.71012961435922,49.17699980841919]]},"properties":{"OBJECTID":63804,"ROAD_NAME":"96 Ave","TRUCK_ROUTE":"Truck Routes","STATUS":"Open","RD_CLASS":"Arterial","MAJOR_ROAD_NETWORK":"Yes"}},{"type":"Feature","id":4082,"geometry":{"type":"LineString","coordinates":[[-122.73517536846347,49.03123627780222],[-122.73495430547693,49.0312350034255],[-122.73393223261719,49.03120815404126],[-122.73320180636522,49.03121197792987]]},"properties":{"OBJECTID":4082,"ROAD_NAME":"16 Ave","TRUCK_ROUTE":"Truck Routes","STATUS":"Open","RD_CLASS":"Arterial","MAJOR_ROAD_NETWORK":"Yes"}},{"type":"Feature","id":782,"geometry":{"type":"LineString","coordinates":[[-122.80398764905152,49.054007856464956],[-122.80761577615547,49.056934527145934]]},"properties":{"OBJECTID":782,"ROAD_NAME":"King George Blvd","TRUCK_ROUTE":"Dangerous Goods Routes","STATUS":"Open","RD_CLASS":"Arterial","MAJOR_ROAD_NETWORK":"Yes"}},{"type":"Feature","id":6217,"geometry":{"type":"LineString","coordinates":[[-122.80122756892152,49.051781068089255],[-122.80273786616524,49.05299958267484]]},"properties":{"OBJECTID":6217,"ROAD_NAME":"King George Blvd","TRUCK_ROUTE":"Dangerous Goods Routes","STATUS":"Open","RD_CLASS":"Arterial","MAJOR_ROAD_NETWORK":"Yes"}},{"type":"Feature","id":881,"geometry":{"type":"LineString","coordinates":[[-122.81731179325759,49.06476104226389],[-122.81890534268918,49.066044591967525]]},"properties":{"OBJECTID":881,"ROAD_NAME":"King George Blvd","TRUCK_ROUTE":"Dangerous Goods Routes","STATUS":"Open","RD_CLASS":"Arterial","MAJOR_ROAD_NETWORK":"Yes"}},{"type":"Feature","id":713,"geometry":{"type":"LineString","coordinates":[[-122.80761577615547,49.056934527145934],[-122.80851772430916,49.05766205718493]]},"properties":{"OBJECTID":713,"ROAD_NAME":"King George Blvd","TRUCK_ROUTE":"Dangerous Goods Routes","STATUS":"Open","RD_CLASS":"Arterial","MAJOR_ROAD_NETWORK":"Yes"}},{"type":"Feature","id":7922,"geometry":{"type":"LineString","coordinates":[[-122.80123207216874,49.05285020008644],[-122.80120869744228,49.05437888706967],[-122.80117258151691,49.05515968271338]]},"properties":{"OBJECTID":7922,"ROAD_NAME":"152 St","TRUCK_ROUTE":"Truck Routes","STATUS":"Open","RD_CLASS":"Arterial","MAJOR_ROAD_NETWORK":"Yes"}},{"type":"Feature","id":171854,"geometry":{"type":"LineString","coordinates":[[-122.76130018375527,49.031096463975864],[-122.75713012856288,49.031097634434744]]},"properties":{"OBJECTID":171854,"ROAD_NAME":"16 Ave","TRUCK_ROUTE":"Truck Routes","STATUS":"Open","RD_CLASS":"Arterial","MAJOR_ROAD_NETWORK":"Yes"}},{"type":"Feature","id":14505,"geometry":{"type":"LineString","coordinates":[[-122.71332462318527,49.17906092082979],[-122.71254585585044,49.178295605667515],[-122.71192234381527,49.177639344877385],[-122.71163362910691,49.17740780430704],[-122.71136982233749,49.17726215105087]]},"properties":{"OBJECTID":14505,"ROAD_NAME":"96 Ave","TRUCK_ROUTE":"Truck Routes","STATUS":"Open","RD_CLASS":"Arterial","MAJOR_ROAD_NETWORK":"Yes"}},{"type":"Feature","id":208973,"geometry":{"type":"LineString","coordinates":[[-122.84540848690995,49.18299628483957],[-122.8454338400464,49.184291650053005]]},"properties":{"OBJECTID":208973,"ROAD_NAME":"King George Blvd","TRUCK_ROUTE":"Dangerous Goods Routes","STATUS":"Open","RD_CLASS":"Arterial","MAJOR_ROAD_NETWORK":"Yes"}},{"type":"Feature","id":73826,"geometry":{"type":"LineString","coordinates":[[-122.70617341496867,49.125714907078],[-122.7061648442307,49.12571092600866],[-122.70504125294339,49.12518672738633],[-122.70343627139901,49.124463830636024],[-122.70172031748048,49.12371521056337]]},"properties":{"OBJECTID":73826,"ROAD_NAME":"Fraser Hwy","TRUCK_ROUTE":"Dangerous Goods Routes","STATUS":"Open","RD_CLASS":"Arterial","MAJOR_ROAD_NETWORK":"Yes"}},{"type":"Feature","id":9431,"geometry":{"type":"LineString","coordinates":[[-122.80122756892283,49.051781068092815],[-122.80123207216874,49.05285020008644]]},"properties":{"OBJECTID":9431,"ROAD_NAME":"152 St","TRUCK_ROUTE":"Truck Routes","STATUS":"Open","RD_CLASS":"Arterial","MAJOR_ROAD_NETWORK":"Yes"}},{"type":"Feature","id":73827,"geometry":{"type":"LineString","coordinates":[[-122.79364721532181,49.16307011012046],[-122.79017877883226,49.16175522665766]]},"properties":{"OBJECTID":73827,"ROAD_NAME":"Fraser Hwy","TRUCK_ROUTE":"Dangerous Goods Routes","STATUS":"Open","RD_CLASS":"Arterial","MAJOR_ROAD_NETWORK":"Yes"}},{"type":"Feature","id":73830,"geometry":{"type":"LineString","coordinates":[[-122.76774617065858,49.15299588529724],[-122.76210986817577,49.15079672851728]]},"properties":{"OBJECTID":73830,"ROAD_NAME":"Fraser Hwy","TRUCK_ROUTE":"Dangerous Goods Routes","STATUS":"Open","RD_CLASS":"Arterial","MAJOR_ROAD_NETWORK":"Yes"}},{"type":"Feature","id":73832,"geometry":{"type":"LineString","coordinates":[[-122.76003134361402,49.14987692999373],[-122.7596253214472,49.149677693002005],[-122.75921932780957,49.14945121971849],[-122.75867235448726,49.149152452541244],[-122.75646511161412,49.14797033311744]]},"properties":{"OBJECTID":73832,"ROAD_NAME":"Fraser Hwy","TRUCK_ROUTE":"Dangerous Goods Routes","STATUS":"Open","RD_CLASS":"Arterial","MAJOR_ROAD_NETWORK":"Yes"}},{"type":"Feature","id":73834,"geometry":{"type":"LineString","coordinates":[[-122.77351350612375,49.155265080987256],[-122.7677461706657,49.15299588529343]]},"properties":{"OBJECTID":73834,"ROAD_NAME":"Fraser Hwy","TRUCK_ROUTE":"Dangerous Goods Routes","STATUS":"Open","RD_CLASS":"Arterial","MAJOR_ROAD_NETWORK":"Yes"}},{"type":"Feature","id":73835,"geometry":{"type":"LineString","coordinates":[[-122.77884561100736,49.157351290999785],[-122.77478372261513,49.15575063959875]]},"properties":{"OBJECTID":73835,"ROAD_NAME":"Fraser Hwy","TRUCK_ROUTE":"Dangerous Goods Routes","STATUS":"Open","RD_CLASS":"Arterial","MAJOR_ROAD_NETWORK":"Yes"}},{"type":"Feature","id":73836,"geometry":{"type":"LineString","coordinates":[[-122.8067059744783,49.16813506380742],[-122.80394810358372,49.16709160839286]]},"properties":{"OBJECTID":73836,"ROAD_NAME":"Fraser Hwy","TRUCK_ROUTE":"Dangerous Goods Routes","STATUS":"Open","RD_CLASS":"Arterial","MAJOR_ROAD_NETWORK":"Yes"}},{"type":"Feature","id":73838,"geometry":{"type":"LineString","coordinates":[[-122.75646511161901,49.14797033312057],[-122.75628143019655,49.147846300616315],[-122.75559458423542,49.14748214872074],[-122.75454171072465,49.14693419090313],[-122.75348581219306,49.146427035992076],[-122.75215164480159,49.145843107578735],[-122.75098592586178,49.14533751712729]]},"properties":{"OBJECTID":73838,"ROAD_NAME":"Fraser Hwy","TRUCK_ROUTE":"Dangerous Goods Routes","STATUS":"Open","RD_CLASS":"Arterial","MAJOR_ROAD_NETWORK":"Yes"}},{"type":"Feature","id":74141,"geometry":{"type":"LineString","coordinates":[[-122.69163234690001,49.07108407322008],[-122.69166576815019,49.07477357969054]]},"properties":{"OBJECTID":74141,"ROAD_NAME":"192 St","TRUCK_ROUTE":"Truck Routes","STATUS":"Open","RD_CLASS":"Arterial","MAJOR_ROAD_NETWORK":null}},{"type":"Feature","id":73512,"geometry":{"type":"LineString","coordinates":[[-122.72589354284268,49.133916889293296],[-122.72553028330393,49.13366973521976],[-122.72496654412122,49.13329234685673],[-122.72449771114665,49.13297885897453],[-122.72416803858431,49.1327729562109],[-122.72394440966694,49.132632812775995],[-122.72368172279081,49.13251212984865]]},"properties":{"OBJECTID":73512,"ROAD_NAME":"Fraser Hwy","TRUCK_ROUTE":"Dangerous Goods Routes","STATUS":"Open","RD_CLASS":"Arterial","MAJOR_ROAD_NETWORK":"Yes"}},{"type":"Feature","id":73514,"geometry":{"type":"LineString","coordinates":[[-122.81228717143584,49.17031605061743],[-122.81212628263224,49.17023453551875],[-122.81149237349344,49.16998788378986],[-122.80907995805224,49.16905115745325]]},"properties":{"OBJECTID":73514,"ROAD_NAME":"Fraser Hwy","TRUCK_ROUTE":"Dangerous Goods Routes","STATUS":"Open","RD_CLASS":"Arterial","MAJOR_ROAD_NETWORK":"Yes"}},{"type":"Feature","id":9430,"geometry":{"type":"LineString","coordinates":[[-122.7678104894272,49.02481641071779],[-122.77089109169822,49.02730436240842]]},"properties":{"OBJECTID":9430,"ROAD_NAME":"King George Blvd","TRUCK_ROUTE":"Dangerous Goods Routes","STATUS":"Open","RD_CLASS":"Arterial","MAJOR_ROAD_NETWORK":"Yes"}},{"type":"Feature","id":8523,"geometry":{"type":"LineString","coordinates":[[-122.81890534268918,49.066044591967525],[-122.82064836195708,49.06745125087148]]},"properties":{"OBJECTID":8523,"ROAD_NAME":"King George Blvd","TRUCK_ROUTE":"Dangerous Goods Routes","STATUS":"Open","RD_CLASS":"Arterial","MAJOR_ROAD_NETWORK":"Yes"}},{"type":"Feature","id":2410,"geometry":{"type":"LineString","coordinates":[[-122.80273786616524,49.05299958267484],[-122.80398764905249,49.05400785646499]]},"properties":{"OBJECTID":2410,"ROAD_NAME":"King George Blvd","TRUCK_ROUTE":"Dangerous Goods Routes","STATUS":"Open","RD_CLASS":"Arterial","MAJOR_ROAD_NETWORK":"Yes"}},{"type":"Feature","id":73515,"geometry":{"type":"LineString","coordinates":[[-122.78219815545026,49.15863956608588],[-122.77884561100736,49.157351290999785]]},"properties":{"OBJECTID":73515,"ROAD_NAME":"Fraser Hwy","TRUCK_ROUTE":"Dangerous Goods Routes","STATUS":"Open","RD_CLASS":"Arterial","MAJOR_ROAD_NETWORK":"Yes"}},{"type":"Feature","id":73820,"geometry":{"type":"LineString","coordinates":[[-122.77478372261513,49.15575063959875],[-122.77351350612375,49.155265080987256]]},"properties":{"OBJECTID":73820,"ROAD_NAME":"Fraser Hwy","TRUCK_ROUTE":"Dangerous Goods Routes","STATUS":"Open","RD_CLASS":"Arterial","MAJOR_ROAD_NETWORK":"Yes"}},{"type":"Feature","id":2829,"geometry":{"type":"LineString","coordinates":[[-122.73320180636522,49.03121197792987],[-122.73099202362813,49.03121039422743],[-122.72890573631153,49.03121006991548],[-122.72781619237523,49.031215895063525],[-122.72706365401245,49.03121859222056],[-122.72426716016464,49.03121866133287]]},"properties":{"OBJECTID":2829,"ROAD_NAME":"16 Ave","TRUCK_ROUTE":"Truck Routes","STATUS":"Open","RD_CLASS":"Arterial","MAJOR_ROAD_NETWORK":"Yes"}},{"type":"Feature","id":2835,"geometry":{"type":"LineString","coordinates":[[-122.80118678359882,49.06374021781026],[-122.80118105363897,49.06736988485658]]},"properties":{"OBJECTID":2835,"ROAD_NAME":"152 St","TRUCK_ROUTE":"Truck Routes","STATUS":"Open","RD_CLASS":"Arterial","MAJOR_ROAD_NETWORK":"Yes"}},{"type":"Feature","id":9260,"geometry":{"type":"LineString","coordinates":[[-122.8012016329455,49.05844242027348],[-122.80119238958851,49.0601106391957]]},"properties":{"OBJECTID":9260,"ROAD_NAME":"152 St","TRUCK_ROUTE":"Truck Routes","STATUS":"Open","RD_CLASS":"Arterial","MAJOR_ROAD_NETWORK":"Yes"}},{"type":"Feature","id":73821,"geometry":{"type":"LineString","coordinates":[[-122.79017877883177,49.16175522665994],[-122.78906692795017,49.16129241037827],[-122.78759955179794,49.160728033507574],[-122.78530080371789,49.159836562141486]]},"properties":{"OBJECTID":73821,"ROAD_NAME":"Fraser Hwy","TRUCK_ROUTE":"Dangerous Goods Routes","STATUS":"Open","RD_CLASS":"Arterial","MAJOR_ROAD_NETWORK":"Yes"}},{"type":"Feature","id":73822,"geometry":{"type":"LineString","coordinates":[[-122.70172031748048,49.12371521056337],[-122.69951842793394,49.12271552502699]]},"properties":{"OBJECTID":73822,"ROAD_NAME":"Fraser Hwy","TRUCK_ROUTE":"Dangerous Goods Routes","STATUS":"Open","RD_CLASS":"Arterial","MAJOR_ROAD_NETWORK":"Yes"}},{"type":"Feature","id":73824,"geometry":{"type":"LineString","coordinates":[[-122.78530080371789,49.159836562141486],[-122.78219815545557,49.15863956608525]]},"properties":{"OBJECTID":73824,"ROAD_NAME":"Fraser Hwy","TRUCK_ROUTE":"Dangerous Goods Routes","STATUS":"Open","RD_CLASS":"Arterial","MAJOR_ROAD_NETWORK":"Yes"}},{"type":"Feature","id":13199,"geometry":{"type":"LineString","coordinates":[[-122.85686528935354,49.17118049494954],[-122.85685807670181,49.17234268379126]]},"properties":{"OBJECTID":13199,"ROAD_NAME":"132 St","TRUCK_ROUTE":"Truck Routes with Restrictions","STATUS":"Open","RD_CLASS":"Arterial","MAJOR_ROAD_NETWORK":null}},{"type":"Feature","id":73503,"geometry":{"type":"LineString","coordinates":[[-122.79793200630895,49.16474811109822],[-122.79568340372694,49.1638674398231],[-122.79524351006617,49.163695339062485]]},"properties":{"OBJECTID":73503,"ROAD_NAME":"Fraser Hwy","TRUCK_ROUTE":"Dangerous Goods Routes","STATUS":"Open","RD_CLASS":"Arterial","MAJOR_ROAD_NETWORK":"Yes"}},{"type":"Feature","id":73505,"geometry":{"type":"LineString","coordinates":[[-122.72368172279603,49.132512129843725],[-122.7233964804607,49.132371818513555],[-122.72304871373007,49.132221750769254],[-122.7226842604977,49.1320899026073],[-122.72230406398164,49.13197915467559]]},"properties":{"OBJECTID":73505,"ROAD_NAME":"Fraser Hwy","TRUCK_ROUTE":"Dangerous Goods Routes","STATUS":"Open","RD_CLASS":"Arterial","MAJOR_ROAD_NETWORK":"Yes"}},{"type":"Feature","id":73825,"geometry":{"type":"LineString","coordinates":[[-122.80140111432647,49.166106497462586],[-122.79793200630512,49.164748111097445]]},"properties":{"OBJECTID":73825,"ROAD_NAME":"Fraser Hwy","TRUCK_ROUTE":"Dangerous Goods Routes","STATUS":"Open","RD_CLASS":"Arterial","MAJOR_ROAD_NETWORK":"Yes"}},{"type":"Feature","id":3343,"geometry":{"type":"LineString","coordinates":[[-122.80993578478883,49.05880575286343],[-122.81178179583578,49.06029449888983]]},"properties":{"OBJECTID":3343,"ROAD_NAME":"King George Blvd","TRUCK_ROUTE":"Dangerous Goods Routes","STATUS":"Open","RD_CLASS":"Arterial","MAJOR_ROAD_NETWORK":"Yes"}},{"type":"Feature","id":73506,"geometry":{"type":"LineString","coordinates":[[-122.68478289577158,49.116123789452],[-122.68175247946532,49.11475890016659]]},"properties":{"OBJECTID":73506,"ROAD_NAME":"Fraser Hwy","TRUCK_ROUTE":"Dangerous Goods Routes","STATUS":"Open","RD_CLASS":"Arterial","MAJOR_ROAD_NETWORK":"Yes"}},{"type":"Feature","id":73507,"geometry":{"type":"LineString","coordinates":[[-122.69135330721141,49.11896712632159],[-122.69049039642711,49.11857327787053],[-122.68957731691968,49.11817514296869],[-122.6889804560568,49.117947431752505],[-122.6883925721564,49.11773461699571],[-122.68779139509475,49.11747416225696],[-122.68699803329625,49.11712018670073],[-122.68478289577628,49.11612378945409]]},"properties":{"OBJECTID":73507,"ROAD_NAME":"Fraser Hwy","TRUCK_ROUTE":"Dangerous Goods Routes","STATUS":"Open","RD_CLASS":"Arterial","MAJOR_ROAD_NETWORK":"Yes"}},{"type":"Feature","id":73508,"geometry":{"type":"LineString","coordinates":[[-122.80907995805224,49.16905115745325],[-122.80670597448716,49.16813506381091]]},"properties":{"OBJECTID":73508,"ROAD_NAME":"Fraser Hwy","TRUCK_ROUTE":"Dangerous Goods Routes","STATUS":"Open","RD_CLASS":"Arterial","MAJOR_ROAD_NETWORK":"Yes"}},{"type":"Feature","id":73509,"geometry":{"type":"LineString","coordinates":[[-122.80394810358372,49.16709160839286],[-122.80140111431953,49.166106497461904]]},"properties":{"OBJECTID":73509,"ROAD_NAME":"Fraser Hwy","TRUCK_ROUTE":"Dangerous Goods Routes","STATUS":"Open","RD_CLASS":"Arterial","MAJOR_ROAD_NETWORK":"Yes"}},{"type":"Feature","id":79596,"geometry":{"type":"LineString","coordinates":[[-122.88767533045144,49.20178079777802],[-122.88684305707996,49.20136419488137]]},"properties":{"OBJECTID":79596,"ROAD_NAME":"Old Yale Rd","TRUCK_ROUTE":"Truck Routes","STATUS":"Open","RD_CLASS":"Arterial","MAJOR_ROAD_NETWORK":null}},{"type":"Feature","id":79598,"geometry":{"type":"LineString","coordinates":[[-122.88684305707996,49.20136419488134],[-122.88458406205218,49.200242337180995]]},"properties":{"OBJECTID":79598,"ROAD_NAME":"Old Yale Rd","TRUCK_ROUTE":"Truck Routes","STATUS":"Open","RD_CLASS":"Arterial","MAJOR_ROAD_NETWORK":null}},{"type":"Feature","id":73510,"geometry":{"type":"LineString","coordinates":[[-122.71039914212864,49.12784272541336],[-122.71033716809168,49.127814899450925],[-122.7102144316883,49.12775707455471],[-122.70996936313851,49.12764161442691],[-122.70957927302518,49.12745727036069],[-122.70920038319895,49.12726928590922],[-122.70884381583679,49.127086857406034],[-122.70849839470904,49.126909956841985],[-122.70819479930073,49.126747830037246],[-122.70787733307898,49.12656916461638],[-122.70754585632227,49.12639779736876],[-122.70711967990837,49.126176680818936],[-122.70670458560394,49.12597209355725],[-122.70617341496867,49.125714907078]]},"properties":{"OBJECTID":73510,"ROAD_NAME":"Fraser Hwy","TRUCK_ROUTE":"Dangerous Goods Routes","STATUS":"Open","RD_CLASS":"Arterial","MAJOR_ROAD_NETWORK":"Yes"}},{"type":"Feature","id":73511,"geometry":{"type":"LineString","coordinates":[[-122.79524351006617,49.163695339062485],[-122.7936472153261,49.16307011011962]]},"properties":{"OBJECTID":73511,"ROAD_NAME":"Fraser Hwy","TRUCK_ROUTE":"Dangerous Goods Routes","STATUS":"Open","RD_CLASS":"Arterial","MAJOR_ROAD_NETWORK":"Yes"}},{"type":"Feature","id":72846,"geometry":{"type":"LineString","coordinates":[[-122.80119023453331,49.061577719960496],[-122.80118874510084,49.06251110456716]]},"properties":{"OBJECTID":72846,"ROAD_NAME":"152 St","TRUCK_ROUTE":"Truck Routes","STATUS":"Open","RD_CLASS":"Arterial","MAJOR_ROAD_NETWORK":"Yes"}},{"type":"Feature","id":2615,"geometry":{"type":"LineString","coordinates":[[-122.69129186278636,49.03106326224498],[-122.68708239480142,49.03109753775048],[-122.68585312741232,49.031086457734354]]},"properties":{"OBJECTID":2615,"ROAD_NAME":"16 Ave","TRUCK_ROUTE":"Truck Routes","STATUS":"Open","RD_CLASS":"Arterial","MAJOR_ROAD_NETWORK":"Yes"}},{"type":"Feature","id":161,"geometry":{"type":"LineString","coordinates":[[-122.80118164722248,49.08980975224005],[-122.80114479588161,49.09365708984942],[-122.80117960669757,49.094540156371025],[-122.80115464438582,49.09508460174925]]},"properties":{"OBJECTID":161,"ROAD_NAME":"152 St","TRUCK_ROUTE":"Truck Routes","STATUS":"Open","RD_CLASS":"Arterial","MAJOR_ROAD_NETWORK":"Yes"}},{"type":"Feature","id":13112,"geometry":{"type":"LineString","coordinates":[[-122.80851772430916,49.05766205718493],[-122.80993578478883,49.05880575286343]]},"properties":{"OBJECTID":13112,"ROAD_NAME":"King George Blvd","TRUCK_ROUTE":"Dangerous Goods Routes","STATUS":"Open","RD_CLASS":"Arterial","MAJOR_ROAD_NETWORK":"Yes"}},{"type":"Feature","id":8541,"geometry":{"type":"LineString","coordinates":[[-122.84844671096359,49.133580211444375],[-122.84557782161426,49.133533859419614]]},"properties":{"OBJECTID":8541,"ROAD_NAME":"72 Ave","TRUCK_ROUTE":"Truck Routes","STATUS":"Open","RD_CLASS":"Arterial","MAJOR_ROAD_NETWORK":"Yes"}},{"type":"Feature","id":4365,"geometry":{"type":"LineString","coordinates":[[-122.80087101276163,49.1931945929077],[-122.80086240906691,49.194920889722276]]},"properties":{"OBJECTID":4365,"ROAD_NAME":"152 St","TRUCK_ROUTE":"Truck Routes","STATUS":"Open","RD_CLASS":"Arterial","MAJOR_ROAD_NETWORK":"Yes"}},{"type":"Feature","id":11903,"geometry":{"type":"LineString","coordinates":[[-122.80086240906691,49.194920889722276],[-122.80086202914745,49.195048846374725],[-122.80085865857664,49.19618399040226],[-122.80078940234525,49.196474863778136],[-122.80072943042192,49.196643776980125],[-122.8006231122418,49.196858186117424],[-122.80051460836313,49.19698532461164]]},"properties":{"OBJECTID":11903,"ROAD_NAME":"152 St","TRUCK_ROUTE":"Truck Routes","STATUS":"Open","RD_CLASS":"Provincial Highway","MAJOR_ROAD_NETWORK":"No"}},{"type":"Feature","id":118701,"geometry":{"type":"LineString","coordinates":[[-122.80117258151691,49.05515968271338],[-122.8011595843539,49.05544066413576]]},"properties":{"OBJECTID":118701,"ROAD_NAME":"152 St","TRUCK_ROUTE":"Truck Routes","STATUS":"Open","RD_CLASS":"Arterial","MAJOR_ROAD_NETWORK":"Yes"}},{"type":"Feature","id":10805,"geometry":{"type":"LineString","coordinates":[[-122.8011595843539,49.05544066413576],[-122.80116907512627,49.05634456522712],[-122.80116520069308,49.05660573720388],[-122.8011524775109,49.05695084421896],[-122.80117682604602,49.05725310704554],[-122.8012017996127,49.05746891776467]]},"properties":{"OBJECTID":10805,"ROAD_NAME":"152 St","TRUCK_ROUTE":"Truck Routes","STATUS":"Open","RD_CLASS":"Arterial","MAJOR_ROAD_NETWORK":"Yes"}},{"type":"Feature","id":203533,"geometry":{"type":"LineString","coordinates":[[-122.80118105363897,49.06736988485658],[-122.80124589630276,49.070166099736504]]},"properties":{"OBJECTID":203533,"ROAD_NAME":"152 St","TRUCK_ROUTE":"Truck Routes","STATUS":"Open","RD_CLASS":"Arterial","MAJOR_ROAD_NETWORK":"Yes"}},{"type":"Feature","id":173,"geometry":{"type":"LineString","coordinates":[[-122.84557782161426,49.133533859419614],[-122.84481532748151,49.13354075597985],[-122.84355203918516,49.13355216778947]]},"properties":{"OBJECTID":173,"ROAD_NAME":"72 Ave","TRUCK_ROUTE":"Truck Routes","STATUS":"Open","RD_CLASS":"Arterial","MAJOR_ROAD_NETWORK":"Yes"}},{"type":"Feature","id":9821,"geometry":{"type":"LineString","coordinates":[[-122.84355203918516,49.13355216778947],[-122.8427966764389,49.13355890272315]]},"properties":{"OBJECTID":9821,"ROAD_NAME":"72 Ave","TRUCK_ROUTE":"Truck Routes","STATUS":"Open","RD_CLASS":"Arterial","MAJOR_ROAD_NETWORK":"Yes"}},{"type":"Feature","id":2619,"geometry":{"type":"LineString","coordinates":[[-122.82064836195268,49.067451250876715],[-122.82168725005717,49.06837303649638],[-122.82236192378141,49.068973664299435],[-122.82286722814763,49.06945236401624],[-122.82319126018537,49.06980269593558],[-122.82335852992449,49.070042635370655],[-122.82347194079505,49.07024465534827]]},"properties":{"OBJECTID":2619,"ROAD_NAME":"King George Blvd","TRUCK_ROUTE":"Dangerous Goods Routes","STATUS":"Open","RD_CLASS":"Provincial Highway","MAJOR_ROAD_NETWORK":"No"}},{"type":"Feature","id":9375,"geometry":{"type":"LineString","coordinates":[[-122.82369696797213,49.07112815833146],[-122.82369618738386,49.07145113223726],[-122.82364594361906,49.07172714323391],[-122.82354034439933,49.07208541989587],[-122.82345745985208,49.072473720014315],[-122.82306697246216,49.07363989924701]]},"properties":{"OBJECTID":9375,"ROAD_NAME":"King George Blvd","TRUCK_ROUTE":"Dangerous Goods Routes","STATUS":"Open","RD_CLASS":"Provincial Highway","MAJOR_ROAD_NETWORK":"No"}},{"type":"Feature","id":10685,"geometry":{"type":"LineString","coordinates":[[-122.8234719407261,49.070244655234504],[-122.8235624040866,49.070447055388016],[-122.82366617240284,49.07078928344452],[-122.82369696797213,49.07112815833146]]},"properties":{"OBJECTID":10685,"ROAD_NAME":"King George Blvd","TRUCK_ROUTE":"Dangerous Goods Routes","STATUS":"Open","RD_CLASS":"Provincial Highway","MAJOR_ROAD_NETWORK":"No"}},{"type":"Feature","id":12409,"geometry":{"type":"LineString","coordinates":[[-122.82369696797213,49.07112815833146],[-122.82384464410445,49.071467874399325],[-122.82397314907945,49.07178091651481],[-122.82422890942227,49.07209797815565]]},"properties":{"OBJECTID":12409,"ROAD_NAME":null,"TRUCK_ROUTE":"Dangerous Goods Routes","STATUS":"Open","RD_CLASS":"Provincial Highway","MAJOR_ROAD_NETWORK":"No"}},{"type":"Feature","id":854,"geometry":{"type":"LineString","coordinates":[[-122.85114818365675,49.133623832566926],[-122.84844671096359,49.133580211444375]]},"properties":{"OBJECTID":854,"ROAD_NAME":"72 Ave","TRUCK_ROUTE":"Truck Routes","STATUS":"Open","RD_CLASS":"Arterial","MAJOR_ROAD_NETWORK":"Yes"}},{"type":"Feature","id":1178,"geometry":{"type":"LineString","coordinates":[[-122.84557713248726,49.1300716263741],[-122.84558277028864,49.131152512499774]]},"properties":{"OBJECTID":1178,"ROAD_NAME":"King George Blvd","TRUCK_ROUTE":"Dangerous Goods Routes","STATUS":"Open","RD_CLASS":"Arterial","MAJOR_ROAD_NETWORK":"Yes"}},{"type":"Feature","id":7404,"geometry":{"type":"LineString","coordinates":[[-122.82306697246216,49.07363989924701],[-122.82326070318274,49.07335744419362],[-122.82340061049024,49.07313298008846],[-122.82356651193838,49.072933308223305],[-122.82382495625514,49.07278899495011],[-122.8239863467015,49.072735145017084],[-122.82414695572172,49.07270189953475],[-122.82434405936998,49.07269070668973],[-122.82450921227259,49.07270435492713],[-122.82470415799501,49.072740164493496],[-122.82481156763126,49.07277723044599],[-122.82506207532289,49.07289750351858]]},"properties":{"OBJECTID":7404,"ROAD_NAME":null,"TRUCK_ROUTE":"Dangerous Goods Routes","STATUS":"Open","RD_CLASS":"Provincial Highway","MAJOR_ROAD_NETWORK":"No"}},{"type":"Feature","id":1199,"geometry":{"type":"LineString","coordinates":[[-122.84558277028864,49.131152512499774],[-122.84557782161426,49.133533859419614]]},"properties":{"OBJECTID":1199,"ROAD_NAME":"King George Blvd","TRUCK_ROUTE":"Dangerous Goods Routes","STATUS":"Open","RD_CLASS":"Arterial","MAJOR_ROAD_NETWORK":"Yes"}},{"type":"Feature","id":79600,"geometry":{"type":"LineString","coordinates":[[-122.88458406147686,49.200242337214064],[-122.88249146345983,49.199203006563856]]},"properties":{"OBJECTID":79600,"ROAD_NAME":"Old Yale Rd","TRUCK_ROUTE":"Truck Routes","STATUS":"Open","RD_CLASS":"Arterial","MAJOR_ROAD_NETWORK":null}},{"type":"Feature","id":12878,"geometry":{"type":"LineString","coordinates":[[-122.80124589630276,49.070166099736504],[-122.80124876275941,49.07028970334813],[-122.80116976890498,49.07464009707161]]},"properties":{"OBJECTID":12878,"ROAD_NAME":"152 St","TRUCK_ROUTE":"Truck Routes","STATUS":"Open","RD_CLASS":"Arterial","MAJOR_ROAD_NETWORK":"Yes"}},{"type":"Feature","id":12621,"geometry":{"type":"LineString","coordinates":[[-122.80117170825594,49.03111546170595],[-122.80118166727364,49.03294131646995]]},"properties":{"OBJECTID":12621,"ROAD_NAME":"152 St","TRUCK_ROUTE":"Truck Routes","STATUS":"Open","RD_CLASS":"Arterial","MAJOR_ROAD_NETWORK":"Yes"}},{"type":"Feature","id":12633,"geometry":{"type":"LineString","coordinates":[[-122.83348816680795,49.16279004478102],[-122.83096092074152,49.16280734023354]]},"properties":{"OBJECTID":12633,"ROAD_NAME":"88 Ave","TRUCK_ROUTE":"Truck Routes","STATUS":"Open","RD_CLASS":"Arterial","MAJOR_ROAD_NETWORK":"Yes"}},{"type":"Feature","id":12748,"geometry":{"type":"LineString","coordinates":[[-122.85644596376738,49.19326280235875],[-122.85645260838963,49.194468731260905]]},"properties":{"OBJECTID":12748,"ROAD_NAME":"132 St","TRUCK_ROUTE":"Truck Routes with Restrictions","STATUS":"Open","RD_CLASS":"Arterial","MAJOR_ROAD_NETWORK":null}},{"type":"Feature","id":12793,"geometry":{"type":"LineString","coordinates":[[-122.8232868477321,49.174578800607264],[-122.81437994662109,49.17112722186497]]},"properties":{"OBJECTID":12793,"ROAD_NAME":"Fraser Hwy","TRUCK_ROUTE":"Dangerous Goods Routes","STATUS":"Open","RD_CLASS":"Arterial","MAJOR_ROAD_NETWORK":"Yes"}},{"type":"Feature","id":12797,"geometry":{"type":"LineString","coordinates":[[-122.801002936152,49.11455587214846],[-122.80100253422643,49.11665025929133]]},"properties":{"OBJECTID":12797,"ROAD_NAME":"152 St","TRUCK_ROUTE":"Truck Routes","STATUS":"Open","RD_CLASS":"Arterial","MAJOR_ROAD_NETWORK":"Yes"}},{"type":"Feature","id":2324,"geometry":{"type":"LineString","coordinates":[[-122.81303495562946,49.061301044657355],[-122.81731179325759,49.06476104226389]]},"properties":{"OBJECTID":2324,"ROAD_NAME":"King George Blvd","TRUCK_ROUTE":"Dangerous Goods Routes","STATUS":"Open","RD_CLASS":"Arterial","MAJOR_ROAD_NETWORK":"Yes"}},{"type":"Feature","id":12634,"geometry":{"type":"LineString","coordinates":[[-122.80141998001811,49.15553427719503],[-122.80145515403358,49.15920715308758]]},"properties":{"OBJECTID":12634,"ROAD_NAME":"152 St","TRUCK_ROUTE":"Truck Routes","STATUS":"Open","RD_CLASS":"Arterial","MAJOR_ROAD_NETWORK":"Yes"}},{"type":"Feature","id":11628,"geometry":{"type":"LineString","coordinates":[[-122.8008795897232,49.1914756009271],[-122.79821172695871,49.19150522850582]]},"properties":{"OBJECTID":11628,"ROAD_NAME":"104 Ave","TRUCK_ROUTE":"Truck Routes","STATUS":"Open","RD_CLASS":"Arterial","MAJOR_ROAD_NETWORK":"Yes"}},{"type":"Feature","id":12694,"geometry":{"type":"LineString","coordinates":[[-122.69134849157555,49.03837977429797],[-122.69136248762536,49.04023577540178]]},"properties":{"OBJECTID":12694,"ROAD_NAME":"192 St","TRUCK_ROUTE":"Truck Routes","STATUS":"Open","RD_CLASS":"Arterial","MAJOR_ROAD_NETWORK":null}},{"type":"Feature","id":12577,"geometry":{"type":"LineString","coordinates":[[-122.85685123184624,49.177096734787625],[-122.85679614596278,49.17787224727308],[-122.85675158076697,49.178943899822855]]},"properties":{"OBJECTID":12577,"ROAD_NAME":"132 St","TRUCK_ROUTE":"Truck Routes with Restrictions","STATUS":"Open","RD_CLASS":"Arterial","MAJOR_ROAD_NETWORK":null}},{"type":"Feature","id":9,"geometry":{"type":"LineString","coordinates":[[-122.8012017996127,49.05746891776467],[-122.8012016329455,49.05844242027348]]},"properties":{"OBJECTID":9,"ROAD_NAME":"152 St","TRUCK_ROUTE":"Truck Routes","STATUS":"Open","RD_CLASS":"Arterial","MAJOR_ROAD_NETWORK":"Yes"}},{"type":"Feature","id":12223,"geometry":{"type":"LineString","coordinates":[[-122.84553072988501,49.18055056265902],[-122.84547739771517,49.1816687075818]]},"properties":{"OBJECTID":12223,"ROAD_NAME":"King George Blvd","TRUCK_ROUTE":"Dangerous Goods Routes","STATUS":"Open","RD_CLASS":"Arterial","MAJOR_ROAD_NETWORK":"Yes"}},{"type":"Feature","id":12702,"geometry":{"type":"LineString","coordinates":[[-122.8011859883833,49.03655608241847],[-122.80119154394947,49.0383546625061]]},"properties":{"OBJECTID":12702,"ROAD_NAME":"152 St","TRUCK_ROUTE":"Truck Routes","STATUS":"Open","RD_CLASS":"Arterial","MAJOR_ROAD_NETWORK":"Yes"}},{"type":"Feature","id":12231,"geometry":{"type":"LineString","coordinates":[[-122.8341513094212,49.188250309841074],[-122.83414767827752,49.18892080937719]]},"properties":{"OBJECTID":12231,"ROAD_NAME":"140 St","TRUCK_ROUTE":"Truck Routes","STATUS":"Open","RD_CLASS":"Arterial","MAJOR_ROAD_NETWORK":null}},{"type":"Feature","id":12828,"geometry":{"type":"LineString","coordinates":[[-122.84339627991316,49.1770307629548],[-122.8421186379325,49.1770245095751]]},"properties":{"OBJECTID":12828,"ROAD_NAME":"96 Ave","TRUCK_ROUTE":"Truck Routes","STATUS":"Open","RD_CLASS":"Arterial","MAJOR_ROAD_NETWORK":"Yes"}},{"type":"Feature","id":12843,"geometry":{"type":"LineString","coordinates":[[-122.82150547265879,49.19877754987012],[-122.81867680941468,49.198762506100934],[-122.81742554445441,49.19875440951375]]},"properties":{"OBJECTID":12843,"ROAD_NAME":"108 Ave","TRUCK_ROUTE":"Truck Routes with Restrictions","STATUS":"Open","RD_CLASS":"Arterial","MAJOR_ROAD_NETWORK":"Yes"}},{"type":"Feature","id":6080,"geometry":{"type":"LineString","coordinates":[[-122.71343567407807,49.06016176130373],[-122.702485074626,49.06014055870237]]},"properties":{"OBJECTID":6080,"ROAD_NAME":"32 Ave","TRUCK_ROUTE":"Truck Routes","STATUS":"Open","RD_CLASS":"Arterial","MAJOR_ROAD_NETWORK":"Yes"}},{"type":"Feature","id":26667,"geometry":{"type":"LineString","coordinates":[[-122.80103805671125,49.126357575585445],[-122.8010675352691,49.13097647453237]]},"properties":{"OBJECTID":26667,"ROAD_NAME":"152 St","TRUCK_ROUTE":"Truck Routes","STATUS":"Open","RD_CLASS":"Arterial","MAJOR_ROAD_NETWORK":"Yes"}},{"type":"Feature","id":158413,"geometry":{"type":"LineString","coordinates":[[-122.80106914960311,49.142315248899166],[-122.80111641377874,49.145205471146966]]},"properties":{"OBJECTID":158413,"ROAD_NAME":"152 St","TRUCK_ROUTE":"Truck Routes","STATUS":"Open","RD_CLASS":"Arterial","MAJOR_ROAD_NETWORK":"Yes"}},{"type":"Feature","id":12093,"geometry":{"type":"LineString","coordinates":[[-122.779197508142,49.0340079355892],[-122.7845438589456,49.03832082282311]]},"properties":{"OBJECTID":12093,"ROAD_NAME":"King George Blvd","TRUCK_ROUTE":"Dangerous Goods Routes","STATUS":"Open","RD_CLASS":"Arterial","MAJOR_ROAD_NETWORK":"Yes"}},{"type":"Feature","id":11326,"geometry":{"type":"LineString","coordinates":[[-122.8010675352691,49.13097647453237],[-122.80108143328113,49.13367796857526]]},"properties":{"OBJECTID":11326,"ROAD_NAME":"152 St","TRUCK_ROUTE":"Truck Routes","STATUS":"Open","RD_CLASS":"Arterial","MAJOR_ROAD_NETWORK":"Yes"}},{"type":"Feature","id":10091,"geometry":{"type":"LineString","coordinates":[[-122.77132370514887,49.02765372259315],[-122.77319693570149,49.029165711719564]]},"properties":{"OBJECTID":10091,"ROAD_NAME":"King George Blvd","TRUCK_ROUTE":"Dangerous Goods Routes","STATUS":"Open","RD_CLASS":"Arterial","MAJOR_ROAD_NETWORK":"Yes"}},{"type":"Feature","id":812,"geometry":{"type":"LineString","coordinates":[[-122.80106242116372,49.14108203453461],[-122.80106914960311,49.142315248899166]]},"properties":{"OBJECTID":812,"ROAD_NAME":"152 St","TRUCK_ROUTE":"Truck Routes","STATUS":"Open","RD_CLASS":"Arterial","MAJOR_ROAD_NETWORK":"Yes"}},{"type":"Feature","id":4862,"geometry":{"type":"LineString","coordinates":[[-122.77319693570149,49.029165711719564],[-122.77555809927324,49.03107138912271]]},"properties":{"OBJECTID":4862,"ROAD_NAME":"King George Blvd","TRUCK_ROUTE":"Dangerous Goods Routes","STATUS":"Open","RD_CLASS":"Arterial","MAJOR_ROAD_NETWORK":"Yes"}},{"type":"Feature","id":12611,"geometry":{"type":"LineString","coordinates":[[-122.80108143328113,49.13367796857531],[-122.80106242116372,49.14108203453461]]},"properties":{"OBJECTID":12611,"ROAD_NAME":"152 St","TRUCK_ROUTE":"Truck Routes","STATUS":"Open","RD_CLASS":"Arterial","MAJOR_ROAD_NETWORK":"Yes"}},{"type":"Feature","id":12862,"geometry":{"type":"LineString","coordinates":[[-122.80111641377874,49.145205471146966],[-122.80116713828399,49.14830695258301]]},"properties":{"OBJECTID":12862,"ROAD_NAME":"152 St","TRUCK_ROUTE":"Truck Routes","STATUS":"Open","RD_CLASS":"Arterial","MAJOR_ROAD_NETWORK":"Yes"}},{"type":"Feature","id":7277,"geometry":{"type":"LineString","coordinates":[[-122.77555809928077,49.03107138912018],[-122.779197508142,49.0340079355892]]},"properties":{"OBJECTID":7277,"ROAD_NAME":"King George Blvd","TRUCK_ROUTE":"Dangerous Goods Routes","STATUS":"Open","RD_CLASS":"Arterial","MAJOR_ROAD_NETWORK":"Yes"}},{"type":"Feature","id":248021,"geometry":{"type":"LineString","coordinates":[[-122.77089109169822,49.02730436240842],[-122.7713237051489,49.027653722588596]]},"properties":{"OBJECTID":248021,"ROAD_NAME":"King George Blvd","TRUCK_ROUTE":"Dangerous Goods Routes","STATUS":"Open","RD_CLASS":"Arterial","MAJOR_ROAD_NETWORK":"Yes"}},{"type":"Feature","id":11636,"geometry":{"type":"LineString","coordinates":[[-122.82475974633087,49.07443385639862],[-122.82459968969418,49.07466609706562],[-122.82455649884113,49.07478468266899],[-122.8245445304013,49.07489129140738],[-122.82455718018817,49.07500269770288],[-122.82459805420007,49.07513105840095],[-122.82471847340058,49.07528950261506],[-122.82495665431578,49.0755188263417],[-122.82561525315101,49.076086231903645],[-122.82625485570652,49.076723881409855]]},"properties":{"OBJECTID":11636,"ROAD_NAME":null,"TRUCK_ROUTE":"Dangerous Goods Routes","STATUS":"Open","RD_CLASS":"Provincial Highway","MAJOR_ROAD_NETWORK":"No"}},{"type":"Feature","id":6271,"geometry":{"type":"LineString","coordinates":[[-122.82625485570652,49.076723881409855],[-122.82445734833702,49.07565875901775],[-122.82410882315017,49.075499259735594],[-122.82383858733583,49.07540585734317],[-122.82359744346303,49.07536693200264],[-122.82335179053256,49.07537369651602],[-122.82311903520913,49.075421179382886],[-122.82295532581198,49.07549368812789],[-122.82282943314168,49.075561397091576],[-122.82270257337522,49.075662760816726],[-122.82253881686754,49.07588416350245],[-122.82244659359984,49.076072032173485],[-122.82233763043166,49.07630569613513],[-122.82225111089015,49.07656307509389],[-122.82216007180902,49.076823406954766],[-122.82196514198166,49.07715757502115]]},"properties":{"OBJECTID":6271,"ROAD_NAME":null,"TRUCK_ROUTE":"Dangerous Goods Routes","STATUS":"Open","RD_CLASS":"Provincial Highway","MAJOR_ROAD_NETWORK":"No"}},{"type":"Feature","id":13137,"geometry":{"type":"LineString","coordinates":[[-122.82014041866772,49.100611315289434],[-122.82036110081869,49.100757771526546],[-122.82061750958938,49.100912840043215],[-122.82086562870465,49.10104441613683],[-122.8211219030342,49.10117254863314],[-122.82139244517397,49.10129539523634]]},"properties":{"OBJECTID":13137,"ROAD_NAME":"King George Blvd","TRUCK_ROUTE":"Dangerous Goods Routes","STATUS":"Open","RD_CLASS":"Arterial","MAJOR_ROAD_NETWORK":"Yes"}},{"type":"Feature","id":9587,"geometry":{"type":"LineString","coordinates":[[-122.80100073598891,49.10860749440833],[-122.8010012038861,49.109167596438404],[-122.80099738787523,49.11026879412599],[-122.80098492315446,49.111618134124264],[-122.80097626496693,49.11171909475586]]},"properties":{"OBJECTID":9587,"ROAD_NAME":"152 St","TRUCK_ROUTE":"Truck Routes","STATUS":"Open","RD_CLASS":"Arterial","MAJOR_ROAD_NETWORK":"Yes"}},{"type":"Feature","id":46,"geometry":{"type":"LineString","coordinates":[[-122.80097626496693,49.11171909475586],[-122.80097540708772,49.11182185005931],[-122.801002936152,49.11455587214846]]},"properties":{"OBJECTID":46,"ROAD_NAME":"152 St","TRUCK_ROUTE":"Truck Routes","STATUS":"Open","RD_CLASS":"Arterial","MAJOR_ROAD_NETWORK":"Yes"}},{"type":"Feature","id":2431,"geometry":{"type":"LineString","coordinates":[[-122.84578779085777,49.17518516131978],[-122.84571832342664,49.17704218268024]]},"properties":{"OBJECTID":2431,"ROAD_NAME":"King George Blvd","TRUCK_ROUTE":"Dangerous Goods Routes","STATUS":"Open","RD_CLASS":"Arterial","MAJOR_ROAD_NETWORK":"Yes"}},{"type":"Feature","id":10924,"geometry":{"type":"LineString","coordinates":[[-122.84990868732446,49.1770628432261],[-122.84571832342664,49.17704218268024]]},"properties":{"OBJECTID":10924,"ROAD_NAME":"96 Ave","TRUCK_ROUTE":"Truck Routes","STATUS":"Open","RD_CLASS":"Arterial","MAJOR_ROAD_NETWORK":"Yes"}},{"type":"Feature","id":48,"geometry":{"type":"LineString","coordinates":[[-122.86784249611165,49.133895088729425],[-122.86227607082989,49.13380078868394]]},"properties":{"OBJECTID":48,"ROAD_NAME":"72 Ave","TRUCK_ROUTE":"Truck Routes","STATUS":"Open","RD_CLASS":"Arterial","MAJOR_ROAD_NETWORK":"Yes"}},{"type":"Feature","id":219548,"geometry":{"type":"LineString","coordinates":[[-122.84585204336541,49.17353783222475],[-122.8458534503794,49.1738737009126],[-122.84582965990839,49.174521035687164],[-122.84580640664592,49.17468749480113]]},"properties":{"OBJECTID":219548,"ROAD_NAME":"King George Blvd","TRUCK_ROUTE":"Dangerous Goods Routes","STATUS":"Open","RD_CLASS":"Arterial","MAJOR_ROAD_NETWORK":"Yes"}},{"type":"Feature","id":219549,"geometry":{"type":"LineString","coordinates":[[-122.84580640664592,49.17468749480113],[-122.84578779085774,49.17518516131978]]},"properties":{"OBJECTID":219549,"ROAD_NAME":"King George Blvd","TRUCK_ROUTE":"Dangerous Goods Routes","STATUS":"Open","RD_CLASS":"Arterial","MAJOR_ROAD_NETWORK":"Yes"}},{"type":"Feature","id":253772,"geometry":{"type":"LineString","coordinates":[[-122.73404036877085,49.176266303086585],[-122.73400994864784,49.17625902558211],[-122.73182990756563,49.17574106267935],[-122.73164916819937,49.17569836446703],[-122.7315322760755,49.17567218601613],[-122.73144086591812,49.17565299316948],[-122.73131010800422,49.17562840138726],[-122.73118605308018,49.175607513152784],[-122.73103634177986,49.17558656498931],[-122.73087249360437,49.17556657314382],[-122.73069421954351,49.1755502354968],[-122.73056584597087,49.17554148021192],[-122.73043895933948,49.17553686623118],[-122.73027433734381,49.17553315346193],[-122.72560813527369,49.175528629431234],[-122.72509265243387,49.17553171981948],[-122.72471102687398,49.17554394336329],[-122.72376195494606,49.17557711766284]]},"properties":{"OBJECTID":253772,"ROAD_NAME":"Golden Ears Way","TRUCK_ROUTE":"Truck Routes","STATUS":"Open","RD_CLASS":"Arterial","MAJOR_ROAD_NETWORK":"Yes"}},{"type":"Feature","id":125104,"geometry":{"type":"LineString","coordinates":[[-122.74580509391684,49.162872842162194],[-122.7457396477539,49.162866756632276],[-122.74520486415477,49.16280273287988],[-122.74466948862792,49.16274386366877],[-122.74452467111014,49.16273109992138],[-122.74437946413074,49.16272403169392],[-122.74423409160175,49.16272266988575],[-122.74123664763881,49.162667201509066],[-122.7347118851904,49.16258831632374]]},"properties":{"OBJECTID":125104,"ROAD_NAME":"88 Ave","TRUCK_ROUTE":"Truck Routes","STATUS":"Open","RD_CLASS":"Arterial","MAJOR_ROAD_NETWORK":"Yes"}},{"type":"Feature","id":170572,"geometry":{"type":"LineString","coordinates":[[-122.76531989623767,49.0165706690077],[-122.76405657162725,49.01657199285452]]},"properties":{"OBJECTID":170572,"ROAD_NAME":"8 Ave","TRUCK_ROUTE":"Truck Routes","STATUS":"Open","RD_CLASS":"Collector","MAJOR_ROAD_NETWORK":null}},{"type":"Feature","id":115472,"geometry":{"type":"LineString","coordinates":[[-122.69159893262783,49.06739492913068],[-122.69163234690001,49.07108407322008]]},"properties":{"OBJECTID":115472,"ROAD_NAME":"192 St","TRUCK_ROUTE":"Truck Routes","STATUS":"Open","RD_CLASS":"Arterial","MAJOR_ROAD_NETWORK":null}},{"type":"Feature","id":157452,"geometry":{"type":"LineString","coordinates":[[-122.84299252569996,49.18059677105911],[-122.84140747935473,49.180743422382804]]},"properties":{"OBJECTID":157452,"ROAD_NAME":"Fraser Hwy","TRUCK_ROUTE":"Dangerous Goods Routes","STATUS":"Open","RD_CLASS":"Arterial","MAJOR_ROAD_NETWORK":"Yes"}},{"type":"Feature","id":126701,"geometry":{"type":"LineString","coordinates":[[-122.82843686324492,49.176548675420854],[-122.82812803947114,49.17671668827247],[-122.82782811696869,49.17684878020581],[-122.82746184588933,49.17694724254338],[-122.82713058945146,49.1769981556724],[-122.82668618844453,49.17701462577522],[-122.82500946475571,49.177004653891075]]},"properties":{"OBJECTID":126701,"ROAD_NAME":"96 Ave","TRUCK_ROUTE":"Truck Routes","STATUS":"Open","RD_CLASS":"Arterial","MAJOR_ROAD_NETWORK":"Yes"}},{"type":"Feature","id":127342,"geometry":{"type":"LineString","coordinates":[[-122.6909238694548,49.09261258791371],[-122.69098271116425,49.0936202502991],[-122.69107709765139,49.09476293211525],[-122.69111980161557,49.09535710947731],[-122.69111859617195,49.09578504108367]]},"properties":{"OBJECTID":127342,"ROAD_NAME":"192 St","TRUCK_ROUTE":"Truck Routes","STATUS":"Open","RD_CLASS":"Arterial","MAJOR_ROAD_NETWORK":null}},{"type":"Feature","id":158748,"geometry":{"type":"LineString","coordinates":[[-122.84540356819778,49.18783546082191],[-122.84538896135672,49.18884215419958]]},"properties":{"OBJECTID":158748,"ROAD_NAME":"King George Blvd","TRUCK_ROUTE":"Dangerous Goods Routes","STATUS":"Open","RD_CLASS":"Arterial","MAJOR_ROAD_NETWORK":"Yes"}},{"type":"Feature","id":127980,"geometry":{"type":"LineString","coordinates":[[-122.712542931961,49.12873310746999],[-122.71199555163346,49.12851949659299],[-122.71152167889159,49.12832578193055],[-122.71112870904307,49.128154271375934],[-122.71072731716043,49.1279900729154],[-122.71039914212864,49.12784272541336]]},"properties":{"OBJECTID":127980,"ROAD_NAME":"Fraser Hwy","TRUCK_ROUTE":"Dangerous Goods Routes","STATUS":"Open","RD_CLASS":"Arterial","MAJOR_ROAD_NETWORK":"Yes"}},{"type":"Feature","id":203852,"geometry":{"type":"LineString","coordinates":[[-122.78206524286817,49.191557775983135],[-122.78177829129729,49.19156223812557]]},"properties":{"OBJECTID":203852,"ROAD_NAME":"104 Ave","TRUCK_ROUTE":"Truck Routes","STATUS":"Open","RD_CLASS":"Arterial","MAJOR_ROAD_NETWORK":"Yes"}},{"type":"Feature","id":120622,"geometry":{"type":"LineString","coordinates":[[-122.80818232363495,49.05976380101722],[-122.80712105982863,49.06031831191624]]},"properties":{"OBJECTID":120622,"ROAD_NAME":"32 Ave Div","TRUCK_ROUTE":"Truck Routes","STATUS":"Open","RD_CLASS":"Arterial","MAJOR_ROAD_NETWORK":"Yes"}},{"type":"Feature","id":181772,"geometry":{"type":"LineString","coordinates":[[-122.81749216086227,49.089851860603474],[-122.81747982059188,49.090084016311934],[-122.81747179529418,49.090376294107166],[-122.81747747679195,49.09072339801469],[-122.8175111080358,49.091034009792374],[-122.81753086521891,49.09133546553694],[-122.81768141609857,49.09280439877486]]},"properties":{"OBJECTID":181772,"ROAD_NAME":"King George Blvd","TRUCK_ROUTE":"Dangerous Goods Routes","STATUS":"Open","RD_CLASS":"Arterial","MAJOR_ROAD_NETWORK":"Yes"}},{"type":"Feature","id":181773,"geometry":{"type":"LineString","coordinates":[[-122.81768141609857,49.09280439877486],[-122.81777486161411,49.093416423090744]]},"properties":{"OBJECTID":181773,"ROAD_NAME":"King George Blvd","TRUCK_ROUTE":"Dangerous Goods Routes","STATUS":"Open","RD_CLASS":"Arterial","MAJOR_ROAD_NETWORK":"Yes"}},{"type":"Feature","id":155532,"geometry":{"type":"LineString","coordinates":[[-122.76210986817577,49.15079672851728],[-122.76176113037451,49.15065074169191],[-122.7609318146952,49.15030162154978],[-122.76008616259345,49.14990382969335],[-122.76003134361402,49.14987692999373]]},"properties":{"OBJECTID":155532,"ROAD_NAME":"Fraser Hwy","TRUCK_ROUTE":"Dangerous Goods Routes","STATUS":"Open","RD_CLASS":"Arterial","MAJOR_ROAD_NETWORK":"Yes"}},{"type":"Feature","id":123504,"geometry":{"type":"LineString","coordinates":[[-122.84571277242158,49.15004645359715],[-122.84571558089696,49.150900826035226]]},"properties":{"OBJECTID":123504,"ROAD_NAME":"King George Blvd","TRUCK_ROUTE":"Dangerous Goods Routes","STATUS":"Open","RD_CLASS":"Arterial","MAJOR_ROAD_NETWORK":"Yes"}},{"type":"Feature","id":96557,"geometry":{"type":"LineString","coordinates":[[-122.68175247946532,49.11475890016659],[-122.68174598622905,49.11475597546898],[-122.67991246032027,49.11393011600376],[-122.67979154126468,49.11388672704053]]},"properties":{"OBJECTID":96557,"ROAD_NAME":"Fraser Hwy","TRUCK_ROUTE":"Dangerous Goods Routes","STATUS":"Open","RD_CLASS":"Arterial","MAJOR_ROAD_NETWORK":"Yes"}},{"type":"Feature","id":1769,"geometry":{"type":"LineString","coordinates":[[-122.88046670317476,49.148400605836095],[-122.87908958787281,49.14837542405504]]},"properties":{"OBJECTID":1769,"ROAD_NAME":"80 Ave","TRUCK_ROUTE":"Truck Routes","STATUS":"Open","RD_CLASS":"Arterial","MAJOR_ROAD_NETWORK":null}},{"type":"Feature","id":1588,"geometry":{"type":"LineString","coordinates":[[-122.8903550668722,49.1340865502404],[-122.89035413677522,49.137083991687774]]},"properties":{"OBJECTID":1588,"ROAD_NAME":"120 St","TRUCK_ROUTE":"Truck Routes","STATUS":"Open","RD_CLASS":"Arterial","MAJOR_ROAD_NETWORK":"Yes"}},{"type":"Feature","id":137261,"geometry":{"type":"LineString","coordinates":[[-122.80102325546346,49.10588387543628],[-122.8010175442783,49.10686777279534]]},"properties":{"OBJECTID":137261,"ROAD_NAME":"152 St","TRUCK_ROUTE":"Truck Routes","STATUS":"Open","RD_CLASS":"Arterial","MAJOR_ROAD_NETWORK":"Yes"}},{"type":"Feature","id":4047,"geometry":{"type":"LineString","coordinates":[[-122.88184545733522,49.14842567421236],[-122.88046670317476,49.148400605836095]]},"properties":{"OBJECTID":4047,"ROAD_NAME":"80 Ave","TRUCK_ROUTE":"Truck Routes","STATUS":"Open","RD_CLASS":"Arterial","MAJOR_ROAD_NETWORK":null}},{"type":"Feature","id":3905,"geometry":{"type":"LineString","coordinates":[[-122.88463738570617,49.1484765016864],[-122.88322174388858,49.14845072292765]]},"properties":{"OBJECTID":3905,"ROAD_NAME":"80 Ave","TRUCK_ROUTE":"Truck Routes","STATUS":"Open","RD_CLASS":"Arterial","MAJOR_ROAD_NETWORK":null}},{"type":"Feature","id":1702,"geometry":{"type":"LineString","coordinates":[[-122.82607479865841,49.1022353455494],[-122.82651940225698,49.10230365771753],[-122.82693478452546,49.102383978610575],[-122.82740855866936,49.10249595924718],[-122.82787089672982,49.102627711280185],[-122.82825871978464,49.10275665281175],[-122.82866453967502,49.10291125607114],[-122.82903868719752,49.10307363696601],[-122.82907925433989,49.103093520300156]]},"properties":{"OBJECTID":1702,"ROAD_NAME":"King George Blvd","TRUCK_ROUTE":"Dangerous Goods Routes","STATUS":"Open","RD_CLASS":"Arterial","MAJOR_ROAD_NETWORK":"Yes"}},{"type":"Feature","id":155852,"geometry":{"type":"LineString","coordinates":[[-122.79017862991083,49.0601059209392],[-122.78721508583703,49.060101903838344]]},"properties":{"OBJECTID":155852,"ROAD_NAME":"32 Ave","TRUCK_ROUTE":"Truck Routes","STATUS":"Open","RD_CLASS":"Arterial","MAJOR_ROAD_NETWORK":"Yes"}},{"type":"Feature","id":773,"geometry":{"type":"LineString","coordinates":[[-122.81777486160809,49.093416423093856],[-122.81782585105958,49.09389166436161],[-122.81825518323024,49.0975742276722],[-122.81829094766009,49.097807788994054],[-122.81833362901435,49.09803039141172],[-122.81839244294648,49.09830181033168],[-122.81846766764605,49.09854588437427],[-122.81856822141182,49.09880189844684],[-122.81868695964062,49.09904128059304],[-122.81882565144402,49.09927593381291],[-122.81900951336213,49.099548738569624],[-122.81919609311466,49.09977237930115],[-122.8193650542007,49.09995733609139],[-122.8195543386188,49.10013566024267],[-122.81977312654173,49.10033254698701],[-122.81991881839262,49.10045022415591],[-122.82014041866772,49.100611315289434]]},"properties":{"OBJECTID":773,"ROAD_NAME":"King George Blvd","TRUCK_ROUTE":"Dangerous Goods Routes","STATUS":"Open","RD_CLASS":"Arterial","MAJOR_ROAD_NETWORK":"Yes"}},{"type":"Feature","id":2861,"geometry":{"type":"LineString","coordinates":[[-122.86797016398621,49.14815654114382],[-122.86226597060266,49.148164841495756]]},"properties":{"OBJECTID":2861,"ROAD_NAME":"80 Ave","TRUCK_ROUTE":"Truck Routes","STATUS":"Open","RD_CLASS":"Arterial","MAJOR_ROAD_NETWORK":null}},{"type":"Feature","id":2955,"geometry":{"type":"LineString","coordinates":[[-122.85681421808485,49.148172480231445],[-122.8539780443488,49.14816657922332]]},"properties":{"OBJECTID":2955,"ROAD_NAME":"80 Ave","TRUCK_ROUTE":"Truck Routes","STATUS":"Open","RD_CLASS":"Arterial","MAJOR_ROAD_NETWORK":null}},{"type":"Feature","id":3027,"geometry":{"type":"LineString","coordinates":[[-122.89035353251403,49.1390306449402],[-122.89035317178283,49.14018891024798]]},"properties":{"OBJECTID":3027,"ROAD_NAME":"120 St","TRUCK_ROUTE":"Truck Routes","STATUS":"Open","RD_CLASS":"Arterial","MAJOR_ROAD_NETWORK":"Yes"}},{"type":"Feature","id":3845,"geometry":{"type":"LineString","coordinates":[[-122.87212779372753,49.14823855763692],[-122.87078318321596,49.14821206540063]]},"properties":{"OBJECTID":3845,"ROAD_NAME":"80 Ave","TRUCK_ROUTE":"Truck Routes","STATUS":"Open","RD_CLASS":"Arterial","MAJOR_ROAD_NETWORK":null}},{"type":"Feature","id":140781,"geometry":{"type":"LineString","coordinates":[[-122.7997066345506,49.16284274864078],[-122.79816097039517,49.162836131643026]]},"properties":{"OBJECTID":140781,"ROAD_NAME":"88 Ave","TRUCK_ROUTE":"Truck Routes","STATUS":"Open","RD_CLASS":"Arterial","MAJOR_ROAD_NETWORK":"Yes"}},{"type":"Feature","id":208,"geometry":{"type":"LineString","coordinates":[[-122.84439554096815,49.11545026543702],[-122.84482577377211,49.11609259709113],[-122.84500529277219,49.11642842500789],[-122.84514572175709,49.11674277977024],[-122.84529667482039,49.11717139073408],[-122.84541676394123,49.117649011041955]]},"properties":{"OBJECTID":208,"ROAD_NAME":"King George Blvd","TRUCK_ROUTE":"Dangerous Goods Routes","STATUS":"Open","RD_CLASS":"Arterial","MAJOR_ROAD_NETWORK":"Yes"}},{"type":"Feature","id":96,"geometry":{"type":"LineString","coordinates":[[-122.83741521193717,49.1095497902348],[-122.83943394539172,49.11117475229313],[-122.84026056424099,49.111856223814236]]},"properties":{"OBJECTID":96,"ROAD_NAME":"King George Blvd","TRUCK_ROUTE":"Dangerous Goods Routes","STATUS":"Open","RD_CLASS":"Arterial","MAJOR_ROAD_NETWORK":"Yes"}},{"type":"Feature","id":1101,"geometry":{"type":"LineString","coordinates":[[-122.7786547747598,49.1825287574338],[-122.77863992371348,49.182997835849626]]},"properties":{"OBJECTID":1101,"ROAD_NAME":"160 St","TRUCK_ROUTE":"Truck Routes","STATUS":"Open","RD_CLASS":"Arterial","MAJOR_ROAD_NETWORK":"Yes"}},{"type":"Feature","id":5854,"geometry":{"type":"LineString","coordinates":[[-122.87346725301703,49.1339210834105],[-122.8692480337644,49.133901545684076],[-122.86784249611165,49.133895088729425]]},"properties":{"OBJECTID":5854,"ROAD_NAME":"72 Ave","TRUCK_ROUTE":"Truck Routes","STATUS":"Open","RD_CLASS":"Arterial","MAJOR_ROAD_NETWORK":"Yes"}},{"type":"Feature","id":9305,"geometry":{"type":"LineString","coordinates":[[-122.85645766123483,49.19537591879167],[-122.85646232682636,49.19622742447216]]},"properties":{"OBJECTID":9305,"ROAD_NAME":"132 St","TRUCK_ROUTE":"Truck Routes with Restrictions","STATUS":"Open","RD_CLASS":"Arterial","MAJOR_ROAD_NETWORK":null}},{"type":"Feature","id":11171,"geometry":{"type":"LineString","coordinates":[[-122.82846899446156,49.198817037896184],[-122.82711573329432,49.19880934257821]]},"properties":{"OBJECTID":11171,"ROAD_NAME":"108 Ave","TRUCK_ROUTE":"Truck Routes with Restrictions","STATUS":"Open","RD_CLASS":"Arterial","MAJOR_ROAD_NETWORK":"Yes"}},{"type":"Feature","id":9160,"geometry":{"type":"LineString","coordinates":[[-122.79019625104144,49.03109224504958],[-122.78863943453881,49.031087689282366]]},"properties":{"OBJECTID":9160,"ROAD_NAME":"16 Ave","TRUCK_ROUTE":"Truck Routes","STATUS":"Open","RD_CLASS":"Arterial","MAJOR_ROAD_NETWORK":"Yes"}},{"type":"Feature","id":10020,"geometry":{"type":"LineString","coordinates":[[-122.80148684270002,49.162850362372424],[-122.80140111432647,49.166106497462586]]},"properties":{"OBJECTID":10020,"ROAD_NAME":"152 St","TRUCK_ROUTE":"Truck Routes","STATUS":"Open","RD_CLASS":"Arterial","MAJOR_ROAD_NETWORK":"Yes"}},{"type":"Feature","id":9591,"geometry":{"type":"LineString","coordinates":[[-122.87557434328284,49.14830636161999],[-122.87212779372753,49.14823855763692]]},"properties":{"OBJECTID":9591,"ROAD_NAME":"80 Ave","TRUCK_ROUTE":"Truck Routes","STATUS":"Open","RD_CLASS":"Arterial","MAJOR_ROAD_NETWORK":null}},{"type":"Feature","id":9824,"geometry":{"type":"LineString","coordinates":[[-122.80119154394947,49.0383546625061],[-122.80119386920404,49.04199715664677]]},"properties":{"OBJECTID":9824,"ROAD_NAME":"152 St","TRUCK_ROUTE":"Truck Routes","STATUS":"Open","RD_CLASS":"Arterial","MAJOR_ROAD_NETWORK":"Yes"}},{"type":"Feature","id":9174,"geometry":{"type":"LineString","coordinates":[[-122.76802138785077,49.06021583975337],[-122.75686004402459,49.060340487374624]]},"properties":{"OBJECTID":9174,"ROAD_NAME":"32 Ave","TRUCK_ROUTE":"Truck Routes","STATUS":"Open","RD_CLASS":"Arterial","MAJOR_ROAD_NETWORK":"Yes"}},{"type":"Feature","id":9184,"geometry":{"type":"LineString","coordinates":[[-122.82333020472765,49.13373335459328],[-122.8178733105446,49.13373525048783]]},"properties":{"OBJECTID":9184,"ROAD_NAME":"72 Ave","TRUCK_ROUTE":"Truck Routes","STATUS":"Open","RD_CLASS":"Arterial","MAJOR_ROAD_NETWORK":"Yes"}},{"type":"Feature","id":9246,"geometry":{"type":"LineString","coordinates":[[-122.89015154417639,49.17815307817885],[-122.89014993029949,49.17887224625184]]},"properties":{"OBJECTID":9246,"ROAD_NAME":"120 St","TRUCK_ROUTE":"Truck Routes","STATUS":"Open","RD_CLASS":"Arterial","MAJOR_ROAD_NETWORK":"Yes"}},{"type":"Feature","id":9248,"geometry":{"type":"LineString","coordinates":[[-122.84560070015203,49.17924156423144],[-122.84553072988685,49.180550562659676]]},"properties":{"OBJECTID":9248,"ROAD_NAME":"King George Blvd","TRUCK_ROUTE":"Dangerous Goods Routes","STATUS":"Open","RD_CLASS":"Arterial","MAJOR_ROAD_NETWORK":"Yes"}},{"type":"Feature","id":9826,"geometry":{"type":"LineString","coordinates":[[-122.75713012856704,49.03109763443839],[-122.75157264789411,49.03113244990083]]},"properties":{"OBJECTID":9826,"ROAD_NAME":"16 Ave","TRUCK_ROUTE":"Truck Routes","STATUS":"Open","RD_CLASS":"Arterial","MAJOR_ROAD_NETWORK":"Yes"}},{"type":"Feature","id":9901,"geometry":{"type":"LineString","coordinates":[[-122.80119238958851,49.0601106391957],[-122.80119023453331,49.061577719960496]]},"properties":{"OBJECTID":9901,"ROAD_NAME":"152 St","TRUCK_ROUTE":"Truck Routes","STATUS":"Open","RD_CLASS":"Arterial","MAJOR_ROAD_NETWORK":"Yes"}},{"type":"Feature","id":5843,"geometry":{"type":"LineString","coordinates":[[-122.77192531670894,49.17693867302814],[-122.76771178145015,49.17700902938273]]},"properties":{"OBJECTID":5843,"ROAD_NAME":"96 Ave","TRUCK_ROUTE":"Truck Routes","STATUS":"Open","RD_CLASS":"Arterial","MAJOR_ROAD_NETWORK":"Yes"}},{"type":"Feature","id":9914,"geometry":{"type":"LineString","coordinates":[[-122.7869585249521,49.19158025268917],[-122.78415924130591,49.191563075588164]]},"properties":{"OBJECTID":9914,"ROAD_NAME":"104 Ave","TRUCK_ROUTE":"Truck Routes","STATUS":"Open","RD_CLASS":"Arterial","MAJOR_ROAD_NETWORK":"Yes"}},{"type":"Feature","id":9918,"geometry":{"type":"LineString","coordinates":[[-122.89018875484368,49.17996187113477],[-122.89017963250215,49.18072475472448]]},"properties":{"OBJECTID":9918,"ROAD_NAME":"120 St","TRUCK_ROUTE":"Truck Routes","STATUS":"Open","RD_CLASS":"Arterial","MAJOR_ROAD_NETWORK":"Yes"}},{"type":"Feature","id":42987,"geometry":{"type":"LineString","coordinates":[[-122.74146214302817,49.17703283439392],[-122.73788990575059,49.177038916554906],[-122.73755320223798,49.177025315121874],[-122.73731281044907,49.17700394335571],[-122.7371268721029,49.176982695049425],[-122.73686387072267,49.17694639572415],[-122.73616127601534,49.176801991213274],[-122.73538609498942,49.17659724069991]]},"properties":{"OBJECTID":42987,"ROAD_NAME":"96 Ave","TRUCK_ROUTE":"Truck Routes","STATUS":"Open","RD_CLASS":"Arterial","MAJOR_ROAD_NETWORK":"Yes"}},{"type":"Feature","id":11109,"geometry":{"type":"LineString","coordinates":[[-122.80861917465192,49.19873138890158],[-122.80617430009058,49.19873638575088]]},"properties":{"OBJECTID":11109,"ROAD_NAME":"108 Ave","TRUCK_ROUTE":"Truck Routes with Restrictions","STATUS":"Open","RD_CLASS":"Arterial","MAJOR_ROAD_NETWORK":"Yes"}},{"type":"Feature","id":10627,"geometry":{"type":"LineString","coordinates":[[-122.83464328293704,49.1627819001026],[-122.83348816680795,49.16279004478102]]},"properties":{"OBJECTID":10627,"ROAD_NAME":"88 Ave","TRUCK_ROUTE":"Truck Routes","STATUS":"Open","RD_CLASS":"Arterial","MAJOR_ROAD_NETWORK":"Yes"}},{"type":"Feature","id":10764,"geometry":{"type":"LineString","coordinates":[[-122.82031530336084,49.03117058970999],[-122.81756446464162,49.03116519429215]]},"properties":{"OBJECTID":10764,"ROAD_NAME":"16 Ave","TRUCK_ROUTE":"Truck Routes","STATUS":"Open","RD_CLASS":"Arterial","MAJOR_ROAD_NETWORK":null}},{"type":"Feature","id":11189,"geometry":{"type":"LineString","coordinates":[[-122.89035852153033,49.14858039733231],[-122.89036538306131,49.1522843580825]]},"properties":{"OBJECTID":11189,"ROAD_NAME":"120 St","TRUCK_ROUTE":"Truck Routes","STATUS":"Open","RD_CLASS":"Arterial","MAJOR_ROAD_NETWORK":"Yes"}},{"type":"Feature","id":9848,"geometry":{"type":"LineString","coordinates":[[-122.71881303427675,49.03121189982805],[-122.71336013320351,49.031204891151056]]},"properties":{"OBJECTID":9848,"ROAD_NAME":"16 Ave","TRUCK_ROUTE":"Truck Routes","STATUS":"Open","RD_CLASS":"Arterial","MAJOR_ROAD_NETWORK":"Yes"}},{"type":"Feature","id":9851,"geometry":{"type":"LineString","coordinates":[[-122.86797016398621,49.14815654114382],[-122.86797829818003,49.1499277319386],[-122.86797975984831,49.15032018367761]]},"properties":{"OBJECTID":9851,"ROAD_NAME":"128 St","TRUCK_ROUTE":"Truck Routes","STATUS":"Open","RD_CLASS":"Arterial","MAJOR_ROAD_NETWORK":"Yes"}},{"type":"Feature","id":10005,"geometry":{"type":"LineString","coordinates":[[-122.8599612341584,49.16263471268086],[-122.8569100726181,49.16263920145224]]},"properties":{"OBJECTID":10005,"ROAD_NAME":"88 Ave","TRUCK_ROUTE":"Truck Routes","STATUS":"Open","RD_CLASS":"Arterial","MAJOR_ROAD_NETWORK":"Yes"}},{"type":"Feature","id":10011,"geometry":{"type":"LineString","coordinates":[[-122.80145515403358,49.15920715308758],[-122.8014715329436,49.16020699376804],[-122.80149979881281,49.161932380269704],[-122.80148684270002,49.162850362372424]]},"properties":{"OBJECTID":10011,"ROAD_NAME":"152 St","TRUCK_ROUTE":"Truck Routes","STATUS":"Open","RD_CLASS":"Arterial","MAJOR_ROAD_NETWORK":"Yes"}},{"type":"Feature","id":9978,"geometry":{"type":"LineString","coordinates":[[-122.8735854525728,49.177171883370264],[-122.87083139562252,49.177172385210056]]},"properties":{"OBJECTID":9978,"ROAD_NAME":"96 Ave","TRUCK_ROUTE":"Truck Routes","STATUS":"Open","RD_CLASS":"Arterial","MAJOR_ROAD_NETWORK":"Yes"}},{"type":"Feature","id":9217,"geometry":{"type":"LineString","coordinates":[[-122.85651086141846,49.185357021887725],[-122.8565014106867,49.18619861534983]]},"properties":{"OBJECTID":9217,"ROAD_NAME":"132 St","TRUCK_ROUTE":"Truck Routes with Restrictions","STATUS":"Open","RD_CLASS":"Arterial","MAJOR_ROAD_NETWORK":null}},{"type":"Feature","id":10720,"geometry":{"type":"LineString","coordinates":[[-122.86802590962361,49.16256600059187],[-122.86530468021665,49.16259782004764]]},"properties":{"OBJECTID":10720,"ROAD_NAME":"88 Ave","TRUCK_ROUTE":"Truck Routes","STATUS":"Open","RD_CLASS":"Arterial","MAJOR_ROAD_NETWORK":"Yes"}},{"type":"Feature","id":10492,"geometry":{"type":"LineString","coordinates":[[-122.80119023453331,49.061577719960496],[-122.7993869887322,49.06156925351241],[-122.7989551466992,49.06152555953766],[-122.7986033375271,49.06144144675632],[-122.79826271032024,49.061285781498235],[-122.79796374198237,49.06108484540112],[-122.79767636429607,49.06084817234313],[-122.79740447457169,49.06063408849599]]},"properties":{"OBJECTID":10492,"ROAD_NAME":"32 Ave","TRUCK_ROUTE":"Truck Routes","STATUS":"Open","RD_CLASS":"Arterial","MAJOR_ROAD_NETWORK":"Yes"}},{"type":"Feature","id":9236,"geometry":{"type":"LineString","coordinates":[[-122.89247912168943,49.195872130834],[-122.89126566608525,49.19521106362726]]},"properties":{"OBJECTID":9236,"ROAD_NAME":"Tannery Rd","TRUCK_ROUTE":"Truck Routes","STATUS":"Open","RD_CLASS":"Arterial","MAJOR_ROAD_NETWORK":null}},{"type":"Feature","id":9958,"geometry":{"type":"LineString","coordinates":[[-122.84595248015276,49.198866206249086],[-122.84606714660238,49.19902701678],[-122.84618335908615,49.19917649508096],[-122.8463000174277,49.19931526935726],[-122.84643421891677,49.199463062247936],[-122.8465733813917,49.19960492462903],[-122.84670969972929,49.19973463929943],[-122.84679552794834,49.19981211356975],[-122.846883282417,49.199888241025185],[-122.84698460131216,49.1999726621535],[-122.84707018356885,49.200041140988596],[-122.84715728012084,49.20010827278695],[-122.84724602752128,49.20017432725675]]},"properties":{"OBJECTID":9958,"ROAD_NAME":"King George Blvd","TRUCK_ROUTE":"Dangerous Goods Routes","STATUS":"Open","RD_CLASS":"Arterial","MAJOR_ROAD_NETWORK":"Yes"}},{"type":"Feature","id":9505,"geometry":{"type":"LineString","coordinates":[[-122.77303547148803,49.17693330365117],[-122.77192531670894,49.17693867302814]]},"properties":{"OBJECTID":9505,"ROAD_NAME":"96 Ave","TRUCK_ROUTE":"Truck Routes","STATUS":"Open","RD_CLASS":"Arterial","MAJOR_ROAD_NETWORK":"Yes"}},{"type":"Feature","id":5801,"geometry":{"type":"LineString","coordinates":[[-122.87908958787281,49.14837542405504],[-122.87557434328284,49.14830636161999]]},"properties":{"OBJECTID":5801,"ROAD_NAME":"80 Ave","TRUCK_ROUTE":"Truck Routes","STATUS":"Open","RD_CLASS":"Arterial","MAJOR_ROAD_NETWORK":null}},{"type":"Feature","id":5928,"geometry":{"type":"LineString","coordinates":[[-122.89035852153033,49.14858039733231],[-122.88812478208473,49.14853984914129]]},"properties":{"OBJECTID":5928,"ROAD_NAME":"80 Ave","TRUCK_ROUTE":"Truck Routes","STATUS":"Open","RD_CLASS":"Arterial","MAJOR_ROAD_NETWORK":null}},{"type":"Feature","id":11621,"geometry":{"type":"LineString","coordinates":[[-122.85647048293013,49.03126242403862],[-122.85449483847444,49.03125559250908]]},"properties":{"OBJECTID":11621,"ROAD_NAME":"16 Ave","TRUCK_ROUTE":"Truck Routes","STATUS":"Open","RD_CLASS":"Arterial","MAJOR_ROAD_NETWORK":null}},{"type":"Feature","id":10671,"geometry":{"type":"LineString","coordinates":[[-122.8499591627409,49.148158081223535],[-122.84714643551901,49.14815195124901],[-122.84568371367791,49.148148830936584]]},"properties":{"OBJECTID":10671,"ROAD_NAME":"80 Ave","TRUCK_ROUTE":"Truck Routes","STATUS":"Open","RD_CLASS":"Arterial","MAJOR_ROAD_NETWORK":null}},{"type":"Feature","id":9767,"geometry":{"type":"LineString","coordinates":[[-122.88812478208473,49.14853984914129],[-122.88667925982769,49.148513572172824]]},"properties":{"OBJECTID":9767,"ROAD_NAME":"80 Ave","TRUCK_ROUTE":"Truck Routes","STATUS":"Open","RD_CLASS":"Arterial","MAJOR_ROAD_NETWORK":null}},{"type":"Feature","id":10058,"geometry":{"type":"LineString","coordinates":[[-122.87078318321596,49.14821206540063],[-122.86797016398621,49.14815654114382]]},"properties":{"OBJECTID":10058,"ROAD_NAME":"80 Ave","TRUCK_ROUTE":"Truck Routes","STATUS":"Open","RD_CLASS":"Arterial","MAJOR_ROAD_NETWORK":null}},{"type":"Feature","id":11923,"geometry":{"type":"LineString","coordinates":[[-122.88322174388858,49.14845072292765],[-122.88184545733522,49.14842567421236]]},"properties":{"OBJECTID":11923,"ROAD_NAME":"80 Ave","TRUCK_ROUTE":"Truck Routes","STATUS":"Open","RD_CLASS":"Arterial","MAJOR_ROAD_NETWORK":null}},{"type":"Feature","id":7016,"geometry":{"type":"LineString","coordinates":[[-122.89038072830444,49.09201196022197],[-122.88887276353172,49.09192288229107],[-122.88612428814666,49.09175553918349],[-122.88390895850732,49.09161279590523],[-122.86826063678893,49.090653131445606],[-122.86639296774388,49.09051350981126],[-122.8643101397784,49.090380410927665],[-122.86129767818348,49.09019828117759],[-122.85589233711471,49.08989892400407],[-122.84841715901564,49.08942414911402],[-122.84584190856125,49.08925615323386]]},"properties":{"OBJECTID":7016,"ROAD_NAME":"No 99 Hwy","TRUCK_ROUTE":"Dangerous Goods Routes","STATUS":"Open","RD_CLASS":"Provincial Highway","MAJOR_ROAD_NETWORK":"No"}},{"type":"Feature","id":7043,"geometry":{"type":"LineString","coordinates":[[-122.73367725767015,49.1041727129719],[-122.73309538351194,49.10417563261529],[-122.73027844106004,49.104166342063905]]},"properties":{"OBJECTID":7043,"ROAD_NAME":"Highway 10 (56 Ave)","TRUCK_ROUTE":"Dangerous Goods Routes","STATUS":"Open","RD_CLASS":"Provincial Highway","MAJOR_ROAD_NETWORK":"No"}},{"type":"Feature","id":7131,"geometry":{"type":"LineString","coordinates":[[-122.73462181290873,49.17892704206668],[-122.73449623129967,49.179137429228106],[-122.73446774930049,49.17925305276127],[-122.73445018443424,49.17941132366281],[-122.7344253651414,49.17953669784019],[-122.73432718507307,49.179833001222626],[-122.73424071331465,49.18002399356284],[-122.73414153785356,49.18015893876227],[-122.73403695226388,49.180263426956685],[-122.73393622118665,49.180341846059925],[-122.73384356422714,49.180399146505145],[-122.73370641773695,49.18045950389321],[-122.73359520421407,49.18050250260349],[-122.73346265873468,49.180535494328836],[-122.73331967736293,49.18056448535642],[-122.73317226693881,49.18058292264794],[-122.73299910372448,49.18058487439978],[-122.73282367868227,49.18057740558313],[-122.73267754098701,49.18056193215252],[-122.73244692430387,49.18051397433084],[-122.73214251072135,49.180450709653186],[-122.73181813266876,49.18037932568192],[-122.73098191619344,49.180178604515014],[-122.73033562741293,49.18000808691849],[-122.72972853862112,49.179847243108284],[-122.72876418641492,49.17963714983578],[-122.72828122985037,49.17951894352035],[-122.7270879929253,49.179235041902224],[-122.72631697885762,49.17904797262182],[-122.72542124692053,49.17882301211832],[-122.7239782482606,49.17868837412855]]},"properties":{"OBJECTID":7131,"ROAD_NAME":null,"TRUCK_ROUTE":"Dangerous Goods Routes","STATUS":"Open","RD_CLASS":"Provincial Highway","MAJOR_ROAD_NETWORK":"No"}},{"type":"Feature","id":7255,"geometry":{"type":"LineString","coordinates":[[-122.8567166883012,49.108202164641526],[-122.84553509520883,49.108203511215265]]},"properties":{"OBJECTID":7255,"ROAD_NAME":"Highway 10 (58 Ave)","TRUCK_ROUTE":"Dangerous Goods Routes","STATUS":"Open","RD_CLASS":"Provincial Highway","MAJOR_ROAD_NETWORK":"No"}},{"type":"Feature","id":7313,"geometry":{"type":"LineString","coordinates":[[-122.83130149060663,49.10452200348518],[-122.82652409137852,49.10452262922745],[-122.82640179649476,49.104566379391514]]},"properties":{"OBJECTID":7313,"ROAD_NAME":"Highway 10 (56 Ave)","TRUCK_ROUTE":"Dangerous Goods Routes","STATUS":"Open","RD_CLASS":"Provincial Highway","MAJOR_ROAD_NETWORK":"No"}},{"type":"Feature","id":10878,"geometry":{"type":"LineString","coordinates":[[-122.83434347939131,49.0312036191282],[-122.83352156970697,49.031201094236074],[-122.82822058878477,49.0311887956115]]},"properties":{"OBJECTID":10878,"ROAD_NAME":"16 Ave","TRUCK_ROUTE":"Truck Routes","STATUS":"Open","RD_CLASS":"Arterial","MAJOR_ROAD_NETWORK":null}},{"type":"Feature","id":7348,"geometry":{"type":"LineString","coordinates":[[-122.7382960964762,49.10408118775283],[-122.73692663752422,49.104081083836284],[-122.73665284748483,49.10408606468293],[-122.73637921405512,49.104093935590804],[-122.7361057315074,49.104103833012445],[-122.73583232098343,49.10411456716666],[-122.73555891626995,49.10412536743582],[-122.73528547301709,49.10413573394031],[-122.73495660276302,49.104146627257386]]},"properties":{"OBJECTID":7348,"ROAD_NAME":"Highway 10 (56 Ave)","TRUCK_ROUTE":"Dangerous Goods Routes","STATUS":"Open","RD_CLASS":"Provincial Highway","MAJOR_ROAD_NETWORK":"No"}},{"type":"Feature","id":11394,"geometry":{"type":"LineString","coordinates":[[-122.8453485714382,49.191620686838675],[-122.84533660701665,49.19276668212126]]},"properties":{"OBJECTID":11394,"ROAD_NAME":"King George Blvd","TRUCK_ROUTE":"Dangerous Goods Routes","STATUS":"Open","RD_CLASS":"Arterial","MAJOR_ROAD_NETWORK":"Yes"}},{"type":"Feature","id":9378,"geometry":{"type":"LineString","coordinates":[[-122.8011904604423,49.03474934162666],[-122.8011859883833,49.03655608241847]]},"properties":{"OBJECTID":9378,"ROAD_NAME":"152 St","TRUCK_ROUTE":"Truck Routes","STATUS":"Open","RD_CLASS":"Arterial","MAJOR_ROAD_NETWORK":"Yes"}},{"type":"Feature","id":7656,"geometry":{"type":"LineString","coordinates":[[-122.77905826321617,49.104481699565135],[-122.77853987053756,49.104479811282836],[-122.77689647070625,49.10447380308316],[-122.77552696793964,49.10446877435961],[-122.77443136771231,49.10446474285617],[-122.7730618697482,49.10445969250862],[-122.77196627328001,49.10445563941242],[-122.77114458010777,49.10445259010848],[-122.77004898939546,49.10444851526118],[-122.76867953455378,49.10444144961555],[-122.76840569544184,49.10443766001874],[-122.76813190097128,49.10443267122831],[-122.76785816330568,49.1044264834618],[-122.76777461238929,49.104424327501484]]},"properties":{"OBJECTID":7656,"ROAD_NAME":"Highway 10 (56 Ave)","TRUCK_ROUTE":"Dangerous Goods Routes","STATUS":"Open","RD_CLASS":"Provincial Highway","MAJOR_ROAD_NETWORK":"No"}},{"type":"Feature","id":7745,"geometry":{"type":"LineString","coordinates":[[-122.76417218771644,49.02479544661607],[-122.76530939073722,49.026804808961515],[-122.76550194015422,49.02710709787449],[-122.76564980619251,49.02734137760167],[-122.76597197895927,49.02780234328924],[-122.7661461502936,49.028028757730056],[-122.76632868142761,49.0282522201991],[-122.76651957285328,49.028472640696116],[-122.7667188252473,49.02868992913078],[-122.76692630367535,49.02890381527569],[-122.76714173416465,49.029114298868556],[-122.76736511803426,49.02932111000207],[-122.76819991711457,49.03007464855694],[-122.76932656084423,49.0310915306225]]},"properties":{"OBJECTID":7745,"ROAD_NAME":"No 99 Hwy","TRUCK_ROUTE":"Dangerous Goods Routes","STATUS":"Open","RD_CLASS":"Provincial Highway","MAJOR_ROAD_NETWORK":"No"}},{"type":"Feature","id":12246,"geometry":{"type":"LineString","coordinates":[[-122.85642478722377,49.202795604663415],[-122.85641673033427,49.203256247609794],[-122.85640072358785,49.2033798240672],[-122.85636256749258,49.203515680025525],[-122.85629689351137,49.20364974070295],[-122.85616961103572,49.203806885289765],[-122.85604863218691,49.20393817732015]]},"properties":{"OBJECTID":12246,"ROAD_NAME":"132 St","TRUCK_ROUTE":"Truck Routes with Restrictions","STATUS":"Open","RD_CLASS":"Arterial","MAJOR_ROAD_NETWORK":null}},{"type":"Feature","id":9411,"geometry":{"type":"LineString","coordinates":[[-122.7968847166254,49.17685977902746],[-122.79546600029238,49.17686716377006]]},"properties":{"OBJECTID":9411,"ROAD_NAME":"96 Ave","TRUCK_ROUTE":"Truck Routes","STATUS":"Open","RD_CLASS":"Arterial","MAJOR_ROAD_NETWORK":"Yes"}},{"type":"Feature","id":7762,"geometry":{"type":"LineString","coordinates":[[-122.79062865436049,49.195791015075415],[-122.789767529007,49.19540697912298],[-122.78855777512216,49.19496756487588],[-122.78683011966568,49.19450176620913]]},"properties":{"OBJECTID":7762,"ROAD_NAME":"No 1 Hwy","TRUCK_ROUTE":"Dangerous Goods Routes","STATUS":"Open","RD_CLASS":"Provincial Highway","MAJOR_ROAD_NETWORK":"No"}},{"type":"Feature","id":7824,"geometry":{"type":"LineString","coordinates":[[-122.75808139699127,49.01684724002001],[-122.75810921435135,49.017061937842506],[-122.75822253070912,49.017244519881764],[-122.7583681589752,49.017448579824254],[-122.75862828858433,49.017620676729685],[-122.7589374028659,49.01776076108431],[-122.75918143394624,49.01786850325524],[-122.75952310393922,49.01800856466002],[-122.76004295625059,49.01832711510452],[-122.76039347426983,49.01865180139276],[-122.76171140909224,49.02044039441126]]},"properties":{"OBJECTID":7824,"ROAD_NAME":null,"TRUCK_ROUTE":"Dangerous Goods Routes","STATUS":"Open","RD_CLASS":"Provincial Highway","MAJOR_ROAD_NETWORK":"No"}},{"type":"Feature","id":7872,"geometry":{"type":"LineString","coordinates":[[-122.87913033928758,49.108206238613135],[-122.87777359072466,49.10820104643837]]},"properties":{"OBJECTID":7872,"ROAD_NAME":"Highway 10 (58 Ave)","TRUCK_ROUTE":"Dangerous Goods Routes","STATUS":"Open","RD_CLASS":"Provincial Highway","MAJOR_ROAD_NETWORK":"No"}},{"type":"Feature","id":7931,"geometry":{"type":"LineString","coordinates":[[-122.89687253135823,49.19657389599615],[-122.89639915278413,49.19689712900773],[-122.89608071427406,49.19701649339186],[-122.89579019544962,49.197110562451776],[-122.89545153100983,49.197169777452956],[-122.89511620923764,49.19714541293499],[-122.89470755487568,49.197022336360554],[-122.89416927516453,49.1967483888928],[-122.89352226505203,49.19640123630543]]},"properties":{"OBJECTID":7931,"ROAD_NAME":"Tannery Rd","TRUCK_ROUTE":"Truck Routes","STATUS":"Open","RD_CLASS":"Provincial Highway","MAJOR_ROAD_NETWORK":"No"}},{"type":"Feature","id":8226,"geometry":{"type":"LineString","coordinates":[[-122.7775025046848,49.192120136623494],[-122.76964280172066,49.19013917679024],[-122.76305466356453,49.18846935518732],[-122.76113867515592,49.18802340726268],[-122.75937547465256,49.187585347088266],[-122.75650600312154,49.18690295492051]]},"properties":{"OBJECTID":8226,"ROAD_NAME":"No 1 Hwy","TRUCK_ROUTE":"Dangerous Goods Routes","STATUS":"Open","RD_CLASS":"Provincial Highway","MAJOR_ROAD_NETWORK":"No"}},{"type":"Feature","id":12399,"geometry":{"type":"LineString","coordinates":[[-122.80128044156854,49.151372945800716],[-122.80129311797556,49.151908561812576]]},"properties":{"OBJECTID":12399,"ROAD_NAME":"152 St","TRUCK_ROUTE":"Truck Routes","STATUS":"Open","RD_CLASS":"Arterial","MAJOR_ROAD_NETWORK":"Yes"}},{"type":"Feature","id":10891,"geometry":{"type":"LineString","coordinates":[[-122.77886387710424,49.16506420524532],[-122.77886454345436,49.16645290735433]]},"properties":{"OBJECTID":10891,"ROAD_NAME":"160 St","TRUCK_ROUTE":"Truck Routes","STATUS":"Open","RD_CLASS":"Arterial","MAJOR_ROAD_NETWORK":"Yes"}},{"type":"Feature","id":8819,"geometry":{"type":"LineString","coordinates":[[-122.80100837011639,49.10844815336076],[-122.80100073598891,49.10860749440833]]},"properties":{"OBJECTID":8819,"ROAD_NAME":"152 St","TRUCK_ROUTE":"Truck Routes","STATUS":"Open","RD_CLASS":"Arterial","MAJOR_ROAD_NETWORK":"Yes"}},{"type":"Feature","id":8320,"geometry":{"type":"LineString","coordinates":[[-122.7454705907609,49.184260493277414],[-122.74403882316582,49.18390634750318],[-122.74261161100436,49.18355169306646],[-122.74117335360236,49.183194270974475],[-122.73896104599551,49.18264443779367],[-122.73733692709001,49.18221478758817]]},"properties":{"OBJECTID":8320,"ROAD_NAME":"No 1 Hwy","TRUCK_ROUTE":"Dangerous Goods Routes","STATUS":"Open","RD_CLASS":"Provincial Highway","MAJOR_ROAD_NETWORK":"No"}},{"type":"Feature","id":8368,"geometry":{"type":"LineString","coordinates":[[-122.84553509520877,49.10820351121526],[-122.84274820620823,49.10821704172774],[-122.84247428183214,49.10821730195718],[-122.8422003601326,49.10821671780608],[-122.84192651253916,49.108212692814526],[-122.84179468496976,49.108208710749466],[-122.84165305620631,49.10820241910778],[-122.84152298659893,49.108194266577875],[-122.84138061035209,49.10818393022619],[-122.84110979113511,49.10815704703925],[-122.84084119830648,49.10812182909298],[-122.84057542668367,49.10807835439098],[-122.84031306483251,49.1080267192221],[-122.84005469376258,49.107967037946246],[-122.8398008856407,49.10789944274182],[-122.8395522025222,49.10782408331162],[-122.83930919510625,49.10774112655213],[-122.8390724015159,49.10765075618292],[-122.8388423460735,49.1075531724936],[-122.83861956167252,49.10744827443848],[-122.83840447328619,49.10733724364525],[-122.83819717345418,49.10721971162105],[-122.83799563667364,49.107097924938245],[-122.83779708517814,49.10697403738394],[-122.83759905641735,49.10684978913231],[-122.83740102849092,49.10672554048839],[-122.8372030013764,49.10660129146764],[-122.83716491328266,49.10658141696002],[-122.83657645145998,49.10619831080668],[-122.83609783643669,49.1059058117226]]},"properties":{"OBJECTID":8368,"ROAD_NAME":"Highway 10 (58 Ave)","TRUCK_ROUTE":"Dangerous Goods Routes","STATUS":"Open","RD_CLASS":"Provincial Highway","MAJOR_ROAD_NETWORK":"No"}},{"type":"Feature","id":10141,"geometry":{"type":"LineString","coordinates":[[-122.7886635051247,49.16279439757263],[-122.78742231786383,49.16278852400335]]},"properties":{"OBJECTID":10141,"ROAD_NAME":"88 Ave","TRUCK_ROUTE":"Truck Routes","STATUS":"Open","RD_CLASS":"Arterial","MAJOR_ROAD_NETWORK":"Yes"}},{"type":"Feature","id":8751,"geometry":{"type":"LineString","coordinates":[[-122.80408429684192,49.176845787581236],[-122.80102739394188,49.17684100888085]]},"properties":{"OBJECTID":8751,"ROAD_NAME":"96 Ave","TRUCK_ROUTE":"Truck Routes","STATUS":"Open","RD_CLASS":"Arterial","MAJOR_ROAD_NETWORK":"Yes"}},{"type":"Feature","id":13076,"geometry":{"type":"LineString","coordinates":[[-122.80116713828399,49.14830695258301],[-122.80123037196414,49.15011491629288]]},"properties":{"OBJECTID":13076,"ROAD_NAME":"152 St","TRUCK_ROUTE":"Truck Routes","STATUS":"Open","RD_CLASS":"Arterial","MAJOR_ROAD_NETWORK":"Yes"}},{"type":"Feature","id":4001,"geometry":{"type":"LineString","coordinates":[[-122.85637713107923,49.206273419950904],[-122.85631629798903,49.20623088635313],[-122.85446009957774,49.204987741321666]]},"properties":{"OBJECTID":4001,"ROAD_NAME":"King George Blvd","TRUCK_ROUTE":"Dangerous Goods Routes","STATUS":"Open","RD_CLASS":"Arterial","MAJOR_ROAD_NETWORK":"Yes"}},{"type":"Feature","id":12076,"geometry":{"type":"LineString","coordinates":[[-122.86226597060266,49.148164841495756],[-122.85762353879505,49.148172494461924],[-122.85681421808485,49.148172480231445]]},"properties":{"OBJECTID":12076,"ROAD_NAME":"80 Ave","TRUCK_ROUTE":"Truck Routes","STATUS":"Open","RD_CLASS":"Arterial","MAJOR_ROAD_NETWORK":null}},{"type":"Feature","id":90812,"geometry":{"type":"LineString","coordinates":[[-122.89035413677522,49.137083991687774],[-122.89035353251403,49.1390306449402]]},"properties":{"OBJECTID":90812,"ROAD_NAME":"120 St","TRUCK_ROUTE":"Truck Routes","STATUS":"Open","RD_CLASS":"Arterial","MAJOR_ROAD_NETWORK":"Yes"}},{"type":"Feature","id":9445,"geometry":{"type":"LineString","coordinates":[[-122.79568547311085,49.031103999443154],[-122.79019625104144,49.03109224504958]]},"properties":{"OBJECTID":9445,"ROAD_NAME":"16 Ave","TRUCK_ROUTE":"Truck Routes","STATUS":"Open","RD_CLASS":"Arterial","MAJOR_ROAD_NETWORK":"Yes"}},{"type":"Feature","id":9529,"geometry":{"type":"LineString","coordinates":[[-122.80802434271371,49.13371549110636],[-122.80662662736646,49.133707956359544]]},"properties":{"OBJECTID":9529,"ROAD_NAME":"72 Ave","TRUCK_ROUTE":"Truck Routes","STATUS":"Open","RD_CLASS":"Arterial","MAJOR_ROAD_NETWORK":"Yes"}},{"type":"Feature","id":11360,"geometry":{"type":"LineString","coordinates":[[-122.71336013320351,49.031204891151056],[-122.70231847134428,49.031137573142495]]},"properties":{"OBJECTID":11360,"ROAD_NAME":"16 Ave","TRUCK_ROUTE":"Truck Routes","STATUS":"Open","RD_CLASS":"Arterial","MAJOR_ROAD_NETWORK":"Yes"}},{"type":"Feature","id":10130,"geometry":{"type":"LineString","coordinates":[[-122.80114917008592,49.17346707216515],[-122.80102739394188,49.17684100888085]]},"properties":{"OBJECTID":10130,"ROAD_NAME":"152 St","TRUCK_ROUTE":"Truck Routes","STATUS":"Open","RD_CLASS":"Arterial","MAJOR_ROAD_NETWORK":"Yes"}},{"type":"Feature","id":9541,"geometry":{"type":"LineString","coordinates":[[-122.68234235495838,49.17698754832349],[-122.67949206692057,49.17698380968512]]},"properties":{"OBJECTID":9541,"ROAD_NAME":"96 Ave","TRUCK_ROUTE":"Truck Routes","STATUS":"Open","RD_CLASS":"Arterial","MAJOR_ROAD_NETWORK":"Yes"}},{"type":"Feature","id":10258,"geometry":{"type":"LineString","coordinates":[[-122.83432479528021,49.11908804598166],[-122.82881024149195,49.119107290197974]]},"properties":{"OBJECTID":10258,"ROAD_NAME":"64 Ave","TRUCK_ROUTE":"Truck Routes","STATUS":"Open","RD_CLASS":"Arterial","MAJOR_ROAD_NETWORK":"Yes"}},{"type":"Feature","id":10835,"geometry":{"type":"LineString","coordinates":[[-122.75686004402459,49.060340487374624],[-122.75545081704954,49.06032106477027],[-122.75405935420338,49.060262467354534],[-122.74593842462028,49.060119804178186]]},"properties":{"OBJECTID":10835,"ROAD_NAME":"32 Ave","TRUCK_ROUTE":"Truck Routes","STATUS":"Open","RD_CLASS":"Arterial","MAJOR_ROAD_NETWORK":"Yes"}},{"type":"Feature","id":8699,"geometry":{"type":"LineString","coordinates":[[-122.80405311247895,49.0615462122446],[-122.80338295002915,49.06159131651386],[-122.80119023453331,49.061577719960496]]},"properties":{"OBJECTID":8699,"ROAD_NAME":"32 Ave","TRUCK_ROUTE":"Truck Routes","STATUS":"Open","RD_CLASS":"Arterial","MAJOR_ROAD_NETWORK":"Yes"}},{"type":"Feature","id":10238,"geometry":{"type":"LineString","coordinates":[[-122.85645100714,49.20089392548875],[-122.85643276424435,49.202220000746586]]},"properties":{"OBJECTID":10238,"ROAD_NAME":"132 St","TRUCK_ROUTE":"Truck Routes with Restrictions","STATUS":"Open","RD_CLASS":"Arterial","MAJOR_ROAD_NETWORK":null}},{"type":"Feature","id":10263,"geometry":{"type":"LineString","coordinates":[[-122.8566563017564,49.181218528877565],[-122.85663522774068,49.18171657577771]]},"properties":{"OBJECTID":10263,"ROAD_NAME":"132 St","TRUCK_ROUTE":"Truck Routes with Restrictions","STATUS":"Open","RD_CLASS":"Arterial","MAJOR_ROAD_NETWORK":null}},{"type":"Feature","id":9356,"geometry":{"type":"LineString","coordinates":[[-122.76480434312194,49.162817722295074],[-122.76021079252905,49.16283924060612]]},"properties":{"OBJECTID":9356,"ROAD_NAME":"88 Ave","TRUCK_ROUTE":"Truck Routes","STATUS":"Open","RD_CLASS":"Arterial","MAJOR_ROAD_NETWORK":"Yes"}},{"type":"Feature","id":3830,"geometry":{"type":"LineString","coordinates":[[-122.80132917043461,49.15293847594688],[-122.80141998001811,49.15553427719503]]},"properties":{"OBJECTID":3830,"ROAD_NAME":"152 St","TRUCK_ROUTE":"Truck Routes","STATUS":"Open","RD_CLASS":"Arterial","MAJOR_ROAD_NETWORK":"Yes"}},{"type":"Feature","id":10970,"geometry":{"type":"LineString","coordinates":[[-122.8454856285361,49.119039261058425],[-122.84540518341599,49.11903888359629],[-122.83986444213525,49.11906345337642]]},"properties":{"OBJECTID":10970,"ROAD_NAME":"64 Ave","TRUCK_ROUTE":"Truck Routes","STATUS":"Open","RD_CLASS":"Arterial","MAJOR_ROAD_NETWORK":"Yes"}},{"type":"Feature","id":225932,"geometry":{"type":"LineString","coordinates":[[-122.75098592586178,49.14533751712729],[-122.7489401146239,49.144439959853734]]},"properties":{"OBJECTID":225932,"ROAD_NAME":"Fraser Hwy","TRUCK_ROUTE":"Dangerous Goods Routes","STATUS":"Open","RD_CLASS":"Arterial","MAJOR_ROAD_NETWORK":"Yes"}},{"type":"Feature","id":10061,"geometry":{"type":"LineString","coordinates":[[-122.83126828829327,49.198833240684635],[-122.82993343734854,49.19882515247727]]},"properties":{"OBJECTID":10061,"ROAD_NAME":"108 Ave","TRUCK_ROUTE":"Truck Routes with Restrictions","STATUS":"Open","RD_CLASS":"Arterial","MAJOR_ROAD_NETWORK":"Yes"}},{"type":"Feature","id":10114,"geometry":{"type":"LineString","coordinates":[[-122.8375398710644,49.162776030034046],[-122.83616050435491,49.16277884604174]]},"properties":{"OBJECTID":10114,"ROAD_NAME":"88 Ave","TRUCK_ROUTE":"Truck Routes","STATUS":"Open","RD_CLASS":"Arterial","MAJOR_ROAD_NETWORK":"Yes"}},{"type":"Feature","id":8726,"geometry":{"type":"LineString","coordinates":[[-122.82822058878477,49.0311887956115],[-122.8232825588923,49.031176604962496]]},"properties":{"OBJECTID":8726,"ROAD_NAME":"16 Ave","TRUCK_ROUTE":"Truck Routes","STATUS":"Open","RD_CLASS":"Arterial","MAJOR_ROAD_NETWORK":null}},{"type":"Feature","id":10998,"geometry":{"type":"LineString","coordinates":[[-122.79970595156226,49.176847627651256],[-122.79808773682204,49.176855597111526]]},"properties":{"OBJECTID":10998,"ROAD_NAME":"96 Ave","TRUCK_ROUTE":"Truck Routes","STATUS":"Open","RD_CLASS":"Arterial","MAJOR_ROAD_NETWORK":"Yes"}},{"type":"Feature","id":3503,"geometry":{"type":"LineString","coordinates":[[-122.89119871798599,49.198237870775735],[-122.89070349223661,49.198827646515916],[-122.89040126019901,49.19918436209269],[-122.89006267318,49.1995553223371],[-122.88975324759674,49.19987632913658],[-122.8894402338078,49.200175911541706],[-122.8891199789069,49.20046358607013],[-122.88870511240108,49.20082970897978],[-122.88767533045144,49.20178079777811]]},"properties":{"OBJECTID":3503,"ROAD_NAME":"Hwy 17 (South Fraser Perimeter Rd)","TRUCK_ROUTE":"Dangerous Goods Routes","STATUS":"Open","RD_CLASS":"Provincial Highway","MAJOR_ROAD_NETWORK":"No"}},{"type":"Feature","id":81841,"geometry":{"type":"LineString","coordinates":[[-122.88767533045144,49.20178079777802],[-122.88482737853587,49.20434685505064],[-122.88452637714994,49.204780749852425],[-122.8843166257252,49.20516431669671],[-122.88418854305326,49.20557176515447],[-122.88406501264264,49.20597326798537],[-122.88392322074118,49.206416402483754],[-122.88369971050801,49.2068535044982],[-122.88345838031971,49.207272516706894],[-122.88266605275692,49.20822966842182],[-122.88198299841623,49.20905007572959],[-122.88125710581099,49.20979866088111],[-122.8808248349962,49.21017009205281],[-122.88036993227321,49.21050877303053],[-122.87988331627534,49.21081469410936],[-122.87939224742375,49.21108193333997],[-122.87896428372017,49.21129130012661]]},"properties":{"OBJECTID":81841,"ROAD_NAME":"Hwy 17 (South Fraser Perimeter Rd)","TRUCK_ROUTE":"Dangerous Goods Routes","STATUS":"Open","RD_CLASS":"Provincial Highway","MAJOR_ROAD_NETWORK":"No"}},{"type":"Feature","id":10794,"geometry":{"type":"LineString","coordinates":[[-122.8066316322458,49.17684972044954],[-122.80408429684192,49.176845787581236]]},"properties":{"OBJECTID":10794,"ROAD_NAME":"96 Ave","TRUCK_ROUTE":"Truck Routes","STATUS":"Open","RD_CLASS":"Arterial","MAJOR_ROAD_NETWORK":"Yes"}},{"type":"Feature","id":269465,"geometry":{"type":"LineString","coordinates":[[-122.89555847114353,49.19404543937283],[-122.89325328009957,49.19605793717159],[-122.89286588689036,49.196443610562696],[-122.89119871798599,49.1982378707757]]},"properties":{"OBJECTID":269465,"ROAD_NAME":"Hwy 17 (South Fraser Perimeter Rd)","TRUCK_ROUTE":"Dangerous Goods Routes","STATUS":"Open","RD_CLASS":"Provincial Highway","MAJOR_ROAD_NETWORK":"No"}},{"type":"Feature","id":2984,"geometry":{"type":"LineString","coordinates":[[-122.84925696614471,49.20151549545485],[-122.8493617723338,49.20158498700232],[-122.84948206074239,49.201664573486234],[-122.84957946984824,49.20172910765298],[-122.84969016860546,49.201802474524236],[-122.84979237372345,49.201870163099116],[-122.84989457924998,49.201937851558206],[-122.84999568912598,49.202004818844806],[-122.8500825490594,49.2020623226355],[-122.85018105427545,49.20212757755946],[-122.85029175295546,49.20220094409831],[-122.85039286180393,49.20226791132097],[-122.85048396972861,49.20232820886127],[-122.8505743922903,49.20238823556645],[-122.8506665966875,49.20244925399193]]},"properties":{"OBJECTID":2984,"ROAD_NAME":"King George Blvd","TRUCK_ROUTE":"Dangerous Goods Routes","STATUS":"Open","RD_CLASS":"Arterial","MAJOR_ROAD_NETWORK":"Yes"}},{"type":"Feature","id":6822,"geometry":{"type":"LineString","coordinates":[[-122.8012017996127,49.05746891776467],[-122.80130473379036,49.057764335662505],[-122.801394516628,49.05795489717247],[-122.80152046994158,49.05815742031056],[-122.80170070003417,49.05837193893793],[-122.801917285562,49.05855081709218],[-122.80222408383976,49.05881315274407],[-122.80251286861417,49.059051656277894],[-122.80296420792826,49.059397537258654],[-122.80330713298702,49.05968373020888],[-122.8036861835974,49.05999378326097],[-122.80396142878831,49.0602677479255],[-122.80425840115518,49.06070019714771]]},"properties":{"OBJECTID":6822,"ROAD_NAME":null,"TRUCK_ROUTE":"Truck Routes","STATUS":"Open","RD_CLASS":"Provincial Highway","MAJOR_ROAD_NETWORK":"No"}},{"type":"Feature","id":6157,"geometry":{"type":"LineString","coordinates":[[-122.80423423943454,49.16284342052516],[-122.80148684270002,49.162850362372424]]},"properties":{"OBJECTID":6157,"ROAD_NAME":"88 Ave","TRUCK_ROUTE":"Truck Routes","STATUS":"Open","RD_CLASS":"Arterial","MAJOR_ROAD_NETWORK":"Yes"}},{"type":"Feature","id":6862,"geometry":{"type":"LineString","coordinates":[[-122.73541067636835,49.009404423643794],[-122.73542041605309,49.00956613628029],[-122.7354030179692,49.01011827828702],[-122.73531204610406,49.0108987405172],[-122.73524250278355,49.011731613800656],[-122.73527452034772,49.01251711810186],[-122.73534350407476,49.01315514131118],[-122.73537554928136,49.013935885266555],[-122.73540987186007,49.014667523022226],[-122.7352775525275,49.01654520148019],[-122.73527449391071,49.01666135225033]]},"properties":{"OBJECTID":6862,"ROAD_NAME":"Highway 15","TRUCK_ROUTE":"Dangerous Goods Routes","STATUS":"Open","RD_CLASS":"Provincial Highway","MAJOR_ROAD_NETWORK":"No"}},{"type":"Feature","id":6954,"geometry":{"type":"LineString","coordinates":[[-122.77838484527985,49.19086030535119],[-122.77824442842974,49.191292381776925],[-122.77788672797922,49.19198882507644]]},"properties":{"OBJECTID":6954,"ROAD_NAME":"160 St","TRUCK_ROUTE":"Truck Routes","STATUS":"Open","RD_CLASS":"Provincial Highway","MAJOR_ROAD_NETWORK":"No"}},{"type":"Feature","id":13169,"geometry":{"type":"LineString","coordinates":[[-122.80123037196414,49.15011491629288],[-122.801231971771,49.15016052432904],[-122.80128044156854,49.151372945800716]]},"properties":{"OBJECTID":13169,"ROAD_NAME":"152 St","TRUCK_ROUTE":"Truck Routes","STATUS":"Open","RD_CLASS":"Arterial","MAJOR_ROAD_NETWORK":"Yes"}},{"type":"Feature","id":11778,"geometry":{"type":"LineString","coordinates":[[-122.80129311797556,49.151908561812576],[-122.80132917043461,49.15293847594688]]},"properties":{"OBJECTID":11778,"ROAD_NAME":"152 St","TRUCK_ROUTE":"Truck Routes","STATUS":"Open","RD_CLASS":"Arterial","MAJOR_ROAD_NETWORK":"Yes"}},{"type":"Feature","id":10154,"geometry":{"type":"LineString","coordinates":[[-122.8341662829955,49.185392729787615],[-122.8341658907992,49.18612142918762]]},"properties":{"OBJECTID":10154,"ROAD_NAME":"140 St","TRUCK_ROUTE":"Truck Routes","STATUS":"Open","RD_CLASS":"Arterial","MAJOR_ROAD_NETWORK":null}},{"type":"Feature","id":3525,"geometry":{"type":"LineString","coordinates":[[-122.7353789799565,49.00556316734271],[-122.7354070403698,49.00924936857294],[-122.73541067636835,49.009404423643794]]},"properties":{"OBJECTID":3525,"ROAD_NAME":"Highway 15","TRUCK_ROUTE":"Dangerous Goods Routes","STATUS":"Open","RD_CLASS":"Provincial Highway","MAJOR_ROAD_NETWORK":"No"}},{"type":"Feature","id":3584,"geometry":{"type":"LineString","coordinates":[[-122.7899126895496,49.10440534185049],[-122.78796168885522,49.104440885745966],[-122.7871901180905,49.104453619975196],[-122.78638418131645,49.1044700376012],[-122.77905826321788,49.104481699567245]]},"properties":{"OBJECTID":3584,"ROAD_NAME":"Highway 10 (56 Ave)","TRUCK_ROUTE":"Dangerous Goods Routes","STATUS":"Open","RD_CLASS":"Provincial Highway","MAJOR_ROAD_NETWORK":"No"}},{"type":"Feature","id":5078,"geometry":{"type":"LineString","coordinates":[[-122.7565060031216,49.186902954920484],[-122.7454705907609,49.184260493277414]]},"properties":{"OBJECTID":5078,"ROAD_NAME":"No 1 Hwy","TRUCK_ROUTE":"Dangerous Goods Routes","STATUS":"Open","RD_CLASS":"Provincial Highway","MAJOR_ROAD_NETWORK":"No"}},{"type":"Feature","id":5138,"geometry":{"type":"LineString","coordinates":[[-122.73553436609008,49.067369355602665],[-122.7355448250746,49.07197512090575],[-122.73559617906692,49.07458178448241]]},"properties":{"OBJECTID":5138,"ROAD_NAME":"Highway 15","TRUCK_ROUTE":"Dangerous Goods Routes","STATUS":"Open","RD_CLASS":"Provincial Highway","MAJOR_ROAD_NETWORK":"No"}},{"type":"Feature","id":5249,"geometry":{"type":"LineString","coordinates":[[-122.78583525969103,49.19424721415218],[-122.78359617820443,49.19344993961778],[-122.78299562914785,49.193262219468906],[-122.7824474269727,49.19306317071885],[-122.78208991416093,49.192876409853135],[-122.78173461791721,49.19264103875623],[-122.78147995046308,49.19241778755088],[-122.78123988622038,49.192177427306476],[-122.78102878243386,49.19195806561993],[-122.78089839401933,49.19180716415654],[-122.78082657179625,49.191737875751144]]},"properties":{"OBJECTID":5249,"ROAD_NAME":null,"TRUCK_ROUTE":"Truck Routes","STATUS":"Open","RD_CLASS":"Provincial Highway","MAJOR_ROAD_NETWORK":"No"}},{"type":"Feature","id":5332,"geometry":{"type":"LineString","coordinates":[[-122.81783529182272,49.10451355207824],[-122.81606144628239,49.10450971277344],[-122.81523975760173,49.10450792318011],[-122.81414417281998,49.10450552795606],[-122.81332248356448,49.1045037242243],[-122.81230633414926,49.10450148205926]]},"properties":{"OBJECTID":5332,"ROAD_NAME":"Highway 10 (56 Ave)","TRUCK_ROUTE":"Dangerous Goods Routes","STATUS":"Open","RD_CLASS":"Provincial Highway","MAJOR_ROAD_NETWORK":"No"}},{"type":"Feature","id":5355,"geometry":{"type":"LineString","coordinates":[[-122.82640179649476,49.104566379391514],[-122.82342259532504,49.104541945497736]]},"properties":{"OBJECTID":5355,"ROAD_NAME":"Highway 10 (56 Ave)","TRUCK_ROUTE":"Dangerous Goods Routes","STATUS":"Open","RD_CLASS":"Provincial Highway","MAJOR_ROAD_NETWORK":"No"}},{"type":"Feature","id":5488,"geometry":{"type":"LineString","coordinates":[[-122.76233418649113,49.01657751906783],[-122.76067830276645,49.01667739305584],[-122.75962358022295,49.016740995639246]]},"properties":{"OBJECTID":5488,"ROAD_NAME":"8 Ave","TRUCK_ROUTE":"Dangerous Goods Routes","STATUS":"Open","RD_CLASS":"Provincial Highway","MAJOR_ROAD_NETWORK":"No"}},{"type":"Feature","id":5671,"geometry":{"type":"LineString","coordinates":[[-122.712685319291,49.10410643596854],[-122.70899708958756,49.10412024178522]]},"properties":{"OBJECTID":5671,"ROAD_NAME":"Highway 10 (56 Ave)","TRUCK_ROUTE":"Dangerous Goods Routes","STATUS":"Open","RD_CLASS":"Provincial Highway","MAJOR_ROAD_NETWORK":"No"}},{"type":"Feature","id":6317,"geometry":{"type":"LineString","coordinates":[[-122.7382696707504,49.10531908953942],[-122.73825432148048,49.10599126217389]]},"properties":{"OBJECTID":6317,"ROAD_NAME":"175 St","TRUCK_ROUTE":"Dangerous Goods Routes","STATUS":"Open","RD_CLASS":"Provincial Highway","MAJOR_ROAD_NETWORK":"No"}},{"type":"Feature","id":6478,"geometry":{"type":"LineString","coordinates":[[-122.87777359072466,49.10820104643837],[-122.87643146338696,49.108196234469]]},"properties":{"OBJECTID":6478,"ROAD_NAME":"Highway 10 (58 Ave)","TRUCK_ROUTE":"Dangerous Goods Routes","STATUS":"Open","RD_CLASS":"Provincial Highway","MAJOR_ROAD_NETWORK":"No"}},{"type":"Feature","id":6513,"geometry":{"type":"LineString","coordinates":[[-122.73486532363617,49.111477701367065],[-122.73486499300148,49.11375274535194]]},"properties":{"OBJECTID":6513,"ROAD_NAME":"Highway 15","TRUCK_ROUTE":"Dangerous Goods Routes","STATUS":"Open","RD_CLASS":"Provincial Highway","MAJOR_ROAD_NETWORK":"No"}},{"type":"Feature","id":6647,"geometry":{"type":"LineString","coordinates":[[-122.73471441057728,49.16998768624513],[-122.73470301715618,49.17642482808382]]},"properties":{"OBJECTID":6647,"ROAD_NAME":"Highway 15","TRUCK_ROUTE":"Dangerous Goods Routes","STATUS":"Open","RD_CLASS":"Provincial Highway","MAJOR_ROAD_NETWORK":"No"}},{"type":"Feature","id":12024,"geometry":{"type":"LineString","coordinates":[[-122.73529292567413,49.09741556982061],[-122.73539417000907,49.09768451634756],[-122.73616215882173,49.09901398521944],[-122.73706941861276,49.10051549781072],[-122.73798485193673,49.102195523683186],[-122.73809528044194,49.10241287689117],[-122.73817974966765,49.102616227628104],[-122.73826717431398,49.10285640330383],[-122.73830098101264,49.103055257245224],[-122.73831296799032,49.10323794137061],[-122.73830927773729,49.103453563054295],[-122.73829609647622,49.10408118774804]]},"properties":{"OBJECTID":12024,"ROAD_NAME":"Cloverdale By-Pass","TRUCK_ROUTE":"Dangerous Goods Routes","STATUS":"Open","RD_CLASS":"Provincial Highway","MAJOR_ROAD_NETWORK":"No"}},{"type":"Feature","id":3600,"geometry":{"type":"LineString","coordinates":[[-122.78683011967405,49.194501766206145],[-122.78583525969105,49.19424721415218],[-122.78502134484144,49.194038951707164],[-122.78370695949882,49.19370261434879]]},"properties":{"OBJECTID":3600,"ROAD_NAME":"No 1 Hwy","TRUCK_ROUTE":"Dangerous Goods Routes","STATUS":"Open","RD_CLASS":"Provincial Highway","MAJOR_ROAD_NETWORK":"No"}},{"type":"Feature","id":3838,"geometry":{"type":"LineString","coordinates":[[-122.76355749837471,49.02138354101329],[-122.76341455053866,49.02182858904999],[-122.7633684887606,49.02239874616126],[-122.76344696623792,49.02291267967147],[-122.76373540336029,49.02364834848357],[-122.76417218771644,49.02479544661607]]},"properties":{"OBJECTID":3838,"ROAD_NAME":null,"TRUCK_ROUTE":"Dangerous Goods Routes","STATUS":"Open","RD_CLASS":"Provincial Highway","MAJOR_ROAD_NETWORK":"No"}},{"type":"Feature","id":3971,"geometry":{"type":"LineString","coordinates":[[-122.79763569501122,49.20210529535146],[-122.79763146898657,49.202306175545374],[-122.79768850254455,49.20252055555471],[-122.79777638499117,49.202688115773555]]},"properties":{"OBJECTID":3971,"ROAD_NAME":null,"TRUCK_ROUTE":"Truck Routes","STATUS":"Open","RD_CLASS":"Provincial Highway","MAJOR_ROAD_NETWORK":"No"}},{"type":"Feature","id":4004,"geometry":{"type":"LineString","coordinates":[[-122.80405311247895,49.0615462122446],[-122.80435005587667,49.061556233913436],[-122.80453834970366,49.06156607065588],[-122.80472652930177,49.061604467591465],[-122.804878399188,49.06166660477913],[-122.80508084397914,49.06176214800334]]},"properties":{"OBJECTID":4004,"ROAD_NAME":null,"TRUCK_ROUTE":"Truck Routes","STATUS":"Open","RD_CLASS":"Provincial Highway","MAJOR_ROAD_NETWORK":"No"}},{"type":"Feature","id":4013,"geometry":{"type":"LineString","coordinates":[[-122.82260782915294,49.07507479172279],[-122.82222513194118,49.07626704522165]]},"properties":{"OBJECTID":4013,"ROAD_NAME":"King George Blvd","TRUCK_ROUTE":"Dangerous Goods Routes","STATUS":"Open","RD_CLASS":"Provincial Highway","MAJOR_ROAD_NETWORK":"No"}},{"type":"Feature","id":225933,"geometry":{"type":"LineString","coordinates":[[-122.72686130206654,49.13455537163285],[-122.72648971627054,49.13431700369079],[-122.72589354284268,49.133916889293296]]},"properties":{"OBJECTID":225933,"ROAD_NAME":"Fraser Hwy","TRUCK_ROUTE":"Dangerous Goods Routes","STATUS":"Open","RD_CLASS":"Arterial","MAJOR_ROAD_NETWORK":"Yes"}},{"type":"Feature","id":6746,"geometry":{"type":"LineString","coordinates":[[-122.80618419233411,49.10446573567892],[-122.80471606231815,49.10444918453144],[-122.80428443775376,49.10444658308687],[-122.80373665880371,49.10444356315387],[-122.80318887993143,49.10444054062883],[-122.80236720979609,49.10443600148493],[-122.80209331913049,49.104434486974064],[-122.8013626208297,49.10444121123617],[-122.80102012521597,49.10444315048978]]},"properties":{"OBJECTID":6746,"ROAD_NAME":"Highway 10 (56 Ave)","TRUCK_ROUTE":"Dangerous Goods Routes","STATUS":"Open","RD_CLASS":"Provincial Highway","MAJOR_ROAD_NETWORK":"No"}},{"type":"Feature","id":6790,"geometry":{"type":"LineString","coordinates":[[-122.74128818952772,49.183541494920235],[-122.7396546778893,49.18318175171354],[-122.73896991699782,49.183018509271065],[-122.73871253758156,49.18296275512855],[-122.73837109830372,49.18288728757232],[-122.73805938265694,49.18282292084637],[-122.73763895707437,49.18274812074572],[-122.73740281252863,49.182717451578576],[-122.73715909856122,49.182704289813],[-122.73691082853571,49.182705217592314],[-122.73673987147329,49.18271509350225],[-122.73658698864762,49.18273256975651],[-122.73642371112045,49.18275681249172],[-122.73625390521008,49.18279122571335],[-122.73610346718856,49.18283586857972],[-122.73592967246078,49.18288979465365],[-122.7358239345363,49.182929022137266],[-122.73569415410229,49.18298474613143],[-122.73557860738582,49.18304220018472],[-122.73546950737584,49.18310476168959],[-122.73537338932482,49.18316098682453],[-122.73529932161362,49.18321004761028],[-122.73522128774476,49.18327437769309],[-122.73513166142754,49.18334854564489],[-122.73502351736362,49.183453021331474],[-122.7349049422964,49.183606528768834],[-122.73480626054426,49.18376445738239],[-122.73473285331146,49.18393192718428],[-122.7347011870978,49.18404219870703],[-122.7345043126646,49.184326754230675]]},"properties":{"OBJECTID":6790,"ROAD_NAME":null,"TRUCK_ROUTE":"Truck Routes","STATUS":"Open","RD_CLASS":"Provincial Highway","MAJOR_ROAD_NETWORK":"No"}},{"type":"Feature","id":401,"geometry":{"type":"LineString","coordinates":[[-122.81230633414926,49.10450148205926],[-122.81167801321843,49.104500096363374],[-122.81113134015936,49.10449649690482],[-122.81058368410004,49.10448843148244],[-122.8103098396619,49.10448489192831],[-122.81003596537697,49.10448255047232],[-122.80976207479486,49.104481237574134],[-122.80948818270267,49.10448005532934],[-122.80921429062414,49.104478872434555],[-122.80866650650846,49.104476504694766],[-122.80839261447124,49.104475319849804],[-122.8078448288404,49.10447294663682],[-122.80729704307663,49.10447057063417],[-122.80674925737472,49.10446819203321],[-122.80618419233411,49.10446573567892]]},"properties":{"OBJECTID":401,"ROAD_NAME":"Highway 10 (56 Ave)","TRUCK_ROUTE":"Dangerous Goods Routes","STATUS":"Open","RD_CLASS":"Provincial Highway","MAJOR_ROAD_NETWORK":"No"}},{"type":"Feature","id":543,"geometry":{"type":"LineString","coordinates":[[-122.73474492893621,49.13813002502137],[-122.73480266235187,49.14487533793762],[-122.73480391550372,49.14606175194071],[-122.73480195854012,49.14763107056514],[-122.73480156016397,49.147883583355586],[-122.73480108865776,49.14803725603454]]},"properties":{"OBJECTID":543,"ROAD_NAME":"Highway 15","TRUCK_ROUTE":"Dangerous Goods Routes","STATUS":"Open","RD_CLASS":"Provincial Highway","MAJOR_ROAD_NETWORK":"No"}},{"type":"Feature","id":170,"geometry":{"type":"LineString","coordinates":[[-122.86784240396882,49.10812412826961],[-122.86739993599964,49.108119239791456],[-122.86712602756019,49.10811782498752],[-122.86685211085786,49.108117608429076],[-122.86657819756287,49.10811859037036],[-122.86630428945587,49.10812018684121],[-122.86603038133305,49.10812178276106],[-122.86575647331232,49.1081234221863],[-122.86548256503578,49.10812497265376],[-122.86439912718018,49.1081313179404],[-122.8631918327534,49.10813832630379],[-122.86222291253796,49.10814394241049],[-122.86137394515475,49.10814885607921],[-122.86055222755094,49.108153604627745],[-122.86000442302803,49.108157059457284],[-122.85918285677424,49.10816825339811],[-122.85863516765448,49.108176439144984],[-122.85699204074464,49.108200087189275],[-122.8567166883012,49.108202164641526]]},"properties":{"OBJECTID":170,"ROAD_NAME":"Highway 10 (58 Ave)","TRUCK_ROUTE":"Dangerous Goods Routes","STATUS":"Open","RD_CLASS":"Provincial Highway","MAJOR_ROAD_NETWORK":"No"}},{"type":"Feature","id":176,"geometry":{"type":"LineString","coordinates":[[-122.73513364738757,49.0968733949078],[-122.73519362927826,49.097174741396714],[-122.73529292567096,49.097415569825]]},"properties":{"OBJECTID":176,"ROAD_NAME":"Highway 15","TRUCK_ROUTE":"Dangerous Goods Routes","STATUS":"Open","RD_CLASS":"Provincial Highway","MAJOR_ROAD_NETWORK":"No"}},{"type":"Feature","id":12178,"geometry":{"type":"LineString","coordinates":[[-122.71832876802925,49.10413470211865],[-122.712685319291,49.10410643596854]]},"properties":{"OBJECTID":12178,"ROAD_NAME":"Highway 10 (56 Ave)","TRUCK_ROUTE":"Dangerous Goods Routes","STATUS":"Open","RD_CLASS":"Provincial Highway","MAJOR_ROAD_NETWORK":"No"}},{"type":"Feature","id":12182,"geometry":{"type":"LineString","coordinates":[[-122.84584190856125,49.08925615323386],[-122.84499521502714,49.08914150451685],[-122.84415740778132,49.08895306582035],[-122.8432680202329,49.088673709813385],[-122.84264652639396,49.08841173246343],[-122.84197333601382,49.088098586639205],[-122.84106770496072,49.08749558434626],[-122.84041014491908,49.08698281418084],[-122.8398761529952,49.0866402408342],[-122.83333731762994,49.081880400763254]]},"properties":{"OBJECTID":12182,"ROAD_NAME":"No 99 Hwy","TRUCK_ROUTE":"Dangerous Goods Routes","STATUS":"Open","RD_CLASS":"Provincial Highway","MAJOR_ROAD_NETWORK":"No"}},{"type":"Feature","id":12183,"geometry":{"type":"LineString","coordinates":[[-122.72703217422858,49.17948988039037],[-122.72811039533751,49.1800483858062],[-122.72843211971374,49.18013611838058],[-122.72883607439107,49.18025032700862],[-122.72916503363702,49.18034858804461],[-122.72965556432928,49.18049501527671],[-122.73003619777657,49.18060916509087],[-122.73041750744922,49.18073335086377],[-122.73070121976963,49.18084201543917],[-122.73089243348318,49.18093780001456],[-122.73102908732358,49.18100860657473],[-122.7311729116944,49.18110356323697],[-122.73134273146663,49.181244457417364],[-122.73145579779161,49.1813656259993],[-122.73151663394158,49.1814393621667],[-122.73157742376688,49.18152170017256],[-122.73164103151726,49.18162220442634],[-122.73174909509021,49.181816946741364]]},"properties":{"OBJECTID":12183,"ROAD_NAME":null,"TRUCK_ROUTE":"Dangerous Goods Routes","STATUS":"Open","RD_CLASS":"Provincial Highway","MAJOR_ROAD_NETWORK":"No"}},{"type":"Feature","id":12187,"geometry":{"type":"LineString","coordinates":[[-122.7349550168622,49.1165355484335],[-122.73495981902173,49.11877516657567]]},"properties":{"OBJECTID":12187,"ROAD_NAME":"Highway 15","TRUCK_ROUTE":"Dangerous Goods Routes","STATUS":"Open","RD_CLASS":"Provincial Highway","MAJOR_ROAD_NETWORK":"No"}},{"type":"Feature","id":12197,"geometry":{"type":"LineString","coordinates":[[-122.75962358022295,49.016740995639296],[-122.75808139699133,49.01684724002005],[-122.75696807682446,49.016602195646506],[-122.75604244273089,49.01657424528539],[-122.75504976959964,49.016578975854735],[-122.7545616714077,49.016577444669686]]},"properties":{"OBJECTID":12197,"ROAD_NAME":"8 Ave","TRUCK_ROUTE":"Dangerous Goods Routes","STATUS":"Open","RD_CLASS":"Provincial Highway","MAJOR_ROAD_NETWORK":"No"}},{"type":"Feature","id":2318,"geometry":{"type":"LineString","coordinates":[[-122.73538281533871,49.060149663106145],[-122.73545337809722,49.0618731830525],[-122.73549133860064,49.062385758890855],[-122.73550089498174,49.06331496109094],[-122.73551379263519,49.06443362450965],[-122.73552320339584,49.0657657721076],[-122.73553436609008,49.067369355602665]]},"properties":{"OBJECTID":2318,"ROAD_NAME":"Highway 15","TRUCK_ROUTE":"Dangerous Goods Routes","STATUS":"Open","RD_CLASS":"Provincial Highway","MAJOR_ROAD_NETWORK":"No"}},{"type":"Feature","id":4030,"geometry":{"type":"LineString","coordinates":[[-122.82273736318243,49.07440180330253],[-122.82237193126028,49.07426341343886],[-122.8219306422871,49.074197617684284],[-122.82154753335081,49.07424142635408],[-122.82101523878802,49.07442707948304],[-122.82066735141171,49.074698853321046],[-122.82049521224029,49.074959059820436],[-122.82046691356136,49.075311242806876],[-122.82064170933238,49.0755660648682],[-122.82079451189261,49.07567285871363],[-122.82102391655133,49.07577680942283],[-122.82132558967434,49.07583055423473],[-122.8216906692127,49.07579263915559],[-122.82197938741348,49.075689486442904],[-122.82220972204382,49.075532965972684],[-122.82260782915294,49.07507479172279]]},"properties":{"OBJECTID":4030,"ROAD_NAME":null,"TRUCK_ROUTE":"Dangerous Goods Routes","STATUS":"Open","RD_CLASS":"Provincial Highway","MAJOR_ROAD_NETWORK":"No"}},{"type":"Feature","id":4102,"geometry":{"type":"LineString","coordinates":[[-122.73470301716226,49.17642482808731],[-122.73462613525906,49.17857478113836]]},"properties":{"OBJECTID":4102,"ROAD_NAME":"Highway 15","TRUCK_ROUTE":"Dangerous Goods Routes","STATUS":"Open","RD_CLASS":"Provincial Highway","MAJOR_ROAD_NETWORK":"No"}},{"type":"Feature","id":749,"geometry":{"type":"LineString","coordinates":[[-122.8094367991539,49.06447410352007],[-122.80889721452954,49.063915337094066],[-122.80787197517198,49.0630330113339],[-122.80665895914052,49.06201707909306],[-122.80615348258591,49.061611622043166],[-122.80582115243116,49.06138733806858],[-122.80563315477885,49.06130134027186],[-122.80535805399741,49.0612627988041],[-122.80521305390042,49.06129587717139],[-122.8050244645743,49.06136220208922],[-122.80490819555598,49.06145720879044],[-122.80488618505409,49.06152857497109],[-122.80492200942331,49.06162859757515],[-122.80508084397914,49.06176214800334],[-122.805536013464,49.06206279886185],[-122.80610679368364,49.062439807187566],[-122.80739292901451,49.06327974162938],[-122.80862853158034,49.06408625724792],[-122.8094367991539,49.06447410352007]]},"properties":{"OBJECTID":749,"ROAD_NAME":null,"TRUCK_ROUTE":"Truck Routes","STATUS":"Open","RD_CLASS":"Provincial Highway","MAJOR_ROAD_NETWORK":"No"}},{"type":"Feature","id":1024,"geometry":{"type":"LineString","coordinates":[[-122.73829609648378,49.104081187751156],[-122.73830673906724,49.10423524671342],[-122.73828862230124,49.10492304157799],[-122.7382696707504,49.10531908953942]]},"properties":{"OBJECTID":1024,"ROAD_NAME":"175 St","TRUCK_ROUTE":"Dangerous Goods Routes","STATUS":"Open","RD_CLASS":"Provincial Highway","MAJOR_ROAD_NETWORK":"No"}},{"type":"Feature","id":10732,"geometry":{"type":"LineString","coordinates":[[-122.85446009957576,49.204987741317105],[-122.85317806746805,49.2041291268342]]},"properties":{"OBJECTID":10732,"ROAD_NAME":"King George Blvd","TRUCK_ROUTE":"Dangerous Goods Routes","STATUS":"Open","RD_CLASS":"Arterial","MAJOR_ROAD_NETWORK":"Yes"}},{"type":"Feature","id":5700,"geometry":{"type":"LineString","coordinates":[[-122.73491728463048,49.11572547677756],[-122.7349550168622,49.1165355484335]]},"properties":{"OBJECTID":5700,"ROAD_NAME":"Highway 15","TRUCK_ROUTE":"Dangerous Goods Routes","STATUS":"Open","RD_CLASS":"Provincial Highway","MAJOR_ROAD_NETWORK":"No"}},{"type":"Feature","id":76092,"geometry":{"type":"LineString","coordinates":[[-122.69029860601475,49.18103475427533],[-122.68880737223343,49.181087508971245],[-122.68710505356411,49.18120707630385],[-122.68654861270156,49.1812384780311],[-122.68614680031074,49.18126625642306],[-122.68572780450467,49.18129893796858],[-122.68523933713516,49.18133772547907],[-122.6823974772974,49.18156372727785],[-122.68215337772605,49.18158320533666],[-122.67908080233342,49.181824578568005]]},"properties":{"OBJECTID":76092,"ROAD_NAME":"Golden Ears Way","TRUCK_ROUTE":"Truck Routes","STATUS":"Open","RD_CLASS":"Arterial","MAJOR_ROAD_NETWORK":"Yes"}},{"type":"Feature","id":95600,"geometry":{"type":"LineString","coordinates":[[-122.8935222650489,49.19640123630589],[-122.89307695439952,49.19669144146342],[-122.89119871798599,49.19823787077567]]},"properties":{"OBJECTID":95600,"ROAD_NAME":null,"TRUCK_ROUTE":"Truck Routes","STATUS":"Open","RD_CLASS":"Provincial Highway","MAJOR_ROAD_NETWORK":"No"}},{"type":"Feature","id":2357,"geometry":{"type":"LineString","coordinates":[[-122.82506207531623,49.07289750352345],[-122.82520525926593,49.07306586097226],[-122.82529953553198,49.07321054670109],[-122.8253038213927,49.0733814991122],[-122.82525094685269,49.07358324867693]]},"properties":{"OBJECTID":2357,"ROAD_NAME":null,"TRUCK_ROUTE":"Dangerous Goods Routes","STATUS":"Open","RD_CLASS":"Provincial Highway","MAJOR_ROAD_NETWORK":"No"}},{"type":"Feature","id":95916,"geometry":{"type":"LineString","coordinates":[[-122.89247912168943,49.195872130834],[-122.89352226503973,49.19640123631099]]},"properties":{"OBJECTID":95916,"ROAD_NAME":"Tannery Rd","TRUCK_ROUTE":"Truck Routes","STATUS":"Open","RD_CLASS":"Provincial Highway","MAJOR_ROAD_NETWORK":"No"}},{"type":"Feature","id":104902,"geometry":{"type":"LineString","coordinates":[[-122.77788672797922,49.19198882507644],[-122.77778426512107,49.19218831657561]]},"properties":{"OBJECTID":104902,"ROAD_NAME":"160 St","TRUCK_ROUTE":"Truck Routes","STATUS":"Open","RD_CLASS":"Provincial Highway","MAJOR_ROAD_NETWORK":"No"}},{"type":"Feature","id":113869,"geometry":{"type":"LineString","coordinates":[[-122.69112614837715,49.10449484078122],[-122.69045152182929,49.10454008710503],[-122.68991305632555,49.1046331012568],[-122.68946881803205,49.10475326244915],[-122.68922426325167,49.10484085380239],[-122.68909567557867,49.10489485676768]]},"properties":{"OBJECTID":113869,"ROAD_NAME":"Highway 10 (Langley Bypass)","TRUCK_ROUTE":"Dangerous Goods Routes","STATUS":"Open","RD_CLASS":"Provincial Highway","MAJOR_ROAD_NETWORK":"No"}},{"type":"Feature","id":264,"geometry":{"type":"LineString","coordinates":[[-122.7287641864149,49.17963714984061],[-122.73310887260925,49.180780372872995],[-122.73358380829941,49.18090507399619],[-122.7340149315633,49.18102008662434],[-122.73450526621518,49.18114431490757],[-122.73527991674253,49.18135041899067],[-122.73556735515733,49.181423726676265],[-122.73587941593296,49.181498098984015],[-122.73604859141233,49.181523711172616],[-122.73621781531479,49.18154024207921],[-122.73636708360343,49.18154663700476],[-122.73651719115614,49.181539916459855],[-122.73662962087717,49.18152705569201],[-122.73674669484538,49.18150916031593],[-122.73685975266615,49.181485016771994],[-122.73702106967791,49.18143410917039],[-122.73713679648226,49.1813798857312],[-122.73725721536255,49.18131154662049],[-122.73737617214378,49.181228573321455],[-122.73749688382723,49.18110473871965],[-122.7375589520039,49.1810100322055],[-122.73760877069392,49.18090318964828],[-122.73763704895987,49.1807947845905],[-122.73764360559743,49.18071912324418],[-122.73763486277267,49.18062967131325],[-122.73761827210586,49.18056165908267],[-122.73758791054235,49.18048187777303],[-122.73753602775162,49.180397002471814],[-122.73746724659587,49.180306034632395],[-122.7373748555464,49.18021372464094],[-122.73722205770756,49.18010266461566],[-122.73706549886076,49.1800205779195],[-122.7369533667789,49.17997794386261],[-122.73678890443988,49.17993519044214],[-122.73659510792695,49.17990952318698],[-122.73632736378124,49.17989680400719],[-122.736097947751,49.179912424274235],[-122.73590998606976,49.17994731019583],[-122.735748071197,49.180004453788655],[-122.73558322685878,49.180069190716914],[-122.73547273817769,49.18014254220068],[-122.73528964903022,49.180289755408864],[-122.73511366032622,49.18055192398796],[-122.73499972784367,49.18086877699075],[-122.73494856174615,49.18102602149359],[-122.73485643167538,49.18122570109418]]},"properties":{"OBJECTID":264,"ROAD_NAME":null,"TRUCK_ROUTE":"Dangerous Goods Routes","STATUS":"Open","RD_CLASS":"Provincial Highway","MAJOR_ROAD_NETWORK":"No"}},{"type":"Feature","id":2364,"geometry":{"type":"LineString","coordinates":[[-122.79895600861781,49.199211385380195],[-122.79856401996607,49.19993832362568],[-122.797977431006,49.20123091640524]]},"properties":{"OBJECTID":2364,"ROAD_NAME":null,"TRUCK_ROUTE":"Truck Routes","STATUS":"Open","RD_CLASS":"Provincial Highway","MAJOR_ROAD_NETWORK":"No"}},{"type":"Feature","id":1044,"geometry":{"type":"LineString","coordinates":[[-122.70899708958756,49.10412024178522],[-122.70300994948119,49.1041423492222],[-122.70163427964829,49.10414735171902]]},"properties":{"OBJECTID":1044,"ROAD_NAME":"Highway 10 (56 Ave)","TRUCK_ROUTE":"Dangerous Goods Routes","STATUS":"Open","RD_CLASS":"Provincial Highway","MAJOR_ROAD_NETWORK":"No"}},{"type":"Feature","id":9600,"geometry":{"type":"LineString","coordinates":[[-122.73821131152194,49.1068924693509],[-122.73820720138542,49.10697858900007],[-122.7381515491685,49.107243649508845],[-122.7380517865326,49.107412749380636],[-122.73789991774247,49.10761423326669],[-122.73775987905006,49.1077719508148],[-122.73755313623579,49.10792951657884],[-122.73730588047954,49.108069853404345],[-122.7370325420632,49.10820632218889],[-122.73678644696125,49.10831154939048]]},"properties":{"OBJECTID":9600,"ROAD_NAME":"175 St","TRUCK_ROUTE":"Dangerous Goods Routes","STATUS":"Open","RD_CLASS":"Provincial Highway","MAJOR_ROAD_NETWORK":"No"}},{"type":"Feature","id":9635,"geometry":{"type":"LineString","coordinates":[[-122.78538045134495,49.04556772999764],[-122.78941446755178,49.049204243527086],[-122.79284298179398,49.052294036985366],[-122.79345362995515,49.05280353055519],[-122.79410776014639,49.05330067493243],[-122.79581218711401,49.054543169922695],[-122.80033444181244,49.05784010939515],[-122.8012016329455,49.05844242027348]]},"properties":{"OBJECTID":9635,"ROAD_NAME":"No 99 Hwy","TRUCK_ROUTE":"Dangerous Goods Routes","STATUS":"Open","RD_CLASS":"Provincial Highway","MAJOR_ROAD_NETWORK":"No"}},{"type":"Feature","id":2416,"geometry":{"type":"LineString","coordinates":[[-122.68909567557867,49.10489485676768],[-122.68898950369663,49.10493944555153],[-122.68876591319692,49.105048593156084],[-122.68855445421747,49.10516766896411],[-122.68756744497433,49.10584751618673],[-122.68737590326039,49.105979056081665],[-122.68698613062676,49.10623770842185],[-122.68658734809088,49.10649039720461],[-122.68617983081315,49.10673694317199],[-122.68576357941026,49.106977257868955],[-122.68533900702695,49.10721107155041],[-122.68490625018849,49.10743847417509],[-122.68468700920214,49.10754960320962],[-122.68399543848786,49.10788280501276]]},"properties":{"OBJECTID":2416,"ROAD_NAME":"Highway 10 (Langley Bypass)","TRUCK_ROUTE":"Dangerous Goods Routes","STATUS":"Open","RD_CLASS":"Provincial Highway","MAJOR_ROAD_NETWORK":"No"}},{"type":"Feature","id":2502,"geometry":{"type":"LineString","coordinates":[[-122.90973668399535,49.180408240857396],[-122.90872344411825,49.181475478656594],[-122.90816011739919,49.1820514424681],[-122.90748958268162,49.182739471027375],[-122.90676835838465,49.183418660655555],[-122.90608749601186,49.184030587568834],[-122.9054159845527,49.18466970110193]]},"properties":{"OBJECTID":2502,"ROAD_NAME":"Hwy 17 (South Fraser Perimeter Rd)","TRUCK_ROUTE":"Dangerous Goods Routes","STATUS":"Open","RD_CLASS":"Provincial Highway","MAJOR_ROAD_NETWORK":"No"}},{"type":"Feature","id":2520,"geometry":{"type":"LineString","coordinates":[[-122.70160928910126,49.17279004286865],[-122.70150794903371,49.172760186709965],[-122.69886398756603,49.17204008994131],[-122.69694694763274,49.17155340501088],[-122.69597056022356,49.17130550904956],[-122.69332328701354,49.170605411604264],[-122.69144365819831,49.170108270956]]},"properties":{"OBJECTID":2520,"ROAD_NAME":"No 1 Hwy","TRUCK_ROUTE":"Dangerous Goods Routes","STATUS":"Open","RD_CLASS":"Provincial Highway","MAJOR_ROAD_NETWORK":"No"}},{"type":"Feature","id":2693,"geometry":{"type":"LineString","coordinates":[[-122.73512477705314,49.089554945517165],[-122.73512765556066,49.09001301010176],[-122.73511768736651,49.09188018484942],[-122.73510501961424,49.096667196527086],[-122.73513364738757,49.0968733949078]]},"properties":{"OBJECTID":2693,"ROAD_NAME":"Highway 15","TRUCK_ROUTE":"Dangerous Goods Routes","STATUS":"Open","RD_CLASS":"Provincial Highway","MAJOR_ROAD_NETWORK":"No"}},{"type":"Feature","id":8241,"geometry":{"type":"LineString","coordinates":[[-122.84724602752128,49.20017432725675],[-122.84734601426578,49.20024597368527],[-122.84745669444882,49.20032222183709],[-122.84753395601336,49.20037404795784],[-122.84760711019507,49.20042245030747],[-122.84768382590151,49.20047337603119],[-122.8477658849377,49.20052772701801],[-122.84785178039918,49.2005845117648],[-122.84795178594901,49.20065085021543],[-122.84805179216676,49.200717098600926],[-122.84813809902808,49.200774333388324],[-122.84823824324849,49.200840581747705],[-122.84832455073948,49.2008978163566],[-122.84840455712417,49.2009507247889],[-122.84848552220375,49.20100444399895],[-122.84855114412501,49.201047888192846],[-122.84862854794213,49.201099173829604],[-122.84872061077394,49.201160193692886],[-122.8488106191961,49.20121977150012],[-122.8489054227143,49.201282593851836],[-122.84898858168674,49.20133766479536],[-122.84907639873896,49.201395890153854],[-122.84916380535765,49.20145375507279],[-122.84925696614471,49.20151549545485]]},"properties":{"OBJECTID":8241,"ROAD_NAME":"King George Blvd","TRUCK_ROUTE":"Dangerous Goods Routes","STATUS":"Open","RD_CLASS":"Arterial","MAJOR_ROAD_NETWORK":"Yes"}},{"type":"Feature","id":9764,"geometry":{"type":"LineString","coordinates":[[-122.73462613492839,49.17857478134203],[-122.73462181291033,49.17892704207102],[-122.73470939245311,49.17999634148968],[-122.73486373057477,49.18128672379057],[-122.73484305791229,49.18155499159156]]},"properties":{"OBJECTID":9764,"ROAD_NAME":"Highway 15","TRUCK_ROUTE":"Dangerous Goods Routes","STATUS":"Open","RD_CLASS":"Provincial Highway","MAJOR_ROAD_NETWORK":"No"}},{"type":"Feature","id":9899,"geometry":{"type":"LineString","coordinates":[[-122.7460918093726,49.10414673401066],[-122.74595202290179,49.10414317559067],[-122.74567832936837,49.10413620792803],[-122.74540463591686,49.104129239619354],[-122.7451309425472,49.104122270664675],[-122.74485724903144,49.10411530494211],[-122.74458351729521,49.10410903015651],[-122.74430972867333,49.1041039534413],[-122.74403589534026,49.10410007503676],[-122.74376202873647,49.10409739468999],[-122.74348814101195,49.10409591251835],[-122.74322622470545,49.10409517115037],[-122.74292510927503,49.104094324553174],[-122.74257548769883,49.1040933404635],[-122.74213064426827,49.1040920868187],[-122.74158285410282,49.104090540242936],[-122.74103506135137,49.10408898806895],[-122.74048726864231,49.10408743343168],[-122.73993947597646,49.10408587619391],[-122.73939168335464,49.104084316218426],[-122.73884389087063,49.10408275371378],[-122.73856999520514,49.104081971048146],[-122.73829609648378,49.104081187751156]]},"properties":{"OBJECTID":9899,"ROAD_NAME":"Highway 10 (56 Ave)","TRUCK_ROUTE":"Dangerous Goods Routes","STATUS":"Open","RD_CLASS":"Provincial Highway","MAJOR_ROAD_NETWORK":"No"}},{"type":"Feature","id":116429,"geometry":{"type":"LineString","coordinates":[[-122.76405657162773,49.016571992852334],[-122.76233418648711,49.01657751907067]]},"properties":{"OBJECTID":116429,"ROAD_NAME":"8 Ave","TRUCK_ROUTE":"Truck Routes","STATUS":"Open","RD_CLASS":"Provincial Highway","MAJOR_ROAD_NETWORK":"No"}},{"type":"Feature","id":123180,"geometry":{"type":"LineString","coordinates":[[-122.73477608137493,49.19126387155306],[-122.73505097309784,49.191288693151584],[-122.73565138802658,49.19135475691221],[-122.73640649520411,49.191381795421606],[-122.7374950935787,49.19142104647928],[-122.7381711304194,49.19149183920557]]},"properties":{"OBJECTID":123180,"ROAD_NAME":"Golden Ears Connector","TRUCK_ROUTE":"Dangerous Goods Routes","STATUS":"Open","RD_CLASS":"Provincial Highway","MAJOR_ROAD_NETWORK":"No"}},{"type":"Feature","id":11333,"geometry":{"type":"LineString","coordinates":[[-122.79446729567589,49.19820211810877],[-122.79461080764275,49.19862724878228],[-122.79512505781042,49.19912514921748],[-122.79569168979219,49.199678904369904],[-122.79605546786752,49.200117591731754],[-122.79634194175087,49.20046305011162],[-122.79650974998798,49.20077198750853],[-122.79660543965744,49.20099770184747],[-122.7967427832685,49.20137385326543],[-122.79683789162823,49.201742016325724],[-122.79694509476472,49.202106243609144],[-122.79710089981467,49.20239933117972]]},"properties":{"OBJECTID":11333,"ROAD_NAME":null,"TRUCK_ROUTE":"Truck Routes","STATUS":"Open","RD_CLASS":"Provincial Highway","MAJOR_ROAD_NETWORK":"No"}},{"type":"Feature","id":11401,"geometry":{"type":"LineString","coordinates":[[-122.88403698957431,49.108216645184065],[-122.87913033928758,49.108206238613135]]},"properties":{"OBJECTID":11401,"ROAD_NAME":"Highway 10 (58 Ave)","TRUCK_ROUTE":"Dangerous Goods Routes","STATUS":"Open","RD_CLASS":"Provincial Highway","MAJOR_ROAD_NETWORK":"No"}},{"type":"Feature","id":11418,"geometry":{"type":"LineString","coordinates":[[-122.80508367544006,49.061301692846335],[-122.8094367991539,49.06447410352007],[-122.81221569880506,49.06649897656325],[-122.81921409949214,49.07159422093917],[-122.82088489269854,49.07281042780563],[-122.82221542806596,49.073782559739286],[-122.82280294294696,49.074210838301475]]},"properties":{"OBJECTID":11418,"ROAD_NAME":"No 99 Hwy","TRUCK_ROUTE":"Dangerous Goods Routes","STATUS":"Open","RD_CLASS":"Provincial Highway","MAJOR_ROAD_NETWORK":"No"}},{"type":"Feature","id":12501,"geometry":{"type":"LineString","coordinates":[[-122.73495981902173,49.11877516657567],[-122.73494871866897,49.12117054276185]]},"properties":{"OBJECTID":12501,"ROAD_NAME":"Highway 15","TRUCK_ROUTE":"Dangerous Goods Routes","STATUS":"Open","RD_CLASS":"Provincial Highway","MAJOR_ROAD_NETWORK":"No"}},{"type":"Feature","id":12523,"geometry":{"type":"LineString","coordinates":[[-122.73533800314675,49.002140394863886],[-122.7353567320066,49.0040146551073]]},"properties":{"OBJECTID":12523,"ROAD_NAME":"Highway 15","TRUCK_ROUTE":"Dangerous Goods Routes","STATUS":"Open","RD_CLASS":"Provincial Highway","MAJOR_ROAD_NETWORK":"No"}},{"type":"Feature","id":12655,"geometry":{"type":"LineString","coordinates":[[-122.79777638499117,49.202688115773555],[-122.79790851447466,49.20286468168297],[-122.7980883524499,49.20303686667642],[-122.79832957033219,49.203193533982514],[-122.79865259784236,49.20333695091702],[-122.79900276997932,49.20350719919025],[-122.79926791934103,49.20364381740976],[-122.79952966372916,49.20378042910704],[-122.79980495424323,49.2039371524401],[-122.80013429261507,49.20412941537597],[-122.80052304933737,49.20439122705309],[-122.80085087239073,49.204638642871366],[-122.80115330593657,49.20485022157095],[-122.8016903803094,49.20522643777658]]},"properties":{"OBJECTID":12655,"ROAD_NAME":null,"TRUCK_ROUTE":"Truck Routes","STATUS":"Open","RD_CLASS":"Provincial Highway","MAJOR_ROAD_NETWORK":"No"}},{"type":"Feature","id":12701,"geometry":{"type":"LineString","coordinates":[[-122.82145538125113,49.07607346564717],[-122.82167366781272,49.07613920100042],[-122.82195047680969,49.07621630418544],[-122.82222513194118,49.07626704522165]]},"properties":{"OBJECTID":12701,"ROAD_NAME":null,"TRUCK_ROUTE":"Dangerous Goods Routes","STATUS":"Open","RD_CLASS":"Provincial Highway","MAJOR_ROAD_NETWORK":"No"}},{"type":"Feature","id":12825,"geometry":{"type":"LineString","coordinates":[[-122.81921409949214,49.07159422093917],[-122.81981585638422,49.07219639918367],[-122.82056592462669,49.072833947398195],[-122.82085337520542,49.07308006568456],[-122.82104637856153,49.07328163984566],[-122.82114936227002,49.07345939373513],[-122.82118917603707,49.07366368938923],[-122.8210890849305,49.073935846867315],[-122.8207586283941,49.07437340349455],[-122.82050068624237,49.074689714757525],[-122.8203504167306,49.074964484195085],[-122.82038516144245,49.07539245341208],[-122.82065477757975,49.075690401300434],[-122.82099654473726,49.07587148394986],[-122.82132496467925,49.07600518669165],[-122.82145538125113,49.07607346564717]]},"properties":{"OBJECTID":12825,"ROAD_NAME":null,"TRUCK_ROUTE":"Dangerous Goods Routes","STATUS":"Open","RD_CLASS":"Provincial Highway","MAJOR_ROAD_NETWORK":"No"}},{"type":"Feature","id":80236,"geometry":{"type":"LineString","coordinates":[[-122.8452015868662,49.213118616104055],[-122.8444545777765,49.21311434878471],[-122.84370878172604,49.21312545778083],[-122.84320104332652,49.21315512350465],[-122.84269348641277,49.21319461742111],[-122.84220215288114,49.21324630742883],[-122.84181981744477,49.21329433664722],[-122.84144371756351,49.21334862323827],[-122.84100271143002,49.21342744724054],[-122.84056066203158,49.21351632622222],[-122.84013603372836,49.213609987634676],[-122.8397587136074,49.21370329918361]]},"properties":{"OBJECTID":80236,"ROAD_NAME":"Hwy 17 (South Fraser Perimeter Rd)","TRUCK_ROUTE":"Dangerous Goods Routes","STATUS":"Open","RD_CLASS":"Provincial Highway","MAJOR_ROAD_NETWORK":"No"}},{"type":"Feature","id":81842,"geometry":{"type":"LineString","coordinates":[[-122.86185446822171,49.213234481015604],[-122.8615892054984,49.21321257917262],[-122.86062296290052,49.21320318345029],[-122.85971183295166,49.21320208046307],[-122.85866773098417,49.21320366368283],[-122.85750364495729,49.21323936161016],[-122.85639826443007,49.21326274477694],[-122.85557171073849,49.21328551431495],[-122.85481238938074,49.21330003245327],[-122.85384419817586,49.213306665465005],[-122.85247642866476,49.21329897670055],[-122.85012948615989,49.213291402388144],[-122.84892533750735,49.21327189575429],[-122.84765777675538,49.21324317745248],[-122.8452015868662,49.213118616104055]]},"properties":{"OBJECTID":81842,"ROAD_NAME":"Hwy 17 (South Fraser Perimeter Rd)","TRUCK_ROUTE":"Dangerous Goods Routes","STATUS":"Open","RD_CLASS":"Provincial Highway","MAJOR_ROAD_NETWORK":"No"}},{"type":"Feature","id":5719,"geometry":{"type":"LineString","coordinates":[[-122.80051460835998,49.19698532461604],[-122.79994187015612,49.19786438174497],[-122.79895600861781,49.199211385380195]]},"properties":{"OBJECTID":5719,"ROAD_NAME":null,"TRUCK_ROUTE":"Truck Routes","STATUS":"Open","RD_CLASS":"Provincial Highway","MAJOR_ROAD_NETWORK":"No"}},{"type":"Feature","id":5758,"geometry":{"type":"LineString","coordinates":[[-122.73471188518775,49.162588316318455],[-122.73471441112271,49.16998768582378]]},"properties":{"OBJECTID":5758,"ROAD_NAME":"Highway 15","TRUCK_ROUTE":"Dangerous Goods Routes","STATUS":"Open","RD_CLASS":"Provincial Highway","MAJOR_ROAD_NETWORK":"No"}},{"type":"Feature","id":5809,"geometry":{"type":"LineString","coordinates":[[-122.73462181291033,49.17892704206729],[-122.73479146313383,49.17916002760258],[-122.73481310951482,49.17928063743982],[-122.73484972699941,49.17938057940236],[-122.73490499820522,49.1794659508234],[-122.73498810694167,49.17955625721088],[-122.73512364578694,49.17964304343946],[-122.73524001357461,49.179692008466674],[-122.73539854249609,49.17972367822536],[-122.73577107372306,49.179724531147926],[-122.73627274014211,49.17970898474137],[-122.73646683361373,49.17971852635205],[-122.73666834099598,49.17974118436621],[-122.73694652139322,49.17981749459268],[-122.73712015408707,49.17987237686402],[-122.73727873545302,49.17994083498648],[-122.73743792094916,49.180030506359344],[-122.73756527463256,49.1801333660748],[-122.73764583842248,49.18022021810926],[-122.73771193279102,49.180313653706015],[-122.73776386378029,49.18038944789529],[-122.73780346577153,49.18046824111414],[-122.7378483419754,49.18059437809618],[-122.73788791286407,49.1807988857776],[-122.73791903102716,49.181026994159616],[-122.73797002487554,49.18127883004235],[-122.73802151852185,49.18143940997446],[-122.73808091275822,49.181559617662465],[-122.73814502599056,49.18166066469704],[-122.73823675969393,49.18177791857662],[-122.73832749625299,49.18187468375549],[-122.7384326225693,49.1819652327196],[-122.73858844867954,49.182073852473],[-122.73873426866162,49.18215086769453],[-122.73890014119199,49.182219855941014],[-122.73945169738083,49.1824148327264],[-122.74261161100411,49.18355169306461]]},"properties":{"OBJECTID":5809,"ROAD_NAME":null,"TRUCK_ROUTE":"Dangerous Goods Routes","STATUS":"Open","RD_CLASS":"Provincial Highway","MAJOR_ROAD_NETWORK":"No"}},{"type":"Feature","id":11485,"geometry":{"type":"LineString","coordinates":[[-122.73431850992372,49.18552899260405],[-122.73428769714653,49.18573082745686],[-122.7342345366217,49.187113056895456]]},"properties":{"OBJECTID":11485,"ROAD_NAME":"Hwy 17 (South Fraser Perimeter Rd)","TRUCK_ROUTE":"Truck Routes","STATUS":"Open","RD_CLASS":"Provincial Highway","MAJOR_ROAD_NETWORK":"No"}},{"type":"Feature","id":11608,"geometry":{"type":"LineString","coordinates":[[-122.73517536845962,49.03123627780769],[-122.73519820189186,49.034843880907346]]},"properties":{"OBJECTID":11608,"ROAD_NAME":"Highway 15","TRUCK_ROUTE":"Dangerous Goods Routes","STATUS":"Open","RD_CLASS":"Provincial Highway","MAJOR_ROAD_NETWORK":"No"}},{"type":"Feature","id":12837,"geometry":{"type":"LineString","coordinates":[[-122.81329107876087,49.22027809815234],[-122.81174522571017,49.21632251896597],[-122.81078357548385,49.213971708901894]]},"properties":{"OBJECTID":12837,"ROAD_NAME":"No 1 Hwy","TRUCK_ROUTE":"Dangerous Goods Routes","STATUS":"Open","RD_CLASS":"Provincial Highway","MAJOR_ROAD_NETWORK":"No"}},{"type":"Feature","id":13140,"geometry":{"type":"LineString","coordinates":[[-122.76103724427597,49.019248114411184],[-122.76171140909224,49.02044039441126],[-122.7626640733543,49.02212510485406],[-122.76417218771644,49.02479544661607]]},"properties":{"OBJECTID":13140,"ROAD_NAME":"No 99 Hwy","TRUCK_ROUTE":"Dangerous Goods Routes","STATUS":"Open","RD_CLASS":"Provincial Highway","MAJOR_ROAD_NETWORK":"No"}},{"type":"Feature","id":13198,"geometry":{"type":"LineString","coordinates":[[-122.73423453661454,49.18711305689351],[-122.73419766662147,49.18873167801197],[-122.73423921265048,49.18911019685931],[-122.73434139928975,49.18935319401744],[-122.73451414578165,49.18964276368226],[-122.7348338228017,49.189957660715365],[-122.73513228849288,49.19016540731007],[-122.73548000620944,49.19033042558207],[-122.73602891616785,49.19056016334378],[-122.73649660264665,49.19070046246792],[-122.73685566921337,49.190843102946715],[-122.73723587770246,49.19098417907274],[-122.73766514145458,49.191181506492995],[-122.73796933724216,49.1913392783114],[-122.73817113042352,49.19149183920921]]},"properties":{"OBJECTID":13198,"ROAD_NAME":"Hwy 17 (South Fraser Perimeter Rd)","TRUCK_ROUTE":"Truck Routes","STATUS":"Open","RD_CLASS":"Provincial Highway","MAJOR_ROAD_NETWORK":"No"}},{"type":"Feature","id":21865,"geometry":{"type":"LineString","coordinates":[[-122.80102012521597,49.10444315048978],[-122.79990219474108,49.104422347679126],[-122.79880663571228,49.10441626406706],[-122.79825885631026,49.10441321835704],[-122.79743718734797,49.10440864491171],[-122.79697382023109,49.10440576890203]]},"properties":{"OBJECTID":21865,"ROAD_NAME":"Highway 10 (56 Ave)","TRUCK_ROUTE":"Dangerous Goods Routes","STATUS":"Open","RD_CLASS":"Provincial Highway","MAJOR_ROAD_NETWORK":"No"}},{"type":"Feature","id":9645,"geometry":{"type":"LineString","coordinates":[[-122.73480108865776,49.14803725603454],[-122.73479751214272,49.15045017371254],[-122.73479269573332,49.15350737257126],[-122.7347898577957,49.15530572556761],[-122.73478411646184,49.158542790594595],[-122.73478138465867,49.15872261348842],[-122.73477682511762,49.158902421202555],[-122.73476345292202,49.15926197854966],[-122.73475644449361,49.159441752083445],[-122.73474943621918,49.15962152561158],[-122.73474242768049,49.159801299133115],[-122.73473541907487,49.159981074843685],[-122.73472841063501,49.16016084835339],[-122.73472207280592,49.16034063217852],[-122.7347175438277,49.16052043991027],[-122.7347148430147,49.1607002628121],[-122.73471395181488,49.16088009206072],[-122.7347137352919,49.16105992504889],[-122.73471351778532,49.16123975867256],[-122.73471330017608,49.16141959254734],[-122.73471308235348,49.16159942641607],[-122.73471286473595,49.16177926027948],[-122.73471264692851,49.16195908974636],[-122.73471242930262,49.162138923598455],[-122.73471221167253,49.16231875744483],[-122.73471199382907,49.1624985912851],[-122.73471188518775,49.162588316318455]]},"properties":{"OBJECTID":9645,"ROAD_NAME":"Highway 15","TRUCK_ROUTE":"Dangerous Goods Routes","STATUS":"Open","RD_CLASS":"Provincial Highway","MAJOR_ROAD_NETWORK":"No"}},{"type":"Feature","id":9698,"geometry":{"type":"LineString","coordinates":[[-122.82196514197808,49.07715757501783],[-122.82177822584572,49.077769986981636],[-122.82174343822483,49.07786722852491]]},"properties":{"OBJECTID":9698,"ROAD_NAME":"King George Blvd","TRUCK_ROUTE":"Dangerous Goods Routes","STATUS":"Open","RD_CLASS":"Provincial Highway","MAJOR_ROAD_NETWORK":"No"}},{"type":"Feature","id":9719,"geometry":{"type":"LineString","coordinates":[[-122.91340860099807,49.1771118753999],[-122.91289657477039,49.17756939801258],[-122.91254788964333,49.1778756812976],[-122.91189054182706,49.17843115468997],[-122.91134086962786,49.178893087700594]]},"properties":{"OBJECTID":9719,"ROAD_NAME":"Hwy 17 (South Fraser Perimeter Rd)","TRUCK_ROUTE":"Dangerous Goods Routes","STATUS":"Open","RD_CLASS":"Provincial Highway","MAJOR_ROAD_NETWORK":"No"}},{"type":"Feature","id":9761,"geometry":{"type":"LineString","coordinates":[[-122.74904295615693,49.0166070424673],[-122.74630808694216,49.01662084118492]]},"properties":{"OBJECTID":9761,"ROAD_NAME":"8 Ave","TRUCK_ROUTE":"Dangerous Goods Routes","STATUS":"Open","RD_CLASS":"Provincial Highway","MAJOR_ROAD_NETWORK":"No"}},{"type":"Feature","id":5826,"geometry":{"type":"LineString","coordinates":[[-122.77562310265776,49.190126720242965],[-122.77496107213398,49.18997965603617],[-122.77474716983622,49.18994557917696],[-122.77451613913033,49.18992279709384],[-122.77429163073492,49.18990660952612],[-122.77406596047575,49.189902877175555],[-122.77368153157215,49.18991910072734],[-122.77326920868563,49.18995875233927],[-122.77296949520853,49.189989103824644],[-122.77208246680165,49.190089381499554],[-122.77151273304507,49.19012962719875],[-122.77114415113148,49.19013246746336],[-122.7707792935498,49.19012206636772],[-122.77051341132272,49.190092540611865],[-122.76910746209485,49.18981348605173],[-122.76305466356779,49.18846935518401]]},"properties":{"OBJECTID":5826,"ROAD_NAME":null,"TRUCK_ROUTE":"Truck Routes","STATUS":"Open","RD_CLASS":"Provincial Highway","MAJOR_ROAD_NETWORK":"No"}},{"type":"Feature","id":5869,"geometry":{"type":"LineString","coordinates":[[-122.73493848308775,49.12335209675917],[-122.73493131302338,49.12362077834597],[-122.73493058242565,49.123800614729674],[-122.73492851058657,49.1239804458358],[-122.73492461210564,49.124160263961876],[-122.73491888714805,49.1243400603152],[-122.73491483777707,49.12444179763285],[-122.73490766564453,49.124594429511944],[-122.73490205673559,49.12469956383666],[-122.73489236484146,49.124879287404184],[-122.73488267318561,49.12505901102274],[-122.73484699391057,49.12572068854825],[-122.73483913032705,49.12586651750432],[-122.73482818324263,49.12606974456622],[-122.73482597083512,49.12611744089363]]},"properties":{"OBJECTID":5869,"ROAD_NAME":"Highway 15","TRUCK_ROUTE":"Dangerous Goods Routes","STATUS":"Open","RD_CLASS":"Provincial Highway","MAJOR_ROAD_NETWORK":"No"}},{"type":"Feature","id":11743,"geometry":{"type":"LineString","coordinates":[[-122.70993358788326,49.17497466837128],[-122.70906396984807,49.17474261429007],[-122.70534482106991,49.17377167924212],[-122.70160928910126,49.17279004286865]]},"properties":{"OBJECTID":11743,"ROAD_NAME":"No 1 Hwy","TRUCK_ROUTE":"Dangerous Goods Routes","STATUS":"Open","RD_CLASS":"Provincial Highway","MAJOR_ROAD_NETWORK":"No"}},{"type":"Feature","id":11763,"geometry":{"type":"LineString","coordinates":[[-122.73678644696125,49.10831154939048],[-122.73655279037389,49.108423190540904],[-122.73621796241498,49.108570402251004],[-122.73589088874583,49.10872770542946],[-122.7355396886007,49.10893829552632],[-122.73537675008743,49.109084397337234],[-122.73521933849045,49.10923445578354],[-122.73509667794069,49.10939411397522],[-122.73497240117014,49.109585196793745],[-122.73490272963144,49.10983516863704],[-122.73487500411,49.110139751750786],[-122.73485858646977,49.11050428563716]]},"properties":{"OBJECTID":11763,"ROAD_NAME":"Cloverdale By-Pass","TRUCK_ROUTE":"Dangerous Goods Routes","STATUS":"Open","RD_CLASS":"Provincial Highway","MAJOR_ROAD_NETWORK":"No"}},{"type":"Feature","id":1738,"geometry":{"type":"LineString","coordinates":[[-122.8321763638121,49.105230260736896],[-122.83322875223605,49.10606544030892]]},"properties":{"OBJECTID":1738,"ROAD_NAME":"King George Blvd","TRUCK_ROUTE":"Dangerous Goods Routes","STATUS":"Open","RD_CLASS":"Provincial Highway","MAJOR_ROAD_NETWORK":"No"}},{"type":"Feature","id":2712,"geometry":{"type":"LineString","coordinates":[[-122.73519820189186,49.034843880907346],[-122.73522754284649,49.038459697837354]]},"properties":{"OBJECTID":2712,"ROAD_NAME":"Highway 15","TRUCK_ROUTE":"Dangerous Goods Routes","STATUS":"Open","RD_CLASS":"Provincial Highway","MAJOR_ROAD_NETWORK":"No"}},{"type":"Feature","id":6120,"geometry":{"type":"LineString","coordinates":[[-122.80106790627086,49.101697821838016],[-122.8010601363189,49.10251180538731],[-122.80102012521597,49.10444315048978]]},"properties":{"OBJECTID":6120,"ROAD_NAME":"152 St","TRUCK_ROUTE":"Truck Routes","STATUS":"Open","RD_CLASS":"Arterial","MAJOR_ROAD_NETWORK":"Yes"}},{"type":"Feature","id":2867,"geometry":{"type":"LineString","coordinates":[[-122.82342259532504,49.104541945497736],[-122.8223609813868,49.1045322366158],[-122.82153935347483,49.10452493395317],[-122.82105759183546,49.10452091879655],[-122.82016990028086,49.10451856417049],[-122.81962209896005,49.10451739056894],[-122.81907430454837,49.104516216133476],[-122.81783529182272,49.10451355207824]]},"properties":{"OBJECTID":2867,"ROAD_NAME":"Highway 10 (56 Ave)","TRUCK_ROUTE":"Dangerous Goods Routes","STATUS":"Open","RD_CLASS":"Provincial Highway","MAJOR_ROAD_NETWORK":"No"}},{"type":"Feature","id":2937,"geometry":{"type":"LineString","coordinates":[[-122.76932656084423,49.0310915306225],[-122.77195108013655,49.03345912279335],[-122.77333043412236,49.03470333084423],[-122.77733365998282,49.03831244186718],[-122.77920370544398,49.03999876104617],[-122.78436314475971,49.0446505349801],[-122.78538045134495,49.04556772999764]]},"properties":{"OBJECTID":2937,"ROAD_NAME":"No 99 Hwy","TRUCK_ROUTE":"Dangerous Goods Routes","STATUS":"Open","RD_CLASS":"Provincial Highway","MAJOR_ROAD_NETWORK":"No"}},{"type":"Feature","id":2951,"geometry":{"type":"LineString","coordinates":[[-122.797100899807,49.20239933117563],[-122.79721707626592,49.20257464770344],[-122.79737052457038,49.202752187028096],[-122.79759364066372,49.202966064703865],[-122.79786916643482,49.20316859689389],[-122.79817095270185,49.203352113018255],[-122.79849834012272,49.20351338877467],[-122.79884339485469,49.20368336556054],[-122.79913451608572,49.20382677255227],[-122.79942842362354,49.20397155049766],[-122.79976763442498,49.20415927839593],[-122.80007819155013,49.20433518018932],[-122.80034216801471,49.204520531275655],[-122.8006973669563,49.204737643274456],[-122.80105520854988,49.20491898939853],[-122.8016903803094,49.20522643777658]]},"properties":{"OBJECTID":2951,"ROAD_NAME":null,"TRUCK_ROUTE":"Truck Routes","STATUS":"Open","RD_CLASS":"Provincial Highway","MAJOR_ROAD_NETWORK":"No"}},{"type":"Feature","id":74460,"geometry":{"type":"LineString","coordinates":[[-122.72496773730323,49.186431208087086],[-122.72398758432996,49.18594755745526],[-122.72253667221534,49.18524824501168],[-122.7173752731496,49.182986211070116],[-122.71688111877744,49.18274265783349],[-122.71636900912101,49.18243030862621],[-122.71612878118943,49.18225784399515],[-122.71590956902413,49.18207855556727],[-122.71564635429891,49.18183324445662],[-122.71548779919351,49.1816610573647],[-122.71513165469587,49.1812171809168]]},"properties":{"OBJECTID":74460,"ROAD_NAME":"Golden Ears Connector","TRUCK_ROUTE":"Dangerous Goods Routes","STATUS":"Open","RD_CLASS":"Provincial Highway","MAJOR_ROAD_NETWORK":"No"}},{"type":"Feature","id":75756,"geometry":{"type":"LineString","coordinates":[[-122.77838484528164,49.190860305351556],[-122.77545472939794,49.190221593764164],[-122.77514732882513,49.19016208477832],[-122.77493978145698,49.19013347546235],[-122.77472957644915,49.1901203515507],[-122.7744703730061,49.1901271104445],[-122.77427691483913,49.190148152681274],[-122.7740841559334,49.19018337578589],[-122.77318660054507,49.19043495091563],[-122.77284480484772,49.190535191974114],[-122.77252510408928,49.1906546610664],[-122.77205744320057,49.190793817673494]]},"properties":{"OBJECTID":75756,"ROAD_NAME":null,"TRUCK_ROUTE":"Truck Routes","STATUS":"Open","RD_CLASS":"Provincial Highway","MAJOR_ROAD_NETWORK":"No"}},{"type":"Feature","id":75757,"geometry":{"type":"LineString","coordinates":[[-122.78082657179625,49.191737875751144],[-122.78063813000095,49.19177961325581],[-122.7801713405315,49.191905746331386],[-122.77963573683883,49.19201865601384],[-122.77925230440808,49.192057496036675],[-122.77885679485985,49.192056387068085],[-122.77853440928929,49.192038633211126],[-122.77788672797922,49.19198882507644]]},"properties":{"OBJECTID":75757,"ROAD_NAME":null,"TRUCK_ROUTE":"Truck Routes","STATUS":"Open","RD_CLASS":"Provincial Highway","MAJOR_ROAD_NETWORK":"No"}},{"type":"Feature","id":79919,"geometry":{"type":"LineString","coordinates":[[-122.77737440459909,49.19284217680733],[-122.7770346940013,49.19301727113529],[-122.7767955866316,49.19311480981805],[-122.7764271625206,49.19315836555156],[-122.77609406336074,49.19309917185092],[-122.77584197566898,49.19295302579711],[-122.77570339525076,49.19276140333359],[-122.77569788530465,49.192534338929136],[-122.77582075088768,49.19234608006943],[-122.77604364702329,49.19220085539226],[-122.7764274768531,49.19212163043399],[-122.77687112856465,49.19215592814526],[-122.77725926570383,49.19223747842815],[-122.78008304180265,49.192771987155275]]},"properties":{"OBJECTID":79919,"ROAD_NAME":null,"TRUCK_ROUTE":"Truck Routes","STATUS":"Open","RD_CLASS":"Provincial Highway","MAJOR_ROAD_NETWORK":"No"}},{"type":"Feature","id":1739,"geometry":{"type":"LineString","coordinates":[[-122.73470939245314,49.17999634148596],[-122.73548054990171,49.17986972187506],[-122.73597771075246,49.17978605964624],[-122.73622037548999,49.17975529732473],[-122.73647896982551,49.1797518516017],[-122.7366805148197,49.17976744656522],[-122.73688427024625,49.17980041798772]]},"properties":{"OBJECTID":1739,"ROAD_NAME":null,"TRUCK_ROUTE":"Dangerous Goods Routes","STATUS":"Open","RD_CLASS":"Provincial Highway","MAJOR_ROAD_NETWORK":"No"}},{"type":"Feature","id":1753,"geometry":{"type":"LineString","coordinates":[[-122.83333731762994,49.081880400763254],[-122.82625485570891,49.076723881406394],[-122.82350136408934,49.07471961330605],[-122.82280294294696,49.074210838301475]]},"properties":{"OBJECTID":1753,"ROAD_NAME":"No 99 Hwy","TRUCK_ROUTE":"Dangerous Goods Routes","STATUS":"Open","RD_CLASS":"Provincial Highway","MAJOR_ROAD_NETWORK":"No"}},{"type":"Feature","id":1848,"geometry":{"type":"LineString","coordinates":[[-122.73443435705833,49.18480747926115],[-122.73431850992372,49.18552899260405]]},"properties":{"OBJECTID":1848,"ROAD_NAME":"Hwy 17 (South Fraser Perimeter Rd)","TRUCK_ROUTE":"Truck Routes","STATUS":"Open","RD_CLASS":"Provincial Highway","MAJOR_ROAD_NETWORK":"No"}},{"type":"Feature","id":1900,"geometry":{"type":"LineString","coordinates":[[-122.73486499300148,49.11375274535194],[-122.73491728463048,49.11572547677756]]},"properties":{"OBJECTID":1900,"ROAD_NAME":"Highway 15","TRUCK_ROUTE":"Dangerous Goods Routes","STATUS":"Open","RD_CLASS":"Provincial Highway","MAJOR_ROAD_NETWORK":"No"}},{"type":"Feature","id":3095,"geometry":{"type":"LineString","coordinates":[[-122.82422890942819,49.072097978158936],[-122.82453521591825,49.0723638102684],[-122.82491369747962,49.072675642960036],[-122.82513123386003,49.07282798203483],[-122.82530854987753,49.07302165362724],[-122.82537271852256,49.07315218580184],[-122.82540423756157,49.07330065991393],[-122.82535502211034,49.07355246134377],[-122.82521653936303,49.07388059039833],[-122.8250056652091,49.0741186544375],[-122.82475974633174,49.074433856397974]]},"properties":{"OBJECTID":3095,"ROAD_NAME":null,"TRUCK_ROUTE":"Dangerous Goods Routes","STATUS":"Open","RD_CLASS":"Provincial Highway","MAJOR_ROAD_NETWORK":"No"}},{"type":"Feature","id":3185,"geometry":{"type":"LineString","coordinates":[[-122.8321763638121,49.105230260736896],[-122.83090678504757,49.10521486540413],[-122.83041557729098,49.105198787934576],[-122.82992450314497,49.1051443138966],[-122.82934009192971,49.105020584535175],[-122.8288140633501,49.104927654785115],[-122.82842836608035,49.104842611173304],[-122.82804267223017,49.10475756477627],[-122.82770365991225,49.104703305668714],[-122.82640179649476,49.104566379391514]]},"properties":{"OBJECTID":3185,"ROAD_NAME":"Highway 10 (56 Ave)","TRUCK_ROUTE":"Dangerous Goods Routes","STATUS":"Open","RD_CLASS":"Provincial Highway","MAJOR_ROAD_NETWORK":"No"}},{"type":"Feature","id":3225,"geometry":{"type":"LineString","coordinates":[[-122.74630808694216,49.01662084118492],[-122.73565961578302,49.016660185712496],[-122.73527449391071,49.01666135225033]]},"properties":{"OBJECTID":3225,"ROAD_NAME":"8 Ave","TRUCK_ROUTE":"Dangerous Goods Routes","STATUS":"Open","RD_CLASS":"Provincial Highway","MAJOR_ROAD_NETWORK":"No"}},{"type":"Feature","id":3240,"geometry":{"type":"LineString","coordinates":[[-122.77205744320054,49.19079381767766],[-122.77126995662482,49.191023449155225],[-122.77068393879038,49.19116508822044],[-122.77015780786738,49.19123401493456],[-122.76971616623727,49.191250271330134],[-122.76908232182623,49.19121140149659],[-122.76865099217933,49.19113637288346],[-122.76833363202014,49.1910554111179],[-122.76790859662378,49.19092833267084],[-122.76733169261425,49.19064169805459],[-122.76682588702592,49.190370887767656]]},"properties":{"OBJECTID":3240,"ROAD_NAME":null,"TRUCK_ROUTE":"Truck Routes","STATUS":"Open","RD_CLASS":"Provincial Highway","MAJOR_ROAD_NETWORK":"No"}},{"type":"Feature","id":3318,"geometry":{"type":"LineString","coordinates":[[-122.73485858647678,49.11050428563418],[-122.73486532363617,49.111477701367065]]},"properties":{"OBJECTID":3318,"ROAD_NAME":"Highway 15","TRUCK_ROUTE":"Dangerous Goods Routes","STATUS":"Open","RD_CLASS":"Provincial Highway","MAJOR_ROAD_NETWORK":"No"}},{"type":"Feature","id":10565,"geometry":{"type":"LineString","coordinates":[[-122.77838484528164,49.190860305351556],[-122.77562310265776,49.190126720242965]]},"properties":{"OBJECTID":10565,"ROAD_NAME":null,"TRUCK_ROUTE":"Truck Routes","STATUS":"Open","RD_CLASS":"Provincial Highway","MAJOR_ROAD_NETWORK":"No"}},{"type":"Feature","id":5943,"geometry":{"type":"LineString","coordinates":[[-122.82222513194118,49.07626704522165],[-122.82196514197808,49.07715757501783]]},"properties":{"OBJECTID":5943,"ROAD_NAME":"King George Blvd","TRUCK_ROUTE":"Dangerous Goods Routes","STATUS":"Open","RD_CLASS":"Provincial Highway","MAJOR_ROAD_NETWORK":"No"}},{"type":"Feature","id":6100,"geometry":{"type":"LineString","coordinates":[[-122.80615348258591,49.061611622043166],[-122.80590086736895,49.061377951996796],[-122.80586504066284,49.061277929273444],[-122.80587265634794,49.061182738596216],[-122.80593106703986,49.06106383410227],[-122.80600400194166,49.06093543093124]]},"properties":{"OBJECTID":6100,"ROAD_NAME":null,"TRUCK_ROUTE":"Truck Routes","STATUS":"Open","RD_CLASS":"Provincial Highway","MAJOR_ROAD_NETWORK":"No"}},{"type":"Feature","id":2126,"geometry":{"type":"LineString","coordinates":[[-122.7545616714077,49.016577444669686],[-122.74904295615693,49.0166070424673]]},"properties":{"OBJECTID":2126,"ROAD_NAME":"8 Ave","TRUCK_ROUTE":"Dangerous Goods Routes","STATUS":"Open","RD_CLASS":"Provincial Highway","MAJOR_ROAD_NETWORK":"No"}},{"type":"Feature","id":2135,"geometry":{"type":"LineString","coordinates":[[-122.78177829129729,49.191562238125606],[-122.78142792740755,49.191581507975684],[-122.78136944601788,49.191596714807524],[-122.78082657179625,49.19173787575118]]},"properties":{"OBJECTID":2135,"ROAD_NAME":"104 Ave","TRUCK_ROUTE":"Truck Routes","STATUS":"Open","RD_CLASS":"Provincial Highway","MAJOR_ROAD_NETWORK":"No"}},{"type":"Feature","id":2153,"geometry":{"type":"LineString","coordinates":[[-122.73530981490428,49.04930149239548],[-122.73534056513998,49.05392463842783]]},"properties":{"OBJECTID":2153,"ROAD_NAME":"Highway 15","TRUCK_ROUTE":"Dangerous Goods Routes","STATUS":"Open","RD_CLASS":"Provincial Highway","MAJOR_ROAD_NETWORK":"No"}},{"type":"Feature","id":3417,"geometry":{"type":"LineString","coordinates":[[-122.73475232336794,49.13334071684206],[-122.7347340100652,49.13561197075229],[-122.73472918858688,49.136284786823715],[-122.73474492893621,49.13813002502137]]},"properties":{"OBJECTID":3417,"ROAD_NAME":"Highway 15","TRUCK_ROUTE":"Dangerous Goods Routes","STATUS":"Open","RD_CLASS":"Provincial Highway","MAJOR_ROAD_NETWORK":"No"}},{"type":"Feature","id":11662,"geometry":{"type":"LineString","coordinates":[[-122.80102012521597,49.10444315048978],[-122.80102325546346,49.10588387543628]]},"properties":{"OBJECTID":11662,"ROAD_NAME":"152 St","TRUCK_ROUTE":"Truck Routes","STATUS":"Open","RD_CLASS":"Arterial","MAJOR_ROAD_NETWORK":"Yes"}},{"type":"Feature","id":32464,"geometry":{"type":"LineString","coordinates":[[-122.76564980619246,49.02734137760167],[-122.76618855902433,49.02839106555996],[-122.76693367318282,49.02927082448506],[-122.76760396739166,49.029900518850226],[-122.76811627003751,49.03037056075074],[-122.76831873105694,49.030633365463316],[-122.7683679014211,49.03078652970239],[-122.76838789857423,49.03095603524632],[-122.76841219219621,49.03109548296211]]},"properties":{"OBJECTID":32464,"ROAD_NAME":null,"TRUCK_ROUTE":"Truck Routes","STATUS":"Open","RD_CLASS":"Provincial Highway","MAJOR_ROAD_NETWORK":"No"}},{"type":"Feature","id":32465,"geometry":{"type":"LineString","coordinates":[[-122.77195108013652,49.03345912279335],[-122.77088129070523,49.03276511336339],[-122.76975967808671,49.03184984024637],[-122.76927862154123,49.03160288133823],[-122.76884280075303,49.03146261022908],[-122.7686063821232,49.03135007059747],[-122.76846567229502,49.03121585604143],[-122.76841219219621,49.03109548296211]]},"properties":{"OBJECTID":32465,"ROAD_NAME":null,"TRUCK_ROUTE":"Truck Routes","STATUS":"Open","RD_CLASS":"Provincial Highway","MAJOR_ROAD_NETWORK":"No"}},{"type":"Feature","id":7790,"geometry":{"type":"LineString","coordinates":[[-122.85099185198825,49.20266544099558],[-122.8506665966875,49.20244925399193]]},"properties":{"OBJECTID":7790,"ROAD_NAME":"King George Blvd","TRUCK_ROUTE":"Dangerous Goods Routes","STATUS":"Open","RD_CLASS":"Arterial","MAJOR_ROAD_NETWORK":"Yes"}},{"type":"Feature","id":32466,"geometry":{"type":"LineString","coordinates":[[-122.77195108013646,49.03345912279335],[-122.77142877039206,49.03273465144386],[-122.77074603100728,49.032047235777306],[-122.77043973107324,49.03176236238264],[-122.77033247106762,49.031584483648466],[-122.77025857327085,49.03138343807344],[-122.77024671956376,49.03124948214907],[-122.77024746213108,49.031088218170524]]},"properties":{"OBJECTID":32466,"ROAD_NAME":null,"TRUCK_ROUTE":"Truck Routes","STATUS":"Open","RD_CLASS":"Provincial Highway","MAJOR_ROAD_NETWORK":"No"}},{"type":"Feature","id":32467,"geometry":{"type":"LineString","coordinates":[[-122.77024746213108,49.031088218170524],[-122.77022322631753,49.030935104393855],[-122.77013235662324,49.03080919102826],[-122.76996259737476,49.0306639871661],[-122.76966796043075,49.03055680025294],[-122.76925069493505,49.03045073410372],[-122.76879849804176,49.0302584970955],[-122.7676893169415,49.02936411533015],[-122.76707846288471,49.02884303293358],[-122.76651957285328,49.028472640696116]]},"properties":{"OBJECTID":32467,"ROAD_NAME":null,"TRUCK_ROUTE":"Truck Routes","STATUS":"Open","RD_CLASS":"Provincial Highway","MAJOR_ROAD_NETWORK":"No"}},{"type":"Feature","id":10629,"geometry":{"type":"LineString","coordinates":[[-122.89042233798618,49.10825818904433],[-122.89043252056373,49.10962900287002]]},"properties":{"OBJECTID":10629,"ROAD_NAME":"120 St","TRUCK_ROUTE":"Truck Routes","STATUS":"Open","RD_CLASS":"Provincial Highway","MAJOR_ROAD_NETWORK":"No"}},{"type":"Feature","id":10655,"geometry":{"type":"LineString","coordinates":[[-122.73482597083512,49.12611744089363],[-122.73482444917354,49.12615061767847],[-122.73481681354951,49.12631712550571],[-122.73481072392303,49.12649691674609],[-122.73480646071769,49.126676731930004],[-122.7348023845238,49.12723699123158]]},"properties":{"OBJECTID":10655,"ROAD_NAME":"Highway 15","TRUCK_ROUTE":"Dangerous Goods Routes","STATUS":"Open","RD_CLASS":"Provincial Highway","MAJOR_ROAD_NETWORK":"No"}},{"type":"Feature","id":10749,"geometry":{"type":"LineString","coordinates":[[-122.87643146338696,49.108196234469],[-122.8734853215313,49.108188428412525]]},"properties":{"OBJECTID":10749,"ROAD_NAME":"Highway 10 (58 Ave)","TRUCK_ROUTE":"Dangerous Goods Routes","STATUS":"Open","RD_CLASS":"Provincial Highway","MAJOR_ROAD_NETWORK":"No"}},{"type":"Feature","id":6167,"geometry":{"type":"LineString","coordinates":[[-122.79763612687506,49.201044202336504],[-122.79688421563063,49.20031118252134],[-122.79594936928869,49.19945213175525],[-122.79474418340655,49.198418438268305],[-122.79301164563361,49.19706484099952],[-122.79062865436049,49.195791015075415]]},"properties":{"OBJECTID":6167,"ROAD_NAME":"No 1 Hwy","TRUCK_ROUTE":"Dangerous Goods Routes","STATUS":"Open","RD_CLASS":"Provincial Highway","MAJOR_ROAD_NETWORK":"No"}},{"type":"Feature","id":2232,"geometry":{"type":"LineString","coordinates":[[-122.82525094685269,49.07358324867693],[-122.82517220217044,49.073724029341214],[-122.82507031845066,49.07385144651414],[-122.8249337229521,49.07395977042551],[-122.82480010539504,49.074045250061516],[-122.82463749878605,49.07413258955601],[-122.82446914217826,49.074206591708005],[-122.82429504911188,49.07426344840815],[-122.82408912250932,49.074306927966816],[-122.82383689837944,49.07432939192955],[-122.82358770707054,49.07431377892459],[-122.82330972976554,49.07424290379453],[-122.82309269640398,49.07414927278364],[-122.82285807396774,49.07407032227349]]},"properties":{"OBJECTID":2232,"ROAD_NAME":null,"TRUCK_ROUTE":"Dangerous Goods Routes","STATUS":"Open","RD_CLASS":"Provincial Highway","MAJOR_ROAD_NETWORK":"No"}},{"type":"Feature","id":69948,"geometry":{"type":"LineString","coordinates":[[-122.73733692709001,49.18221478758817],[-122.73484305792003,49.181554991594226]]},"properties":{"OBJECTID":69948,"ROAD_NAME":"No 1 Hwy","TRUCK_ROUTE":"Dangerous Goods Routes","STATUS":"Open","RD_CLASS":"Provincial Highway","MAJOR_ROAD_NETWORK":"No"}},{"type":"Feature","id":69949,"geometry":{"type":"LineString","coordinates":[[-122.73187000941293,49.18076980592311],[-122.72951276819477,49.18014292678312]]},"properties":{"OBJECTID":69949,"ROAD_NAME":"No 1 Hwy","TRUCK_ROUTE":"Dangerous Goods Routes","STATUS":"Open","RD_CLASS":"Provincial Highway","MAJOR_ROAD_NETWORK":"No"}},{"type":"Feature","id":10843,"geometry":{"type":"LineString","coordinates":[[-122.75665320670859,49.10428453422313],[-122.75608354576555,49.10428023916969],[-122.7536185625427,49.104261338529476],[-122.75170136364798,49.10424659602395],[-122.75060583162036,49.104238152664415],[-122.74978418210631,49.1042317899281],[-122.74923648587549,49.10422470263799],[-122.74896270394717,49.10421936019171],[-122.74868898161363,49.10421283191946],[-122.74841528376402,49.10420586789578],[-122.7481415859852,49.1041989032165],[-122.74786788827713,49.10419193788151],[-122.74759419063996,49.10418497189098],[-122.74732049307367,49.1041780052448],[-122.74704679785417,49.10417103978114],[-122.74677310399328,49.104164074702574],[-122.74649941021426,49.104157108977944],[-122.74622571651707,49.10415014260733],[-122.7460918093726,49.10414673401066]]},"properties":{"OBJECTID":10843,"ROAD_NAME":"Highway 10 (56 Ave)","TRUCK_ROUTE":"Dangerous Goods Routes","STATUS":"Open","RD_CLASS":"Provincial Highway","MAJOR_ROAD_NETWORK":"No"}},{"type":"Feature","id":11232,"geometry":{"type":"LineString","coordinates":[[-122.77778426512107,49.19218831657561],[-122.77755195026744,49.19252768645067],[-122.77734882827647,49.19288748034558],[-122.77727046722364,49.19337116414194]]},"properties":{"OBJECTID":11232,"ROAD_NAME":"160 St","TRUCK_ROUTE":"Truck Routes","STATUS":"Open","RD_CLASS":"Provincial Highway","MAJOR_ROAD_NETWORK":"No"}},{"type":"Feature","id":383,"geometry":{"type":"LineString","coordinates":[[-122.797977431006,49.20123091640524],[-122.79788366076743,49.201440568322475],[-122.79778743873698,49.201647983779274],[-122.79772545189161,49.20181304950175],[-122.79766699842949,49.201946872192856],[-122.79763569501122,49.20210529535146]]},"properties":{"OBJECTID":383,"ROAD_NAME":null,"TRUCK_ROUTE":"Truck Routes","STATUS":"Open","RD_CLASS":"Provincial Highway","MAJOR_ROAD_NETWORK":"No"}},{"type":"Feature","id":7488,"geometry":{"type":"LineString","coordinates":[[-122.80392800863592,49.19854525912477],[-122.80381221513687,49.19849285209952],[-122.80118201798378,49.19723063496241]]},"properties":{"OBJECTID":7488,"ROAD_NAME":"Ferguson Div","TRUCK_ROUTE":"Truck Routes with Restrictions","STATUS":"Open","RD_CLASS":"Arterial","MAJOR_ROAD_NETWORK":"Yes"}},{"type":"Feature","id":127020,"geometry":{"type":"LineString","coordinates":[[-122.73484305791229,49.18155499159156],[-122.7348128215136,49.18189105091202],[-122.73469228952831,49.18303495660945],[-122.73443435769975,49.184807479228546]]},"properties":{"OBJECTID":127020,"ROAD_NAME":"Highway 15","TRUCK_ROUTE":"Dangerous Goods Routes","STATUS":"Open","RD_CLASS":"Provincial Highway","MAJOR_ROAD_NETWORK":"No"}},{"type":"Feature","id":69950,"geometry":{"type":"LineString","coordinates":[[-122.72951276820079,49.180142926787255],[-122.728227502489,49.179804573826345],[-122.72589200287145,49.1791896928395],[-122.72364492313312,49.178601053465975]]},"properties":{"OBJECTID":69950,"ROAD_NAME":"No 1 Hwy","TRUCK_ROUTE":"Dangerous Goods Routes","STATUS":"Open","RD_CLASS":"Provincial Highway","MAJOR_ROAD_NETWORK":"No"}},{"type":"Feature","id":69951,"geometry":{"type":"LineString","coordinates":[[-122.71270035791505,49.17570709803494],[-122.71109658161585,49.17528499495336],[-122.70993358788326,49.17497466837128]]},"properties":{"OBJECTID":69951,"ROAD_NAME":"No 1 Hwy","TRUCK_ROUTE":"Dangerous Goods Routes","STATUS":"Open","RD_CLASS":"Provincial Highway","MAJOR_ROAD_NETWORK":"No"}},{"type":"Feature","id":73504,"geometry":{"type":"LineString","coordinates":[[-122.73474492893621,49.13813002502137],[-122.73377051595173,49.13770995520418]]},"properties":{"OBJECTID":73504,"ROAD_NAME":"Fraser Hwy","TRUCK_ROUTE":"Dangerous Goods Routes","STATUS":"Open","RD_CLASS":"Provincial Highway","MAJOR_ROAD_NETWORK":"No"}},{"type":"Feature","id":137900,"geometry":{"type":"LineString","coordinates":[[-122.73480238452622,49.12723699123115],[-122.73478218433559,49.12970013229068]]},"properties":{"OBJECTID":137900,"ROAD_NAME":"Highway 15","TRUCK_ROUTE":"Dangerous Goods Routes","STATUS":"Open","RD_CLASS":"Provincial Highway","MAJOR_ROAD_NETWORK":"No"}},{"type":"Feature","id":143660,"geometry":{"type":"LineString","coordinates":[[-122.73342817789182,49.19094231298326],[-122.73310911000951,49.19081244729094],[-122.73254063256918,49.19053290733286],[-122.73199988351578,49.190251007443656],[-122.73037292921131,49.18936529242364]]},"properties":{"OBJECTID":143660,"ROAD_NAME":"Golden Ears Connector","TRUCK_ROUTE":"Dangerous Goods Routes","STATUS":"Open","RD_CLASS":"Provincial Highway","MAJOR_ROAD_NETWORK":"No"}},{"type":"Feature","id":143661,"geometry":{"type":"LineString","coordinates":[[-122.73037292917611,49.18936529242357],[-122.73018615340295,49.1892585746312],[-122.72762571300382,49.18784503073001],[-122.72638029591961,49.18715627341523],[-122.7254744395704,49.18666126144021],[-122.72517377840737,49.186533215229794],[-122.7249677373032,49.18643120809165]]},"properties":{"OBJECTID":143661,"ROAD_NAME":"Golden Ears Connector","TRUCK_ROUTE":"Dangerous Goods Routes","STATUS":"Open","RD_CLASS":"Provincial Highway","MAJOR_ROAD_NETWORK":"No"}},{"type":"Feature","id":143662,"geometry":{"type":"LineString","coordinates":[[-122.7151316546891,49.1812171809162],[-122.7147779654348,49.180755770725],[-122.71440066702999,49.18025812108541],[-122.71409335070712,49.179901580517715],[-122.7133246231852,49.179060920829826]]},"properties":{"OBJECTID":143662,"ROAD_NAME":"Golden Ears Connector","TRUCK_ROUTE":"Dangerous Goods Routes","STATUS":"Open","RD_CLASS":"Provincial Highway","MAJOR_ROAD_NETWORK":"No"}},{"type":"Feature","id":600,"geometry":{"type":"LineString","coordinates":[[-122.86790649906939,49.14102548987634],[-122.86792483230137,49.14232896224552]]},"properties":{"OBJECTID":600,"ROAD_NAME":"128 St","TRUCK_ROUTE":"Truck Routes","STATUS":"Open","RD_CLASS":"Arterial","MAJOR_ROAD_NETWORK":"Yes"}},{"type":"Feature","id":1845,"geometry":{"type":"LineString","coordinates":[[-122.86792483230137,49.14232896224552],[-122.86792923424795,49.14366299446006],[-122.86794188660203,49.14473005604538]]},"properties":{"OBJECTID":1845,"ROAD_NAME":"128 St","TRUCK_ROUTE":"Truck Routes","STATUS":"Open","RD_CLASS":"Arterial","MAJOR_ROAD_NETWORK":"Yes"}},{"type":"Feature","id":9683,"geometry":{"type":"LineString","coordinates":[[-122.85604863218691,49.20393817732015],[-122.85581094162816,49.20409433228806],[-122.85547395058785,49.20429794292622],[-122.85494539879006,49.20465831303438],[-122.85446009957774,49.204987741321666]]},"properties":{"OBJECTID":9683,"ROAD_NAME":"132 St Div","TRUCK_ROUTE":"Truck Routes with Restrictions","STATUS":"Open","RD_CLASS":"Arterial","MAJOR_ROAD_NETWORK":null}},{"type":"Feature","id":147500,"geometry":{"type":"LineString","coordinates":[[-122.82907925433989,49.103093520300156],[-122.82940483242317,49.10325309608217],[-122.82975216889285,49.103444760063475],[-122.83010057727823,49.10363221244862],[-122.8304387944527,49.10384096438737],[-122.83071363107541,49.10403415205642],[-122.83089054498659,49.104181097074665],[-122.83130149060663,49.10452200348518]]},"properties":{"OBJECTID":147500,"ROAD_NAME":"King George Blvd","TRUCK_ROUTE":"Dangerous Goods Routes","STATUS":"Open","RD_CLASS":"Provincial Highway","MAJOR_ROAD_NETWORK":"No"}},{"type":"Feature","id":165132,"geometry":{"type":"LineString","coordinates":[[-122.73575506524618,49.13857181420978],[-122.73474492893621,49.13813002502137]]},"properties":{"OBJECTID":165132,"ROAD_NAME":"Fraser Hwy","TRUCK_ROUTE":"Dangerous Goods Routes","STATUS":"Open","RD_CLASS":"Provincial Highway","MAJOR_ROAD_NETWORK":"No"}},{"type":"Feature","id":172812,"geometry":{"type":"LineString","coordinates":[[-122.77846650068952,49.19035068474281],[-122.77844822903921,49.190476521624895],[-122.77838484527985,49.19086030535119]]},"properties":{"OBJECTID":172812,"ROAD_NAME":"160 St","TRUCK_ROUTE":"Truck Routes","STATUS":"Open","RD_CLASS":"Provincial Highway","MAJOR_ROAD_NETWORK":"No"}},{"type":"Feature","id":174093,"geometry":{"type":"LineString","coordinates":[[-122.7347760813749,49.191263871557624],[-122.73440772371676,49.19120846518292],[-122.73387075591516,49.19107320660991],[-122.73342817789182,49.19094231298326]]},"properties":{"OBJECTID":174093,"ROAD_NAME":"Golden Ears Connector","TRUCK_ROUTE":"Dangerous Goods Routes","STATUS":"Open","RD_CLASS":"Provincial Highway","MAJOR_ROAD_NETWORK":"No"}},{"type":"Feature","id":7182,"geometry":{"type":"LineString","coordinates":[[-122.85317806747076,49.204129126834445],[-122.85099185198825,49.20266544099558]]},"properties":{"OBJECTID":7182,"ROAD_NAME":"King George Blvd","TRUCK_ROUTE":"Dangerous Goods Routes","STATUS":"Open","RD_CLASS":"Arterial","MAJOR_ROAD_NETWORK":"Yes"}},{"type":"Feature","id":4998,"geometry":{"type":"LineString","coordinates":[[-122.83609783643669,49.105905811722565],[-122.83581860920934,49.10581869633927],[-122.83556049177389,49.10569002157954],[-122.8351463661802,49.105533777522204],[-122.83494204639675,49.1054685483799],[-122.83468875829134,49.10540198804134],[-122.83445366539813,49.10535058436298],[-122.83418686993224,49.10530354807601],[-122.83393003549642,49.10527089610291],[-122.83365891365952,49.10524794019427],[-122.83341984878939,49.10523624808325],[-122.8331740404777,49.10523085042152],[-122.83264110475658,49.10522818986387],[-122.8321763638121,49.105230260736896]]},"properties":{"OBJECTID":4998,"ROAD_NAME":"Highway 10 (56 Ave)","TRUCK_ROUTE":"Dangerous Goods Routes","STATUS":"Open","RD_CLASS":"Provincial Highway","MAJOR_ROAD_NETWORK":"No"}},{"type":"Feature","id":5017,"geometry":{"type":"LineString","coordinates":[[-122.70163427964829,49.10414735171902],[-122.69112614837715,49.10449484078122]]},"properties":{"OBJECTID":5017,"ROAD_NAME":"Highway 10 (56 Ave)","TRUCK_ROUTE":"Dangerous Goods Routes","STATUS":"Open","RD_CLASS":"Provincial Highway","MAJOR_ROAD_NETWORK":"No"}},{"type":"Feature","id":1481,"geometry":{"type":"LineString","coordinates":[[-122.82568629182211,49.198801066705805],[-122.82302371004454,49.19878565780248]]},"properties":{"OBJECTID":1481,"ROAD_NAME":"108 Ave","TRUCK_ROUTE":"Truck Routes with Restrictions","STATUS":"Open","RD_CLASS":"Arterial","MAJOR_ROAD_NETWORK":"Yes"}},{"type":"Feature","id":4348,"geometry":{"type":"LineString","coordinates":[[-122.84571952654125,49.15210110784488],[-122.84573057643844,49.15546232849139]]},"properties":{"OBJECTID":4348,"ROAD_NAME":"King George Blvd","TRUCK_ROUTE":"Dangerous Goods Routes","STATUS":"Open","RD_CLASS":"Arterial","MAJOR_ROAD_NETWORK":"Yes"}},{"type":"Feature","id":10301,"geometry":{"type":"LineString","coordinates":[[-122.77887050338217,49.17690561253298],[-122.778874107393,49.17705300077709],[-122.7787879529577,49.17895643125486]]},"properties":{"OBJECTID":10301,"ROAD_NAME":"160 St","TRUCK_ROUTE":"Truck Routes","STATUS":"Open","RD_CLASS":"Arterial","MAJOR_ROAD_NETWORK":"Yes"}},{"type":"Feature","id":10354,"geometry":{"type":"LineString","coordinates":[[-122.77598945634928,49.162761515606284],[-122.77321413771548,49.16277475378528]]},"properties":{"OBJECTID":10354,"ROAD_NAME":"88 Ave","TRUCK_ROUTE":"Truck Routes","STATUS":"Open","RD_CLASS":"Arterial","MAJOR_ROAD_NETWORK":"Yes"}},{"type":"Feature","id":10646,"geometry":{"type":"LineString","coordinates":[[-122.84929417554861,49.162720764783835],[-122.84578834634385,49.16275902787924]]},"properties":{"OBJECTID":10646,"ROAD_NAME":"88 Ave","TRUCK_ROUTE":"Truck Routes","STATUS":"Open","RD_CLASS":"Arterial","MAJOR_ROAD_NETWORK":"Yes"}},{"type":"Feature","id":816,"geometry":{"type":"LineString","coordinates":[[-122.85690056014168,49.16450573141951],[-122.85689606649017,49.16539374881899]]},"properties":{"OBJECTID":816,"ROAD_NAME":"132 St","TRUCK_ROUTE":"Truck Routes with Restrictions","STATUS":"Open","RD_CLASS":"Arterial","MAJOR_ROAD_NETWORK":null}},{"type":"Feature","id":829,"geometry":{"type":"LineString","coordinates":[[-122.87923232530632,49.17717184560218],[-122.87642982002754,49.17717215141182]]},"properties":{"OBJECTID":829,"ROAD_NAME":"96 Ave","TRUCK_ROUTE":"Truck Routes","STATUS":"Open","RD_CLASS":"Arterial","MAJOR_ROAD_NETWORK":"Yes"}},{"type":"Feature","id":2850,"geometry":{"type":"LineString","coordinates":[[-122.85683062819909,49.15079916238412],[-122.85684263800194,49.15247808314261]]},"properties":{"OBJECTID":2850,"ROAD_NAME":"132 St","TRUCK_ROUTE":"Truck Routes","STATUS":"Open","RD_CLASS":"Arterial","MAJOR_ROAD_NETWORK":null}},{"type":"Feature","id":1547,"geometry":{"type":"LineString","coordinates":[[-122.77926051098663,49.01658081445005],[-122.76960896340604,49.01656941802193]]},"properties":{"OBJECTID":1547,"ROAD_NAME":"8 Ave","TRUCK_ROUTE":"Truck Routes","STATUS":"Open","RD_CLASS":"Collector","MAJOR_ROAD_NETWORK":null}},{"type":"Feature","id":1549,"geometry":{"type":"LineString","coordinates":[[-122.88188127881475,49.177165639353376],[-122.88050535325611,49.177168870960784]]},"properties":{"OBJECTID":1549,"ROAD_NAME":"96 Ave","TRUCK_ROUTE":"Truck Routes","STATUS":"Open","RD_CLASS":"Arterial","MAJOR_ROAD_NETWORK":"Yes"}},{"type":"Feature","id":1659,"geometry":{"type":"LineString","coordinates":[[-122.80090616159237,49.18612768443513],[-122.8008932138011,49.18873593257688]]},"properties":{"OBJECTID":1659,"ROAD_NAME":"152 St","TRUCK_ROUTE":"Truck Routes","STATUS":"Open","RD_CLASS":"Arterial","MAJOR_ROAD_NETWORK":"Yes"}},{"type":"Feature","id":1195,"geometry":{"type":"LineString","coordinates":[[-122.84140747935473,49.180743422382804],[-122.84109096113717,49.180771816570406],[-122.84096456918749,49.180776857810244],[-122.84083804724688,49.18077964990122],[-122.84071139591248,49.18078001293877],[-122.84058475212733,49.180778037068144],[-122.84045839033935,49.18077372267419],[-122.84033217364166,49.18076697961451],[-122.84020623868538,49.180757987988414],[-122.84008086049984,49.18074656827715],[-122.83995590130476,49.1807329001967],[-122.83983163612983,49.18071680422946]]},"properties":{"OBJECTID":1195,"ROAD_NAME":"Fraser Hwy","TRUCK_ROUTE":"Dangerous Goods Routes","STATUS":"Open","RD_CLASS":"Arterial","MAJOR_ROAD_NETWORK":"Yes"}},{"type":"Feature","id":5872,"geometry":{"type":"LineString","coordinates":[[-122.81742554445647,49.19875440950927],[-122.81249428782117,49.19872930797962]]},"properties":{"OBJECTID":5872,"ROAD_NAME":"108 Ave","TRUCK_ROUTE":"Truck Routes with Restrictions","STATUS":"Open","RD_CLASS":"Arterial","MAJOR_ROAD_NETWORK":"Yes"}},{"type":"Feature","id":228172,"geometry":{"type":"LineString","coordinates":[[-122.7787879529577,49.17895643125486],[-122.77871298093766,49.180612682236976]]},"properties":{"OBJECTID":228172,"ROAD_NAME":"160 St","TRUCK_ROUTE":"Truck Routes","STATUS":"Open","RD_CLASS":"Arterial","MAJOR_ROAD_NETWORK":"Yes"}},{"type":"Feature","id":1669,"geometry":{"type":"LineString","coordinates":[[-122.86200598929958,49.03127907044769],[-122.8592376757767,49.03127054934263]]},"properties":{"OBJECTID":1669,"ROAD_NAME":"16 Ave","TRUCK_ROUTE":"Truck Routes","STATUS":"Open","RD_CLASS":"Arterial","MAJOR_ROAD_NETWORK":null}},{"type":"Feature","id":2183,"geometry":{"type":"LineString","coordinates":[[-122.83024522115427,49.13367135532988],[-122.82889638325537,49.13368349798644]]},"properties":{"OBJECTID":2183,"ROAD_NAME":"72 Ave","TRUCK_ROUTE":"Truck Routes","STATUS":"Open","RD_CLASS":"Arterial","MAJOR_ROAD_NETWORK":"Yes"}},{"type":"Feature","id":23,"geometry":{"type":"LineString","coordinates":[[-122.80118874510084,49.06251110456716],[-122.80118678359882,49.06374021781026]]},"properties":{"OBJECTID":23,"ROAD_NAME":"152 St","TRUCK_ROUTE":"Truck Routes","STATUS":"Open","RD_CLASS":"Arterial","MAJOR_ROAD_NETWORK":"Yes"}},{"type":"Feature","id":2255,"geometry":{"type":"LineString","coordinates":[[-122.80120703581443,49.17186698777401],[-122.80114917008592,49.17346707216515]]},"properties":{"OBJECTID":2255,"ROAD_NAME":"152 St","TRUCK_ROUTE":"Truck Routes","STATUS":"Open","RD_CLASS":"Arterial","MAJOR_ROAD_NETWORK":"Yes"}},{"type":"Feature","id":2346,"geometry":{"type":"LineString","coordinates":[[-122.80148684270002,49.162850362372424],[-122.7997066345506,49.16284274864078]]},"properties":{"OBJECTID":2346,"ROAD_NAME":"88 Ave","TRUCK_ROUTE":"Truck Routes","STATUS":"Open","RD_CLASS":"Arterial","MAJOR_ROAD_NETWORK":"Yes"}},{"type":"Feature","id":500,"geometry":{"type":"LineString","coordinates":[[-122.82174343822483,49.07786722852491],[-122.82159602463089,49.07832616238647],[-122.82130400351134,49.0793385177494],[-122.82071361451246,49.08130115449185],[-122.820512068658,49.081959304154005]]},"properties":{"OBJECTID":500,"ROAD_NAME":"King George Blvd","TRUCK_ROUTE":"Dangerous Goods Routes","STATUS":"Open","RD_CLASS":"Arterial","MAJOR_ROAD_NETWORK":"Yes"}},{"type":"Feature","id":53,"geometry":{"type":"LineString","coordinates":[[-122.80118166727364,49.03294131646995],[-122.80118654294564,49.033845467060026]]},"properties":{"OBJECTID":53,"ROAD_NAME":"152 St","TRUCK_ROUTE":"Truck Routes","STATUS":"Open","RD_CLASS":"Arterial","MAJOR_ROAD_NETWORK":"Yes"}},{"type":"Feature","id":67,"geometry":{"type":"LineString","coordinates":[[-122.79121289419855,49.19158256013936],[-122.78974981418342,49.19159870452361]]},"properties":{"OBJECTID":67,"ROAD_NAME":"104 Ave","TRUCK_ROUTE":"Truck Routes","STATUS":"Open","RD_CLASS":"Arterial","MAJOR_ROAD_NETWORK":"Yes"}},{"type":"Feature","id":83,"geometry":{"type":"LineString","coordinates":[[-122.77886522396666,49.16826840647286],[-122.77886596436846,49.17006870838417]]},"properties":{"OBJECTID":83,"ROAD_NAME":"160 St","TRUCK_ROUTE":"Truck Routes","STATUS":"Open","RD_CLASS":"Arterial","MAJOR_ROAD_NETWORK":"Yes"}},{"type":"Feature","id":1424,"geometry":{"type":"LineString","coordinates":[[-122.85656285944782,49.18342893258938],[-122.85652160048272,49.184402718306174]]},"properties":{"OBJECTID":1424,"ROAD_NAME":"132 St","TRUCK_ROUTE":"Truck Routes with Restrictions","STATUS":"Open","RD_CLASS":"Arterial","MAJOR_ROAD_NETWORK":null}},{"type":"Feature","id":8074,"geometry":{"type":"LineString","coordinates":[[-122.68603492941891,49.06012503979272],[-122.68249356472882,49.06012908589233]]},"properties":{"OBJECTID":8074,"ROAD_NAME":"32 Ave","TRUCK_ROUTE":"Truck Routes","STATUS":"Open","RD_CLASS":"Arterial","MAJOR_ROAD_NETWORK":"Yes"}},{"type":"Feature","id":1056,"geometry":{"type":"LineString","coordinates":[[-122.78370695949882,49.19370261434879],[-122.7829143323803,49.193508333759574],[-122.77856982309352,49.192378400051716],[-122.7775025046848,49.192120136623494]]},"properties":{"OBJECTID":1056,"ROAD_NAME":"No 1 Hwy","TRUCK_ROUTE":"Dangerous Goods Routes","STATUS":"Open","RD_CLASS":"Provincial Highway","MAJOR_ROAD_NETWORK":"No"}},{"type":"Feature","id":1057,"geometry":{"type":"LineString","coordinates":[[-122.76233418649113,49.01657751906783],[-122.76231055806804,49.018121603439496],[-122.76219400316467,49.018614693479456],[-122.76202836299996,49.01916120668277],[-122.76192885627327,49.01952020327024],[-122.7619597706541,49.01986345618744],[-122.76210520096645,49.0201425370481],[-122.76223491858006,49.020303650587785]]},"properties":{"OBJECTID":1057,"ROAD_NAME":"King George Blvd","TRUCK_ROUTE":"Dangerous Goods Routes","STATUS":"Open","RD_CLASS":"Provincial Highway","MAJOR_ROAD_NETWORK":"No"}},{"type":"Feature","id":1419,"geometry":{"type":"LineString","coordinates":[[-122.78207402870571,49.1769027796976],[-122.78172250761428,49.17690310485803],[-122.78028280766712,49.17690442038646]]},"properties":{"OBJECTID":1419,"ROAD_NAME":"96 Ave","TRUCK_ROUTE":"Truck Routes","STATUS":"Open","RD_CLASS":"Arterial","MAJOR_ROAD_NETWORK":"Yes"}},{"type":"Feature","id":2627,"geometry":{"type":"LineString","coordinates":[[-122.77767466605472,49.162753180682365],[-122.77598945634928,49.162761515606284]]},"properties":{"OBJECTID":2627,"ROAD_NAME":"88 Ave","TRUCK_ROUTE":"Truck Routes","STATUS":"Open","RD_CLASS":"Arterial","MAJOR_ROAD_NETWORK":"Yes"}},{"type":"Feature","id":10044,"geometry":{"type":"LineString","coordinates":[[-122.73559617906692,49.07458178448241],[-122.73539787464443,49.080899918005386],[-122.73529984083856,49.08567760469309],[-122.73515408391246,49.08905149879185],[-122.73512477704872,49.089554945520014]]},"properties":{"OBJECTID":10044,"ROAD_NAME":"Highway 15","TRUCK_ROUTE":"Dangerous Goods Routes","STATUS":"Open","RD_CLASS":"Provincial Highway","MAJOR_ROAD_NETWORK":"No"}},{"type":"Feature","id":4209,"geometry":{"type":"LineString","coordinates":[[-122.73527449391071,49.01666135225033],[-122.73526276050549,49.02032154871454],[-122.73525322698995,49.024017703944]]},"properties":{"OBJECTID":4209,"ROAD_NAME":"Highway 15","TRUCK_ROUTE":"Dangerous Goods Routes","STATUS":"Open","RD_CLASS":"Provincial Highway","MAJOR_ROAD_NETWORK":"No"}},{"type":"Feature","id":4250,"geometry":{"type":"LineString","coordinates":[[-122.73534056513998,49.05392463842783],[-122.73538281534495,49.06014966310345]]},"properties":{"OBJECTID":4250,"ROAD_NAME":"Highway 15","TRUCK_ROUTE":"Dangerous Goods Routes","STATUS":"Open","RD_CLASS":"Provincial Highway","MAJOR_ROAD_NETWORK":"No"}},{"type":"Feature","id":1433,"geometry":{"type":"LineString","coordinates":[[-122.87833729629162,49.20286745048617],[-122.87812714674686,49.203104842099364],[-122.87789491769479,49.20331499153883],[-122.87776929732931,49.20343321190269],[-122.87765268655292,49.20355332713725],[-122.8775497708278,49.20367468305572],[-122.87748546423148,49.20382452134802]]},"properties":{"OBJECTID":1433,"ROAD_NAME":"Scott Rd","TRUCK_ROUTE":"Truck Routes","STATUS":"Open","RD_CLASS":"Arterial","MAJOR_ROAD_NETWORK":"Yes"}},{"type":"Feature","id":1438,"geometry":{"type":"LineString","coordinates":[[-122.8010206186553,49.123519442876606],[-122.80103805671125,49.126357575585445]]},"properties":{"OBJECTID":1438,"ROAD_NAME":"152 St","TRUCK_ROUTE":"Truck Routes","STATUS":"Open","RD_CLASS":"Arterial","MAJOR_ROAD_NETWORK":"Yes"}},{"type":"Feature","id":800,"geometry":{"type":"LineString","coordinates":[[-122.77919359991783,49.03105988997621],[-122.77781855552247,49.03106417127282]]},"properties":{"OBJECTID":800,"ROAD_NAME":"16 Ave","TRUCK_ROUTE":"Truck Routes","STATUS":"Open","RD_CLASS":"Arterial","MAJOR_ROAD_NETWORK":"Yes"}},{"type":"Feature","id":4314,"geometry":{"type":"LineString","coordinates":[[-122.81078357548385,49.213971708901894],[-122.8105135576724,49.213309320125596],[-122.81031634694808,49.21298602116448],[-122.81009971946867,49.21263461394653],[-122.80982857996119,49.21228906658726],[-122.8095029523329,49.211943428720176],[-122.80918623940983,49.21164242981165],[-122.80885128629582,49.21136222491552],[-122.8085252924065,49.21111475901415]]},"properties":{"OBJECTID":4314,"ROAD_NAME":"No 1 Hwy","TRUCK_ROUTE":"Dangerous Goods Routes","STATUS":"Open","RD_CLASS":"Provincial Highway","MAJOR_ROAD_NETWORK":"No"}},{"type":"Feature","id":4381,"geometry":{"type":"LineString","coordinates":[[-122.83130149060663,49.10452200348518],[-122.8321763638121,49.105230260736896]]},"properties":{"OBJECTID":4381,"ROAD_NAME":"King George Blvd","TRUCK_ROUTE":"Dangerous Goods Routes","STATUS":"Open","RD_CLASS":"Provincial Highway","MAJOR_ROAD_NETWORK":"No"}},{"type":"Feature","id":4394,"geometry":{"type":"LineString","coordinates":[[-122.73027844106004,49.104166342063905],[-122.7269393004685,49.104164143293005],[-122.72382838284011,49.104162040129886]]},"properties":{"OBJECTID":4394,"ROAD_NAME":"Highway 10 (56 Ave)","TRUCK_ROUTE":"Dangerous Goods Routes","STATUS":"Open","RD_CLASS":"Provincial Highway","MAJOR_ROAD_NETWORK":"No"}},{"type":"Feature","id":4596,"geometry":{"type":"LineString","coordinates":[[-122.91134086962786,49.178893087700594],[-122.91063026330937,49.17953951419725],[-122.90996582772435,49.180175653700026],[-122.90973668399535,49.180408240857396]]},"properties":{"OBJECTID":4596,"ROAD_NAME":"Hwy 17 (South Fraser Perimeter Rd)","TRUCK_ROUTE":"Dangerous Goods Routes","STATUS":"Open","RD_CLASS":"Provincial Highway","MAJOR_ROAD_NETWORK":"No"}},{"type":"Feature","id":4597,"geometry":{"type":"LineString","coordinates":[[-122.73494871866897,49.12117054276185],[-122.73494570397189,49.12153107358417]]},"properties":{"OBJECTID":4597,"ROAD_NAME":"Highway 15","TRUCK_ROUTE":"Dangerous Goods Routes","STATUS":"Open","RD_CLASS":"Provincial Highway","MAJOR_ROAD_NETWORK":"No"}},{"type":"Feature","id":882,"geometry":{"type":"LineString","coordinates":[[-122.89037464342664,49.11933780030267],[-122.89037017424678,49.123017543989754]]},"properties":{"OBJECTID":882,"ROAD_NAME":"120 St","TRUCK_ROUTE":"Truck Routes","STATUS":"Open","RD_CLASS":"Arterial","MAJOR_ROAD_NETWORK":"Yes"}},{"type":"Feature","id":4700,"geometry":{"type":"LineString","coordinates":[[-122.76777461238929,49.104424327501484],[-122.76734743227372,49.10441281600423],[-122.76703715060118,49.104404413130936],[-122.76676348314625,49.10439700113777],[-122.76648981649956,49.10438958899741],[-122.76621615029799,49.10438217648181],[-122.76594248418105,49.10437476331756],[-122.76566881816507,49.10436734950475],[-122.7653951390137,49.104360151884094],[-122.7651213980792,49.10435405666103],[-122.76484760136233,49.104349159127175],[-122.76457376102219,49.10434545951178],[-122.76347824956962,49.10433670295102],[-122.76265661136988,49.10433045432659],[-122.7618349733625,49.10432419984336],[-122.76101333721172,49.10431793905008],[-122.76019171324347,49.10431166883356],[-122.75964396406987,49.1043074854255],[-122.7590962149637,49.104303299395845],[-122.7585484659755,49.10429911075617],[-122.75800070953991,49.10429492092168],[-122.75745294834036,49.10429072939843],[-122.7569051872247,49.104286535264706],[-122.75665320680207,49.10428460499946]]},"properties":{"OBJECTID":4700,"ROAD_NAME":"Highway 10 (56 Ave)","TRUCK_ROUTE":"Dangerous Goods Routes","STATUS":"Open","RD_CLASS":"Provincial Highway","MAJOR_ROAD_NETWORK":"No"}},{"type":"Feature","id":4651,"geometry":{"type":"LineString","coordinates":[[-122.7063513154474,49.18063078232746],[-122.70194925185041,49.18077404252584],[-122.70116704116784,49.18080021797601]]},"properties":{"OBJECTID":4651,"ROAD_NAME":"Golden Ears Way","TRUCK_ROUTE":"Truck Routes","STATUS":"Open","RD_CLASS":"Arterial","MAJOR_ROAD_NETWORK":"Yes"}},{"type":"Feature","id":5672,"geometry":{"type":"LineString","coordinates":[[-122.707662806119,49.18058608257737],[-122.70751708383237,49.18058608206684],[-122.70635131544402,49.180630782327135]]},"properties":{"OBJECTID":5672,"ROAD_NAME":"Golden Ears Way","TRUCK_ROUTE":"Truck Routes","STATUS":"Open","RD_CLASS":"Arterial","MAJOR_ROAD_NETWORK":"Yes"}},{"type":"Feature","id":10145,"geometry":{"type":"LineString","coordinates":[[-122.8016903803094,49.20522643777658],[-122.8012249677592,49.20475971375664],[-122.80051317318193,49.20404264700013],[-122.7997718258139,49.20329231854837],[-122.7988056154335,49.202275943775426],[-122.79763612687024,49.2010442023343]]},"properties":{"OBJECTID":10145,"ROAD_NAME":"No 1 Hwy","TRUCK_ROUTE":"Dangerous Goods Routes","STATUS":"Open","RD_CLASS":"Provincial Highway","MAJOR_ROAD_NETWORK":"No"}},{"type":"Feature","id":10191,"geometry":{"type":"LineString","coordinates":[[-122.82145538125113,49.07607346564717],[-122.82165319834722,49.07619216696952],[-122.82176547664905,49.07629297715306],[-122.82190441848684,49.07649742413803],[-122.82194412411063,49.07673427773409],[-122.82196514197808,49.07715757501783]]},"properties":{"OBJECTID":10191,"ROAD_NAME":null,"TRUCK_ROUTE":"Dangerous Goods Routes","STATUS":"Open","RD_CLASS":"Provincial Highway","MAJOR_ROAD_NETWORK":"No"}},{"type":"Feature","id":10196,"geometry":{"type":"LineString","coordinates":[[-122.68399543847849,49.10788280501801],[-122.68001279825585,49.10974696267476]]},"properties":{"OBJECTID":10196,"ROAD_NAME":"Highway 10 (Langley Bypass)","TRUCK_ROUTE":"Dangerous Goods Routes","STATUS":"Open","RD_CLASS":"Provincial Highway","MAJOR_ROAD_NETWORK":"No"}},{"type":"Feature","id":10328,"geometry":{"type":"LineString","coordinates":[[-122.7317490950943,49.1818169467382],[-122.73194368265634,49.18222157719523],[-122.73207361064549,49.182454066408276],[-122.73219062327965,49.182607223702234]]},"properties":{"OBJECTID":10328,"ROAD_NAME":null,"TRUCK_ROUTE":"Dangerous Goods Routes","STATUS":"Open","RD_CLASS":"Provincial Highway","MAJOR_ROAD_NETWORK":"No"}},{"type":"Feature","id":10355,"geometry":{"type":"LineString","coordinates":[[-122.73525322698995,49.024017703944],[-122.73523342515446,49.02725004924549],[-122.73517536845962,49.03123627780769]]},"properties":{"OBJECTID":10355,"ROAD_NAME":"Highway 15","TRUCK_ROUTE":"Dangerous Goods Routes","STATUS":"Open","RD_CLASS":"Provincial Highway","MAJOR_ROAD_NETWORK":"No"}},{"type":"Feature","id":2176,"geometry":{"type":"LineString","coordinates":[[-122.69143216430584,49.049280207372014],[-122.69144978574408,49.051036917669755]]},"properties":{"OBJECTID":2176,"ROAD_NAME":"192 St","TRUCK_ROUTE":"Truck Routes","STATUS":"Open","RD_CLASS":"Arterial","MAJOR_ROAD_NETWORK":null}},{"type":"Feature","id":1624,"geometry":{"type":"LineString","coordinates":[[-122.85266629252027,49.148165627645945],[-122.85129394655095,49.14816008398841]]},"properties":{"OBJECTID":1624,"ROAD_NAME":"80 Ave","TRUCK_ROUTE":"Truck Routes","STATUS":"Open","RD_CLASS":"Arterial","MAJOR_ROAD_NETWORK":null}},{"type":"Feature","id":10461,"geometry":{"type":"LineString","coordinates":[[-122.79697382023109,49.10440576890203],[-122.79551997319247,49.10439796523283],[-122.794698308799,49.10439357220259],[-122.79442441225167,49.104393322023675],[-122.79415051926776,49.104394271438586],[-122.79387664196189,49.10439641907306],[-122.79360279248934,49.104399764834056],[-122.79332897237975,49.10440403391005],[-122.79305512429919,49.10440742940911],[-122.79250735517914,49.104410622058],[-122.7919595633374,49.104409707077984],[-122.7914117699108,49.10440827065219],[-122.7908639729262,49.10440682695897],[-122.79031617598213,49.10440538066568],[-122.7899126895496,49.10440534185049]]},"properties":{"OBJECTID":10461,"ROAD_NAME":"Highway 10 (56 Ave)","TRUCK_ROUTE":"Dangerous Goods Routes","STATUS":"Open","RD_CLASS":"Provincial Highway","MAJOR_ROAD_NETWORK":"No"}},{"type":"Feature","id":10499,"geometry":{"type":"LineString","coordinates":[[-122.77788672797922,49.19198882507651],[-122.7774615734378,49.1918780263423],[-122.7767000715382,49.19154851671831],[-122.77588385432587,49.19117089288983],[-122.77465340962085,49.19061243809953],[-122.7742572135309,49.19049165310513],[-122.77396653668217,49.190446952024544],[-122.77371096459156,49.19043217145607],[-122.77335354052269,49.190456222797096],[-122.77291154952454,49.190550555340856],[-122.77252510408923,49.19065466106643]]},"properties":{"OBJECTID":10499,"ROAD_NAME":null,"TRUCK_ROUTE":"Truck Routes","STATUS":"Open","RD_CLASS":"Provincial Highway","MAJOR_ROAD_NETWORK":"No"}},{"type":"Feature","id":10506,"geometry":{"type":"LineString","coordinates":[[-122.73484305791229,49.18155499159156],[-122.73324358484578,49.18113248171246],[-122.73187000942188,49.18076980592709]]},"properties":{"OBJECTID":10506,"ROAD_NAME":"No 1 Hwy","TRUCK_ROUTE":"Dangerous Goods Routes","STATUS":"Open","RD_CLASS":"Provincial Highway","MAJOR_ROAD_NETWORK":"No"}},{"type":"Feature","id":82162,"geometry":{"type":"LineString","coordinates":[[-122.7707792935498,49.190122066367756],[-122.77099517085824,49.190154187331736],[-122.77125743918542,49.19017315221617],[-122.77163511033008,49.19016794953969],[-122.77199466138381,49.19015025744063],[-122.77252457036508,49.19011417916849],[-122.77297529610435,49.19008995328656],[-122.77330011311336,49.190095504666964],[-122.7736510081101,49.190121026422695],[-122.7738687867178,49.190147321774184],[-122.77409443313336,49.190181992335035],[-122.77443627206684,49.19026915093869],[-122.7747057579372,49.19035375000931],[-122.77517423011565,49.19053812487284],[-122.7762318407308,49.19113994346169],[-122.77788672797922,49.19198882507647]]},"properties":{"OBJECTID":82162,"ROAD_NAME":null,"TRUCK_ROUTE":"Truck Routes","STATUS":"Open","RD_CLASS":"Provincial Highway","MAJOR_ROAD_NETWORK":"No"}},{"type":"Feature","id":87920,"geometry":{"type":"LineString","coordinates":[[-122.87896428372017,49.21129130012661],[-122.87820789848824,49.21160466614361],[-122.87640810018763,49.21223345652655],[-122.87598388592771,49.212382807312316],[-122.87551575481534,49.21254295427847],[-122.87503401245378,49.21269713459984],[-122.87457953620961,49.21284241748915],[-122.87400245513685,49.212984589905915],[-122.87335733005125,49.213096934761126],[-122.87274861501652,49.21317659102604],[-122.87198558427451,49.21322334806163],[-122.87134069087772,49.213243456619345],[-122.86185446822425,49.21323448101682]]},"properties":{"OBJECTID":87920,"ROAD_NAME":"Hwy 17 (South Fraser Perimeter Rd)","TRUCK_ROUTE":"Dangerous Goods Routes","STATUS":"Open","RD_CLASS":"Provincial Highway","MAJOR_ROAD_NETWORK":"No"}},{"type":"Feature","id":88878,"geometry":{"type":"LineString","coordinates":[[-122.8397587136074,49.21370329918361],[-122.83915217964619,49.2138664757485],[-122.83841266920115,49.214060256877396],[-122.83783450877924,49.21419686813202],[-122.83730378766766,49.21430578272367],[-122.83668219671759,49.21441200587202],[-122.83625683350712,49.214474684547305],[-122.83583815300692,49.21452264243444],[-122.83523634998255,49.21457604976351],[-122.8347319861069,49.21460674533146],[-122.83407943364377,49.21462580190411],[-122.83356137184452,49.21462410459456],[-122.83303823838241,49.21460934509374],[-122.832149693332,49.214554623306086],[-122.83143502833268,49.21450011679792],[-122.83049612967847,49.214432102629345],[-122.82954078028482,49.21436955789942],[-122.82893060303407,49.21434649444152],[-122.82814224791711,49.21434532420597],[-122.82612939237896,49.21437161334024],[-122.82384641527798,49.21441601549211],[-122.82141457713807,49.21453990416382],[-122.82027042030148,49.214583986322225],[-122.81957798602284,49.2146028715714],[-122.81896244012484,49.21461050384197],[-122.81832527882395,49.214615188151534],[-122.81770476754043,49.21461325853544],[-122.817263009954,49.21460875251881],[-122.81705686012307,49.214614280042525]]},"properties":{"OBJECTID":88878,"ROAD_NAME":"Hwy 17 (South Fraser Perimeter Rd)","TRUCK_ROUTE":"Dangerous Goods Routes","STATUS":"Open","RD_CLASS":"Provincial Highway","MAJOR_ROAD_NETWORK":"No"}},{"type":"Feature","id":10618,"geometry":{"type":"LineString","coordinates":[[-122.85057370986998,49.16270759326562],[-122.84929417554861,49.162720764783835]]},"properties":{"OBJECTID":10618,"ROAD_NAME":"88 Ave","TRUCK_ROUTE":"Truck Routes","STATUS":"Open","RD_CLASS":"Arterial","MAJOR_ROAD_NETWORK":"Yes"}},{"type":"Feature","id":8344,"geometry":{"type":"LineString","coordinates":[[-122.77886454345436,49.16645290735433],[-122.77886522396666,49.16826840647286]]},"properties":{"OBJECTID":8344,"ROAD_NAME":"160 St","TRUCK_ROUTE":"Truck Routes","STATUS":"Open","RD_CLASS":"Arterial","MAJOR_ROAD_NETWORK":"Yes"}},{"type":"Feature","id":1539,"geometry":{"type":"LineString","coordinates":[[-122.83414404193387,49.18959239430603],[-122.83413868841747,49.19048831975632]]},"properties":{"OBJECTID":1539,"ROAD_NAME":"140 St","TRUCK_ROUTE":"Truck Routes","STATUS":"Open","RD_CLASS":"Arterial","MAJOR_ROAD_NETWORK":null}},{"type":"Feature","id":2296,"geometry":{"type":"LineString","coordinates":[[-122.77781855552247,49.03106417127282],[-122.77555809928077,49.03107138912018]]},"properties":{"OBJECTID":2296,"ROAD_NAME":"16 Ave","TRUCK_ROUTE":"Truck Routes","STATUS":"Open","RD_CLASS":"Arterial","MAJOR_ROAD_NETWORK":"Yes"}},{"type":"Feature","id":8063,"geometry":{"type":"LineString","coordinates":[[-122.88667925982769,49.148513572172824],[-122.88463738570617,49.1484765016864]]},"properties":{"OBJECTID":8063,"ROAD_NAME":"80 Ave","TRUCK_ROUTE":"Truck Routes","STATUS":"Open","RD_CLASS":"Arterial","MAJOR_ROAD_NETWORK":null}},{"type":"Feature","id":93678,"geometry":{"type":"LineString","coordinates":[[-122.73825432148048,49.10599126217389],[-122.73821131152386,49.106892469347905]]},"properties":{"OBJECTID":93678,"ROAD_NAME":"175 St","TRUCK_ROUTE":"Dangerous Goods Routes","STATUS":"Open","RD_CLASS":"Provincial Highway","MAJOR_ROAD_NETWORK":"No"}},{"type":"Feature","id":214092,"geometry":{"type":"LineString","coordinates":[[-122.84571558090408,49.150900826037606],[-122.84571952654125,49.15210110784488]]},"properties":{"OBJECTID":214092,"ROAD_NAME":"King George Blvd","TRUCK_ROUTE":"Dangerous Goods Routes","STATUS":"Open","RD_CLASS":"Arterial","MAJOR_ROAD_NETWORK":"Yes"}},{"type":"Feature","id":93997,"geometry":{"type":"LineString","coordinates":[[-122.73219062327962,49.18260722370591],[-122.73224674399438,49.18268253441759],[-122.73230238719859,49.18273620690122],[-122.73235715838237,49.18278696735889],[-122.73241816321023,49.182834250268904],[-122.73248630202029,49.182875729726966],[-122.7325491140647,49.18291719680898],[-122.73261018506717,49.182952257883755],[-122.73268901560792,49.182986778046576],[-122.73277981452622,49.183024526807635],[-122.73289060041802,49.1830602847498],[-122.73302267840904,49.183099001773975],[-122.73318131149017,49.183144060048875],[-122.733383012553,49.183198849188535],[-122.73350583887479,49.183233084759706],[-122.73365062281337,49.18327755646692],[-122.73377339485845,49.183321977241604],[-122.73385605921254,49.183360363856735],[-122.73393224496984,49.18339958429498],[-122.73400323786244,49.18344133912316],[-122.73408384436969,49.183501365296195],[-122.73414182550769,49.18355497330718],[-122.73420361854242,49.1836221708944],[-122.73425635470176,49.18368807439674],[-122.73431273871715,49.18376986523818],[-122.73434089634627,49.18385972689475],[-122.73435841081836,49.1839743554473],[-122.73436563016696,49.184077077076985],[-122.73450431265613,49.18432675423533]]},"properties":{"OBJECTID":93997,"ROAD_NAME":null,"TRUCK_ROUTE":"Truck Routes","STATUS":"Open","RD_CLASS":"Provincial Highway","MAJOR_ROAD_NETWORK":"No"}},{"type":"Feature","id":95596,"geometry":{"type":"LineString","coordinates":[[-122.89119871798599,49.19823787077567],[-122.89151552910089,49.19756273875798],[-122.89169306390127,49.19712109393597],[-122.89184095306116,49.19668256403315],[-122.8919899153623,49.19637619836808],[-122.89225209660954,49.19607721065383],[-122.89247934598315,49.19587192821426]]},"properties":{"OBJECTID":95596,"ROAD_NAME":null,"TRUCK_ROUTE":"Truck Routes","STATUS":"Open","RD_CLASS":"Provincial Highway","MAJOR_ROAD_NETWORK":"No"}},{"type":"Feature","id":95597,"geometry":{"type":"LineString","coordinates":[[-122.89559580085972,49.193986463610386],[-122.89496003155394,49.19428703708332],[-122.89430112067727,49.194675650982504],[-122.89359402384986,49.195074736040354],[-122.89298322257,49.19547390600803],[-122.89247934598315,49.19587192821426]]},"properties":{"OBJECTID":95597,"ROAD_NAME":null,"TRUCK_ROUTE":"Truck Routes","STATUS":"Open","RD_CLASS":"Provincial Highway","MAJOR_ROAD_NETWORK":"No"}},{"type":"Feature","id":95599,"geometry":{"type":"LineString","coordinates":[[-122.89559580085972,49.193986463610386],[-122.8950897775954,49.19469674997052],[-122.8941937774898,49.19575403451896],[-122.8935222650489,49.19640123630589]]},"properties":{"OBJECTID":95599,"ROAD_NAME":null,"TRUCK_ROUTE":"Truck Routes","STATUS":"Open","RD_CLASS":"Provincial Highway","MAJOR_ROAD_NETWORK":"No"}},{"type":"Feature","id":6295,"geometry":{"type":"LineString","coordinates":[[-122.72376195494606,49.17557711766284],[-122.72330951223819,49.175592945253086],[-122.72239374146808,49.17560819740207],[-122.71841943880764,49.17560190082813],[-122.71800794195542,49.17560647388595],[-122.71782856429795,49.175615930633455],[-122.7176615075456,49.17563018474929],[-122.71748000831035,49.175650790001974],[-122.71731027901664,49.175676551122194],[-122.7171700411448,49.17570355361549],[-122.71701494900269,49.17573690623877],[-122.71685900220125,49.17577574371711],[-122.71668529205142,49.17582578160439],[-122.71652088735931,49.17587998007162],[-122.71635314068011,49.17594271569939],[-122.71618204425332,49.17601533773883],[-122.71603290902783,49.176086394329815],[-122.71590216987221,49.17615551700384],[-122.71576367966547,49.17623640435688],[-122.71565282241352,49.17630764458764],[-122.71555253570459,49.17637783128339],[-122.7154631022043,49.17644552593161],[-122.71538287295601,49.17651117425142],[-122.71530647698852,49.17657827122364],[-122.71523087572155,49.17665031754208],[-122.71516669824832,49.176716095229715],[-122.71510373278443,49.17678583381884],[-122.71504570651969,49.17685558456009],[-122.71497644331195,49.17694680642577],[-122.71483375413837,49.17716117323047],[-122.71415618172114,49.178159377545704],[-122.71401346209252,49.17835656631805],[-122.71386544676042,49.17852756150812],[-122.71373210272183,49.178672412593066],[-122.71349118196188,49.17890029756992],[-122.71332462318269,49.17906092083103]]},"properties":{"OBJECTID":6295,"ROAD_NAME":"Golden Ears Way","TRUCK_ROUTE":"Truck Routes","STATUS":"Open","RD_CLASS":"Arterial","MAJOR_ROAD_NETWORK":"Yes"}},{"type":"Feature","id":15149,"geometry":{"type":"LineString","coordinates":[[-122.70116704116784,49.18080021797601],[-122.6994315564334,49.180843734850725],[-122.69853611206263,49.180862940646804],[-122.69765518293362,49.18086436519416],[-122.6967735895692,49.180862024294285],[-122.69596005282054,49.18085987744578],[-122.69557584224076,49.18086111071438],[-122.69531756515849,49.18086726442308],[-122.6951951395229,49.18087206815776],[-122.69507366718074,49.180878043785654],[-122.69486337253248,49.180891160755436],[-122.69450931693578,49.18091990896911],[-122.69359537720723,49.18099987404707],[-122.69337750491243,49.18101773268385],[-122.6932273300947,49.18102749582765],[-122.69304602267802,49.181034746309834],[-122.69182681166717,49.18104199539312],[-122.69029860602053,49.181034754274776]]},"properties":{"OBJECTID":15149,"ROAD_NAME":"Golden Ears Way","TRUCK_ROUTE":"Truck Routes","STATUS":"Open","RD_CLASS":"Arterial","MAJOR_ROAD_NETWORK":"Yes"}},{"type":"Feature","id":15150,"geometry":{"type":"LineString","coordinates":[[-122.71332462318269,49.17906092083103],[-122.71278663522074,49.17950785081409],[-122.7125255455394,49.179716357087464],[-122.7124431509487,49.17977516558173],[-122.71233502402858,49.17984659441591],[-122.71222720565663,49.179912086708676],[-122.71210826762649,49.179978450969074],[-122.71197051082127,49.180048276850634],[-122.71182054957725,49.180116722977694],[-122.71168053103564,49.18017421872852],[-122.71152652065166,49.180230959941795],[-122.71136691091318,49.18028309920123],[-122.71120019195313,49.180330722705456],[-122.71103900599375,49.18037071480997],[-122.71087730370547,49.180405129868944],[-122.71071618256246,49.18043396873207],[-122.71056044668198,49.18045697337244],[-122.71039897239469,49.180475735578966],[-122.71019716997601,49.18049223880533],[-122.7101344636879,49.18049532758441]]},"properties":{"OBJECTID":15150,"ROAD_NAME":"Golden Ears Way","TRUCK_ROUTE":"Truck Routes","STATUS":"Open","RD_CLASS":"Arterial","MAJOR_ROAD_NETWORK":"Yes"}},{"type":"Feature","id":208652,"geometry":{"type":"LineString","coordinates":[[-122.73538609498942,49.17659724069991],[-122.7350288580577,49.17650288049059],[-122.73470301715618,49.17642482808382]]},"properties":{"OBJECTID":208652,"ROAD_NAME":"96 Ave","TRUCK_ROUTE":"Truck Routes","STATUS":"Open","RD_CLASS":"Provincial Highway","MAJOR_ROAD_NETWORK":"No"}},{"type":"Feature","id":2249,"geometry":{"type":"LineString","coordinates":[[-122.89036159006204,49.16202664560244],[-122.89035940688237,49.16321010391061]]},"properties":{"OBJECTID":2249,"ROAD_NAME":"120 St","TRUCK_ROUTE":"Truck Routes","STATUS":"Open","RD_CLASS":"Arterial","MAJOR_ROAD_NETWORK":"Yes"}},{"type":"Feature","id":2251,"geometry":{"type":"LineString","coordinates":[[-122.83986444213525,49.11906345337642],[-122.83432479528021,49.11908804598166]]},"properties":{"OBJECTID":2251,"ROAD_NAME":"64 Ave","TRUCK_ROUTE":"Truck Routes","STATUS":"Open","RD_CLASS":"Arterial","MAJOR_ROAD_NETWORK":"Yes"}},{"type":"Feature","id":2227,"geometry":{"type":"LineString","coordinates":[[-122.86800732997231,49.15743386376646],[-122.86801264637727,49.15894616022309]]},"properties":{"OBJECTID":2227,"ROAD_NAME":"128 St","TRUCK_ROUTE":"Truck Routes","STATUS":"Open","RD_CLASS":"Arterial","MAJOR_ROAD_NETWORK":"Yes"}},{"type":"Feature","id":69952,"geometry":{"type":"LineString","coordinates":[[-122.71013446368326,49.18049532758811],[-122.70999197445632,49.18050234619507],[-122.70982755797132,49.18050796633169],[-122.707662806119,49.18058608257737]]},"properties":{"OBJECTID":69952,"ROAD_NAME":"Golden Ears Way","TRUCK_ROUTE":"Truck Routes","STATUS":"Open","RD_CLASS":"Arterial","MAJOR_ROAD_NETWORK":"Yes"}},{"type":"Feature","id":1236,"geometry":{"type":"LineString","coordinates":[[-122.7353567320066,49.0040146551073],[-122.7353789799565,49.00556316734271]]},"properties":{"OBJECTID":1236,"ROAD_NAME":"Highway 15","TRUCK_ROUTE":"Dangerous Goods Routes","STATUS":"Open","RD_CLASS":"Provincial Highway","MAJOR_ROAD_NETWORK":"No"}},{"type":"Feature","id":1396,"geometry":{"type":"LineString","coordinates":[[-122.73494570397189,49.12153107358417],[-122.73494771400915,49.121719982696995],[-122.73493848309354,49.123352096759454]]},"properties":{"OBJECTID":1396,"ROAD_NAME":"Highway 15","TRUCK_ROUTE":"Dangerous Goods Routes","STATUS":"Open","RD_CLASS":"Provincial Highway","MAJOR_ROAD_NETWORK":"No"}},{"type":"Feature","id":722,"geometry":{"type":"LineString","coordinates":[[-122.84537103895813,49.190077292974394],[-122.84534857143903,49.191620686837354]]},"properties":{"OBJECTID":722,"ROAD_NAME":"King George Blvd","TRUCK_ROUTE":"Dangerous Goods Routes","STATUS":"Open","RD_CLASS":"Arterial","MAJOR_ROAD_NETWORK":"Yes"}},{"type":"Feature","id":216,"geometry":{"type":"LineString","coordinates":[[-122.85648454727327,49.18769902201431],[-122.85645879005693,49.18984951644016]]},"properties":{"OBJECTID":216,"ROAD_NAME":"132 St","TRUCK_ROUTE":"Truck Routes with Restrictions","STATUS":"Open","RD_CLASS":"Arterial","MAJOR_ROAD_NETWORK":null}},{"type":"Feature","id":1402,"geometry":{"type":"LineString","coordinates":[[-122.80169038030805,49.205226437773575],[-122.80151839953203,49.20471506406134],[-122.79987804585163,49.20296649244531],[-122.79954629937707,49.202500780860376],[-122.79921433316805,49.20209088426134],[-122.7988686286346,49.20156933000014],[-122.79870377309517,49.20107397741655],[-122.79866275511775,49.20060451049652],[-122.7986724876194,49.20027152372564],[-122.79872974578561,49.199897061314054],[-122.79895600862507,49.19921138537941]]},"properties":{"OBJECTID":1402,"ROAD_NAME":null,"TRUCK_ROUTE":"Truck Routes","STATUS":"Open","RD_CLASS":"Provincial Highway","MAJOR_ROAD_NETWORK":"No"}},{"type":"Feature","id":1477,"geometry":{"type":"LineString","coordinates":[[-122.82306697245696,49.07363989924545],[-122.82260782915294,49.07507479172279]]},"properties":{"OBJECTID":1477,"ROAD_NAME":"King George Blvd","TRUCK_ROUTE":"Dangerous Goods Routes","STATUS":"Open","RD_CLASS":"Provincial Highway","MAJOR_ROAD_NETWORK":"No"}},{"type":"Feature","id":1554,"geometry":{"type":"LineString","coordinates":[[-122.76223491858006,49.020303650587785],[-122.76355749837471,49.02138354101329]]},"properties":{"OBJECTID":1554,"ROAD_NAME":"King George Blvd","TRUCK_ROUTE":"Dangerous Goods Routes","STATUS":"Open","RD_CLASS":"Provincial Highway","MAJOR_ROAD_NETWORK":"No"}},{"type":"Feature","id":1698,"geometry":{"type":"LineString","coordinates":[[-122.81705686011736,49.21461428003836],[-122.81677764251344,49.21460798364372],[-122.81580185830006,49.214573376965376],[-122.8148604440016,49.21452638641203],[-122.81376964480566,49.21445230803455],[-122.81264635500305,49.21437001995479],[-122.81139333304714,49.214275160479],[-122.81002264096009,49.21417152591976],[-122.80897446693947,49.2140926849802],[-122.80794246980896,49.21399933916755],[-122.80715967168977,49.21390688486402],[-122.80639899909133,49.213796132053346],[-122.80129089105557,49.21294281990668],[-122.79902907818696,49.21256974006597],[-122.7968854093669,49.212203304420306],[-122.79631538122236,49.21211516497449],[-122.79593596397055,49.21206332510413],[-122.79550749986706,49.21201258716738],[-122.79509716126934,49.21197139982663],[-122.79469404456363,49.211940933908274],[-122.79439513013934,49.21192493216836],[-122.79408422277781,49.21191009827701],[-122.7937907292134,49.21190100666343],[-122.79349575489569,49.211898575681516],[-122.79309178510725,49.21189880477486],[-122.79266452964326,49.21190755868257],[-122.79221835163582,49.21192389300744],[-122.79182157926238,49.211940314661945],[-122.79008367301638,49.21201088607933],[-122.78966768663778,49.21202494902343],[-122.78923459278096,49.21203939165052],[-122.78883933245996,49.21204152576126],[-122.78846038222709,49.21203767033346],[-122.78811210785254,49.212025913977406],[-122.78778374400007,49.21201579113113],[-122.78744524520121,49.2119970806567],[-122.78710531399344,49.21197360653399],[-122.7867000666312,49.211932874747816],[-122.78631224910615,49.211894077794],[-122.78587650825932,49.211848526684676],[-122.78420188493757,49.211666222825556],[-122.78208858762804,49.21144091442425],[-122.78149334958316,49.21139102578915],[-122.78108188756767,49.21136353720386],[-122.78069835822899,49.211342817600894],[-122.7802363620181,49.211321947450195],[-122.77985718848772,49.211311716471684],[-122.77911943527069,49.211296044250375],[-122.77869471617053,49.2112990119774],[-122.77827183132669,49.21130581701156],[-122.77784456149614,49.21131832410277],[-122.77750011793488,49.211330989177654],[-122.77672692067586,49.21136281734612],[-122.7761833806959,49.21137985349419],[-122.77569948627634,49.21138177087279],[-122.77523599992536,49.2113694458632],[-122.77471627553483,49.21134177727152],[-122.7742532907205,49.21129922317459],[-122.77377764643738,49.211244742379144],[-122.77339829787952,49.21119214191157],[-122.77251628173357,49.2110297575333],[-122.77202634101013,49.21091761778342],[-122.77158552591912,49.21080300976047],[-122.77096514222083,49.210626850532165],[-122.77036672433786,49.21041503148121],[-122.76962700290218,49.21012438722804],[-122.76890386993726,49.20978379118243],[-122.76753991912118,49.20898494057026],[-122.76429598484499,49.20707911719654],[-122.76313883540814,49.20636274640583],[-122.76168614871459,49.20549611546735],[-122.76142743432025,49.20534176882547],[-122.76016139951948,49.2046251429938],[-122.75900955515905,49.20396229178694],[-122.75710283146685,49.202914690105786],[-122.7550811059175,49.201794165792315],[-122.75448346350622,49.20146088493303],[-122.75370100554147,49.20104509648394],[-122.75182102726762,49.20003789590069],[-122.74975097653044,49.19892672216252],[-122.74858293408424,49.198288721250066],[-122.74795765551788,49.197953129647075],[-122.74717063510967,49.197482382858844],[-122.74663876009046,49.197092084636914],[-122.74573827563688,49.196347540556886],[-122.74511551560917,49.19576474331205],[-122.74454446110819,49.19527078176997],[-122.74395195204856,49.19475824864236],[-122.74280366137806,49.193938415218604],[-122.7419677038414,49.193385525200156],[-122.74102800372009,49.19286700921216],[-122.74037222621219,49.192545348495834],[-122.73979698859878,49.19223017808275],[-122.7381711304194,49.19149183920557]]},"properties":{"OBJECTID":1698,"ROAD_NAME":"Hwy 17 (South Fraser Perimeter Rd)","TRUCK_ROUTE":"Dangerous Goods Routes","STATUS":"Open","RD_CLASS":"Provincial Highway","MAJOR_ROAD_NETWORK":"No"}},{"type":"Feature","id":246099,"geometry":{"type":"LineString","coordinates":[[-122.8453109044513,49.195229135496184],[-122.84529321049476,49.19607835592108]]},"properties":{"OBJECTID":246099,"ROAD_NAME":"King George Blvd","TRUCK_ROUTE":"Dangerous Goods Routes","STATUS":"Open","RD_CLASS":"Arterial","MAJOR_ROAD_NETWORK":"Yes"}},{"type":"Feature","id":1714,"geometry":{"type":"LineString","coordinates":[[-122.8734853215313,49.108188428412525],[-122.87123345088017,49.10818236460049],[-122.8709595428038,49.10818106190018],[-122.87068223953897,49.10817843208386],[-122.87041179769554,49.108174725685174],[-122.87013800572538,49.10816987279037],[-122.86986420104837,49.10816419561203],[-122.86959041690778,49.10815860911316],[-122.86931665253087,49.108153114048925],[-122.86904286692119,49.108147528080806],[-122.86876908142304,49.1081419409213],[-122.86849529601074,49.10813635311253],[-122.86822149028872,49.108130672630814],[-122.86794767950514,49.10812566383129],[-122.86784240396882,49.10812412826961]]},"properties":{"OBJECTID":1714,"ROAD_NAME":"Highway 10 (58 Ave)","TRUCK_ROUTE":"Dangerous Goods Routes","STATUS":"Open","RD_CLASS":"Provincial Highway","MAJOR_ROAD_NETWORK":"No"}},{"type":"Feature","id":10524,"geometry":{"type":"LineString","coordinates":[[-122.89042233798618,49.10825818904433],[-122.88880450830578,49.10823868776838],[-122.88547711720766,49.10822335336466],[-122.88403698957431,49.108216645184065]]},"properties":{"OBJECTID":10524,"ROAD_NAME":"Highway 10 (58 Ave)","TRUCK_ROUTE":"Dangerous Goods Routes","STATUS":"Open","RD_CLASS":"Provincial Highway","MAJOR_ROAD_NETWORK":"No"}},{"type":"Feature","id":203212,"geometry":{"type":"LineString","coordinates":[[-122.69146845115168,49.05289068536223],[-122.69150150129983,49.05654472553909]]},"properties":{"OBJECTID":203212,"ROAD_NAME":"192 St","TRUCK_ROUTE":"Truck Routes","STATUS":"Open","RD_CLASS":"Arterial","MAJOR_ROAD_NETWORK":null}},{"type":"Feature","id":227540,"geometry":{"type":"LineString","coordinates":[[-122.69150150129983,49.05654472553909],[-122.69153382757547,49.06011834741502]]},"properties":{"OBJECTID":227540,"ROAD_NAME":"192 St","TRUCK_ROUTE":"Truck Routes","STATUS":"Open","RD_CLASS":"Arterial","MAJOR_ROAD_NETWORK":null}},{"type":"Feature","id":234256,"geometry":{"type":"LineString","coordinates":[[-122.68249356472882,49.06012908589233],[-122.68053611409427,49.06013127569957]]},"properties":{"OBJECTID":234256,"ROAD_NAME":"32 Ave","TRUCK_ROUTE":"Truck Routes","STATUS":"Open","RD_CLASS":"Arterial","MAJOR_ROAD_NETWORK":"Yes"}},{"type":"Feature","id":1941,"geometry":{"type":"LineString","coordinates":[[-122.72439915093656,49.06013388003846],[-122.71343567407807,49.06016176130373]]},"properties":{"OBJECTID":1941,"ROAD_NAME":"32 Ave","TRUCK_ROUTE":"Truck Routes","STATUS":"Open","RD_CLASS":"Arterial","MAJOR_ROAD_NETWORK":"Yes"}},{"type":"Feature","id":1959,"geometry":{"type":"LineString","coordinates":[[-122.8232825588923,49.031176604962496],[-122.82031530336084,49.03117058970999]]},"properties":{"OBJECTID":1959,"ROAD_NAME":"16 Ave","TRUCK_ROUTE":"Truck Routes","STATUS":"Open","RD_CLASS":"Arterial","MAJOR_ROAD_NETWORK":null}},{"type":"Feature","id":2452,"geometry":{"type":"LineString","coordinates":[[-122.83417445317234,49.184227696697796],[-122.83416655607829,49.18510749285203]]},"properties":{"OBJECTID":2452,"ROAD_NAME":"140 St","TRUCK_ROUTE":"Truck Routes","STATUS":"Open","RD_CLASS":"Arterial","MAJOR_ROAD_NETWORK":null}},{"type":"Feature","id":13089,"geometry":{"type":"LineString","coordinates":[[-122.82442175284017,49.19152122898554],[-122.82310128485385,49.19152558898118]]},"properties":{"OBJECTID":13089,"ROAD_NAME":"104 Ave","TRUCK_ROUTE":"Truck Routes","STATUS":"Open","RD_CLASS":"Arterial","MAJOR_ROAD_NETWORK":"Yes"}},{"type":"Feature","id":2605,"geometry":{"type":"LineString","coordinates":[[-122.83416655607829,49.18510749285203],[-122.8341662829955,49.185392729787615]]},"properties":{"OBJECTID":2605,"ROAD_NAME":"140 St","TRUCK_ROUTE":"Truck Routes","STATUS":"Open","RD_CLASS":"Arterial","MAJOR_ROAD_NETWORK":null}},{"type":"Feature","id":2492,"geometry":{"type":"LineString","coordinates":[[-122.86410242579949,49.17714598233],[-122.86243636191064,49.177134722945034]]},"properties":{"OBJECTID":2492,"ROAD_NAME":"96 Ave","TRUCK_ROUTE":"Truck Routes","STATUS":"Open","RD_CLASS":"Arterial","MAJOR_ROAD_NETWORK":"Yes"}},{"type":"Feature","id":1516,"geometry":{"type":"LineString","coordinates":[[-122.7744688920631,49.17692630637332],[-122.77303547148803,49.17693330365117]]},"properties":{"OBJECTID":1516,"ROAD_NAME":"96 Ave","TRUCK_ROUTE":"Truck Routes","STATUS":"Open","RD_CLASS":"Arterial","MAJOR_ROAD_NETWORK":"Yes"}},{"type":"Feature","id":2168,"geometry":{"type":"LineString","coordinates":[[-122.85643276424435,49.202220000746586],[-122.85642478722377,49.202795604663415]]},"properties":{"OBJECTID":2168,"ROAD_NAME":"132 St","TRUCK_ROUTE":"Truck Routes with Restrictions","STATUS":"Open","RD_CLASS":"Arterial","MAJOR_ROAD_NETWORK":null}},{"type":"Feature","id":4366,"geometry":{"type":"LineString","coordinates":[[-122.73522754285327,49.03845969784251],[-122.73518459939768,49.038575195837076],[-122.73528397917292,49.04568896141205]]},"properties":{"OBJECTID":4366,"ROAD_NAME":"Highway 15","TRUCK_ROUTE":"Dangerous Goods Routes","STATUS":"Open","RD_CLASS":"Provincial Highway","MAJOR_ROAD_NETWORK":"No"}},{"type":"Feature","id":286,"geometry":{"type":"LineString","coordinates":[[-122.8903660908154,49.15959676945301],[-122.89036159006204,49.16202664560244]]},"properties":{"OBJECTID":286,"ROAD_NAME":"120 St","TRUCK_ROUTE":"Truck Routes","STATUS":"Open","RD_CLASS":"Arterial","MAJOR_ROAD_NETWORK":"Yes"}},{"type":"Feature","id":10070,"geometry":{"type":"LineString","coordinates":[[-122.78028280766712,49.17690442038646],[-122.77887050338217,49.17690561253298]]},"properties":{"OBJECTID":10070,"ROAD_NAME":"96 Ave","TRUCK_ROUTE":"Truck Routes","STATUS":"Open","RD_CLASS":"Arterial","MAJOR_ROAD_NETWORK":"Yes"}},{"type":"Feature","id":12233,"geometry":{"type":"LineString","coordinates":[[-122.85282744269708,49.162683338234245],[-122.85057370986998,49.16270759326562]]},"properties":{"OBJECTID":12233,"ROAD_NAME":"88 Ave","TRUCK_ROUTE":"Truck Routes","STATUS":"Open","RD_CLASS":"Arterial","MAJOR_ROAD_NETWORK":"Yes"}},{"type":"Feature","id":2626,"geometry":{"type":"LineString","coordinates":[[-122.83700178253955,49.19151190605632],[-122.83413275746392,49.191474017411494]]},"properties":{"OBJECTID":2626,"ROAD_NAME":"104 Ave","TRUCK_ROUTE":"Truck Routes","STATUS":"Open","RD_CLASS":"Arterial","MAJOR_ROAD_NETWORK":"Yes"}},{"type":"Feature","id":13042,"geometry":{"type":"LineString","coordinates":[[-122.85256304944154,49.17707618483418],[-122.85132841285342,49.17706995637034]]},"properties":{"OBJECTID":13042,"ROAD_NAME":"96 Ave","TRUCK_ROUTE":"Truck Routes","STATUS":"Open","RD_CLASS":"Arterial","MAJOR_ROAD_NETWORK":"Yes"}},{"type":"Feature","id":7564,"geometry":{"type":"LineString","coordinates":[[-122.81249428782117,49.19872930797962],[-122.8086191746479,49.198731388904875]]},"properties":{"OBJECTID":7564,"ROAD_NAME":"108 Ave","TRUCK_ROUTE":"Truck Routes with Restrictions","STATUS":"Open","RD_CLASS":"Arterial","MAJOR_ROAD_NETWORK":"Yes"}},{"type":"Feature","id":305,"geometry":{"type":"LineString","coordinates":[[-122.71012961435927,49.17699980841914],[-122.7076701090474,49.17699376046277]]},"properties":{"OBJECTID":305,"ROAD_NAME":"96 Ave","TRUCK_ROUTE":"Truck Routes","STATUS":"Open","RD_CLASS":"Arterial","MAJOR_ROAD_NETWORK":"Yes"}},{"type":"Feature","id":360,"geometry":{"type":"LineString","coordinates":[[-122.78722256642895,49.03108363996733],[-122.77919359991783,49.03105988997621]]},"properties":{"OBJECTID":360,"ROAD_NAME":"16 Ave","TRUCK_ROUTE":"Truck Routes","STATUS":"Open","RD_CLASS":"Arterial","MAJOR_ROAD_NETWORK":"Yes"}},{"type":"Feature","id":5697,"geometry":{"type":"LineString","coordinates":[[-122.83452819108882,49.177601990392546],[-122.83452718733432,49.1776714563897],[-122.83452585122534,49.17776392297298],[-122.83452456478948,49.17785287281222],[-122.83452328690566,49.177941216476526],[-122.8345219659828,49.178032535146706],[-122.83452044418173,49.178126968816485],[-122.8345152852764,49.178216144434366],[-122.8345116149443,49.17825315819681],[-122.83450474372484,49.17830647616624],[-122.83449621823557,49.17835854969827],[-122.83448946017482,49.178393616912935],[-122.83448003553679,49.178436672014584],[-122.8344690645756,49.178480846842675],[-122.83445498428748,49.17853103832861],[-122.83444309970092,49.17856925275425],[-122.83441275505822,49.17865634885034],[-122.83438232030304,49.178741501506195],[-122.83436129040949,49.17880106454804]]},"properties":{"OBJECTID":5697,"ROAD_NAME":"140 St","TRUCK_ROUTE":"Truck Routes","STATUS":"Open","RD_CLASS":"Arterial","MAJOR_ROAD_NETWORK":null}},{"type":"Feature","id":1002,"geometry":{"type":"LineString","coordinates":[[-122.85645260838963,49.194468731260905],[-122.85645766123483,49.19537591879167]]},"properties":{"OBJECTID":1002,"ROAD_NAME":"132 St","TRUCK_ROUTE":"Truck Routes with Restrictions","STATUS":"Open","RD_CLASS":"Arterial","MAJOR_ROAD_NETWORK":null}},{"type":"Feature","id":378,"geometry":{"type":"LineString","coordinates":[[-122.82861223876179,49.191503414914564],[-122.82716566458853,49.19150961342778],[-122.82586031822532,49.191515195722694]]},"properties":{"OBJECTID":378,"ROAD_NAME":"104 Ave","TRUCK_ROUTE":"Truck Routes","STATUS":"Open","RD_CLASS":"Arterial","MAJOR_ROAD_NETWORK":"Yes"}},{"type":"Feature","id":1090,"geometry":{"type":"LineString","coordinates":[[-122.77886305459822,49.16374134875178],[-122.77886358481892,49.16423762258799]]},"properties":{"OBJECTID":1090,"ROAD_NAME":"160 St","TRUCK_ROUTE":"Truck Routes","STATUS":"Open","RD_CLASS":"Arterial","MAJOR_ROAD_NETWORK":"Yes"}},{"type":"Feature","id":6709,"geometry":{"type":"LineString","coordinates":[[-122.8433193230378,49.1915947237277],[-122.84189887878036,49.19157613185863]]},"properties":{"OBJECTID":6709,"ROAD_NAME":"104 Ave","TRUCK_ROUTE":"Truck Routes","STATUS":"Open","RD_CLASS":"Arterial","MAJOR_ROAD_NETWORK":"Yes"}},{"type":"Feature","id":7558,"geometry":{"type":"LineString","coordinates":[[-122.8453485714382,49.191620686838675],[-122.8433193230378,49.1915947237277]]},"properties":{"OBJECTID":7558,"ROAD_NAME":"104 Ave","TRUCK_ROUTE":"Truck Routes","STATUS":"Open","RD_CLASS":"Arterial","MAJOR_ROAD_NETWORK":"Yes"}},{"type":"Feature","id":1045,"geometry":{"type":"LineString","coordinates":[[-122.88739827419913,49.177152551186644],[-122.88462296314273,49.1771592106672]]},"properties":{"OBJECTID":1045,"ROAD_NAME":"96 Ave","TRUCK_ROUTE":"Truck Routes","STATUS":"Open","RD_CLASS":"Arterial","MAJOR_ROAD_NETWORK":"Yes"}},{"type":"Feature","id":7978,"geometry":{"type":"LineString","coordinates":[[-122.76932656085029,49.03109153062524],[-122.76130018375527,49.031096463975864]]},"properties":{"OBJECTID":7978,"ROAD_NAME":"16 Ave","TRUCK_ROUTE":"Truck Routes","STATUS":"Open","RD_CLASS":"Arterial","MAJOR_ROAD_NETWORK":"Yes"}},{"type":"Feature","id":527,"geometry":{"type":"LineString","coordinates":[[-122.8010175442783,49.10686777279534],[-122.80100837011639,49.10844815336076]]},"properties":{"OBJECTID":527,"ROAD_NAME":"152 St","TRUCK_ROUTE":"Truck Routes","STATUS":"Open","RD_CLASS":"Arterial","MAJOR_ROAD_NETWORK":"Yes"}},{"type":"Feature","id":4386,"geometry":{"type":"LineString","coordinates":[[-122.74585604046297,49.17704895594956],[-122.74146214302817,49.17703283439392]]},"properties":{"OBJECTID":4386,"ROAD_NAME":"96 Ave","TRUCK_ROUTE":"Truck Routes","STATUS":"Open","RD_CLASS":"Arterial","MAJOR_ROAD_NETWORK":"Yes"}},{"type":"Feature","id":1756,"geometry":{"type":"LineString","coordinates":[[-122.70132050871206,49.17700261655782],[-122.6989054475419,49.17700164341353]]},"properties":{"OBJECTID":1756,"ROAD_NAME":"96 Ave","TRUCK_ROUTE":"Truck Routes","STATUS":"Open","RD_CLASS":"Arterial","MAJOR_ROAD_NETWORK":"Yes"}},{"type":"Feature","id":1842,"geometry":{"type":"LineString","coordinates":[[-122.79788745084008,49.04908587227086],[-122.80122756892283,49.051781068092815]]},"properties":{"OBJECTID":1842,"ROAD_NAME":"King George Blvd","TRUCK_ROUTE":"Dangerous Goods Routes","STATUS":"Open","RD_CLASS":"Arterial","MAJOR_ROAD_NETWORK":"Yes"}},{"type":"Feature","id":454,"geometry":{"type":"LineString","coordinates":[[-122.76825057007318,49.016567758514455],[-122.76531989623258,49.01657066901072]]},"properties":{"OBJECTID":454,"ROAD_NAME":"8 Ave","TRUCK_ROUTE":"Truck Routes","STATUS":"Open","RD_CLASS":"Collector","MAJOR_ROAD_NETWORK":null}},{"type":"Feature","id":1741,"geometry":{"type":"LineString","coordinates":[[-122.79740447457439,49.0606340884994],[-122.79728679649178,49.06055607069984],[-122.79709963028739,49.060432323549676],[-122.79689909393196,49.06033149140651],[-122.79667677012564,49.06023646777057],[-122.79640643320013,49.06016708662984],[-122.79594678303232,49.06009863073801],[-122.79017862991087,49.0601059209392]]},"properties":{"OBJECTID":1741,"ROAD_NAME":"32 Ave","TRUCK_ROUTE":"Truck Routes","STATUS":"Open","RD_CLASS":"Arterial","MAJOR_ROAD_NETWORK":"Yes"}},{"type":"Feature","id":1743,"geometry":{"type":"LineString","coordinates":[[-122.86246508428606,49.16263097038876],[-122.8599612341584,49.16263471268086]]},"properties":{"OBJECTID":1743,"ROAD_NAME":"88 Ave","TRUCK_ROUTE":"Truck Routes","STATUS":"Open","RD_CLASS":"Arterial","MAJOR_ROAD_NETWORK":"Yes"}},{"type":"Feature","id":6967,"geometry":{"type":"LineString","coordinates":[[-122.73528397917245,49.04568896140931],[-122.73530981490428,49.04930149239548]]},"properties":{"OBJECTID":6967,"ROAD_NAME":"Highway 15","TRUCK_ROUTE":"Dangerous Goods Routes","STATUS":"Open","RD_CLASS":"Provincial Highway","MAJOR_ROAD_NETWORK":"No"}},{"type":"Feature","id":2510,"geometry":{"type":"LineString","coordinates":[[-122.85682683642686,49.15007169763203],[-122.85683062819909,49.15079916238412]]},"properties":{"OBJECTID":2510,"ROAD_NAME":"132 St","TRUCK_ROUTE":"Truck Routes","STATUS":"Open","RD_CLASS":"Arterial","MAJOR_ROAD_NETWORK":null}},{"type":"Feature","id":4737,"geometry":{"type":"LineString","coordinates":[[-122.75659286572866,49.17705491360595],[-122.75589451438617,49.17705085454814],[-122.75526659256495,49.1770475204532],[-122.74585604046297,49.17704895594956]]},"properties":{"OBJECTID":4737,"ROAD_NAME":"96 Ave","TRUCK_ROUTE":"Truck Routes","STATUS":"Open","RD_CLASS":"Arterial","MAJOR_ROAD_NETWORK":"Yes"}},{"type":"Feature","id":2422,"geometry":{"type":"LineString","coordinates":[[-122.84578834634385,49.16275902787924],[-122.84167741709878,49.16276757843976]]},"properties":{"OBJECTID":2422,"ROAD_NAME":"88 Ave","TRUCK_ROUTE":"Truck Routes","STATUS":"Open","RD_CLASS":"Arterial","MAJOR_ROAD_NETWORK":"Yes"}},{"type":"Feature","id":389,"geometry":{"type":"LineString","coordinates":[[-122.86243636191064,49.177134722945034],[-122.86145384827532,49.17712804824717]]},"properties":{"OBJECTID":389,"ROAD_NAME":"96 Ave","TRUCK_ROUTE":"Truck Routes","STATUS":"Open","RD_CLASS":"Arterial","MAJOR_ROAD_NETWORK":"Yes"}},{"type":"Feature","id":1191,"geometry":{"type":"LineString","coordinates":[[-122.84559996283143,49.13650985447521],[-122.8456051225822,49.13718704101643]]},"properties":{"OBJECTID":1191,"ROAD_NAME":"King George Blvd","TRUCK_ROUTE":"Dangerous Goods Routes","STATUS":"Open","RD_CLASS":"Arterial","MAJOR_ROAD_NETWORK":"Yes"}},{"type":"Feature","id":249,"geometry":{"type":"LineString","coordinates":[[-122.84573057643615,49.15546232849373],[-122.84578834634385,49.1627590278792]]},"properties":{"OBJECTID":249,"ROAD_NAME":"King George Blvd","TRUCK_ROUTE":"Dangerous Goods Routes","STATUS":"Open","RD_CLASS":"Arterial","MAJOR_ROAD_NETWORK":"Yes"}},{"type":"Feature","id":255,"geometry":{"type":"LineString","coordinates":[[-122.8008932138011,49.18873593257688],[-122.8008795897232,49.1914756009271]]},"properties":{"OBJECTID":255,"ROAD_NAME":"152 St","TRUCK_ROUTE":"Truck Routes","STATUS":"Open","RD_CLASS":"Arterial","MAJOR_ROAD_NETWORK":"Yes"}},{"type":"Feature","id":257,"geometry":{"type":"LineString","coordinates":[[-122.88876758302277,49.193894694720285],[-122.88844031646695,49.19416458141052],[-122.88588023186992,49.19627552938354],[-122.88309256501658,49.19861334700339],[-122.88249146346854,49.19920300656459]]},"properties":{"OBJECTID":257,"ROAD_NAME":"Scott Rd","TRUCK_ROUTE":"Truck Routes","STATUS":"Open","RD_CLASS":"Arterial","MAJOR_ROAD_NETWORK":"Yes"}},{"type":"Feature","id":327,"geometry":{"type":"LineString","coordinates":[[-122.80130016049027,49.169206676455865],[-122.801271222193,49.170093211256535]]},"properties":{"OBJECTID":327,"ROAD_NAME":"152 St","TRUCK_ROUTE":"Truck Routes","STATUS":"Open","RD_CLASS":"Arterial","MAJOR_ROAD_NETWORK":"Yes"}},{"type":"Feature","id":418,"geometry":{"type":"LineString","coordinates":[[-122.81238213581902,49.16282209643429],[-122.80694563605364,49.16283639815432]]},"properties":{"OBJECTID":418,"ROAD_NAME":"88 Ave","TRUCK_ROUTE":"Truck Routes","STATUS":"Open","RD_CLASS":"Arterial","MAJOR_ROAD_NETWORK":"Yes"}},{"type":"Feature","id":1135,"geometry":{"type":"LineString","coordinates":[[-122.86798855813386,49.17717223846293],[-122.86776079959682,49.1771586251837],[-122.86410242579949,49.17714598233]]},"properties":{"OBJECTID":1135,"ROAD_NAME":"96 Ave","TRUCK_ROUTE":"Truck Routes","STATUS":"Open","RD_CLASS":"Arterial","MAJOR_ROAD_NETWORK":"Yes"}},{"type":"Feature","id":373,"geometry":{"type":"LineString","coordinates":[[-122.76771178145015,49.17700902938273],[-122.75824626546903,49.17704479192763],[-122.75762180390925,49.17704878054632],[-122.75659286572866,49.17705491360595]]},"properties":{"OBJECTID":373,"ROAD_NAME":"96 Ave","TRUCK_ROUTE":"Truck Routes","STATUS":"Open","RD_CLASS":"Arterial","MAJOR_ROAD_NETWORK":"Yes"}},{"type":"Feature","id":1142,"geometry":{"type":"LineString","coordinates":[[-122.8010149231412,49.12257994036032],[-122.8010206186553,49.123519442876606]]},"properties":{"OBJECTID":1142,"ROAD_NAME":"152 St","TRUCK_ROUTE":"Truck Routes","STATUS":"Open","RD_CLASS":"Arterial","MAJOR_ROAD_NETWORK":"Yes"}},{"type":"Feature","id":285,"geometry":{"type":"LineString","coordinates":[[-122.85681421808485,49.148172480231445],[-122.85682683642686,49.15007169763203]]},"properties":{"OBJECTID":285,"ROAD_NAME":"132 St","TRUCK_ROUTE":"Truck Routes","STATUS":"Open","RD_CLASS":"Arterial","MAJOR_ROAD_NETWORK":null}},{"type":"Feature","id":62831,"geometry":{"type":"LineString","coordinates":[[-122.83436129040949,49.17880106454804],[-122.83431489691792,49.17893014258783],[-122.83428449841978,49.179015456083306],[-122.83425675813635,49.17910345838745],[-122.83423576786798,49.179185161290675],[-122.83421826561644,49.17927274961762],[-122.83420472707597,49.17937073061472],[-122.83419822467393,49.17945318900011],[-122.83419620844049,49.17954447377116],[-122.83419956782478,49.17963484049599],[-122.83420821996768,49.17972480488567],[-122.83422373948973,49.179822919375766],[-122.83424099661603,49.179902487763634],[-122.83426155471562,49.179989434052004],[-122.83428455751898,49.180086719304825],[-122.83430399106652,49.18016890884343],[-122.83432501127918,49.18025789511256],[-122.83434601868638,49.18036231426592],[-122.83435792182856,49.18044281662456],[-122.834366298827,49.18052554926068],[-122.83437099858783,49.18061554930627],[-122.83437111556393,49.18070554328292],[-122.8343673718026,49.180790177452266],[-122.8343644548023,49.18084538929068]]},"properties":{"OBJECTID":62831,"ROAD_NAME":"140 St","TRUCK_ROUTE":"Truck Routes","STATUS":"Open","RD_CLASS":"Arterial","MAJOR_ROAD_NETWORK":null}},{"type":"Feature","id":1150,"geometry":{"type":"LineString","coordinates":[[-122.80102739394188,49.17684100888085],[-122.80097238010066,49.18046798081337]]},"properties":{"OBJECTID":1150,"ROAD_NAME":"152 St","TRUCK_ROUTE":"Truck Routes","STATUS":"Open","RD_CLASS":"Arterial","MAJOR_ROAD_NETWORK":"Yes"}},{"type":"Feature","id":1866,"geometry":{"type":"LineString","coordinates":[[-122.7901798416517,49.16280075694689],[-122.7886635051247,49.16279439757263]]},"properties":{"OBJECTID":1866,"ROAD_NAME":"88 Ave","TRUCK_ROUTE":"Truck Routes","STATUS":"Open","RD_CLASS":"Arterial","MAJOR_ROAD_NETWORK":"Yes"}},{"type":"Feature","id":1220,"geometry":{"type":"LineString","coordinates":[[-122.78742231786383,49.16278852400335],[-122.78518780163924,49.16277782652927]]},"properties":{"OBJECTID":1220,"ROAD_NAME":"88 Ave","TRUCK_ROUTE":"Truck Routes","STATUS":"Open","RD_CLASS":"Arterial","MAJOR_ROAD_NETWORK":"Yes"}},{"type":"Feature","id":976,"geometry":{"type":"LineString","coordinates":[[-122.69136248761833,49.04023577539738],[-122.69141565367757,49.04201929282026]]},"properties":{"OBJECTID":976,"ROAD_NAME":"192 St","TRUCK_ROUTE":"Truck Routes","STATUS":"Open","RD_CLASS":"Arterial","MAJOR_ROAD_NETWORK":null}},{"type":"Feature","id":1049,"geometry":{"type":"LineString","coordinates":[[-122.82500946475571,49.177004653891075],[-122.82348007624793,49.17699553701282],[-122.81382276074476,49.17690951921036],[-122.81316214021338,49.17688090608644],[-122.81223420046894,49.17687055159161]]},"properties":{"OBJECTID":1049,"ROAD_NAME":"96 Ave","TRUCK_ROUTE":"Truck Routes","STATUS":"Open","RD_CLASS":"Arterial","MAJOR_ROAD_NETWORK":"Yes"}},{"type":"Feature","id":1069,"geometry":{"type":"LineString","coordinates":[[-122.86797975984831,49.15032018367761],[-122.86799223080413,49.15365084575785],[-122.8679988080686,49.15536619887592]]},"properties":{"OBJECTID":1069,"ROAD_NAME":"128 St","TRUCK_ROUTE":"Truck Routes","STATUS":"Open","RD_CLASS":"Arterial","MAJOR_ROAD_NETWORK":"Yes"}},{"type":"Feature","id":1906,"geometry":{"type":"LineString","coordinates":[[-122.88249146346854,49.19920300656459],[-122.88176558833271,49.199901654099385]]},"properties":{"OBJECTID":1906,"ROAD_NAME":"Scott Rd","TRUCK_ROUTE":"Truck Routes","STATUS":"Open","RD_CLASS":"Arterial","MAJOR_ROAD_NETWORK":"Yes"}},{"type":"Feature","id":1950,"geometry":{"type":"LineString","coordinates":[[-122.85645879005693,49.18984951644016],[-122.85644845618906,49.19071117323069]]},"properties":{"OBJECTID":1950,"ROAD_NAME":"132 St","TRUCK_ROUTE":"Truck Routes with Restrictions","STATUS":"Open","RD_CLASS":"Arterial","MAJOR_ROAD_NETWORK":null}},{"type":"Feature","id":1928,"geometry":{"type":"LineString","coordinates":[[-122.84262251937972,49.19886413031852],[-122.83962228743334,49.198856293483956]]},"properties":{"OBJECTID":1928,"ROAD_NAME":"108 Ave","TRUCK_ROUTE":"Truck Routes with Restrictions","STATUS":"Open","RD_CLASS":"Arterial","MAJOR_ROAD_NETWORK":"Yes"}},{"type":"Feature","id":1929,"geometry":{"type":"LineString","coordinates":[[-122.84565805943838,49.144496020764215],[-122.84567048063506,49.14627686437681]]},"properties":{"OBJECTID":1929,"ROAD_NAME":"King George Blvd","TRUCK_ROUTE":"Dangerous Goods Routes","STATUS":"Open","RD_CLASS":"Arterial","MAJOR_ROAD_NETWORK":"Yes"}},{"type":"Feature","id":1801,"geometry":{"type":"LineString","coordinates":[[-122.81243027243012,49.191495406248755],[-122.80919644554172,49.191489575690255]]},"properties":{"OBJECTID":1801,"ROAD_NAME":"104 Ave","TRUCK_ROUTE":"Truck Routes","STATUS":"Open","RD_CLASS":"Arterial","MAJOR_ROAD_NETWORK":"Yes"}},{"type":"Feature","id":2567,"geometry":{"type":"LineString","coordinates":[[-122.80099340361977,49.119066434162406],[-122.8010149231412,49.12257994036032]]},"properties":{"OBJECTID":2567,"ROAD_NAME":"152 St","TRUCK_ROUTE":"Truck Routes","STATUS":"Open","RD_CLASS":"Arterial","MAJOR_ROAD_NETWORK":"Yes"}},{"type":"Feature","id":1823,"geometry":{"type":"LineString","coordinates":[[-122.80993578478883,49.05880575286343],[-122.80818232363495,49.05976380101722]]},"properties":{"OBJECTID":1823,"ROAD_NAME":"32 Ave Div","TRUCK_ROUTE":"Truck Routes","STATUS":"Open","RD_CLASS":"Arterial","MAJOR_ROAD_NETWORK":"Yes"}},{"type":"Feature","id":1824,"geometry":{"type":"LineString","coordinates":[[-122.85690565455171,49.160464649058625],[-122.85692355701836,49.16252965440435],[-122.8569100726181,49.16263920145224]]},"properties":{"OBJECTID":1824,"ROAD_NAME":"132 St","TRUCK_ROUTE":"Truck Routes","STATUS":"Open","RD_CLASS":"Arterial","MAJOR_ROAD_NETWORK":null}},{"type":"Feature","id":2083,"geometry":{"type":"LineString","coordinates":[[-122.78449972729362,49.17690080394021],[-122.78207402870571,49.1769027796976]]},"properties":{"OBJECTID":2083,"ROAD_NAME":"96 Ave","TRUCK_ROUTE":"Truck Routes","STATUS":"Open","RD_CLASS":"Arterial","MAJOR_ROAD_NETWORK":"Yes"}},{"type":"Feature","id":1205,"geometry":{"type":"LineString","coordinates":[[-122.85643702969439,49.191665031368146],[-122.8564402956631,49.19224011030161]]},"properties":{"OBJECTID":1205,"ROAD_NAME":"132 St","TRUCK_ROUTE":"Truck Routes with Restrictions","STATUS":"Open","RD_CLASS":"Arterial","MAJOR_ROAD_NETWORK":null}},{"type":"Feature","id":3678,"geometry":{"type":"LineString","coordinates":[[-122.83973228921825,49.19154777752189],[-122.8390360048664,49.191537587936736]]},"properties":{"OBJECTID":3678,"ROAD_NAME":"104 Ave","TRUCK_ROUTE":"Truck Routes","STATUS":"Open","RD_CLASS":"Arterial","MAJOR_ROAD_NETWORK":"Yes"}},{"type":"Feature","id":547,"geometry":{"type":"LineString","coordinates":[[-122.8454856285361,49.119039261058425],[-122.84551519761081,49.12324692701033],[-122.84554791229564,49.1262303073342]]},"properties":{"OBJECTID":547,"ROAD_NAME":"King George Blvd","TRUCK_ROUTE":"Dangerous Goods Routes","STATUS":"Open","RD_CLASS":"Arterial","MAJOR_ROAD_NETWORK":"Yes"}},{"type":"Feature","id":11128,"geometry":{"type":"LineString","coordinates":[[-122.8564402956631,49.19224011030161],[-122.85644596376738,49.19326280235875]]},"properties":{"OBJECTID":11128,"ROAD_NAME":"132 St","TRUCK_ROUTE":"Truck Routes with Restrictions","STATUS":"Open","RD_CLASS":"Arterial","MAJOR_ROAD_NETWORK":null}},{"type":"Feature","id":1290,"geometry":{"type":"LineString","coordinates":[[-122.85659798319715,49.18258359228468],[-122.85656285944782,49.18342893258938]]},"properties":{"OBJECTID":1290,"ROAD_NAME":"132 St","TRUCK_ROUTE":"Truck Routes with Restrictions","STATUS":"Open","RD_CLASS":"Arterial","MAJOR_ROAD_NETWORK":null}},{"type":"Feature","id":2749,"geometry":{"type":"LineString","coordinates":[[-122.81437994662109,49.17112722186497],[-122.81228717143584,49.17031605061743]]},"properties":{"OBJECTID":2749,"ROAD_NAME":"Fraser Hwy","TRUCK_ROUTE":"Dangerous Goods Routes","STATUS":"Open","RD_CLASS":"Arterial","MAJOR_ROAD_NETWORK":"Yes"}},{"type":"Feature","id":3669,"geometry":{"type":"LineString","coordinates":[[-122.87083139562252,49.177172385210056],[-122.87078899829432,49.17717242711889],[-122.86822358155662,49.1771877144341],[-122.86798855813386,49.17717223846293]]},"properties":{"OBJECTID":3669,"ROAD_NAME":"96 Ave","TRUCK_ROUTE":"Truck Routes","STATUS":"Open","RD_CLASS":"Arterial","MAJOR_ROAD_NETWORK":"Yes"}},{"type":"Feature","id":2778,"geometry":{"type":"LineString","coordinates":[[-122.84279667644294,49.133558902717716],[-122.8386525658005,49.13359602378326]]},"properties":{"OBJECTID":2778,"ROAD_NAME":"72 Ave","TRUCK_ROUTE":"Truck Routes","STATUS":"Open","RD_CLASS":"Arterial","MAJOR_ROAD_NETWORK":"Yes"}},{"type":"Feature","id":1454,"geometry":{"type":"LineString","coordinates":[[-122.89035940688237,49.16321010391061],[-122.88762026425346,49.16321187854602]]},"properties":{"OBJECTID":1454,"ROAD_NAME":"88 Ave","TRUCK_ROUTE":"Truck Routes","STATUS":"Open","RD_CLASS":"Local","MAJOR_ROAD_NETWORK":null}},{"type":"Feature","id":12954,"geometry":{"type":"LineString","coordinates":[[-122.89010097526636,49.19211236566755],[-122.88995749546108,49.192404288611165],[-122.8897234693796,49.19281819203656],[-122.88943765761668,49.19321443763242],[-122.88911908088373,49.193590920362915],[-122.88876758302277,49.193894694720285]]},"properties":{"OBJECTID":12954,"ROAD_NAME":"Scott Rd","TRUCK_ROUTE":"Truck Routes","STATUS":"Open","RD_CLASS":"Arterial","MAJOR_ROAD_NETWORK":"Yes"}},{"type":"Feature","id":2780,"geometry":{"type":"LineString","coordinates":[[-122.81773639248273,49.119126106749846],[-122.81217791048589,49.11912748371153]]},"properties":{"OBJECTID":2780,"ROAD_NAME":"64 Ave","TRUCK_ROUTE":"Truck Routes","STATUS":"Open","RD_CLASS":"Arterial","MAJOR_ROAD_NETWORK":"Yes"}},{"type":"Feature","id":2025,"geometry":{"type":"LineString","coordinates":[[-122.7732141377198,49.16277475378876],[-122.77033052815177,49.16278958609556],[-122.76773717379048,49.162803848463646]]},"properties":{"OBJECTID":2025,"ROAD_NAME":"88 Ave","TRUCK_ROUTE":"Truck Routes","STATUS":"Open","RD_CLASS":"Arterial","MAJOR_ROAD_NETWORK":"Yes"}},{"type":"Feature","id":2808,"geometry":{"type":"LineString","coordinates":[[-122.88762026425346,49.16321187854602],[-122.88600787582779,49.16321733348722],[-122.88579194150194,49.163214740104046],[-122.88555967836191,49.16321094012234],[-122.88538555724182,49.16317506701641],[-122.88524776996358,49.16312137954813],[-122.88510279885874,49.16303555438837],[-122.88498140837957,49.16293797217094],[-122.88482615477128,49.16282673806611]]},"properties":{"OBJECTID":2808,"ROAD_NAME":"88 Ave","TRUCK_ROUTE":"Truck Routes","STATUS":"Open","RD_CLASS":"Local","MAJOR_ROAD_NETWORK":null}},{"type":"Feature","id":3094,"geometry":{"type":"LineString","coordinates":[[-122.84571832342664,49.17704218268024],[-122.84560070015203,49.17924156423144]]},"properties":{"OBJECTID":3094,"ROAD_NAME":"King George Blvd","TRUCK_ROUTE":"Dangerous Goods Routes","STATUS":"Open","RD_CLASS":"Arterial","MAJOR_ROAD_NETWORK":"Yes"}},{"type":"Feature","id":4467,"geometry":{"type":"LineString","coordinates":[[-122.87904393179608,49.20227180467408],[-122.87833729629162,49.20286745048617]]},"properties":{"OBJECTID":4467,"ROAD_NAME":"Scott Rd","TRUCK_ROUTE":"Truck Routes","STATUS":"Open","RD_CLASS":"Arterial","MAJOR_ROAD_NETWORK":"Yes"}},{"type":"Feature","id":3082,"geometry":{"type":"LineString","coordinates":[[-122.78415924130591,49.191563075588164],[-122.78218724938225,49.19155587854536],[-122.78206524286817,49.19155777598311]]},"properties":{"OBJECTID":3082,"ROAD_NAME":"104 Ave","TRUCK_ROUTE":"Truck Routes","STATUS":"Open","RD_CLASS":"Arterial","MAJOR_ROAD_NETWORK":"Yes"}},{"type":"Feature","id":1409,"geometry":{"type":"LineString","coordinates":[[-122.84564529765844,49.14269331319084],[-122.84565805943838,49.144496020764215]]},"properties":{"OBJECTID":1409,"ROAD_NAME":"King George Blvd","TRUCK_ROUTE":"Dangerous Goods Routes","STATUS":"Open","RD_CLASS":"Arterial","MAJOR_ROAD_NETWORK":"Yes"}},{"type":"Feature","id":5596,"geometry":{"type":"LineString","coordinates":[[-122.83445362884324,49.13363345839823],[-122.83331002243294,49.13364369246205],[-122.83024522115427,49.13367135532988]]},"properties":{"OBJECTID":5596,"ROAD_NAME":"72 Ave","TRUCK_ROUTE":"Truck Routes","STATUS":"Open","RD_CLASS":"Arterial","MAJOR_ROAD_NETWORK":"Yes"}},{"type":"Feature","id":2711,"geometry":{"type":"LineString","coordinates":[[-122.77886296201288,49.162747455047715],[-122.77825283464715,49.16275042352303],[-122.77767466604747,49.162753180687105]]},"properties":{"OBJECTID":2711,"ROAD_NAME":"88 Ave","TRUCK_ROUTE":"Truck Routes","STATUS":"Open","RD_CLASS":"Arterial","MAJOR_ROAD_NETWORK":"Yes"}},{"type":"Feature","id":5187,"geometry":{"type":"LineString","coordinates":[[-122.89023911857244,49.17135641773099],[-122.89021513890495,49.17298431590053]]},"properties":{"OBJECTID":5187,"ROAD_NAME":"120 St","TRUCK_ROUTE":"Truck Routes","STATUS":"Open","RD_CLASS":"Arterial","MAJOR_ROAD_NETWORK":"Yes"}},{"type":"Feature","id":2767,"geometry":{"type":"LineString","coordinates":[[-122.88195737823395,49.13398241366073],[-122.87910272628633,49.13394690351346]]},"properties":{"OBJECTID":2767,"ROAD_NAME":"72 Ave","TRUCK_ROUTE":"Truck Routes","STATUS":"Open","RD_CLASS":"Arterial","MAJOR_ROAD_NETWORK":"Yes"}},{"type":"Feature","id":5615,"geometry":{"type":"LineString","coordinates":[[-122.75157264789411,49.03113244990083],[-122.75072538971712,49.031137744382285],[-122.74615034355712,49.03116622615155]]},"properties":{"OBJECTID":5615,"ROAD_NAME":"16 Ave","TRUCK_ROUTE":"Truck Routes","STATUS":"Open","RD_CLASS":"Arterial","MAJOR_ROAD_NETWORK":"Yes"}},{"type":"Feature","id":5213,"geometry":{"type":"LineString","coordinates":[[-122.83210655560868,49.191483927383686],[-122.83137530030972,49.1914875327186]]},"properties":{"OBJECTID":5213,"ROAD_NAME":"104 Ave","TRUCK_ROUTE":"Truck Routes","STATUS":"Open","RD_CLASS":"Arterial","MAJOR_ROAD_NETWORK":"Yes"}},{"type":"Feature","id":3055,"geometry":{"type":"LineString","coordinates":[[-122.83411898970583,49.195161884396164],[-122.83410544869801,49.198849616972325]]},"properties":{"OBJECTID":3055,"ROAD_NAME":"140 St","TRUCK_ROUTE":"Truck Routes","STATUS":"Open","RD_CLASS":"Arterial","MAJOR_ROAD_NETWORK":null}},{"type":"Feature","id":1994,"geometry":{"type":"LineString","coordinates":[[-122.85646232682636,49.19622742447216],[-122.85646665448783,49.19700624718242]]},"properties":{"OBJECTID":1994,"ROAD_NAME":"132 St","TRUCK_ROUTE":"Truck Routes with Restrictions","STATUS":"Open","RD_CLASS":"Arterial","MAJOR_ROAD_NETWORK":null}},{"type":"Feature","id":5197,"geometry":{"type":"LineString","coordinates":[[-122.84189887878036,49.19157613185863],[-122.83973228921825,49.19154777752189]]},"properties":{"OBJECTID":5197,"ROAD_NAME":"104 Ave","TRUCK_ROUTE":"Truck Routes","STATUS":"Open","RD_CLASS":"Arterial","MAJOR_ROAD_NETWORK":"Yes"}},{"type":"Feature","id":3066,"geometry":{"type":"LineString","coordinates":[[-122.78518780163924,49.16277782652927],[-122.78452229009146,49.16277469852558],[-122.78203238276649,49.16276247273457]]},"properties":{"OBJECTID":3066,"ROAD_NAME":"88 Ave","TRUCK_ROUTE":"Truck Routes","STATUS":"Open","RD_CLASS":"Arterial","MAJOR_ROAD_NETWORK":"Yes"}},{"type":"Feature","id":3074,"geometry":{"type":"LineString","coordinates":[[-122.88462296314273,49.1771592106672],[-122.88188127881475,49.177165639353376]]},"properties":{"OBJECTID":3074,"ROAD_NAME":"96 Ave","TRUCK_ROUTE":"Truck Routes","STATUS":"Open","RD_CLASS":"Arterial","MAJOR_ROAD_NETWORK":"Yes"}},{"type":"Feature","id":3738,"geometry":{"type":"LineString","coordinates":[[-122.8679988080686,49.15536619887592],[-122.86800732997231,49.15743386376646]]},"properties":{"OBJECTID":3738,"ROAD_NAME":"128 St","TRUCK_ROUTE":"Truck Routes","STATUS":"Open","RD_CLASS":"Arterial","MAJOR_ROAD_NETWORK":"Yes"}},{"type":"Feature","id":11139,"geometry":{"type":"LineString","coordinates":[[-122.8902785908567,49.189090572736916],[-122.8902745267445,49.190593228318264]]},"properties":{"OBJECTID":11139,"ROAD_NAME":"Scott Rd","TRUCK_ROUTE":"Truck Routes","STATUS":"Open","RD_CLASS":"Arterial","MAJOR_ROAD_NETWORK":"Yes"}},{"type":"Feature","id":2667,"geometry":{"type":"LineString","coordinates":[[-122.81221632716364,49.0311543621638],[-122.80530096355785,49.03113014488377]]},"properties":{"OBJECTID":2667,"ROAD_NAME":"16 Ave","TRUCK_ROUTE":"Truck Routes","STATUS":"Open","RD_CLASS":"Arterial","MAJOR_ROAD_NETWORK":null}},{"type":"Feature","id":4663,"geometry":{"type":"LineString","coordinates":[[-122.84567048063506,49.14627686437681],[-122.84568371367791,49.148148830936584]]},"properties":{"OBJECTID":4663,"ROAD_NAME":"King George Blvd","TRUCK_ROUTE":"Dangerous Goods Routes","STATUS":"Open","RD_CLASS":"Arterial","MAJOR_ROAD_NETWORK":"Yes"}},{"type":"Feature","id":4014,"geometry":{"type":"LineString","coordinates":[[-122.89037256037449,49.155988371108464],[-122.89037004966724,49.157402212141854]]},"properties":{"OBJECTID":4014,"ROAD_NAME":"120 St","TRUCK_ROUTE":"Truck Routes","STATUS":"Open","RD_CLASS":"Arterial","MAJOR_ROAD_NETWORK":"Yes"}},{"type":"Feature","id":10286,"geometry":{"type":"LineString","coordinates":[[-122.8903550668722,49.1340865502404],[-122.88756950782863,49.13405204471991]]},"properties":{"OBJECTID":10286,"ROAD_NAME":"72 Ave","TRUCK_ROUTE":"Truck Routes","STATUS":"Open","RD_CLASS":"Arterial","MAJOR_ROAD_NETWORK":"Yes"}},{"type":"Feature","id":6759,"geometry":{"type":"LineString","coordinates":[[-122.88756950782863,49.13405204471991],[-122.88482150095797,49.13401804455629]]},"properties":{"OBJECTID":6759,"ROAD_NAME":"72 Ave","TRUCK_ROUTE":"Truck Routes","STATUS":"Open","RD_CLASS":"Arterial","MAJOR_ROAD_NETWORK":"Yes"}},{"type":"Feature","id":4799,"geometry":{"type":"LineString","coordinates":[[-122.82302371004454,49.19878565780248],[-122.82150547265879,49.19877754987012]]},"properties":{"OBJECTID":4799,"ROAD_NAME":"108 Ave","TRUCK_ROUTE":"Truck Routes with Restrictions","STATUS":"Open","RD_CLASS":"Arterial","MAJOR_ROAD_NETWORK":"Yes"}},{"type":"Feature","id":5015,"geometry":{"type":"LineString","coordinates":[[-122.83983163612983,49.18071680422946],[-122.83970641870516,49.180698188114405],[-122.83958189504459,49.18067723406865],[-122.83945833988652,49.18065385252906],[-122.83931326876134,49.180622254870514],[-122.83916999303257,49.180587151409085],[-122.83902878681177,49.18054863247067],[-122.83888636082962,49.180505434001645],[-122.83876505792621,49.18046469404579],[-122.83864458112213,49.18042314555778],[-122.83852479379284,49.180380608441176],[-122.83840569506262,49.18033735255629],[-122.83828728552176,49.18029319800003],[-122.83817120968614,49.18024877677487],[-122.83436129040949,49.17880106454804]]},"properties":{"OBJECTID":5015,"ROAD_NAME":"Fraser Hwy","TRUCK_ROUTE":"Dangerous Goods Routes","STATUS":"Open","RD_CLASS":"Arterial","MAJOR_ROAD_NETWORK":"Yes"}},{"type":"Feature","id":3691,"geometry":{"type":"LineString","coordinates":[[-122.8901780511944,49.180861899663654],[-122.89017994985228,49.1813833345815],[-122.89021031263682,49.182428668325855],[-122.89018801409293,49.18262401300502]]},"properties":{"OBJECTID":3691,"ROAD_NAME":"120 St","TRUCK_ROUTE":"Truck Routes","STATUS":"Open","RD_CLASS":"Arterial","MAJOR_ROAD_NETWORK":"Yes"}},{"type":"Feature","id":5749,"geometry":{"type":"LineString","coordinates":[[-122.8569100726181,49.16263920145224],[-122.85690776487709,49.163105699395814],[-122.85690056014168,49.16450573141951]]},"properties":{"OBJECTID":5749,"ROAD_NAME":"132 St","TRUCK_ROUTE":"Truck Routes with Restrictions","STATUS":"Open","RD_CLASS":"Arterial","MAJOR_ROAD_NETWORK":null}},{"type":"Feature","id":5753,"geometry":{"type":"LineString","coordinates":[[-122.89030603362615,49.16682409630959],[-122.89027139227497,49.169176528522826]]},"properties":{"OBJECTID":5753,"ROAD_NAME":"120 St","TRUCK_ROUTE":"Truck Routes","STATUS":"Open","RD_CLASS":"Arterial","MAJOR_ROAD_NETWORK":"Yes"}},{"type":"Feature","id":3221,"geometry":{"type":"LineString","coordinates":[[-122.83436129040949,49.17880106454804],[-122.82915277526465,49.17682090063903],[-122.82843686324492,49.176548675420854]]},"properties":{"OBJECTID":3221,"ROAD_NAME":"Fraser Hwy","TRUCK_ROUTE":"Dangerous Goods Routes","STATUS":"Open","RD_CLASS":"Arterial","MAJOR_ROAD_NETWORK":"Yes"}},{"type":"Feature","id":3140,"geometry":{"type":"LineString","coordinates":[[-122.8592376757767,49.03127054934263],[-122.85647048293013,49.03126242403862]]},"properties":{"OBJECTID":3140,"ROAD_NAME":"16 Ave","TRUCK_ROUTE":"Truck Routes","STATUS":"Open","RD_CLASS":"Arterial","MAJOR_ROAD_NETWORK":null}},{"type":"Feature","id":3907,"geometry":{"type":"LineString","coordinates":[[-122.84531898809811,49.19444663409259],[-122.8453109044513,49.195229135496184]]},"properties":{"OBJECTID":3907,"ROAD_NAME":"King George Blvd","TRUCK_ROUTE":"Dangerous Goods Routes","STATUS":"Open","RD_CLASS":"Arterial","MAJOR_ROAD_NETWORK":"Yes"}},{"type":"Feature","id":3156,"geometry":{"type":"LineString","coordinates":[[-122.85652160048272,49.184402718306174],[-122.85651086141846,49.185357021887725]]},"properties":{"OBJECTID":3156,"ROAD_NAME":"132 St","TRUCK_ROUTE":"Truck Routes with Restrictions","STATUS":"Open","RD_CLASS":"Arterial","MAJOR_ROAD_NETWORK":null}},{"type":"Feature","id":4688,"geometry":{"type":"LineString","coordinates":[[-122.86794188660203,49.14473005604538],[-122.86794590802806,49.14640936513811]]},"properties":{"OBJECTID":4688,"ROAD_NAME":"128 St","TRUCK_ROUTE":"Truck Routes","STATUS":"Open","RD_CLASS":"Arterial","MAJOR_ROAD_NETWORK":"Yes"}},{"type":"Feature","id":4705,"geometry":{"type":"LineString","coordinates":[[-122.88176558833271,49.199901654099385],[-122.88103021910189,49.20059399091208]]},"properties":{"OBJECTID":4705,"ROAD_NAME":"Scott Rd","TRUCK_ROUTE":"Truck Routes","STATUS":"Open","RD_CLASS":"Arterial","MAJOR_ROAD_NETWORK":"Yes"}},{"type":"Feature","id":4707,"geometry":{"type":"LineString","coordinates":[[-122.83891923761145,49.162773197617234],[-122.8375398710644,49.162776030034046]]},"properties":{"OBJECTID":4707,"ROAD_NAME":"88 Ave","TRUCK_ROUTE":"Truck Routes","STATUS":"Open","RD_CLASS":"Arterial","MAJOR_ROAD_NETWORK":"Yes"}},{"type":"Feature","id":385,"geometry":{"type":"LineString","coordinates":[[-122.86662447998123,49.20810623352894],[-122.86644402748777,49.208228132061635],[-122.86612238257261,49.208419983585394],[-122.86577869405765,49.20858824043623],[-122.86538519974917,49.20874375523093],[-122.86491683761552,49.20891375315579],[-122.86464103358304,49.20900652833758]]},"properties":{"OBJECTID":385,"ROAD_NAME":"Bridgeview Dr","TRUCK_ROUTE":"Truck Routes","STATUS":"Open","RD_CLASS":"Arterial","MAJOR_ROAD_NETWORK":"Yes"}},{"type":"Feature","id":1648,"geometry":{"type":"LineString","coordinates":[[-122.86187408732378,49.2112298110693],[-122.86185446822428,49.21323448101682]]},"properties":{"OBJECTID":1648,"ROAD_NAME":"Bridgeview Dr","TRUCK_ROUTE":"Truck Routes","STATUS":"Open","RD_CLASS":"Arterial","MAJOR_ROAD_NETWORK":"Yes"}},{"type":"Feature","id":3405,"geometry":{"type":"LineString","coordinates":[[-122.80100253422643,49.11665025929133],[-122.80099118763758,49.11866351514977]]},"properties":{"OBJECTID":3405,"ROAD_NAME":"152 St","TRUCK_ROUTE":"Truck Routes","STATUS":"Open","RD_CLASS":"Arterial","MAJOR_ROAD_NETWORK":"Yes"}},{"type":"Feature","id":3157,"geometry":{"type":"LineString","coordinates":[[-122.7845438589456,49.03832082282311],[-122.79008507249743,49.0427919085642]]},"properties":{"OBJECTID":3157,"ROAD_NAME":"King George Blvd","TRUCK_ROUTE":"Dangerous Goods Routes","STATUS":"Open","RD_CLASS":"Arterial","MAJOR_ROAD_NETWORK":"Yes"}},{"type":"Feature","id":118388,"geometry":{"type":"LineString","coordinates":[[-122.69266506998032,49.11955302114151],[-122.69135330721217,49.11896712632443]]},"properties":{"OBJECTID":118388,"ROAD_NAME":"Fraser Hwy","TRUCK_ROUTE":"Dangerous Goods Routes","STATUS":"Open","RD_CLASS":"Arterial","MAJOR_ROAD_NETWORK":"Yes"}},{"type":"Feature","id":3810,"geometry":{"type":"LineString","coordinates":[[-122.84535988832342,49.197513827180664],[-122.84536853827228,49.197552729479575],[-122.84538045718732,49.197603929148386],[-122.84539279467751,49.197652970487724],[-122.845407719366,49.197708671872604],[-122.84542360212146,49.19776527407742],[-122.8454389558471,49.19781548885528],[-122.84545322669338,49.197860844676505],[-122.84546777800661,49.19790431184362],[-122.84548655048964,49.19795866906975],[-122.84550655502085,49.198014107388616],[-122.84552493802606,49.19806135774069],[-122.84554863613955,49.1981208489199],[-122.84557370555788,49.19818079169956],[-122.84560137576872,49.19824307675444],[-122.84562564450228,49.198295732196414],[-122.84564841798792,49.19834370803604],[-122.8456958913181,49.198438223019345],[-122.84574938966057,49.19853751359169],[-122.84580440967564,49.19863311806914],[-122.84583800117673,49.19868956398828],[-122.84590397736481,49.19879336885533],[-122.84595248015276,49.198866206249086]]},"properties":{"OBJECTID":3810,"ROAD_NAME":"King George Blvd","TRUCK_ROUTE":"Dangerous Goods Routes","STATUS":"Open","RD_CLASS":"Arterial","MAJOR_ROAD_NETWORK":"Yes"}},{"type":"Feature","id":5238,"geometry":{"type":"LineString","coordinates":[[-122.84533660701665,49.19276668212126],[-122.84533291118258,49.19311380859229]]},"properties":{"OBJECTID":5238,"ROAD_NAME":"King George Blvd","TRUCK_ROUTE":"Dangerous Goods Routes","STATUS":"Open","RD_CLASS":"Arterial","MAJOR_ROAD_NETWORK":"Yes"}},{"type":"Feature","id":3252,"geometry":{"type":"LineString","coordinates":[[-122.77886596436846,49.17006870838417],[-122.77886798560829,49.17289898986256]]},"properties":{"OBJECTID":3252,"ROAD_NAME":"160 St","TRUCK_ROUTE":"Truck Routes","STATUS":"Open","RD_CLASS":"Arterial","MAJOR_ROAD_NETWORK":"Yes"}},{"type":"Feature","id":2446,"geometry":{"type":"LineString","coordinates":[[-122.80115464438552,49.09508460174793],[-122.80112799476714,49.09566583470475],[-122.80114077113966,49.09609664707462],[-122.80111603286569,49.09827823026381],[-122.80110962697104,49.09958278109191],[-122.80110182698672,49.1004009117491],[-122.80110212602098,49.10094220265351],[-122.80106919591856,49.101563340284045],[-122.80106790627615,49.101697821835785]]},"properties":{"OBJECTID":2446,"ROAD_NAME":"152 St","TRUCK_ROUTE":"Truck Routes","STATUS":"Open","RD_CLASS":"Arterial","MAJOR_ROAD_NETWORK":"Yes"}},{"type":"Feature","id":9005,"geometry":{"type":"LineString","coordinates":[[-122.79008507249743,49.0427919085642],[-122.79356033325381,49.045594767118004]]},"properties":{"OBJECTID":9005,"ROAD_NAME":"King George Blvd","TRUCK_ROUTE":"Dangerous Goods Routes","STATUS":"Open","RD_CLASS":"Arterial","MAJOR_ROAD_NETWORK":"Yes"}},{"type":"Feature","id":73831,"geometry":{"type":"LineString","coordinates":[[-122.6995184279358,49.12271552502959],[-122.6985985589554,49.12228338922373],[-122.69739160609875,49.12173877089897],[-122.69605450487819,49.12115447616086],[-122.69459358561957,49.120472952050996],[-122.69346032551279,49.11992908232569],[-122.6929115066951,49.11966629433559],[-122.69266506998032,49.11955302114151]]},"properties":{"OBJECTID":73831,"ROAD_NAME":"Fraser Hwy","TRUCK_ROUTE":"Dangerous Goods Routes","STATUS":"Open","RD_CLASS":"Arterial","MAJOR_ROAD_NETWORK":"Yes"}},{"type":"Feature","id":3819,"geometry":{"type":"LineString","coordinates":[[-122.69068405851539,49.089548882493034],[-122.69092386945715,49.09261258790945]]},"properties":{"OBJECTID":3819,"ROAD_NAME":"192 St","TRUCK_ROUTE":"Truck Routes","STATUS":"Open","RD_CLASS":"Arterial","MAJOR_ROAD_NETWORK":null}},{"type":"Feature","id":8458,"geometry":{"type":"LineString","coordinates":[[-122.7737391032858,49.031077936678884],[-122.76932656085029,49.03109153062054]]},"properties":{"OBJECTID":8458,"ROAD_NAME":"16 Ave","TRUCK_ROUTE":"Truck Routes","STATUS":"Open","RD_CLASS":"Arterial","MAJOR_ROAD_NETWORK":"Yes"}},{"type":"Feature","id":4686,"geometry":{"type":"LineString","coordinates":[[-122.78721508583706,49.060101903838344],[-122.7791653286571,49.06009060828491]]},"properties":{"OBJECTID":4686,"ROAD_NAME":"32 Ave","TRUCK_ROUTE":"Truck Routes","STATUS":"Open","RD_CLASS":"Arterial","MAJOR_ROAD_NETWORK":"Yes"}},{"type":"Feature","id":3368,"geometry":{"type":"LineString","coordinates":[[-122.69136837710032,49.07926173820301],[-122.69118495249491,49.082019658538776]]},"properties":{"OBJECTID":3368,"ROAD_NAME":"192 St","TRUCK_ROUTE":"Truck Routes","STATUS":"Open","RD_CLASS":"Arterial","MAJOR_ROAD_NETWORK":null}},{"type":"Feature","id":3951,"geometry":{"type":"LineString","coordinates":[[-122.8832565360259,49.13399866132225],[-122.88195737822717,49.13398241365785]]},"properties":{"OBJECTID":3951,"ROAD_NAME":"72 Ave","TRUCK_ROUTE":"Truck Routes","STATUS":"Open","RD_CLASS":"Arterial","MAJOR_ROAD_NETWORK":"Yes"}},{"type":"Feature","id":3960,"geometry":{"type":"LineString","coordinates":[[-122.77555809927324,49.03107138911803],[-122.7737391032858,49.031077936678884]]},"properties":{"OBJECTID":3960,"ROAD_NAME":"16 Ave","TRUCK_ROUTE":"Truck Routes","STATUS":"Open","RD_CLASS":"Arterial","MAJOR_ROAD_NETWORK":"Yes"}},{"type":"Feature","id":11266,"geometry":{"type":"LineString","coordinates":[[-122.70053326536866,49.060136701989805],[-122.69701672367673,49.060129670109845]]},"properties":{"OBJECTID":11266,"ROAD_NAME":"32 Ave","TRUCK_ROUTE":"Truck Routes","STATUS":"Open","RD_CLASS":"Arterial","MAJOR_ROAD_NETWORK":"Yes"}},{"type":"Feature","id":86316,"geometry":{"type":"LineString","coordinates":[[-122.702485074626,49.06014055870237],[-122.70053326536866,49.060136701989805]]},"properties":{"OBJECTID":86316,"ROAD_NAME":"32 Ave","TRUCK_ROUTE":"Truck Routes","STATUS":"Open","RD_CLASS":"Arterial","MAJOR_ROAD_NETWORK":"Yes"}},{"type":"Feature","id":90476,"geometry":{"type":"LineString","coordinates":[[-122.69155291909019,49.06231394483993],[-122.69157268100341,49.064496241520565]]},"properties":{"OBJECTID":90476,"ROAD_NAME":"192 St","TRUCK_ROUTE":"Truck Routes","STATUS":"Open","RD_CLASS":"Arterial","MAJOR_ROAD_NETWORK":null}},{"type":"Feature","id":74140,"geometry":{"type":"LineString","coordinates":[[-122.69153382757364,49.06011834741539],[-122.69155291909019,49.06231394483993]]},"properties":{"OBJECTID":74140,"ROAD_NAME":"192 St","TRUCK_ROUTE":"Truck Routes","STATUS":"Open","RD_CLASS":"Arterial","MAJOR_ROAD_NETWORK":null}},{"type":"Feature","id":83439,"geometry":{"type":"LineString","coordinates":[[-122.69157268100341,49.064496241520565],[-122.69159893262783,49.06739492913068]]},"properties":{"OBJECTID":83439,"ROAD_NAME":"192 St","TRUCK_ROUTE":"Truck Routes","STATUS":"Open","RD_CLASS":"Arterial","MAJOR_ROAD_NETWORK":null}},{"type":"Feature","id":2066,"geometry":{"type":"LineString","coordinates":[[-122.69111859617604,49.09578504108415],[-122.6911148008853,49.09639670635853],[-122.69108641766448,49.097480959984935],[-122.69103629358257,49.0998412573045],[-122.69114356547274,49.10122746935061]]},"properties":{"OBJECTID":2066,"ROAD_NAME":"192 St","TRUCK_ROUTE":"Truck Routes","STATUS":"Open","RD_CLASS":"Arterial","MAJOR_ROAD_NETWORK":null}},{"type":"Feature","id":4400,"geometry":{"type":"LineString","coordinates":[[-122.69114356547477,49.10122746934898],[-122.69114869749221,49.101289866517284],[-122.69115462912058,49.10136198549081],[-122.69116055652664,49.101434052924915],[-122.69116656751032,49.10151100610116],[-122.69117145826577,49.1016061859657],[-122.69117324801816,49.101694318853916],[-122.69117502168508,49.10184742167696],[-122.69112614837715,49.10449484078122]]},"properties":{"OBJECTID":4400,"ROAD_NAME":"192 St","TRUCK_ROUTE":"Truck Routes","STATUS":"Open","RD_CLASS":"Arterial","MAJOR_ROAD_NETWORK":null}},{"type":"Feature","id":1939,"geometry":{"type":"LineString","coordinates":[[-122.69701672367673,49.060129670109845],[-122.69153382757364,49.06011834741539]]},"properties":{"OBJECTID":1939,"ROAD_NAME":"32 Ave","TRUCK_ROUTE":"Truck Routes","STATUS":"Open","RD_CLASS":"Arterial","MAJOR_ROAD_NETWORK":"Yes"}},{"type":"Feature","id":3110,"geometry":{"type":"LineString","coordinates":[[-122.84417367674133,49.17703461285947],[-122.84339627991316,49.1770307629548]]},"properties":{"OBJECTID":3110,"ROAD_NAME":"96 Ave","TRUCK_ROUTE":"Truck Routes","STATUS":"Open","RD_CLASS":"Arterial","MAJOR_ROAD_NETWORK":"Yes"}},{"type":"Feature","id":73502,"geometry":{"type":"LineString","coordinates":[[-122.72230406398164,49.13197915467559],[-122.72205406551025,49.13190877577224],[-122.72175761892339,49.13184169333089],[-122.72146552193438,49.13178327737153],[-122.72118657704213,49.131732106392406],[-122.72084611126427,49.13167357205246],[-122.72056718384846,49.131619514033495],[-122.72035638231192,49.131571391528986],[-122.72013458801216,49.13152324199381],[-122.71988211896299,49.13145626131947],[-122.71962971568358,49.13137773791534],[-122.7193027961879,49.13125719185319],[-122.71906585038985,49.1311671624539],[-122.71885304126107,49.13108584809521],[-122.7186424640988,49.13099876761315],[-122.71836822613632,49.130894217973214],[-122.71811282677793,49.13079393160584]]},"properties":{"OBJECTID":73502,"ROAD_NAME":"Fraser Hwy","TRUCK_ROUTE":"Dangerous Goods Routes","STATUS":"Open","RD_CLASS":"Arterial","MAJOR_ROAD_NETWORK":"Yes"}},{"type":"Feature","id":4765,"geometry":{"type":"LineString","coordinates":[[-122.69129186278636,49.03106326224498],[-122.69134849157555,49.03837977429797]]},"properties":{"OBJECTID":4765,"ROAD_NAME":"192 St","TRUCK_ROUTE":"Truck Routes","STATUS":"Open","RD_CLASS":"Arterial","MAJOR_ROAD_NETWORK":null}},{"type":"Feature","id":5287,"geometry":{"type":"LineString","coordinates":[[-122.69144209886477,49.04569040467418],[-122.69144856370042,49.04580211181315],[-122.69141934707385,49.0474541476996]]},"properties":{"OBJECTID":5287,"ROAD_NAME":"192 St","TRUCK_ROUTE":"Truck Routes","STATUS":"Open","RD_CLASS":"Arterial","MAJOR_ROAD_NETWORK":null}},{"type":"Feature","id":73513,"geometry":{"type":"LineString","coordinates":[[-122.71770011610008,49.13063404937359],[-122.7173772260117,49.13050896526964],[-122.71666627829309,49.13023802398318],[-122.71602532415356,49.12999912928506],[-122.71532512528415,49.12973883241476],[-122.712542931961,49.12873310746999]]},"properties":{"OBJECTID":73513,"ROAD_NAME":"Fraser Hwy","TRUCK_ROUTE":"Dangerous Goods Routes","STATUS":"Open","RD_CLASS":"Arterial","MAJOR_ROAD_NETWORK":"Yes"}},{"type":"Feature","id":246412,"geometry":{"type":"LineString","coordinates":[[-122.71811282677793,49.13079393160584],[-122.71770011610008,49.13063404937359]]},"properties":{"OBJECTID":246412,"ROAD_NAME":"Fraser Hwy","TRUCK_ROUTE":"Dangerous Goods Routes","STATUS":"Open","RD_CLASS":"Arterial","MAJOR_ROAD_NETWORK":"Yes"}},{"type":"Feature","id":5331,"geometry":{"type":"LineString","coordinates":[[-122.77886296201288,49.162747455047715],[-122.77883226678766,49.1628697569021],[-122.77886305459822,49.16374134875178]]},"properties":{"OBJECTID":5331,"ROAD_NAME":"160 St","TRUCK_ROUTE":"Truck Routes","STATUS":"Open","RD_CLASS":"Arterial","MAJOR_ROAD_NETWORK":"Yes"}},{"type":"Feature","id":73823,"geometry":{"type":"LineString","coordinates":[[-122.73377051595897,49.137709955201245],[-122.72865523725721,49.135458583649005],[-122.72824362135165,49.1352791123858],[-122.72784561027191,49.13509967171641],[-122.72755168666912,49.1349561759647],[-122.72726688156487,49.134803775833284],[-122.72695055334384,49.134612624764195],[-122.72686130206654,49.13455537163285]]},"properties":{"OBJECTID":73823,"ROAD_NAME":"Fraser Hwy","TRUCK_ROUTE":"Dangerous Goods Routes","STATUS":"Open","RD_CLASS":"Arterial","MAJOR_ROAD_NETWORK":"Yes"}},{"type":"Feature","id":4565,"geometry":{"type":"LineString","coordinates":[[-122.77886798560829,49.17289898986256],[-122.77886919363537,49.17518468102434],[-122.77890314351322,49.175628016737235],[-122.77887541940562,49.17675847529389],[-122.77887050338217,49.17690561253298]]},"properties":{"OBJECTID":4565,"ROAD_NAME":"160 St","TRUCK_ROUTE":"Truck Routes","STATUS":"Open","RD_CLASS":"Arterial","MAJOR_ROAD_NETWORK":"Yes"}},{"type":"Feature","id":3970,"geometry":{"type":"LineString","coordinates":[[-122.8447370192847,49.19886353281844],[-122.84301017546773,49.19885971259511],[-122.84262251937972,49.19886413031857]]},"properties":{"OBJECTID":3970,"ROAD_NAME":"108 Ave","TRUCK_ROUTE":"Truck Routes with Restrictions","STATUS":"Open","RD_CLASS":"Arterial","MAJOR_ROAD_NETWORK":"Yes"}},{"type":"Feature","id":4568,"geometry":{"type":"LineString","coordinates":[[-122.80094089044762,49.182535121490886],[-122.80091569082876,49.18419776219053]]},"properties":{"OBJECTID":4568,"ROAD_NAME":"152 St","TRUCK_ROUTE":"Truck Routes","STATUS":"Open","RD_CLASS":"Arterial","MAJOR_ROAD_NETWORK":"Yes"}},{"type":"Feature","id":4569,"geometry":{"type":"LineString","coordinates":[[-122.84583745826664,49.17005602472394],[-122.84585204336541,49.17353783222475]]},"properties":{"OBJECTID":4569,"ROAD_NAME":"King George Blvd","TRUCK_ROUTE":"Dangerous Goods Routes","STATUS":"Open","RD_CLASS":"Arterial","MAJOR_ROAD_NETWORK":"Yes"}},{"type":"Feature","id":4620,"geometry":{"type":"LineString","coordinates":[[-122.8454338400491,49.184291650052934],[-122.84541847571612,49.186126343106295],[-122.84540356819463,49.18783546081862]]},"properties":{"OBJECTID":4620,"ROAD_NAME":"King George Blvd","TRUCK_ROUTE":"Dangerous Goods Routes","STATUS":"Open","RD_CLASS":"Arterial","MAJOR_ROAD_NETWORK":"Yes"}},{"type":"Feature","id":849,"geometry":{"type":"LineString","coordinates":[[-122.85670979400014,49.133713240763086],[-122.85343057054241,49.13366055656141]]},"properties":{"OBJECTID":849,"ROAD_NAME":"72 Ave","TRUCK_ROUTE":"Truck Routes","STATUS":"Open","RD_CLASS":"Arterial","MAJOR_ROAD_NETWORK":"Yes"}},{"type":"Feature","id":5868,"geometry":{"type":"LineString","coordinates":[[-122.77871298093766,49.180612682236976],[-122.77866409730818,49.18222257400434]]},"properties":{"OBJECTID":5868,"ROAD_NAME":"160 St","TRUCK_ROUTE":"Truck Routes","STATUS":"Open","RD_CLASS":"Arterial","MAJOR_ROAD_NETWORK":"Yes"}},{"type":"Feature","id":145612,"geometry":{"type":"LineString","coordinates":[[-122.77866409730818,49.18222257400434],[-122.7786547747598,49.182528757433836]]},"properties":{"OBJECTID":145612,"ROAD_NAME":"160 St","TRUCK_ROUTE":"Truck Routes","STATUS":"Open","RD_CLASS":"Arterial","MAJOR_ROAD_NETWORK":"Yes"}},{"type":"Feature","id":1713,"geometry":{"type":"LineString","coordinates":[[-122.84571832342664,49.17704218268024],[-122.84417367674133,49.17703461285947]]},"properties":{"OBJECTID":1713,"ROAD_NAME":"96 Ave","TRUCK_ROUTE":"Truck Routes","STATUS":"Open","RD_CLASS":"Arterial","MAJOR_ROAD_NETWORK":"Yes"}},{"type":"Feature","id":248972,"geometry":{"type":"LineString","coordinates":[[-122.84595248015276,49.198866206249136],[-122.8447370192847,49.19886353281844]]},"properties":{"OBJECTID":248972,"ROAD_NAME":"108 Ave","TRUCK_ROUTE":"Truck Routes with Restrictions","STATUS":"Open","RD_CLASS":"Arterial","MAJOR_ROAD_NETWORK":"Yes"}},{"type":"Feature","id":4619,"geometry":{"type":"LineString","coordinates":[[-122.78974981418342,49.19159870452361],[-122.7869585249521,49.19158025268917]]},"properties":{"OBJECTID":4619,"ROAD_NAME":"104 Ave","TRUCK_ROUTE":"Truck Routes","STATUS":"Open","RD_CLASS":"Arterial","MAJOR_ROAD_NETWORK":"Yes"}},{"type":"Feature","id":3321,"geometry":{"type":"LineString","coordinates":[[-122.80119386920404,49.04199715664677],[-122.80119571137722,49.04562039116064]]},"properties":{"OBJECTID":3321,"ROAD_NAME":"152 St","TRUCK_ROUTE":"Truck Routes","STATUS":"Open","RD_CLASS":"Arterial","MAJOR_ROAD_NETWORK":"Yes"}},{"type":"Feature","id":3177,"geometry":{"type":"LineString","coordinates":[[-122.801271222193,49.170093211256535],[-122.80120703581443,49.17186698777401]]},"properties":{"OBJECTID":3177,"ROAD_NAME":"152 St","TRUCK_ROUTE":"Truck Routes","STATUS":"Open","RD_CLASS":"Arterial","MAJOR_ROAD_NETWORK":"Yes"}},{"type":"Feature","id":73833,"geometry":{"type":"LineString","coordinates":[[-122.74894011462393,49.144439959853734],[-122.74553645181378,49.14294652106578],[-122.74472723529597,49.14259089775877],[-122.74389265704276,49.14222463356427],[-122.74316573287523,49.14190598079503],[-122.74246227311343,49.141599077907685],[-122.74181805061968,49.14130965440563],[-122.74115937485773,49.141010674731305],[-122.74058029040019,49.14073612909445],[-122.73990332074118,49.1404141024975],[-122.7391940970068,49.1400844728425],[-122.73822032642639,49.139649940889754],[-122.73575506524618,49.13857181420978]]},"properties":{"OBJECTID":73833,"ROAD_NAME":"Fraser Hwy","TRUCK_ROUTE":"Dangerous Goods Routes","STATUS":"Open","RD_CLASS":"Arterial","MAJOR_ROAD_NETWORK":"Yes"}},{"type":"Feature","id":3358,"geometry":{"type":"LineString","coordinates":[[-122.85687303861806,49.169927364396145],[-122.85686528935354,49.17118049494954]]},"properties":{"OBJECTID":3358,"ROAD_NAME":"132 St","TRUCK_ROUTE":"Truck Routes with Restrictions","STATUS":"Open","RD_CLASS":"Arterial","MAJOR_ROAD_NETWORK":null}},{"type":"Feature","id":3359,"geometry":{"type":"LineString","coordinates":[[-122.80118654294564,49.033845467060026],[-122.8011904604423,49.03474934162666]]},"properties":{"OBJECTID":3359,"ROAD_NAME":"152 St","TRUCK_ROUTE":"Truck Routes","STATUS":"Open","RD_CLASS":"Arterial","MAJOR_ROAD_NETWORK":"Yes"}},{"type":"Feature","id":253133,"geometry":{"type":"LineString","coordinates":[[-122.85343057054241,49.13366055656141],[-122.85114818365678,49.13362383256222]]},"properties":{"OBJECTID":253133,"ROAD_NAME":"72 Ave","TRUCK_ROUTE":"Truck Routes","STATUS":"Open","RD_CLASS":"Arterial","MAJOR_ROAD_NETWORK":"Yes"}},{"type":"Feature","id":5679,"geometry":{"type":"LineString","coordinates":[[-122.84167741709878,49.16276757843976],[-122.83891923761145,49.162773197617234]]},"properties":{"OBJECTID":5679,"ROAD_NAME":"88 Ave","TRUCK_ROUTE":"Truck Routes","STATUS":"Open","RD_CLASS":"Arterial","MAJOR_ROAD_NETWORK":"Yes"}},{"type":"Feature","id":3857,"geometry":{"type":"LineString","coordinates":[[-122.81217791048589,49.11912748371153],[-122.8105878549138,49.11910107163709],[-122.80710005427795,49.11906904446561],[-122.80285982221768,49.11905759787054],[-122.8012084862378,49.11906721938154],[-122.80099340361977,49.119066434162406]]},"properties":{"OBJECTID":3857,"ROAD_NAME":"64 Ave","TRUCK_ROUTE":"Truck Routes","STATUS":"Open","RD_CLASS":"Arterial","MAJOR_ROAD_NETWORK":"Yes"}},{"type":"Feature","id":8668,"geometry":{"type":"LineString","coordinates":[[-122.84541909652283,49.03122459720595],[-122.83924486249786,49.03121309842254]]},"properties":{"OBJECTID":8668,"ROAD_NAME":"16 Ave","TRUCK_ROUTE":"Truck Routes","STATUS":"Open","RD_CLASS":"Arterial","MAJOR_ROAD_NETWORK":null}},{"type":"Feature","id":3471,"geometry":{"type":"LineString","coordinates":[[-122.87493338621107,49.2059528003114],[-122.8746554851621,49.20607456165477],[-122.87445378116503,49.20614027692145],[-122.87423976936876,49.20618663973309],[-122.87330340347374,49.2062641516828]]},"properties":{"OBJECTID":3471,"ROAD_NAME":"KGB-Scott E-S Ramp","TRUCK_ROUTE":"Truck Routes","STATUS":"Open","RD_CLASS":"Arterial","MAJOR_ROAD_NETWORK":"Yes"}},{"type":"Feature","id":5514,"geometry":{"type":"LineString","coordinates":[[-122.89035368502856,49.14231976485379],[-122.89035852153033,49.14858039733231]]},"properties":{"OBJECTID":5514,"ROAD_NAME":"120 St","TRUCK_ROUTE":"Truck Routes","STATUS":"Open","RD_CLASS":"Arterial","MAJOR_ROAD_NETWORK":"Yes"}},{"type":"Feature","id":2885,"geometry":{"type":"LineString","coordinates":[[-122.89036046942424,49.130353782285574],[-122.8903550668722,49.1340865502404]]},"properties":{"OBJECTID":2885,"ROAD_NAME":"120 St","TRUCK_ROUTE":"Truck Routes","STATUS":"Open","RD_CLASS":"Arterial","MAJOR_ROAD_NETWORK":"Yes"}},{"type":"Feature","id":8691,"geometry":{"type":"LineString","coordinates":[[-122.83415610531439,49.18735619073628],[-122.83415418716092,49.18772193410435]]},"properties":{"OBJECTID":8691,"ROAD_NAME":"140 St","TRUCK_ROUTE":"Truck Routes","STATUS":"Open","RD_CLASS":"Arterial","MAJOR_ROAD_NETWORK":null}},{"type":"Feature","id":8693,"geometry":{"type":"LineString","coordinates":[[-122.86534052135778,49.03128860820902],[-122.86200598929958,49.03127907044769]]},"properties":{"OBJECTID":8693,"ROAD_NAME":"16 Ave","TRUCK_ROUTE":"Truck Routes","STATUS":"Open","RD_CLASS":"Arterial","MAJOR_ROAD_NETWORK":null}},{"type":"Feature","id":5536,"geometry":{"type":"LineString","coordinates":[[-122.83415418716092,49.18772193410435],[-122.8341513094212,49.188250309841074]]},"properties":{"OBJECTID":5536,"ROAD_NAME":"140 St","TRUCK_ROUTE":"Truck Routes","STATUS":"Open","RD_CLASS":"Arterial","MAJOR_ROAD_NETWORK":null}},{"type":"Feature","id":5541,"geometry":{"type":"LineString","coordinates":[[-122.84558955305238,49.13509593476723],[-122.84559996283143,49.13650985447521]]},"properties":{"OBJECTID":5541,"ROAD_NAME":"King George Blvd","TRUCK_ROUTE":"Dangerous Goods Routes","STATUS":"Open","RD_CLASS":"Arterial","MAJOR_ROAD_NETWORK":"Yes"}},{"type":"Feature","id":3456,"geometry":{"type":"LineString","coordinates":[[-122.8568915700201,49.166282665603106],[-122.85687303861806,49.169927364396145]]},"properties":{"OBJECTID":3456,"ROAD_NAME":"132 St","TRUCK_ROUTE":"Truck Routes with Restrictions","STATUS":"Open","RD_CLASS":"Arterial","MAJOR_ROAD_NETWORK":null}},{"type":"Feature","id":3564,"geometry":{"type":"LineString","coordinates":[[-122.8231012848542,49.191525588976305],[-122.81891897024816,49.19151390527053]]},"properties":{"OBJECTID":3564,"ROAD_NAME":"104 Ave","TRUCK_ROUTE":"Truck Routes","STATUS":"Open","RD_CLASS":"Arterial","MAJOR_ROAD_NETWORK":"Yes"}},{"type":"Feature","id":6500,"geometry":{"type":"LineString","coordinates":[[-122.85689606649017,49.16539374881899],[-122.8568915700201,49.166282665603106]]},"properties":{"OBJECTID":6500,"ROAD_NAME":"132 St","TRUCK_ROUTE":"Truck Routes with Restrictions","STATUS":"Open","RD_CLASS":"Arterial","MAJOR_ROAD_NETWORK":null}},{"type":"Feature","id":6486,"geometry":{"type":"LineString","coordinates":[[-122.85663522774068,49.18171657577771],[-122.85659798319715,49.18258359228468]]},"properties":{"OBJECTID":6486,"ROAD_NAME":"132 St","TRUCK_ROUTE":"Truck Routes with Restrictions","STATUS":"Open","RD_CLASS":"Arterial","MAJOR_ROAD_NETWORK":null}},{"type":"Feature","id":10717,"geometry":{"type":"LineString","coordinates":[[-122.8343644548023,49.18084538929068],[-122.83436236147847,49.180885010825556],[-122.83435760960708,49.180974951910066],[-122.83434344938664,49.1812429672899],[-122.83417445317234,49.184227696697796]]},"properties":{"OBJECTID":10717,"ROAD_NAME":"140 St","TRUCK_ROUTE":"Truck Routes","STATUS":"Open","RD_CLASS":"Arterial","MAJOR_ROAD_NETWORK":null}},{"type":"Feature","id":11580,"geometry":{"type":"LineString","coordinates":[[-122.77859946048531,49.18435037258279],[-122.77859832299217,49.18704426020358]]},"properties":{"OBJECTID":11580,"ROAD_NAME":"160 St","TRUCK_ROUTE":"Truck Routes","STATUS":"Open","RD_CLASS":"Arterial","MAJOR_ROAD_NETWORK":"Yes"}},{"type":"Feature","id":3579,"geometry":{"type":"LineString","coordinates":[[-122.78724954061718,49.176898598047075],[-122.78449972729362,49.17690080394021]]},"properties":{"OBJECTID":3579,"ROAD_NAME":"96 Ave","TRUCK_ROUTE":"Truck Routes","STATUS":"Open","RD_CLASS":"Arterial","MAJOR_ROAD_NETWORK":"Yes"}},{"type":"Feature","id":7320,"geometry":{"type":"LineString","coordinates":[[-122.88050535325611,49.177168870960784],[-122.87923232530632,49.17717184560218]]},"properties":{"OBJECTID":7320,"ROAD_NAME":"96 Ave","TRUCK_ROUTE":"Truck Routes","STATUS":"Open","RD_CLASS":"Arterial","MAJOR_ROAD_NETWORK":"Yes"}},{"type":"Feature","id":8056,"geometry":{"type":"LineString","coordinates":[[-122.80662662736646,49.133707956359544],[-122.80540273635121,49.133701324925326]]},"properties":{"OBJECTID":8056,"ROAD_NAME":"72 Ave","TRUCK_ROUTE":"Truck Routes","STATUS":"Open","RD_CLASS":"Arterial","MAJOR_ROAD_NETWORK":"Yes"}},{"type":"Feature","id":4179,"geometry":{"type":"LineString","coordinates":[[-122.88482150095797,49.13401804455629],[-122.8832565360259,49.13399866132225]]},"properties":{"OBJECTID":4179,"ROAD_NAME":"72 Ave","TRUCK_ROUTE":"Truck Routes","STATUS":"Open","RD_CLASS":"Arterial","MAJOR_ROAD_NETWORK":"Yes"}},{"type":"Feature","id":7211,"geometry":{"type":"LineString","coordinates":[[-122.89043252056373,49.10962900287002],[-122.89044889661064,49.11184107523222],[-122.89043819372742,49.112910355167]]},"properties":{"OBJECTID":7211,"ROAD_NAME":"120 St","TRUCK_ROUTE":"Truck Routes","STATUS":"Open","RD_CLASS":"Arterial","MAJOR_ROAD_NETWORK":"Yes"}},{"type":"Feature","id":5878,"geometry":{"type":"LineString","coordinates":[[-122.83843460193782,49.19153083804436],[-122.83700178253955,49.19151190605632]]},"properties":{"OBJECTID":5878,"ROAD_NAME":"104 Ave","TRUCK_ROUTE":"Truck Routes","STATUS":"Open","RD_CLASS":"Arterial","MAJOR_ROAD_NETWORK":"Yes"}},{"type":"Feature","id":4991,"geometry":{"type":"LineString","coordinates":[[-122.86787443582368,49.13745771003041],[-122.86787485741407,49.13750547719838],[-122.86790649906939,49.14102548987634]]},"properties":{"OBJECTID":4991,"ROAD_NAME":"128 St","TRUCK_ROUTE":"Truck Routes","STATUS":"Open","RD_CLASS":"Arterial","MAJOR_ROAD_NETWORK":"Yes"}},{"type":"Feature","id":4994,"geometry":{"type":"LineString","coordinates":[[-122.83562264293832,49.198851172426714],[-122.83410544869801,49.198849616972325]]},"properties":{"OBJECTID":4994,"ROAD_NAME":"108 Ave","TRUCK_ROUTE":"Truck Routes with Restrictions","STATUS":"Open","RD_CLASS":"Arterial","MAJOR_ROAD_NETWORK":"Yes"}},{"type":"Feature","id":5074,"geometry":{"type":"LineString","coordinates":[[-122.85683636637242,49.17584213056966],[-122.85685123184624,49.177096734787625]]},"properties":{"OBJECTID":5074,"ROAD_NAME":"132 St","TRUCK_ROUTE":"Truck Routes with Restrictions","STATUS":"Open","RD_CLASS":"Arterial","MAJOR_ROAD_NETWORK":null}},{"type":"Feature","id":7941,"geometry":{"type":"LineString","coordinates":[[-122.82993343734854,49.19882515247727],[-122.82846899446156,49.198817037896184]]},"properties":{"OBJECTID":7941,"ROAD_NAME":"108 Ave","TRUCK_ROUTE":"Truck Routes with Restrictions","STATUS":"Open","RD_CLASS":"Arterial","MAJOR_ROAD_NETWORK":"Yes"}},{"type":"Feature","id":6619,"geometry":{"type":"LineString","coordinates":[[-122.83414767827752,49.18892080937719],[-122.83414404193387,49.18959239430603]]},"properties":{"OBJECTID":6619,"ROAD_NAME":"140 St","TRUCK_ROUTE":"Truck Routes","STATUS":"Open","RD_CLASS":"Arterial","MAJOR_ROAD_NETWORK":null}},{"type":"Feature","id":6620,"geometry":{"type":"LineString","coordinates":[[-122.70499089041344,49.176997560439375],[-122.70298465126284,49.177003322540685],[-122.70132050871206,49.17700261655782]]},"properties":{"OBJECTID":6620,"ROAD_NAME":"96 Ave","TRUCK_ROUTE":"Truck Routes","STATUS":"Open","RD_CLASS":"Arterial","MAJOR_ROAD_NETWORK":"Yes"}},{"type":"Feature","id":5004,"geometry":{"type":"LineString","coordinates":[[-122.89036538306131,49.1522843580825],[-122.89037256037449,49.155988371108464]]},"properties":{"OBJECTID":5004,"ROAD_NAME":"120 St","TRUCK_ROUTE":"Truck Routes","STATUS":"Open","RD_CLASS":"Arterial","MAJOR_ROAD_NETWORK":"Yes"}},{"type":"Feature","id":5805,"geometry":{"type":"LineString","coordinates":[[-122.79286716347853,49.176881320721485],[-122.78996112131587,49.17689557805663]]},"properties":{"OBJECTID":5805,"ROAD_NAME":"96 Ave","TRUCK_ROUTE":"Truck Routes","STATUS":"Open","RD_CLASS":"Arterial","MAJOR_ROAD_NETWORK":"Yes"}},{"type":"Feature","id":5899,"geometry":{"type":"LineString","coordinates":[[-122.80540273635121,49.133701324925326],[-122.80108143328113,49.13367796857531]]},"properties":{"OBJECTID":5899,"ROAD_NAME":"72 Ave","TRUCK_ROUTE":"Truck Routes","STATUS":"Open","RD_CLASS":"Arterial","MAJOR_ROAD_NETWORK":"Yes"}},{"type":"Feature","id":7323,"geometry":{"type":"LineString","coordinates":[[-122.77863992371348,49.182997835849626],[-122.77861178167802,49.18389433921358]]},"properties":{"OBJECTID":7323,"ROAD_NAME":"160 St","TRUCK_ROUTE":"Truck Routes","STATUS":"Open","RD_CLASS":"Arterial","MAJOR_ROAD_NETWORK":"Yes"}},{"type":"Feature","id":2935,"geometry":{"type":"LineString","coordinates":[[-122.83454134897457,49.17698683888606],[-122.8334558111781,49.17698319050448],[-122.83314930419003,49.176975151617604],[-122.8329271175169,49.176954446137344],[-122.83267608921435,49.1769167727478],[-122.83240744255056,49.17685527953873],[-122.83202376207352,49.176741595444454],[-122.83064556530604,49.17628727855297],[-122.83026749659896,49.17619903396836],[-122.82993149544255,49.176160464810685],[-122.82949169330657,49.17617155636555],[-122.82916925274887,49.17622510837627],[-122.82878692503576,49.17635146110373],[-122.82843686324492,49.176548675420854]]},"properties":{"OBJECTID":2935,"ROAD_NAME":"96 Ave","TRUCK_ROUTE":"Truck Routes","STATUS":"Open","RD_CLASS":"Arterial","MAJOR_ROAD_NETWORK":"Yes"}},{"type":"Feature","id":2940,"geometry":{"type":"LineString","coordinates":[[-122.84538896135672,49.18884215419958],[-122.84537103895813,49.190077292974394]]},"properties":{"OBJECTID":2940,"ROAD_NAME":"King George Blvd","TRUCK_ROUTE":"Dangerous Goods Routes","STATUS":"Open","RD_CLASS":"Arterial","MAJOR_ROAD_NETWORK":"Yes"}},{"type":"Feature","id":3589,"geometry":{"type":"LineString","coordinates":[[-122.76021079252905,49.16283924060612],[-122.7566173519263,49.16285601858265]]},"properties":{"OBJECTID":3589,"ROAD_NAME":"88 Ave","TRUCK_ROUTE":"Truck Routes","STATUS":"Open","RD_CLASS":"Arterial","MAJOR_ROAD_NETWORK":"Yes"}},{"type":"Feature","id":6542,"geometry":{"type":"LineString","coordinates":[[-122.8008795897232,49.1914756009271],[-122.8008710127699,49.19319459291071]]},"properties":{"OBJECTID":6542,"ROAD_NAME":"152 St","TRUCK_ROUTE":"Truck Routes","STATUS":"Open","RD_CLASS":"Arterial","MAJOR_ROAD_NETWORK":"Yes"}},{"type":"Feature","id":6548,"geometry":{"type":"LineString","coordinates":[[-122.85689786554214,49.15955205492434],[-122.85690565455171,49.160464649058625]]},"properties":{"OBJECTID":6548,"ROAD_NAME":"132 St","TRUCK_ROUTE":"Truck Routes","STATUS":"Open","RD_CLASS":"Arterial","MAJOR_ROAD_NETWORK":null}},{"type":"Feature","id":4089,"geometry":{"type":"LineString","coordinates":[[-122.89021513890495,49.17298431590053],[-122.89015371656798,49.17714586270228]]},"properties":{"OBJECTID":4089,"ROAD_NAME":"120 St","TRUCK_ROUTE":"Truck Routes","STATUS":"Open","RD_CLASS":"Arterial","MAJOR_ROAD_NETWORK":"Yes"}},{"type":"Feature","id":3842,"geometry":{"type":"LineString","coordinates":[[-122.77856980496743,49.18933797913395],[-122.77856486839778,49.18958841095255],[-122.77850983188314,49.19005226014542],[-122.77846650068952,49.19035068474281]]},"properties":{"OBJECTID":3842,"ROAD_NAME":"160 St","TRUCK_ROUTE":"Truck Routes","STATUS":"Open","RD_CLASS":"Arterial","MAJOR_ROAD_NETWORK":"Yes"}},{"type":"Feature","id":1683,"geometry":{"type":"LineString","coordinates":[[-122.77859832299217,49.18704426020358],[-122.77862744719806,49.187689037467194],[-122.77861836915177,49.18850298676352],[-122.77856980496743,49.18933797913395]]},"properties":{"OBJECTID":1683,"ROAD_NAME":"160 St","TRUCK_ROUTE":"Truck Routes","STATUS":"Open","RD_CLASS":"Arterial","MAJOR_ROAD_NETWORK":"Yes"}},{"type":"Feature","id":12275,"geometry":{"type":"LineString","coordinates":[[-122.81750507481311,49.191509886036705],[-122.81243027242343,49.19149540625146]]},"properties":{"OBJECTID":12275,"ROAD_NAME":"104 Ave","TRUCK_ROUTE":"Truck Routes","STATUS":"Open","RD_CLASS":"Arterial","MAJOR_ROAD_NETWORK":"Yes"}},{"type":"Feature","id":395,"geometry":{"type":"LineString","coordinates":[[-122.77861178167802,49.18389433921358],[-122.77859946048531,49.18435037258279]]},"properties":{"OBJECTID":395,"ROAD_NAME":"160 St","TRUCK_ROUTE":"Truck Routes","STATUS":"Open","RD_CLASS":"Arterial","MAJOR_ROAD_NETWORK":"Yes"}},{"type":"Feature","id":7256,"geometry":{"type":"LineString","coordinates":[[-122.83693242731276,49.19885295216915],[-122.83562264293832,49.198851172426714]]},"properties":{"OBJECTID":7256,"ROAD_NAME":"108 Ave","TRUCK_ROUTE":"Truck Routes with Restrictions","STATUS":"Open","RD_CLASS":"Arterial","MAJOR_ROAD_NETWORK":"Yes"}},{"type":"Feature","id":2141,"geometry":{"type":"LineString","coordinates":[[-122.87450382087071,49.205568255132064],[-122.87455539494883,49.20564089981016],[-122.87461548797428,49.20571076518058],[-122.87468382698987,49.20577722128063],[-122.87475986355162,49.20583999764843],[-122.87482249115774,49.20588485963033],[-122.87484318694295,49.20589864407697],[-122.87493338621107,49.2059528003114]]},"properties":{"OBJECTID":2141,"ROAD_NAME":"Scott-KGB N-W Ramp","TRUCK_ROUTE":"Truck Routes","STATUS":"Open","RD_CLASS":"Arterial","MAJOR_ROAD_NETWORK":"Yes"}},{"type":"Feature","id":4933,"geometry":{"type":"LineString","coordinates":[[-122.88103021910189,49.20059399091208],[-122.88024714756374,49.201248945361236]]},"properties":{"OBJECTID":4933,"ROAD_NAME":"Scott Rd","TRUCK_ROUTE":"Truck Routes","STATUS":"Open","RD_CLASS":"Arterial","MAJOR_ROAD_NETWORK":"Yes"}},{"type":"Feature","id":3615,"geometry":{"type":"LineString","coordinates":[[-122.73538281534495,49.06014966310345],[-122.72439915093656,49.06013388003846]]},"properties":{"OBJECTID":3615,"ROAD_NAME":"32 Ave","TRUCK_ROUTE":"Truck Routes","STATUS":"Open","RD_CLASS":"Arterial","MAJOR_ROAD_NETWORK":"Yes"}},{"type":"Feature","id":5479,"geometry":{"type":"LineString","coordinates":[[-122.86145384827532,49.17712804824717],[-122.8596231467272,49.17711564585381],[-122.85815919027517,49.17710564994379],[-122.85685123184624,49.177096734787625]]},"properties":{"OBJECTID":5479,"ROAD_NAME":"96 Ave","TRUCK_ROUTE":"Truck Routes","STATUS":"Open","RD_CLASS":"Arterial","MAJOR_ROAD_NETWORK":"Yes"}},{"type":"Feature","id":4346,"geometry":{"type":"LineString","coordinates":[[-122.84582517240639,49.16823445283003],[-122.84583745826664,49.17005602472394]]},"properties":{"OBJECTID":4346,"ROAD_NAME":"King George Blvd","TRUCK_ROUTE":"Dangerous Goods Routes","STATUS":"Open","RD_CLASS":"Arterial","MAJOR_ROAD_NETWORK":"Yes"}},{"type":"Feature","id":4370,"geometry":{"type":"LineString","coordinates":[[-122.79821172695871,49.19150522850582],[-122.79531682853691,49.19153728068303]]},"properties":{"OBJECTID":4370,"ROAD_NAME":"104 Ave","TRUCK_ROUTE":"Truck Routes","STATUS":"Open","RD_CLASS":"Arterial","MAJOR_ROAD_NETWORK":"Yes"}},{"type":"Feature","id":7264,"geometry":{"type":"LineString","coordinates":[[-122.80091569082876,49.18419776219053],[-122.80090616159237,49.18612768443513]]},"properties":{"OBJECTID":7264,"ROAD_NAME":"152 St","TRUCK_ROUTE":"Truck Routes","STATUS":"Open","RD_CLASS":"Arterial","MAJOR_ROAD_NETWORK":"Yes"}},{"type":"Feature","id":5142,"geometry":{"type":"LineString","coordinates":[[-122.89015371656798,49.17714586270228],[-122.89015154417639,49.17815307817885]]},"properties":{"OBJECTID":5142,"ROAD_NAME":"120 St","TRUCK_ROUTE":"Truck Routes","STATUS":"Open","RD_CLASS":"Arterial","MAJOR_ROAD_NETWORK":"Yes"}},{"type":"Feature","id":5133,"geometry":{"type":"LineString","coordinates":[[-122.80712105982863,49.06031831191624],[-122.8066148058344,49.06057804733216],[-122.806308928164,49.06075505631136],[-122.80600400194166,49.06093543093124],[-122.80568364904208,49.06108923489063],[-122.80547838271093,49.06117884588548],[-122.80527963814797,49.06124597937984],[-122.80508367544006,49.061301692846335],[-122.80483520886202,49.06137692792778],[-122.80405311247895,49.0615462122446]]},"properties":{"OBJECTID":5133,"ROAD_NAME":"32 Ave Div","TRUCK_ROUTE":"Truck Routes","STATUS":"Open","RD_CLASS":"Arterial","MAJOR_ROAD_NETWORK":"Yes"}},{"type":"Feature","id":7998,"geometry":{"type":"LineString","coordinates":[[-122.76773717379048,49.162803848463646],[-122.76480434312194,49.162817722295074]]},"properties":{"OBJECTID":7998,"ROAD_NAME":"88 Ave","TRUCK_ROUTE":"Truck Routes","STATUS":"Open","RD_CLASS":"Arterial","MAJOR_ROAD_NETWORK":"Yes"}},{"type":"Feature","id":3433,"geometry":{"type":"LineString","coordinates":[[-122.8341658907992,49.18612142918762],[-122.83415610531439,49.18735619073628]]},"properties":{"OBJECTID":3433,"ROAD_NAME":"140 St","TRUCK_ROUTE":"Truck Routes","STATUS":"Open","RD_CLASS":"Arterial","MAJOR_ROAD_NETWORK":null}},{"type":"Feature","id":12165,"geometry":{"type":"LineString","coordinates":[[-122.845547912302,49.12623030733629],[-122.84557713248726,49.1300716263741]]},"properties":{"OBJECTID":12165,"ROAD_NAME":"King George Blvd","TRUCK_ROUTE":"Dangerous Goods Routes","STATUS":"Open","RD_CLASS":"Arterial","MAJOR_ROAD_NETWORK":"Yes"}},{"type":"Feature","id":2960,"geometry":{"type":"LineString","coordinates":[[-122.89019106793543,49.194644218574346],[-122.88876758302277,49.193894694720285]]},"properties":{"OBJECTID":2960,"ROAD_NAME":"Tannery Rd","TRUCK_ROUTE":"Truck Routes","STATUS":"Open","RD_CLASS":"Arterial","MAJOR_ROAD_NETWORK":null}},{"type":"Feature","id":2983,"geometry":{"type":"LineString","coordinates":[[-122.83616050435491,49.16277884604174],[-122.83464328293704,49.1627819001026]]},"properties":{"OBJECTID":2983,"ROAD_NAME":"88 Ave","TRUCK_ROUTE":"Truck Routes","STATUS":"Open","RD_CLASS":"Arterial","MAJOR_ROAD_NETWORK":"Yes"}},{"type":"Feature","id":3453,"geometry":{"type":"LineString","coordinates":[[-122.69166576815019,49.07477357969054],[-122.69136837710032,49.07926173820301]]},"properties":{"OBJECTID":3453,"ROAD_NAME":"192 St","TRUCK_ROUTE":"Truck Routes","STATUS":"Open","RD_CLASS":"Arterial","MAJOR_ROAD_NETWORK":null}},{"type":"Feature","id":7984,"geometry":{"type":"LineString","coordinates":[[-122.84529321049476,49.19607835592108],[-122.84528600126036,49.196647141051635],[-122.8452854556078,49.19673349640521],[-122.8452851251647,49.1967950246724],[-122.84528562760745,49.19685358556811],[-122.84528681861701,49.196911427754586],[-122.8452885759032,49.196963783491896],[-122.84529209697712,49.19702270825891],[-122.84529656929024,49.19708469274713],[-122.84530186688139,49.197146138616766],[-122.84530908361492,49.197208396650694],[-122.84531940674339,49.197286940202055],[-122.84532949717496,49.197352170205534],[-122.8453417649654,49.19742343003052],[-122.84535988832342,49.197513827180664]]},"properties":{"OBJECTID":7984,"ROAD_NAME":"King George Blvd","TRUCK_ROUTE":"Dangerous Goods Routes","STATUS":"Open","RD_CLASS":"Arterial","MAJOR_ROAD_NETWORK":"Yes"}},{"type":"Feature","id":3517,"geometry":{"type":"LineString","coordinates":[[-122.85667574854853,49.18076077918099],[-122.8566563017564,49.181218528877565]]},"properties":{"OBJECTID":3517,"ROAD_NAME":"132 St","TRUCK_ROUTE":"Truck Routes with Restrictions","STATUS":"Open","RD_CLASS":"Arterial","MAJOR_ROAD_NETWORK":null}},{"type":"Feature","id":3654,"geometry":{"type":"LineString","coordinates":[[-122.87910272628328,49.133946903510335],[-122.87622994490866,49.133933788596615]]},"properties":{"OBJECTID":3654,"ROAD_NAME":"72 Ave","TRUCK_ROUTE":"Truck Routes","STATUS":"Open","RD_CLASS":"Arterial","MAJOR_ROAD_NETWORK":"Yes"}},{"type":"Feature","id":3667,"geometry":{"type":"LineString","coordinates":[[-122.83410544869801,49.198849616972275],[-122.83286161239675,49.19883458666396],[-122.83126828829327,49.198833240684635]]},"properties":{"OBJECTID":3667,"ROAD_NAME":"108 Ave","TRUCK_ROUTE":"Truck Routes with Restrictions","STATUS":"Open","RD_CLASS":"Arterial","MAJOR_ROAD_NETWORK":"Yes"}},{"type":"Feature","id":7999,"geometry":{"type":"LineString","coordinates":[[-122.89035940688237,49.16321010391061],[-122.89030603362615,49.16682409630959]]},"properties":{"OBJECTID":7999,"ROAD_NAME":"120 St","TRUCK_ROUTE":"Truck Routes","STATUS":"Open","RD_CLASS":"Arterial","MAJOR_ROAD_NETWORK":"Yes"}},{"type":"Feature","id":4398,"geometry":{"type":"LineString","coordinates":[[-122.8232985712103,49.11912446838736],[-122.81773639248273,49.119126106749846]]},"properties":{"OBJECTID":4398,"ROAD_NAME":"64 Ave","TRUCK_ROUTE":"Truck Routes","STATUS":"Open","RD_CLASS":"Arterial","MAJOR_ROAD_NETWORK":"Yes"}},{"type":"Feature","id":4402,"geometry":{"type":"LineString","coordinates":[[-122.6989054475419,49.17700164341353],[-122.69884919406667,49.177001586880834],[-122.6962167964744,49.1770008939421],[-122.69603335921343,49.17700013942315]]},"properties":{"OBJECTID":4402,"ROAD_NAME":"96 Ave","TRUCK_ROUTE":"Truck Routes","STATUS":"Open","RD_CLASS":"Arterial","MAJOR_ROAD_NETWORK":"Yes"}},{"type":"Feature","id":5151,"geometry":{"type":"LineString","coordinates":[[-122.80119571137722,49.04562039116064],[-122.80121295400961,49.04898890388453]]},"properties":{"OBJECTID":5151,"ROAD_NAME":"152 St","TRUCK_ROUTE":"Truck Routes","STATUS":"Open","RD_CLASS":"Arterial","MAJOR_ROAD_NETWORK":"Yes"}},{"type":"Feature","id":4246,"geometry":{"type":"LineString","coordinates":[[-122.8903656596718,49.12671477209889],[-122.89036046942424,49.130353782285574]]},"properties":{"OBJECTID":4246,"ROAD_NAME":"120 St","TRUCK_ROUTE":"Truck Routes","STATUS":"Open","RD_CLASS":"Arterial","MAJOR_ROAD_NETWORK":"Yes"}},{"type":"Feature","id":4259,"geometry":{"type":"LineString","coordinates":[[-122.8565014106867,49.18619861534983],[-122.85648454727327,49.18769902201431]]},"properties":{"OBJECTID":4259,"ROAD_NAME":"132 St","TRUCK_ROUTE":"Truck Routes with Restrictions","STATUS":"Open","RD_CLASS":"Arterial","MAJOR_ROAD_NETWORK":null}},{"type":"Feature","id":5153,"geometry":{"type":"LineString","coordinates":[[-122.78203238276649,49.16276247273457],[-122.77886296201288,49.162747455047715]]},"properties":{"OBJECTID":5153,"ROAD_NAME":"88 Ave","TRUCK_ROUTE":"Truck Routes","STATUS":"Open","RD_CLASS":"Arterial","MAJOR_ROAD_NETWORK":"Yes"}},{"type":"Feature","id":8682,"geometry":{"type":"LineString","coordinates":[[-122.77886271369775,49.16020830629608],[-122.77886296201741,49.16274745504724]]},"properties":{"OBJECTID":8682,"ROAD_NAME":"160 St","TRUCK_ROUTE":"Truck Routes","STATUS":"Open","RD_CLASS":"Arterial","MAJOR_ROAD_NETWORK":"Yes"}},{"type":"Feature","id":5031,"geometry":{"type":"LineString","coordinates":[[-122.69153382757364,49.06011834741539],[-122.68603492941891,49.06012503979272]]},"properties":{"OBJECTID":5031,"ROAD_NAME":"32 Ave","TRUCK_ROUTE":"Truck Routes","STATUS":"Open","RD_CLASS":"Arterial","MAJOR_ROAD_NETWORK":"Yes"}},{"type":"Feature","id":5034,"geometry":{"type":"LineString","coordinates":[[-122.79531682853691,49.19153728068303],[-122.79392455434538,49.19155180727168]]},"properties":{"OBJECTID":5034,"ROAD_NAME":"104 Ave","TRUCK_ROUTE":"Truck Routes","STATUS":"Open","RD_CLASS":"Arterial","MAJOR_ROAD_NETWORK":"Yes"}},{"type":"Feature","id":11482,"geometry":{"type":"LineString","coordinates":[[-122.81223420046894,49.17687055159161],[-122.8066316322458,49.17684972044954]]},"properties":{"OBJECTID":11482,"ROAD_NAME":"96 Ave","TRUCK_ROUTE":"Truck Routes","STATUS":"Open","RD_CLASS":"Arterial","MAJOR_ROAD_NETWORK":"Yes"}},{"type":"Feature","id":8913,"geometry":{"type":"LineString","coordinates":[[-122.79364721532181,49.16307011012046],[-122.79339937113966,49.16313245500582],[-122.79314339866124,49.16317031748568],[-122.79283267791733,49.16317983594912],[-122.79253623910226,49.16315258827574],[-122.7922761301197,49.16309724972036],[-122.79150765600693,49.162885825580275],[-122.79128976700073,49.1628373075123],[-122.79107384640172,49.16281002157446],[-122.79089542177967,49.16280349230849],[-122.7901798416517,49.16280075694689]]},"properties":{"OBJECTID":8913,"ROAD_NAME":"88 Ave","TRUCK_ROUTE":"Truck Routes","STATUS":"Open","RD_CLASS":"Arterial","MAJOR_ROAD_NETWORK":"Yes"}},{"type":"Feature","id":8355,"geometry":{"type":"LineString","coordinates":[[-122.89035317178283,49.14018891024798],[-122.89035286455635,49.14132288742419],[-122.89035368502856,49.14231976485379]]},"properties":{"OBJECTID":8355,"ROAD_NAME":"120 St","TRUCK_ROUTE":"Truck Routes","STATUS":"Open","RD_CLASS":"Arterial","MAJOR_ROAD_NETWORK":"Yes"}},{"type":"Feature","id":4441,"geometry":{"type":"LineString","coordinates":[[-122.87833729629162,49.20286745048617],[-122.87791969422871,49.203070801180736],[-122.87763032339899,49.203225781797954],[-122.87725262630347,49.20336202913908],[-122.8764909566291,49.203493527260946],[-122.87598760265635,49.20357541058937],[-122.87507028861822,49.203704631632874],[-122.87494282658986,49.20373039885305],[-122.87482069501381,49.203765616232616],[-122.87470554231739,49.2038096564021],[-122.87459887968417,49.203862071293315],[-122.87450194443673,49.20392214268196],[-122.8744161114271,49.203989062537666],[-122.87434248119435,49.204061932571896],[-122.87428215429836,49.20413985448811],[-122.87423568264718,49.204221749477234],[-122.87420375521779,49.20430662882295],[-122.87418692417398,49.20439332374704],[-122.8741853296132,49.20448075496374],[-122.87419883752658,49.204567662977524],[-122.87450382087071,49.205568255132064]]},"properties":{"OBJECTID":4441,"ROAD_NAME":"Scott Rd","TRUCK_ROUTE":"Truck Routes","STATUS":"Open","RD_CLASS":"Arterial","MAJOR_ROAD_NETWORK":"Yes"}},{"type":"Feature","id":6425,"geometry":{"type":"LineString","coordinates":[[-122.86734947922744,49.20695514989013],[-122.86726344116344,49.20716875419019],[-122.86719007176868,49.2074376109812],[-122.86707318822381,49.20767785752662],[-122.86693105482537,49.20785143458482],[-122.86677444152356,49.208005954685284],[-122.86662447998123,49.20810623352894]]},"properties":{"OBJECTID":6425,"ROAD_NAME":"Bridgeview Dr","TRUCK_ROUTE":"Truck Routes","STATUS":"Open","RD_CLASS":"Arterial","MAJOR_ROAD_NETWORK":"Yes"}},{"type":"Feature","id":7859,"geometry":{"type":"LineString","coordinates":[[-122.83096092074152,49.16280734023354],[-122.8277021298037,49.162829529811106]]},"properties":{"OBJECTID":7859,"ROAD_NAME":"88 Ave","TRUCK_ROUTE":"Truck Routes","STATUS":"Open","RD_CLASS":"Arterial","MAJOR_ROAD_NETWORK":"Yes"}},{"type":"Feature","id":8596,"geometry":{"type":"LineString","coordinates":[[-122.78996112131587,49.17689557805663],[-122.78724954061718,49.176898598047075]]},"properties":{"OBJECTID":8596,"ROAD_NAME":"96 Ave","TRUCK_ROUTE":"Truck Routes","STATUS":"Open","RD_CLASS":"Arterial","MAJOR_ROAD_NETWORK":"Yes"}},{"type":"Feature","id":7485,"geometry":{"type":"LineString","coordinates":[[-122.81891897024816,49.19151390527053],[-122.81750507481273,49.19150988603991]]},"properties":{"OBJECTID":7485,"ROAD_NAME":"104 Ave","TRUCK_ROUTE":"Truck Routes","STATUS":"Open","RD_CLASS":"Arterial","MAJOR_ROAD_NETWORK":"Yes"}},{"type":"Feature","id":8185,"geometry":{"type":"LineString","coordinates":[[-122.86801264637727,49.15894616022309],[-122.86801889651312,49.160720053426004]]},"properties":{"OBJECTID":8185,"ROAD_NAME":"128 St","TRUCK_ROUTE":"Truck Routes","STATUS":"Open","RD_CLASS":"Arterial","MAJOR_ROAD_NETWORK":"Yes"}},{"type":"Feature","id":8199,"geometry":{"type":"LineString","coordinates":[[-122.85449483847444,49.03125559250908],[-122.84822530392583,49.031233529391535],[-122.84541909652283,49.03122459720595]]},"properties":{"OBJECTID":8199,"ROAD_NAME":"16 Ave","TRUCK_ROUTE":"Truck Routes","STATUS":"Open","RD_CLASS":"Arterial","MAJOR_ROAD_NETWORK":null}},{"type":"Feature","id":6229,"geometry":{"type":"LineString","coordinates":[[-122.89037004966724,49.157402212141854],[-122.8903660908154,49.15959676945301]]},"properties":{"OBJECTID":6229,"ROAD_NAME":"120 St","TRUCK_ROUTE":"Truck Routes","STATUS":"Open","RD_CLASS":"Arterial","MAJOR_ROAD_NETWORK":"Yes"}},{"type":"Feature","id":6231,"geometry":{"type":"LineString","coordinates":[[-122.85678808036901,49.144544680816566],[-122.85679643872439,49.145638986012365]]},"properties":{"OBJECTID":6231,"ROAD_NAME":"132 St","TRUCK_ROUTE":"Truck Routes","STATUS":"Open","RD_CLASS":"Arterial","MAJOR_ROAD_NETWORK":null}},{"type":"Feature","id":6412,"geometry":{"type":"LineString","coordinates":[[-122.83962228743334,49.198856293483956],[-122.83693242731276,49.19885295216915]]},"properties":{"OBJECTID":6412,"ROAD_NAME":"108 Ave","TRUCK_ROUTE":"Truck Routes with Restrictions","STATUS":"Open","RD_CLASS":"Arterial","MAJOR_ROAD_NETWORK":"Yes"}},{"type":"Feature","id":7075,"geometry":{"type":"LineString","coordinates":[[-122.83924486249786,49.03121309842254],[-122.83434347939131,49.0312036191282]]},"properties":{"OBJECTID":7075,"ROAD_NAME":"16 Ave","TRUCK_ROUTE":"Truck Routes","STATUS":"Open","RD_CLASS":"Arterial","MAJOR_ROAD_NETWORK":null}},{"type":"Feature","id":10389,"geometry":{"type":"LineString","coordinates":[[-122.820512068658,49.081959304154005],[-122.82006119727538,49.08336349397986],[-122.81986709070131,49.08393440610459],[-122.81964771865903,49.08447671763641],[-122.81916910960355,49.08555889679664],[-122.81880392984301,49.08633422404008],[-122.81849164638844,49.087009670670774],[-122.81810609757535,49.08789920638092],[-122.81787530293757,49.08841352625986],[-122.81774488288674,49.08879675482631],[-122.81763051444058,49.08920013358922],[-122.8175468678211,49.08958131734448],[-122.81749216085518,49.08985186060312]]},"properties":{"OBJECTID":10389,"ROAD_NAME":"King George Blvd","TRUCK_ROUTE":"Dangerous Goods Routes","STATUS":"Open","RD_CLASS":"Arterial","MAJOR_ROAD_NETWORK":"Yes"}},{"type":"Feature","id":11502,"geometry":{"type":"LineString","coordinates":[[-122.85686211894213,49.155413494024515],[-122.85689786554214,49.15955205492434]]},"properties":{"OBJECTID":11502,"ROAD_NAME":"132 St","TRUCK_ROUTE":"Truck Routes","STATUS":"Open","RD_CLASS":"Arterial","MAJOR_ROAD_NETWORK":null}},{"type":"Feature","id":6740,"geometry":{"type":"LineString","coordinates":[[-122.70231847134428,49.031137573142495],[-122.70231230976967,49.03113845691968],[-122.69129186278636,49.03106326224498]]},"properties":{"OBJECTID":6740,"ROAD_NAME":"16 Ave","TRUCK_ROUTE":"Truck Routes","STATUS":"Open","RD_CLASS":"Arterial","MAJOR_ROAD_NETWORK":"Yes"}},{"type":"Feature","id":6904,"geometry":{"type":"LineString","coordinates":[[-122.8569100726181,49.16263920145224],[-122.85282744269708,49.162683338234245]]},"properties":{"OBJECTID":6904,"ROAD_NAME":"88 Ave","TRUCK_ROUTE":"Truck Routes","STATUS":"Open","RD_CLASS":"Arterial","MAJOR_ROAD_NETWORK":"Yes"}},{"type":"Feature","id":7090,"geometry":{"type":"LineString","coordinates":[[-122.85684263800194,49.15247808314261],[-122.85686211894213,49.155413494024515]]},"properties":{"OBJECTID":7090,"ROAD_NAME":"132 St","TRUCK_ROUTE":"Truck Routes","STATUS":"Open","RD_CLASS":"Arterial","MAJOR_ROAD_NETWORK":null}},{"type":"Feature","id":7100,"geometry":{"type":"LineString","coordinates":[[-122.85685123184624,49.177096734787625],[-122.85256304944016,49.177076184831236]]},"properties":{"OBJECTID":7100,"ROAD_NAME":"96 Ave","TRUCK_ROUTE":"Truck Routes","STATUS":"Open","RD_CLASS":"Arterial","MAJOR_ROAD_NETWORK":"Yes"}},{"type":"Feature","id":7103,"geometry":{"type":"LineString","coordinates":[[-122.89712177785678,49.19269865184022],[-122.89678681275032,49.19253772974124],[-122.89390288295922,49.19101675532579],[-122.8931944107036,49.19074091750829]]},"properties":{"OBJECTID":7103,"ROAD_NAME":"103A Ave","TRUCK_ROUTE":"Truck Routes","STATUS":"Open","RD_CLASS":"Collector","MAJOR_ROAD_NETWORK":null}},{"type":"Feature","id":7919,"geometry":{"type":"LineString","coordinates":[[-122.83137530030972,49.1914875327186],[-122.82861223876179,49.191503414914564]]},"properties":{"OBJECTID":7919,"ROAD_NAME":"104 Ave","TRUCK_ROUTE":"Truck Routes","STATUS":"Open","RD_CLASS":"Arterial","MAJOR_ROAD_NETWORK":"Yes"}},{"type":"Feature","id":8948,"geometry":{"type":"LineString","coordinates":[[-122.8539780443488,49.14816657922332],[-122.85266629252027,49.148165627645945]]},"properties":{"OBJECTID":8948,"ROAD_NAME":"80 Ave","TRUCK_ROUTE":"Truck Routes","STATUS":"Open","RD_CLASS":"Arterial","MAJOR_ROAD_NETWORK":null}},{"type":"Feature","id":8987,"geometry":{"type":"LineString","coordinates":[[-122.86753633546688,49.031295340786265],[-122.86644915487614,49.031291934758656]]},"properties":{"OBJECTID":8987,"ROAD_NAME":"16 Ave","TRUCK_ROUTE":"Truck Routes","STATUS":"Open","RD_CLASS":"Arterial","MAJOR_ROAD_NETWORK":null}},{"type":"Feature","id":7494,"geometry":{"type":"LineString","coordinates":[[-122.80530096355785,49.03113014488377],[-122.80117170825594,49.03111546170595]]},"properties":{"OBJECTID":7494,"ROAD_NAME":"16 Ave","TRUCK_ROUTE":"Truck Routes","STATUS":"Open","RD_CLASS":"Arterial","MAJOR_ROAD_NETWORK":null}},{"type":"Feature","id":7716,"geometry":{"type":"LineString","coordinates":[[-122.86227607082989,49.13380078868394],[-122.85843755404177,49.133740468899745],[-122.85670979400841,49.133713240762255]]},"properties":{"OBJECTID":7716,"ROAD_NAME":"72 Ave","TRUCK_ROUTE":"Truck Routes","STATUS":"Open","RD_CLASS":"Arterial","MAJOR_ROAD_NETWORK":"Yes"}},{"type":"Feature","id":7874,"geometry":{"type":"LineString","coordinates":[[-122.84568371367791,49.148148830936584],[-122.84571277242158,49.15004645359715]]},"properties":{"OBJECTID":7874,"ROAD_NAME":"King George Blvd","TRUCK_ROUTE":"Dangerous Goods Routes","STATUS":"Open","RD_CLASS":"Arterial","MAJOR_ROAD_NETWORK":"Yes"}},{"type":"Feature","id":7893,"geometry":{"type":"LineString","coordinates":[[-122.82342813966032,49.162860688512325],[-122.81790325626748,49.16284149050112]]},"properties":{"OBJECTID":7893,"ROAD_NAME":"88 Ave","TRUCK_ROUTE":"Truck Routes","STATUS":"Open","RD_CLASS":"Arterial","MAJOR_ROAD_NETWORK":"Yes"}},{"type":"Feature","id":7896,"geometry":{"type":"LineString","coordinates":[[-122.89014951424711,49.179057637779366],[-122.89018875484368,49.17996187113477]]},"properties":{"OBJECTID":7896,"ROAD_NAME":"120 St","TRUCK_ROUTE":"Truck Routes","STATUS":"Open","RD_CLASS":"Arterial","MAJOR_ROAD_NETWORK":"Yes"}},{"type":"Feature","id":8223,"geometry":{"type":"LineString","coordinates":[[-122.8341327574699,49.191474017407984],[-122.83412252049612,49.194216185497]]},"properties":{"OBJECTID":8223,"ROAD_NAME":"140 St","TRUCK_ROUTE":"Truck Routes","STATUS":"Open","RD_CLASS":"Arterial","MAJOR_ROAD_NETWORK":null}},{"type":"Feature","id":8424,"geometry":{"type":"LineString","coordinates":[[-122.8390360048664,49.191537587936736],[-122.83843460193782,49.19153083804436]]},"properties":{"OBJECTID":8424,"ROAD_NAME":"104 Ave","TRUCK_ROUTE":"Truck Routes","STATUS":"Open","RD_CLASS":"Arterial","MAJOR_ROAD_NETWORK":"Yes"}},{"type":"Feature","id":8443,"geometry":{"type":"LineString","coordinates":[[-122.8421186379325,49.1770245095751],[-122.8408393332972,49.177018155055876]]},"properties":{"OBJECTID":8443,"ROAD_NAME":"96 Ave","TRUCK_ROUTE":"Truck Routes","STATUS":"Open","RD_CLASS":"Arterial","MAJOR_ROAD_NETWORK":"Yes"}},{"type":"Feature","id":6243,"geometry":{"type":"LineString","coordinates":[[-122.74593842461381,49.06011980417391],[-122.73538281534495,49.06014966310345]]},"properties":{"OBJECTID":6243,"ROAD_NAME":"32 Ave","TRUCK_ROUTE":"Truck Routes","STATUS":"Open","RD_CLASS":"Arterial","MAJOR_ROAD_NETWORK":"Yes"}},{"type":"Feature","id":8654,"geometry":{"type":"LineString","coordinates":[[-122.89018801409522,49.18262401300896],[-122.89017048066155,49.18300668660157],[-122.89018416607348,49.18324657355306],[-122.89025352859689,49.18349213552409],[-122.89036086075653,49.18372800728088],[-122.89053414930876,49.18398916042702]]},"properties":{"OBJECTID":8654,"ROAD_NAME":"120 St","TRUCK_ROUTE":"Truck Routes","STATUS":"Open","RD_CLASS":"Arterial","MAJOR_ROAD_NETWORK":"Yes"}},{"type":"Feature","id":6463,"geometry":{"type":"LineString","coordinates":[[-122.8277021298037,49.162829529811106],[-122.82342813966032,49.162860688512325]]},"properties":{"OBJECTID":6463,"ROAD_NAME":"88 Ave","TRUCK_ROUTE":"Truck Routes","STATUS":"Open","RD_CLASS":"Arterial","MAJOR_ROAD_NETWORK":"Yes"}},{"type":"Feature","id":10425,"geometry":{"type":"LineString","coordinates":[[-122.80133020790913,49.168285239301646],[-122.80130016049027,49.169206676455865]]},"properties":{"OBJECTID":10425,"ROAD_NAME":"152 St","TRUCK_ROUTE":"Truck Routes","STATUS":"Open","RD_CLASS":"Arterial","MAJOR_ROAD_NETWORK":"Yes"}},{"type":"Feature","id":6113,"geometry":{"type":"LineString","coordinates":[[-122.83413868841747,49.19048831975632],[-122.83413275746392,49.191474017411494]]},"properties":{"OBJECTID":6113,"ROAD_NAME":"140 St","TRUCK_ROUTE":"Truck Routes","STATUS":"Open","RD_CLASS":"Arterial","MAJOR_ROAD_NETWORK":null}},{"type":"Feature","id":6479,"geometry":{"type":"LineString","coordinates":[[-122.81790325626748,49.16284149050112],[-122.81238213581902,49.16282209643429]]},"properties":{"OBJECTID":6479,"ROAD_NAME":"88 Ave","TRUCK_ROUTE":"Truck Routes","STATUS":"Open","RD_CLASS":"Arterial","MAJOR_ROAD_NETWORK":"Yes"}},{"type":"Feature","id":11540,"geometry":{"type":"LineString","coordinates":[[-122.7242671601723,49.031218661331586],[-122.71881303427675,49.03121189982805]]},"properties":{"OBJECTID":11540,"ROAD_NAME":"16 Ave","TRUCK_ROUTE":"Truck Routes","STATUS":"Open","RD_CLASS":"Arterial","MAJOR_ROAD_NETWORK":"Yes"}},{"type":"Feature","id":9043,"geometry":{"type":"LineString","coordinates":[[-122.8564720654841,49.197980988770205],[-122.85647746291694,49.19896094716425]]},"properties":{"OBJECTID":9043,"ROAD_NAME":"132 St","TRUCK_ROUTE":"Truck Routes with Restrictions","STATUS":"Open","RD_CLASS":"Arterial","MAJOR_ROAD_NETWORK":null}},{"type":"Feature","id":6782,"geometry":{"type":"LineString","coordinates":[[-122.80121295400961,49.04898890388453],[-122.80122756892283,49.051781068092815]]},"properties":{"OBJECTID":6782,"ROAD_NAME":"152 St","TRUCK_ROUTE":"Truck Routes","STATUS":"Open","RD_CLASS":"Arterial","MAJOR_ROAD_NETWORK":"Yes"}},{"type":"Feature","id":6972,"geometry":{"type":"LineString","coordinates":[[-122.82711573329432,49.19880934257821],[-122.82568629182211,49.198801066705805]]},"properties":{"OBJECTID":6972,"ROAD_NAME":"108 Ave","TRUCK_ROUTE":"Truck Routes with Restrictions","STATUS":"Open","RD_CLASS":"Arterial","MAJOR_ROAD_NETWORK":"Yes"}},{"type":"Feature","id":6973,"geometry":{"type":"LineString","coordinates":[[-122.75661735191915,49.162856018581486],[-122.75209042676568,49.162792425306115],[-122.75071330159298,49.1627866561034],[-122.75058415407369,49.16278594114303],[-122.7504412972695,49.16278629823283],[-122.75029975389266,49.16278966868277],[-122.75012984218282,49.162796897108244],[-122.74995861664294,49.16280812471778],[-122.74982165731778,49.162822628920935],[-122.74970027177227,49.16283522644682],[-122.74949626354362,49.162857146587015],[-122.74933509818025,49.16287439565574],[-122.74916979942918,49.162889553250885],[-122.74901329017148,49.162900727218684],[-122.7488375536926,49.16290997010279],[-122.74868340326076,49.16291509390857],[-122.74853447446586,49.16291528874656],[-122.74839321632471,49.162914011205054],[-122.74615871485472,49.162887499249024],[-122.74598178840789,49.16288296882024],[-122.74580509391684,49.162872842162194]]},"properties":{"OBJECTID":6973,"ROAD_NAME":"88 Ave","TRUCK_ROUTE":"Truck Routes","STATUS":"Open","RD_CLASS":"Arterial","MAJOR_ROAD_NETWORK":"Yes"}},{"type":"Feature","id":7169,"geometry":{"type":"LineString","coordinates":[[-122.77887050338217,49.17690561253298],[-122.77607643317471,49.176918371132714]]},"properties":{"OBJECTID":7169,"ROAD_NAME":"96 Ave","TRUCK_ROUTE":"Truck Routes","STATUS":"Open","RD_CLASS":"Arterial","MAJOR_ROAD_NETWORK":"Yes"}},{"type":"Feature","id":7198,"geometry":{"type":"LineString","coordinates":[[-122.79356033325381,49.045594767118004],[-122.79421255093533,49.04612109216108],[-122.79788745084008,49.04908587227086]]},"properties":{"OBJECTID":7198,"ROAD_NAME":"King George Blvd","TRUCK_ROUTE":"Dangerous Goods Routes","STATUS":"Open","RD_CLASS":"Arterial","MAJOR_ROAD_NETWORK":"Yes"}},{"type":"Feature","id":9705,"geometry":{"type":"LineString","coordinates":[[-122.69118495249491,49.082019658538776],[-122.69068405851539,49.089548882493034]]},"properties":{"OBJECTID":9705,"ROAD_NAME":"192 St","TRUCK_ROUTE":"Truck Routes","STATUS":"Open","RD_CLASS":"Arterial","MAJOR_ROAD_NETWORK":null}},{"type":"Feature","id":9733,"geometry":{"type":"LineString","coordinates":[[-122.69603335921343,49.17700013942315],[-122.69048699826237,49.17699736891914]]},"properties":{"OBJECTID":9733,"ROAD_NAME":"96 Ave","TRUCK_ROUTE":"Truck Routes","STATUS":"Open","RD_CLASS":"Arterial","MAJOR_ROAD_NETWORK":"Yes"}},{"type":"Feature","id":7571,"geometry":{"type":"LineString","coordinates":[[-122.80099118763758,49.11866351514977],[-122.80099340361977,49.119066434162406]]},"properties":{"OBJECTID":7571,"ROAD_NAME":"152 St","TRUCK_ROUTE":"Truck Routes","STATUS":"Open","RD_CLASS":"Arterial","MAJOR_ROAD_NETWORK":"Yes"}},{"type":"Feature","id":8503,"geometry":{"type":"LineString","coordinates":[[-122.89017963250215,49.18072475472448],[-122.8901780511944,49.180861899663654]]},"properties":{"OBJECTID":8503,"ROAD_NAME":"120 St","TRUCK_ROUTE":"Truck Routes","STATUS":"Open","RD_CLASS":"Arterial","MAJOR_ROAD_NETWORK":"Yes"}},{"type":"Feature","id":7356,"geometry":{"type":"LineString","coordinates":[[-122.85672466306943,49.13659128639336],[-122.85672747751799,49.13732550551292],[-122.85676038747663,49.14093285295351]]},"properties":{"OBJECTID":7356,"ROAD_NAME":"132 St","TRUCK_ROUTE":"Truck Routes","STATUS":"Open","RD_CLASS":"Arterial","MAJOR_ROAD_NETWORK":null}},{"type":"Feature","id":8269,"geometry":{"type":"LineString","coordinates":[[-122.86794590802806,49.14640936513811],[-122.86797016398621,49.14815654114382]]},"properties":{"OBJECTID":8269,"ROAD_NAME":"128 St","TRUCK_ROUTE":"Truck Routes","STATUS":"Open","RD_CLASS":"Arterial","MAJOR_ROAD_NETWORK":"Yes"}},{"type":"Feature","id":8273,"geometry":{"type":"LineString","coordinates":[[-122.8902745267445,49.190593228318264],[-122.89243867609098,49.19059948363583],[-122.8931944107036,49.19074091750829]]},"properties":{"OBJECTID":8273,"ROAD_NAME":"103A Ave","TRUCK_ROUTE":"Truck Routes","STATUS":"Open","RD_CLASS":"Collector","MAJOR_ROAD_NETWORK":null}},{"type":"Feature","id":8529,"geometry":{"type":"LineString","coordinates":[[-122.79816097039517,49.162836131643026],[-122.79616753860066,49.16282756720053]]},"properties":{"OBJECTID":8529,"ROAD_NAME":"88 Ave","TRUCK_ROUTE":"Truck Routes","STATUS":"Open","RD_CLASS":"Arterial","MAJOR_ROAD_NETWORK":"Yes"}},{"type":"Feature","id":6284,"geometry":{"type":"LineString","coordinates":[[-122.86784249611165,49.133895088729425],[-122.86787443582368,49.13745771003041]]},"properties":{"OBJECTID":6284,"ROAD_NAME":"128 St","TRUCK_ROUTE":"Truck Routes","STATUS":"Open","RD_CLASS":"Arterial","MAJOR_ROAD_NETWORK":"Yes"}},{"type":"Feature","id":9575,"geometry":{"type":"LineString","coordinates":[[-122.80116976890498,49.07464009707161],[-122.80118164722248,49.08980975224005]]},"properties":{"OBJECTID":9575,"ROAD_NAME":"152 St","TRUCK_ROUTE":"Truck Routes","STATUS":"Open","RD_CLASS":"Arterial","MAJOR_ROAD_NETWORK":"Yes"}},{"type":"Feature","id":8108,"geometry":{"type":"LineString","coordinates":[[-122.82843686324492,49.176548675420854],[-122.8232868477321,49.174578800607264]]},"properties":{"OBJECTID":8108,"ROAD_NAME":"Fraser Hwy","TRUCK_ROUTE":"Dangerous Goods Routes","STATUS":"Open","RD_CLASS":"Arterial","MAJOR_ROAD_NETWORK":"Yes"}},{"type":"Feature","id":6117,"geometry":{"type":"LineString","coordinates":[[-122.80140111432647,49.166106497462586],[-122.80133020790913,49.168285239301646]]},"properties":{"OBJECTID":6117,"ROAD_NAME":"152 St","TRUCK_ROUTE":"Truck Routes","STATUS":"Open","RD_CLASS":"Arterial","MAJOR_ROAD_NETWORK":"Yes"}},{"type":"Feature","id":6135,"geometry":{"type":"LineString","coordinates":[[-122.78863943453881,49.031087689282366],[-122.78722256642895,49.03108363996733]]},"properties":{"OBJECTID":6135,"ROAD_NAME":"16 Ave","TRUCK_ROUTE":"Truck Routes","STATUS":"Open","RD_CLASS":"Arterial","MAJOR_ROAD_NETWORK":"Yes"}},{"type":"Feature","id":6305,"geometry":{"type":"LineString","coordinates":[[-122.85672294901116,49.13642531662118],[-122.85672466306943,49.13659128639336]]},"properties":{"OBJECTID":6305,"ROAD_NAME":"132 St","TRUCK_ROUTE":"Truck Routes","STATUS":"Open","RD_CLASS":"Arterial","MAJOR_ROAD_NETWORK":null}},{"type":"Feature","id":10290,"geometry":{"type":"LineString","coordinates":[[-122.84557782162058,49.13353385941569],[-122.84558955305238,49.13509593476723]]},"properties":{"OBJECTID":10290,"ROAD_NAME":"King George Blvd","TRUCK_ROUTE":"Dangerous Goods Routes","STATUS":"Open","RD_CLASS":"Arterial","MAJOR_ROAD_NETWORK":"Yes"}},{"type":"Feature","id":5906,"geometry":{"type":"LineString","coordinates":[[-122.82889638325537,49.13368349798644],[-122.82333020472765,49.13373335459328]]},"properties":{"OBJECTID":5906,"ROAD_NAME":"72 Ave","TRUCK_ROUTE":"Truck Routes","STATUS":"Open","RD_CLASS":"Arterial","MAJOR_ROAD_NETWORK":"Yes"}},{"type":"Feature","id":6816,"geometry":{"type":"LineString","coordinates":[[-122.79616753860066,49.16282756720053],[-122.79487368255556,49.16282195173717]]},"properties":{"OBJECTID":6816,"ROAD_NAME":"88 Ave","TRUCK_ROUTE":"Truck Routes","STATUS":"Open","RD_CLASS":"Arterial","MAJOR_ROAD_NETWORK":"Yes"}},{"type":"Feature","id":7786,"geometry":{"type":"LineString","coordinates":[[-122.69048699826237,49.17699736891914],[-122.6844146963657,49.17699034793835]]},"properties":{"OBJECTID":7786,"ROAD_NAME":"96 Ave","TRUCK_ROUTE":"Truck Routes","STATUS":"Open","RD_CLASS":"Arterial","MAJOR_ROAD_NETWORK":"Yes"}},{"type":"Feature","id":11408,"geometry":{"type":"LineString","coordinates":[[-122.84553072988685,49.180550562659676],[-122.84527827081817,49.1805447362965],[-122.84365262096051,49.18056250690029],[-122.84305860392998,49.18059065689164],[-122.84299252569996,49.18059677105911]]},"properties":{"OBJECTID":11408,"ROAD_NAME":"Fraser Hwy","TRUCK_ROUTE":"Dangerous Goods Routes","STATUS":"Open","RD_CLASS":"Arterial","MAJOR_ROAD_NETWORK":"Yes"}},{"type":"Feature","id":11414,"geometry":{"type":"LineString","coordinates":[[-122.80097238010066,49.18046798081337],[-122.80094089044762,49.182535121490886]]},"properties":{"OBJECTID":11414,"ROAD_NAME":"152 St","TRUCK_ROUTE":"Truck Routes","STATUS":"Open","RD_CLASS":"Arterial","MAJOR_ROAD_NETWORK":"Yes"}},{"type":"Feature","id":11435,"geometry":{"type":"LineString","coordinates":[[-122.8386525658005,49.13359602378326],[-122.83445362884324,49.13363345839823]]},"properties":{"OBJECTID":11435,"ROAD_NAME":"72 Ave","TRUCK_ROUTE":"Truck Routes","STATUS":"Open","RD_CLASS":"Arterial","MAJOR_ROAD_NETWORK":"Yes"}},{"type":"Feature","id":7644,"geometry":{"type":"LineString","coordinates":[[-122.85644845618906,49.19071117323069],[-122.85643702969439,49.191665031368146]]},"properties":{"OBJECTID":7644,"ROAD_NAME":"132 St","TRUCK_ROUTE":"Truck Routes with Restrictions","STATUS":"Open","RD_CLASS":"Arterial","MAJOR_ROAD_NETWORK":null}},{"type":"Feature","id":8321,"geometry":{"type":"LineString","coordinates":[[-122.7076701090474,49.17699376046277],[-122.70499089041344,49.176997560439375]]},"properties":{"OBJECTID":8321,"ROAD_NAME":"96 Ave","TRUCK_ROUTE":"Truck Routes","STATUS":"Open","RD_CLASS":"Arterial","MAJOR_ROAD_NETWORK":"Yes"}},{"type":"Feature","id":8539,"geometry":{"type":"LineString","coordinates":[[-122.69141934707385,49.04745414769967],[-122.69143586601331,49.04927913770108],[-122.69143216430584,49.049280207372014]]},"properties":{"OBJECTID":8539,"ROAD_NAME":"192 St","TRUCK_ROUTE":"Truck Routes","STATUS":"Open","RD_CLASS":"Arterial","MAJOR_ROAD_NETWORK":null}},{"type":"Feature","id":8550,"geometry":{"type":"LineString","coordinates":[[-122.89043819372742,49.112910355167],[-122.89041121807816,49.11558908398796]]},"properties":{"OBJECTID":8550,"ROAD_NAME":"120 St","TRUCK_ROUTE":"Truck Routes","STATUS":"Open","RD_CLASS":"Arterial","MAJOR_ROAD_NETWORK":"Yes"}},{"type":"Feature","id":8554,"geometry":{"type":"LineString","coordinates":[[-122.81216854959615,49.13373765575579],[-122.80802434271371,49.13371549110636]]},"properties":{"OBJECTID":8554,"ROAD_NAME":"72 Ave","TRUCK_ROUTE":"Truck Routes","STATUS":"Open","RD_CLASS":"Arterial","MAJOR_ROAD_NETWORK":"Yes"}},{"type":"Feature","id":9614,"geometry":{"type":"LineString","coordinates":[[-122.89041121807816,49.11558908398796],[-122.89037464342664,49.11933780030267]]},"properties":{"OBJECTID":9614,"ROAD_NAME":"120 St","TRUCK_ROUTE":"Truck Routes","STATUS":"Open","RD_CLASS":"Arterial","MAJOR_ROAD_NETWORK":"Yes"}},{"type":"Feature","id":7400,"geometry":{"type":"LineString","coordinates":[[-122.8178733105446,49.13373525048783],[-122.81216854959615,49.13373765575579]]},"properties":{"OBJECTID":7400,"ROAD_NAME":"72 Ave","TRUCK_ROUTE":"Truck Routes","STATUS":"Open","RD_CLASS":"Arterial","MAJOR_ROAD_NETWORK":"Yes"}},{"type":"Feature","id":8336,"geometry":{"type":"LineString","coordinates":[[-122.85129394655095,49.14816008398841],[-122.8499591627409,49.148158081223535]]},"properties":{"OBJECTID":8336,"ROAD_NAME":"80 Ave","TRUCK_ROUTE":"Truck Routes","STATUS":"Open","RD_CLASS":"Arterial","MAJOR_ROAD_NETWORK":null}},{"type":"Feature","id":6162,"geometry":{"type":"LineString","coordinates":[[-122.89015371656798,49.17714586270228],[-122.88739827419913,49.177152551186644]]},"properties":{"OBJECTID":6162,"ROAD_NAME":"96 Ave","TRUCK_ROUTE":"Truck Routes","STATUS":"Open","RD_CLASS":"Arterial","MAJOR_ROAD_NETWORK":"Yes"}},{"type":"Feature","id":6377,"geometry":{"type":"LineString","coordinates":[[-122.80617430009195,49.1987363857465],[-122.8050170801651,49.198739208816114],[-122.80484783512554,49.198735297402294],[-122.80467970783073,49.198728487806626],[-122.80447956181928,49.19870567452651],[-122.80435685769928,49.19868226751791],[-122.8041575788694,49.19863254238943],[-122.80401319602373,49.19858381396388],[-122.80392800863592,49.19854525912477]]},"properties":{"OBJECTID":6377,"ROAD_NAME":"108 Ave","TRUCK_ROUTE":"Truck Routes with Restrictions","STATUS":"Open","RD_CLASS":"Arterial","MAJOR_ROAD_NETWORK":"Yes"}},{"type":"Feature","id":6387,"geometry":{"type":"LineString","coordinates":[[-122.84578834634385,49.16275902787924],[-122.84582517240639,49.16823445283003]]},"properties":{"OBJECTID":6387,"ROAD_NAME":"King George Blvd","TRUCK_ROUTE":"Dangerous Goods Routes","STATUS":"Open","RD_CLASS":"Arterial","MAJOR_ROAD_NETWORK":"Yes"}},{"type":"Feature","id":9647,"geometry":{"type":"LineString","coordinates":[[-122.85679643872439,49.145638986012365],[-122.85681421808485,49.148172480231445]]},"properties":{"OBJECTID":9647,"ROAD_NAME":"132 St","TRUCK_ROUTE":"Truck Routes","STATUS":"Open","RD_CLASS":"Arterial","MAJOR_ROAD_NETWORK":null}},{"type":"Feature","id":8149,"geometry":{"type":"LineString","coordinates":[[-122.7791653286571,49.06009060828491],[-122.76802138785077,49.06021583975337]]},"properties":{"OBJECTID":8149,"ROAD_NAME":"32 Ave","TRUCK_ROUTE":"Truck Routes","STATUS":"Open","RD_CLASS":"Arterial","MAJOR_ROAD_NETWORK":"Yes"}},{"type":"Feature","id":8156,"geometry":{"type":"LineString","coordinates":[[-122.85671389898901,49.135523054344645],[-122.85672294901116,49.13642531662118]]},"properties":{"OBJECTID":8156,"ROAD_NAME":"132 St","TRUCK_ROUTE":"Truck Routes","STATUS":"Open","RD_CLASS":"Arterial","MAJOR_ROAD_NETWORK":null}},{"type":"Feature","id":6178,"geometry":{"type":"LineString","coordinates":[[-122.85646665448783,49.19700624718242],[-122.8564720654841,49.197980988770205]]},"properties":{"OBJECTID":6178,"ROAD_NAME":"132 St","TRUCK_ROUTE":"Truck Routes with Restrictions","STATUS":"Open","RD_CLASS":"Arterial","MAJOR_ROAD_NETWORK":null}},{"type":"Feature","id":7059,"geometry":{"type":"LineString","coordinates":[[-122.79808773682204,49.176855597111526],[-122.7968847166254,49.17685977902746]]},"properties":{"OBJECTID":7059,"ROAD_NAME":"96 Ave","TRUCK_ROUTE":"Truck Routes","STATUS":"Open","RD_CLASS":"Arterial","MAJOR_ROAD_NETWORK":"Yes"}},{"type":"Feature","id":10352,"geometry":{"type":"LineString","coordinates":[[-122.8456051225822,49.13718704101643],[-122.84563228108699,49.14084040946733]]},"properties":{"OBJECTID":10352,"ROAD_NAME":"King George Blvd","TRUCK_ROUTE":"Dangerous Goods Routes","STATUS":"Open","RD_CLASS":"Arterial","MAJOR_ROAD_NETWORK":"Yes"}},{"type":"Feature","id":6890,"geometry":{"type":"LineString","coordinates":[[-122.89037017424678,49.123017543989754],[-122.8903656596718,49.12671477209889]]},"properties":{"OBJECTID":6890,"ROAD_NAME":"120 St","TRUCK_ROUTE":"Truck Routes","STATUS":"Open","RD_CLASS":"Arterial","MAJOR_ROAD_NETWORK":"Yes"}},{"type":"Feature","id":7689,"geometry":{"type":"LineString","coordinates":[[-122.6844146963657,49.17699034793835],[-122.68234235495838,49.17698754832349]]},"properties":{"OBJECTID":7689,"ROAD_NAME":"96 Ave","TRUCK_ROUTE":"Truck Routes","STATUS":"Open","RD_CLASS":"Arterial","MAJOR_ROAD_NETWORK":"Yes"}},{"type":"Feature","id":11584,"geometry":{"type":"LineString","coordinates":[[-122.87906067269061,49.16321560017925],[-122.87353611947991,49.162889851126096]]},"properties":{"OBJECTID":11584,"ROAD_NAME":"88 Ave","TRUCK_ROUTE":"Truck Routes","STATUS":"Open","RD_CLASS":"Arterial","MAJOR_ROAD_NETWORK":"Yes"}},{"type":"Feature","id":11585,"geometry":{"type":"LineString","coordinates":[[-122.88482615477128,49.16282673806611],[-122.88455314526026,49.16296003531184],[-122.88427163658217,49.163064474775545],[-122.8839447946345,49.16315458783272],[-122.88375294038595,49.16318748854495],[-122.88353534365073,49.163215310402144],[-122.88331754172901,49.16323532077474],[-122.88311169399888,49.1632504655129],[-122.87925503559823,49.163235343429214],[-122.87906067269061,49.16321560017925]]},"properties":{"OBJECTID":11585,"ROAD_NAME":"88 Ave","TRUCK_ROUTE":"Truck Routes","STATUS":"Open","RD_CLASS":"Arterial","MAJOR_ROAD_NETWORK":"Yes"}},{"type":"Feature","id":10933,"geometry":{"type":"LineString","coordinates":[[-122.87353611947991,49.162889851126096],[-122.8712358574042,49.162754694771685]]},"properties":{"OBJECTID":10933,"ROAD_NAME":"88 Ave","TRUCK_ROUTE":"Truck Routes","STATUS":"Open","RD_CLASS":"Arterial","MAJOR_ROAD_NETWORK":"Yes"}},{"type":"Feature","id":4791,"geometry":{"type":"LineString","coordinates":[[-122.89036159006204,49.16202664560244],[-122.8891364393876,49.16202098178642],[-122.88876087997767,49.16202062132497],[-122.88836317853836,49.16198425511422],[-122.8879329492103,49.161956851574395],[-122.8875352287177,49.16192947813648],[-122.88718285972566,49.161924636579656],[-122.886940172515,49.16194239029823],[-122.88672502482562,49.16197366384777],[-122.88640459869275,49.16203631785319],[-122.88617552449746,49.162099061030396],[-122.88576366278241,49.16225607509093],[-122.88546113100608,49.162408698017416],[-122.88520010725013,49.16258384985236],[-122.8849524387605,49.162736525248874],[-122.88482615477128,49.16282673806611]]},"properties":{"OBJECTID":4791,"ROAD_NAME":"Nordel Way","TRUCK_ROUTE":"Truck Routes","STATUS":"Open","RD_CLASS":"Arterial","MAJOR_ROAD_NETWORK":"Yes"}},{"type":"Feature","id":7536,"geometry":{"type":"LineString","coordinates":[[-122.8712358574042,49.162754694771685],[-122.86802590962361,49.16256600059187]]},"properties":{"OBJECTID":7536,"ROAD_NAME":"88 Ave","TRUCK_ROUTE":"Truck Routes","STATUS":"Open","RD_CLASS":"Arterial","MAJOR_ROAD_NETWORK":"Yes"}},{"type":"Feature","id":425,"geometry":{"type":"LineString","coordinates":[[-122.80774481017303,49.19148716497733],[-122.80643220748495,49.19148496860929]]},"properties":{"OBJECTID":425,"ROAD_NAME":"104 Ave","TRUCK_ROUTE":"Truck Routes","STATUS":"Open","RD_CLASS":"Arterial","MAJOR_ROAD_NETWORK":"Yes"}},{"type":"Feature","id":534,"geometry":{"type":"LineString","coordinates":[[-122.80643220748495,49.19148496860929],[-122.8008795897232,49.1914756009271]]},"properties":{"OBJECTID":534,"ROAD_NAME":"104 Ave","TRUCK_ROUTE":"Truck Routes","STATUS":"Open","RD_CLASS":"Arterial","MAJOR_ROAD_NETWORK":"Yes"}},{"type":"Feature","id":5013,"geometry":{"type":"LineString","coordinates":[[-122.80919644554172,49.191489575690255],[-122.80774481017303,49.19148716497733]]},"properties":{"OBJECTID":5013,"ROAD_NAME":"104 Ave","TRUCK_ROUTE":"Truck Routes","STATUS":"Open","RD_CLASS":"Arterial","MAJOR_ROAD_NETWORK":"Yes"}},{"type":"Feature","id":269453,"geometry":{"type":"LineString","coordinates":[[-122.80118201798378,49.19723063496241],[-122.80097635083222,49.19713193118931],[-122.80051460803439,49.19698532437412]]},"properties":{"OBJECTID":269453,"ROAD_NAME":"Ferguson Div","TRUCK_ROUTE":"Truck Routes with Restrictions","STATUS":"Open","RD_CLASS":"Provincial Highway","MAJOR_ROAD_NETWORK":"No"}},{"type":"Feature","id":2257,"geometry":{"type":"LineString","coordinates":[[-122.7997670172486,49.03111255175913],[-122.79568547311085,49.031103999443154]]},"properties":{"OBJECTID":2257,"ROAD_NAME":"16 Ave","TRUCK_ROUTE":"Truck Routes","STATUS":"Open","RD_CLASS":"Arterial","MAJOR_ROAD_NETWORK":"Yes"}},{"type":"Feature","id":6187,"geometry":{"type":"LineString","coordinates":[[-122.7788456110069,49.15735129100337],[-122.77887403801378,49.1590941011432]]},"properties":{"OBJECTID":6187,"ROAD_NAME":"160 St","TRUCK_ROUTE":"Truck Routes","STATUS":"Open","RD_CLASS":"Arterial","MAJOR_ROAD_NETWORK":"Yes"}},{"type":"Feature","id":269774,"geometry":{"type":"LineString","coordinates":[[-122.80117170825594,49.03111546170595],[-122.7997670172486,49.03111255175913]]},"properties":{"OBJECTID":269774,"ROAD_NAME":"16 Ave","TRUCK_ROUTE":"Truck Routes","STATUS":"Open","RD_CLASS":"Arterial","MAJOR_ROAD_NETWORK":"Yes"}},{"type":"Feature","id":54187,"geometry":{"type":"LineString","coordinates":[[-122.77887403801378,49.1590941011432],[-122.77886271369775,49.16020830629608]]},"properties":{"OBJECTID":54187,"ROAD_NAME":"160 St","TRUCK_ROUTE":"Truck Routes","STATUS":"Open","RD_CLASS":"Arterial","MAJOR_ROAD_NETWORK":"Yes"}},{"type":"Feature","id":1303,"geometry":{"type":"LineString","coordinates":[[-122.83454134897457,49.17698683888606],[-122.83453562699226,49.17713594471815],[-122.834533689561,49.17722145781494],[-122.83453235348313,49.17731392439944],[-122.8345310682757,49.17740286995391],[-122.8345296214861,49.177502997658834],[-122.83452848958075,49.177581332863],[-122.83452819108882,49.177601990392546]]},"properties":{"OBJECTID":1303,"ROAD_NAME":"140 St","TRUCK_ROUTE":"Truck Routes","STATUS":"Open","RD_CLASS":"Arterial","MAJOR_ROAD_NETWORK":null}},{"type":"Feature","id":13103,"geometry":{"type":"LineString","coordinates":[[-122.8408393332972,49.177018155055876],[-122.83996738592205,49.17701379628334]]},"properties":{"OBJECTID":13103,"ROAD_NAME":"96 Ave","TRUCK_ROUTE":"Truck Routes","STATUS":"Open","RD_CLASS":"Arterial","MAJOR_ROAD_NETWORK":"Yes"}},{"type":"Feature","id":5779,"geometry":{"type":"LineString","coordinates":[[-122.83766768484465,49.17700237942828],[-122.83454134897457,49.17698683888606]]},"properties":{"OBJECTID":5779,"ROAD_NAME":"96 Ave","TRUCK_ROUTE":"Truck Routes","STATUS":"Open","RD_CLASS":"Arterial","MAJOR_ROAD_NETWORK":"Yes"}},{"type":"Feature","id":2911,"geometry":{"type":"LineString","coordinates":[[-122.83996738592205,49.17701379628334],[-122.83766768484465,49.17700237942828]]},"properties":{"OBJECTID":2911,"ROAD_NAME":"96 Ave","TRUCK_ROUTE":"Truck Routes","STATUS":"Open","RD_CLASS":"Arterial","MAJOR_ROAD_NETWORK":"Yes"}}]}